{"type":"FeatureCollection","features":[{"type":"Feature","properties":{"NAMOBJ":"Kerban","FCODE":"BA03070040","METADATA":"TASWIL1000020230928_DATA_BATAS_DESAKELURAHAN","SRS_ID":"SRGI 2013","KDCPUM":"33.08.11","KDEPUM":"33.08.11.2002","KDPKAB":"33.08","KDPPUM":"33","WADMKC":"Tempuran","WADMKD":"Sumberarum","WADMKK":"Magelang","WADMPR":"Jawa Tengah","DUSUN":"Kerban","Toponimi":"Dusun Kerban","Shape_Leng":3646.39056914,"Shape_Le_1":51.6195386758,"Shape_Area":140.556457656,"KETERANGAN":"2","KET_DETAIL":"Rumah","Id":"1","rumah_rt":null},"geometry":{"type":"Polygon","coordinates":[[[110.17675364709784,-7.570531869514737],[110.1767357317115,-7.57057281508011],[110.17662503176625,-7.570514565143288],[110.17668210256217,-7.570417080292697],[110.17675393588314,-7.570455618529795],[110.1767304783648,-7.570499537515359],[110.17674415706156,-7.570504945028908],[110.17674082370044,-7.5705128032111935],[110.17675284127462,-7.570519449441645],[110.1767482618131,-7.570528133776434],[110.17675364709784,-7.570531869514737]]]}},{"type":"Feature","properties":{"NAMOBJ":"Kerban","FCODE":"BA03070040","METADATA":"TASWIL1000020230928_DATA_BATAS_DESAKELURAHAN","SRS_ID":"SRGI 2013","KDCPUM":"33.08.11","KDEPUM":"33.08.11.2002","KDPKAB":"33.08","KDPPUM":"33","WADMKC":"Tempuran","WADMKD":"Sumberarum","WADMKK":"Magelang","WADMPR":"Jawa Tengah","DUSUN":"Kerban","Toponimi":"Dusun Kerban","Shape_Leng":3646.39056914,"Shape_Le_1":41.2779375934,"Shape_Area":106.609939442,"KETERANGAN":"2","KET_DETAIL":"Rumah","Id":"2","rumah_rt":null},"geometry":{"type":"Polygon","coordinates":[[[110.1766326913437,-7.570501481798329],[110.17661636347795,-7.5705183640063485],[110.17660268780324,-7.570510887037732],[110.17659435904413,-7.570527843018795],[110.17656866344196,-7.570514961665134],[110.17656075296746,-7.570530263232023],[110.17650231693011,-7.57050117680025],[110.17654373216182,-7.570427396685201],[110.17658889479763,-7.57034694063411],[110.17667218827866,-7.570393044827377],[110.17662765616359,-7.570470365673789],[110.17663961826494,-7.5704780973214625],[110.1766326913437,-7.570501481798329]]]}},{"type":"Feature","properties":{"NAMOBJ":"Kerban","FCODE":"BA03070040","METADATA":"TASWIL1000020230928_DATA_BATAS_DESAKELURAHAN","SRS_ID":"SRGI 2013","KDCPUM":"33.08.11","KDEPUM":"33.08.11.2002","KDPKAB":"33.08","KDPPUM":"33","WADMKC":"Tempuran","WADMKD":"Sumberarum","WADMKK":"Magelang","WADMPR":"Jawa Tengah","DUSUN":"Kerban","Toponimi":"Dusun Kerban","Shape_Leng":3646.39056914,"Shape_Le_1":56.1911529652,"Shape_Area":156.968009414,"KETERANGAN":"2","KET_DETAIL":"Rumah","Id":"3","rumah_rt":null},"geometry":{"type":"Polygon","coordinates":[[[110.17658982413035,-7.570335019266041],[110.17652607787493,-7.570444971002572],[110.17652463021521,-7.570444538637767],[110.17651915763336,-7.570452415387908],[110.17650750113708,-7.570447037918888],[110.17650164084142,-7.570460997488095],[110.17646666998371,-7.570444631719546],[110.17647885606074,-7.5704174126270045],[110.1764362045286,-7.570390788169558],[110.17647155283223,-7.570331014378984],[110.17649422087995,-7.570342969252599],[110.17652238033732,-7.5702989135437395],[110.17658982413035,-7.570335019266041]]]}},{"type":"Feature","properties":{"NAMOBJ":"Kerban","FCODE":"BA03070040","METADATA":"TASWIL1000020230928_DATA_BATAS_DESAKELURAHAN","SRS_ID":"SRGI 2013","KDCPUM":"33.08.11","KDEPUM":"33.08.11.2002","KDPKAB":"33.08","KDPPUM":"33","WADMKC":"Tempuran","WADMKD":"Sumberarum","WADMKK":"Magelang","WADMPR":"Jawa Tengah","DUSUN":"Kerban","Toponimi":"Dusun Kerban","Shape_Leng":3646.39056914,"Shape_Le_1":33.3099483392,"Shape_Area":40.9247820707,"KETERANGAN":"2","KET_DETAIL":"Rumah","Id":"4","rumah_rt":null},"geometry":{"type":"Polygon","coordinates":[[[110.17640770039279,-7.570251088478191],[110.17645715400332,-7.570279984284395],[110.17644912147307,-7.570295599474412],[110.17645052970049,-7.570296471231357],[110.17645561236883,-7.570286561484286],[110.17646535305595,-7.57029125335394],[110.1764605530003,-7.570302021197155],[110.17649158720202,-7.570317435246252],[110.17648212385748,-7.570336591847968],[110.17647155283223,-7.570331014378984],[110.1764362063313,-7.5703907857500035],[110.17643380816047,-7.570394004504565],[110.17640726658405,-7.570378885662351],[110.17640783397768,-7.570377909455015],[110.17634935852263,-7.570344335325384],[110.17636465751073,-7.570318434524153],[110.1763779921044,-7.570292614126663],[110.17639534652044,-7.570263558754118],[110.17639907231144,-7.570264805841126],[110.17640770039279,-7.570251088478191]]]}},{"type":"Feature","properties":{"NAMOBJ":"Kerban","FCODE":"BA03070040","METADATA":"TASWIL1000020230928_DATA_BATAS_DESAKELURAHAN","SRS_ID":"SRGI 2013","KDCPUM":"33.08.11","KDEPUM":"33.08.11.2002","KDPKAB":"33.08","KDPPUM":"33","WADMKC":"Tempuran","WADMKD":"Sumberarum","WADMKK":"Magelang","WADMPR":"Jawa Tengah","DUSUN":"Kerban","Toponimi":"Dusun Kerban","Shape_Leng":3646.39056914,"Shape_Le_1":58.1548194127,"Shape_Area":194.259115056,"KETERANGAN":"2","KET_DETAIL":"Rumah","Id":"7","rumah_rt":null},"geometry":{"type":"Polygon","coordinates":[[[110.17712749062112,-7.570326563268788],[110.17711528688415,-7.570417130533418],[110.17709159724131,-7.5704123562606735],[110.17708752626501,-7.570444000052654],[110.17698072448471,-7.570430337854686],[110.17698439548889,-7.57039977778429],[110.17698170962076,-7.570398878178353],[110.17698714020467,-7.570370127683353],[110.17699072337918,-7.570370582169144],[110.17699299623587,-7.5703531507424024],[110.1769900095496,-7.5703531451021915],[110.17699883526895,-7.570300707655499],[110.17712749062112,-7.570326563268788]]]}},{"type":"Feature","properties":{"NAMOBJ":"Kerban","FCODE":"BA03070040","METADATA":"TASWIL1000020230928_DATA_BATAS_DESAKELURAHAN","SRS_ID":"SRGI 2013","KDCPUM":"33.08.11","KDEPUM":"33.08.11.2002","KDPKAB":"33.08","KDPPUM":"33","WADMKC":"Tempuran","WADMKD":"Sumberarum","WADMKK":"Magelang","WADMPR":"Jawa Tengah","DUSUN":"Kerban","Toponimi":"Dusun Kerban","Shape_Leng":3646.39056914,"Shape_Le_1":60.421826755,"Shape_Area":168.704972371,"KETERANGAN":"2","KET_DETAIL":"Rumah","Id":"8","rumah_rt":null},"geometry":{"type":"Polygon","coordinates":[[[110.17693798530571,-7.57028072891565],[110.17691782538138,-7.57039574235341],[110.17687251119769,-7.570391932642375],[110.1768721902903,-7.5703690115330975],[110.17682918475909,-7.570359834824408],[110.17683476568531,-7.570316342448235],[110.17682297358996,-7.570313638383115],[110.17682536972457,-7.570310065678856],[110.17681894908227,-7.570309309161873],[110.17681985317476,-7.570305286824797],[110.1768179130145,-7.570304538770685],[110.17682166065514,-7.570289968297307],[110.17680890614976,-7.5702866699777305],[110.17682506684673,-7.5702241238481225],[110.1768899343331,-7.570240618411734],[110.17688513526554,-7.570271897223366],[110.17693798530571,-7.57028072891565]]]}},{"type":"Feature","properties":{"NAMOBJ":"Kerban","FCODE":"BA03070040","METADATA":"TASWIL1000020230928_DATA_BATAS_DESAKELURAHAN","SRS_ID":"SRGI 2013","KDCPUM":"33.08.11","KDEPUM":"33.08.11.2002","KDPKAB":"33.08","KDPPUM":"33","WADMKC":"Tempuran","WADMKD":"Sumberarum","WADMKK":"Magelang","WADMPR":"Jawa Tengah","DUSUN":"Kerban","Toponimi":"Dusun Kerban","Shape_Leng":3646.39056914,"Shape_Le_1":64.938437042,"Shape_Area":214.349036476,"KETERANGAN":"2","KET_DETAIL":"Rumah","Id":"10","rumah_rt":null},"geometry":{"type":"Polygon","coordinates":[[[110.1773999789552,-7.570110404228487],[110.17749374775192,-7.570128975676175],[110.17748479852935,-7.57017250060424],[110.17752934734685,-7.570182829758347],[110.17752295073366,-7.5702239146867205],[110.17751166667087,-7.570267848557722],[110.17737172352419,-7.570236218764547],[110.17738022607953,-7.5702002436220415],[110.17738730846379,-7.5701670262810445],[110.17738724721013,-7.570164433012383],[110.17738877979102,-7.5701626242254685],[110.17738956576545,-7.570157791246818],[110.1773692602022,-7.570155219462615],[110.17737857838335,-7.570110486001362],[110.1773997384766,-7.57011389598388],[110.1773999789552,-7.570110404228487]]]}},{"type":"Feature","properties":{"NAMOBJ":"Kerban","FCODE":"BA03070040","METADATA":"TASWIL1000020230928_DATA_BATAS_DESAKELURAHAN","SRS_ID":"SRGI 2013","KDCPUM":"33.08.11","KDEPUM":"33.08.11.2002","KDPKAB":"33.08","KDPPUM":"33","WADMKC":"Tempuran","WADMKD":"Sumberarum","WADMKK":"Magelang","WADMPR":"Jawa Tengah","DUSUN":"Kerban","Toponimi":"Dusun Kerban","Shape_Leng":3646.39056914,"Shape_Le_1":43.6228510182,"Shape_Area":104.669641175,"KETERANGAN":"2","KET_DETAIL":"Rumah","Id":"12","rumah_rt":null},"geometry":{"type":"Polygon","coordinates":[[[110.17723751392435,-7.570170469084083],[110.17723550087047,-7.570208166851448],[110.17715501737784,-7.570202650413748],[110.17716020251262,-7.570145585513989],[110.1771650550156,-7.5701071478143955],[110.17716834019684,-7.570107005681565],[110.17717009672751,-7.570087644436069],[110.17723970902706,-7.570090775606882],[110.17723096448027,-7.570149202272154],[110.17722930099038,-7.570169857524969],[110.17723751392435,-7.570170469084083]]]}},{"type":"Feature","properties":{"NAMOBJ":"Kerban","FCODE":"BA03070040","METADATA":"TASWIL1000020230928_DATA_BATAS_DESAKELURAHAN","SRS_ID":"SRGI 2013","KDCPUM":"33.08.11","KDEPUM":"33.08.11.2002","KDPKAB":"33.08","KDPPUM":"33","WADMKC":"Tempuran","WADMKD":"Sumberarum","WADMKK":"Magelang","WADMPR":"Jawa Tengah","DUSUN":"Kerban","Toponimi":"Dusun Kerban","Shape_Leng":3646.39056914,"Shape_Le_1":57.9541772148,"Shape_Area":179.84654621,"KETERANGAN":"2","KET_DETAIL":"Rumah","Id":"13","rumah_rt":null},"geometry":{"type":"Polygon","coordinates":[[[110.177114436177,-7.57019811251326],[110.1771253943549,-7.57020115997319],[110.17712115821955,-7.5702204780640265],[110.17716710699897,-7.57023057654139],[110.17715414175545,-7.570300171931554],[110.17711075200872,-7.570293802945117],[110.17710375739098,-7.570290763337848],[110.17709958820754,-7.570293894021795],[110.17707480391292,-7.570290866952081],[110.17707179546723,-7.570302335543056],[110.17704820635385,-7.570298565434578],[110.17702357557783,-7.570293452009518],[110.17702404426774,-7.570282425437645],[110.17702135946989,-7.570280483869638],[110.17699866879691,-7.570275671681833],[110.17701731935752,-7.570180444157405],[110.177114436177,-7.57019811251326]]]}},{"type":"Feature","properties":{"NAMOBJ":"Kerban","FCODE":"BA03070040","METADATA":"TASWIL1000020230928_DATA_BATAS_DESAKELURAHAN","SRS_ID":"SRGI 2013","KDCPUM":"33.08.11","KDEPUM":"33.08.11.2002","KDPKAB":"33.08","KDPPUM":"33","WADMKC":"Tempuran","WADMKD":"Sumberarum","WADMKK":"Magelang","WADMPR":"Jawa Tengah","DUSUN":"Kerban","Toponimi":"Dusun Kerban","Shape_Leng":3646.39056914,"Shape_Le_1":48.0250254265,"Shape_Area":129.474325763,"KETERANGAN":"2","KET_DETAIL":"Rumah","Id":"14","rumah_rt":null},"geometry":{"type":"Polygon","coordinates":[[[110.17690342848506,-7.5702206170579505],[110.17691769964988,-7.570173039038489],[110.17692768652167,-7.570139693330446],[110.17692963996225,-7.570134439528785],[110.17694753782204,-7.570141858164118],[110.17695126433807,-7.5701427235560095],[110.17696263206157,-7.570145510932757],[110.17696310450638,-7.5701487543965245],[110.17696998232033,-7.570150769910398],[110.17697171429667,-7.57014419306722],[110.17699253845151,-7.57015052668937],[110.17700920234944,-7.570155284985405],[110.17700454093733,-7.5701718173683545],[110.1770181924785,-7.5701759861052595],[110.17699965201787,-7.570270663627184],[110.17691250652311,-7.570242902351116],[110.17691827037635,-7.570225301143846],[110.17690409142142,-7.570220803506012],[110.17690342848506,-7.5702206170579505]]]}},{"type":"Feature","properties":{"NAMOBJ":"Kerban","FCODE":"BA03070040","METADATA":"TASWIL1000020230928_DATA_BATAS_DESAKELURAHAN","SRS_ID":"SRGI 2013","KDCPUM":"33.08.11","KDEPUM":"33.08.11.2002","KDPKAB":"33.08","KDPPUM":"33","WADMKC":"Tempuran","WADMKD":"Sumberarum","WADMKK":"Magelang","WADMPR":"Jawa Tengah","DUSUN":"Kerban","Toponimi":"Dusun Kerban","Shape_Leng":3646.39056914,"Shape_Le_1":42.8276921476,"Shape_Area":93.5487371902,"KETERANGAN":"2","KET_DETAIL":"Rumah","Id":"15","rumah_rt":null},"geometry":{"type":"Polygon","coordinates":[[[110.17700220090867,-7.570153287983386],[110.17699253845151,-7.57015052668937],[110.17697171429667,-7.57014419306722],[110.17696998232033,-7.570150769910398],[110.17696310450638,-7.5701487543965245],[110.17696263206157,-7.570145510932757],[110.17695126433807,-7.5701427235560095],[110.17694753782204,-7.570141858164118],[110.17692815087351,-7.570133822303752],[110.17692501336465,-7.570132965763124],[110.17692713119824,-7.570120408704063],[110.1769275942373,-7.570112362393303],[110.17692590990919,-7.570111977520544],[110.17692646622822,-7.5701092316563],[110.17692911120936,-7.5701001456927965],[110.17694294435383,-7.570044188841212],[110.17694404455982,-7.570044295838971],[110.17694736549863,-7.570031035153701],[110.17700687201005,-7.570045304494468],[110.17699588305706,-7.570091330973921],[110.17701648202558,-7.57009643588149],[110.17700448379179,-7.570123088237877],[110.1770040258419,-7.570128451861881],[110.17700192792681,-7.5701320242260834],[110.17700431563716,-7.570133370083294],[110.17700221743901,-7.570137091686641],[110.17700220090867,-7.570153287983386]]]}},{"type":"Feature","properties":{"NAMOBJ":"Kerban","FCODE":"BA03070040","METADATA":"TASWIL1000020230928_DATA_BATAS_DESAKELURAHAN","SRS_ID":"SRGI 2013","KDCPUM":"33.08.11","KDEPUM":"33.08.11.2002","KDPKAB":"33.08","KDPPUM":"33","WADMKC":"Tempuran","WADMKD":"Sumberarum","WADMKK":"Magelang","WADMPR":"Jawa Tengah","DUSUN":"Kerban","Toponimi":"Dusun Kerban","Shape_Leng":3646.39056914,"Shape_Le_1":71.5364304599,"Shape_Area":213.403900215,"KETERANGAN":"2","KET_DETAIL":"Rumah","Id":"16","rumah_rt":null},"geometry":{"type":"Polygon","coordinates":[[[110.17670448358167,-7.569979776124367],[110.17667699092497,-7.57011814806886],[110.17667504963666,-7.570117995161817],[110.17666947286928,-7.5701449572124995],[110.17664551955062,-7.5701415771320715],[110.1766325511368,-7.570212802370676],[110.17657633920582,-7.570200122952081],[110.1765916395301,-7.5701247822019875],[110.17659460138076,-7.570125455306257],[110.17659952031346,-7.570102193158315],[110.17659827922769,-7.5701013324592505],[110.1766244084444,-7.569981214029985],[110.17662581707556,-7.569980239849624],[110.17662943210178,-7.5699644436651115],[110.17670448358167,-7.569979776124367]]]}},{"type":"Feature","properties":{"NAMOBJ":"Kerban","FCODE":"BA03070040","METADATA":"TASWIL1000020230928_DATA_BATAS_DESAKELURAHAN","SRS_ID":"SRGI 2013","KDCPUM":"33.08.11","KDEPUM":"33.08.11.2002","KDPKAB":"33.08","KDPPUM":"33","WADMKC":"Tempuran","WADMKD":"Sumberarum","WADMKK":"Magelang","WADMPR":"Jawa Tengah","DUSUN":"Kerban","Toponimi":"Dusun Kerban","Shape_Leng":3646.39056914,"Shape_Le_1":73.7598731063,"Shape_Area":274.683661265,"KETERANGAN":"2","KET_DETAIL":"Rumah","Id":"17","rumah_rt":null},"geometry":{"type":"Polygon","coordinates":[[[110.17659092446206,-7.570048292347661],[110.17658536210386,-7.570058582090262],[110.17657910073896,-7.570078025688276],[110.17655874585864,-7.570125812669637],[110.17653740801371,-7.570180490856511],[110.17652473791293,-7.570175594722714],[110.17652410311672,-7.57018302630842],[110.17656327830505,-7.570196838518603],[110.17655317785761,-7.570231745138037],[110.17644986650684,-7.570200582241117],[110.17646581603042,-7.57015285197756],[110.17643248006144,-7.570140010537507],[110.17644128258658,-7.570115440758919],[110.17643151409565,-7.570112160709708],[110.17645616913406,-7.570045283608738],[110.17646461625691,-7.570047410069791],[110.17648760281175,-7.570052669291224],[110.17648836048576,-7.570049380214051],[110.1764906332211,-7.570044440604887],[110.176502457708,-7.5700157401880475],[110.17650321422067,-7.5700106747041955],[110.17650486119437,-7.5700082935991775],[110.17652634319589,-7.569951187112861],[110.17661432059803,-7.569982255025909],[110.17659103067771,-7.570042951576619],[110.17659092446206,-7.570048292347661]]]}},{"type":"Feature","properties":{"NAMOBJ":"Kerban","FCODE":"BA03070040","METADATA":"TASWIL1000020230928_DATA_BATAS_DESAKELURAHAN","SRS_ID":"SRGI 2013","KDCPUM":"33.08.11","KDEPUM":"33.08.11.2002","KDPKAB":"33.08","KDPPUM":"33","WADMKC":"Tempuran","WADMKD":"Sumberarum","WADMKK":"Magelang","WADMPR":"Jawa Tengah","DUSUN":"Kerban","Toponimi":"Dusun Kerban","Shape_Leng":3646.39056914,"Shape_Le_1":61.5314281036,"Shape_Area":212.81968471,"KETERANGAN":"2","KET_DETAIL":"Rumah","Id":"19","rumah_rt":null},"geometry":{"type":"Polygon","coordinates":[[[110.17639622850928,-7.5699383011394445],[110.17645055857278,-7.569958661508103],[110.17645360829847,-7.569950284523294],[110.17648648729615,-7.569961755797257],[110.17646302981612,-7.570026674148972],[110.17643151410532,-7.570112160831127],[110.17634415784788,-7.57007953813646],[110.17631851259344,-7.570067847165957],[110.17635039162855,-7.569991535593067],[110.17635482143774,-7.56999340629494],[110.17637077113605,-7.569950361343834],[110.17638965873294,-7.569957382358199],[110.17639622850928,-7.5699383011394445]]]}},{"type":"Feature","properties":{"NAMOBJ":"Kerban","FCODE":"BA03070040","METADATA":"TASWIL1000020230928_DATA_BATAS_DESAKELURAHAN","SRS_ID":"SRGI 2013","KDCPUM":"33.08.11","KDEPUM":"33.08.11.2002","KDPKAB":"33.08","KDPPUM":"33","WADMKC":"Tempuran","WADMKD":"Sumberarum","WADMKK":"Magelang","WADMPR":"Jawa Tengah","DUSUN":"Kerban","Toponimi":"Dusun Kerban","Shape_Leng":3646.39056914,"Shape_Le_1":73.8784821067,"Shape_Area":205.648742999,"KETERANGAN":"2","KET_DETAIL":"Rumah","Id":"20","rumah_rt":null},"geometry":{"type":"Polygon","coordinates":[[[110.17624429057555,-7.569836578953886],[110.17622417072894,-7.56989376393854],[110.17618998990197,-7.569884311704498],[110.17618635922769,-7.569889782390001],[110.17618397042429,-7.569889492058092],[110.17618377663354,-7.5698908267084954],[110.17619294607523,-7.569894181582136],[110.17617434622196,-7.569943293309091],[110.1761647956262,-7.569939698931017],[110.17615248866724,-7.569971863498362],[110.17616472122548,-7.569978890031847],[110.17615392582356,-7.570001223014438],[110.17613691146045,-7.569995826364389],[110.17614111550853,-7.569984359137647],[110.17606174723105,-7.569950913590848],[110.17608555858739,-7.569893110284503],[110.17610704370152,-7.5698387037468535],[110.17615196384614,-7.569854883027275],[110.17617057355577,-7.569806785244873],[110.1762359411595,-7.569829559762298],[110.17624429057555,-7.569836578953886]]]}},{"type":"Feature","properties":{"NAMOBJ":"Kerban","FCODE":"BA03070040","METADATA":"TASWIL1000020230928_DATA_BATAS_DESAKELURAHAN","SRS_ID":"SRGI 2013","KDCPUM":"33.08.11","KDEPUM":"33.08.11.2002","KDPKAB":"33.08","KDPPUM":"33","WADMKC":"Tempuran","WADMKD":"Sumberarum","WADMKK":"Magelang","WADMPR":"Jawa Tengah","DUSUN":"Kerban","Toponimi":"Dusun Kerban","Shape_Leng":3646.39056914,"Shape_Le_1":38.42072288,"Shape_Area":81.6688018368,"KETERANGAN":"2","KET_DETAIL":"Rumah","Id":"21","rumah_rt":null},"geometry":{"type":"Polygon","coordinates":[[[110.17601334172903,-7.569794566028527],[110.17600599414023,-7.569810348025225],[110.17600867864508,-7.5698124397423125],[110.17597629163784,-7.569895130547148],[110.17591217280061,-7.569868697910578],[110.17595059384362,-7.569788440725054],[110.17596668233011,-7.569794524846721],[110.17597407756357,-7.569776524947719],[110.17601334172903,-7.569794566028527]]]}},{"type":"Feature","properties":{"NAMOBJ":"Kerban","FCODE":"BA03070040","METADATA":"TASWIL1000020230928_DATA_BATAS_DESAKELURAHAN","SRS_ID":"SRGI 2013","KDCPUM":"33.08.11","KDEPUM":"33.08.11.2002","KDPKAB":"33.08","KDPPUM":"33","WADMKC":"Tempuran","WADMKD":"Sumberarum","WADMKK":"Magelang","WADMPR":"Jawa Tengah","DUSUN":"Kerban","Toponimi":"Dusun Kerban","Shape_Leng":3646.39056914,"Shape_Le_1":66.9276421349,"Shape_Area":244.526172642,"KETERANGAN":"2","KET_DETAIL":"Rumah","Id":"22","rumah_rt":null},"geometry":{"type":"Polygon","coordinates":[[[110.17634147478444,-7.569619642412275],[110.17630741909429,-7.569701389435054],[110.17627041190781,-7.5696862688999325],[110.17626380953085,-7.569702945939725],[110.17625112235578,-7.569699048061091],[110.17624211677263,-7.5697230224486045],[110.17614969473784,-7.569691270045613],[110.17617225555436,-7.5696288603666195],[110.17617146939486,-7.5696275772284185],[110.1761726209147,-7.569625004342311],[110.17617434149726,-7.569624911719286],[110.17619267106186,-7.56957301638555],[110.17620182767725,-7.56954874380501],[110.17629375650708,-7.5695824467275985],[110.17628895406058,-7.569594954790201],[110.17629969451406,-7.569601084870115],[110.1763307342714,-7.569613065518677],[110.17634147478444,-7.569619642412275]]]}},{"type":"Feature","properties":{"NAMOBJ":"Kerban","FCODE":"BA03070040","METADATA":"TASWIL1000020230928_DATA_BATAS_DESAKELURAHAN","SRS_ID":"SRGI 2013","KDCPUM":"33.08.11","KDEPUM":"33.08.11.2002","KDPKAB":"33.08","KDPPUM":"33","WADMKC":"Tempuran","WADMKD":"Sumberarum","WADMKK":"Magelang","WADMPR":"Jawa Tengah","DUSUN":"Kerban","Toponimi":"Dusun Kerban","Shape_Leng":3646.39056914,"Shape_Le_1":71.1265641595,"Shape_Area":229.307907646,"KETERANGAN":"2","KET_DETAIL":"Rumah","Id":"23","rumah_rt":null},"geometry":{"type":"Polygon","coordinates":[[[110.17639170997545,-7.569491236551125],[110.1763541930535,-7.569587096922067],[110.17637447883465,-7.569594818838415],[110.17636392309268,-7.569624136698596],[110.17633524316247,-7.569612906710129],[110.17634555623276,-7.569588710478912],[110.17629411239673,-7.569567820102977],[110.17629114838056,-7.569568767826344],[110.17620023644552,-7.569532168158824],[110.17624103324923,-7.569428559670189],[110.17639170997545,-7.569491236551125]]]}},{"type":"Feature","properties":{"NAMOBJ":"Kerban","FCODE":"BA03070040","METADATA":"TASWIL1000020230928_DATA_BATAS_DESAKELURAHAN","SRS_ID":"SRGI 2013","KDCPUM":"33.08.11","KDEPUM":"33.08.11.2002","KDPKAB":"33.08","KDPPUM":"33","WADMKC":"Tempuran","WADMKD":"Sumberarum","WADMKK":"Magelang","WADMPR":"Jawa Tengah","DUSUN":"Kerban","Toponimi":"Dusun Kerban","Shape_Leng":3646.39056914,"Shape_Le_1":78.7948312367,"Shape_Area":278.672096369,"KETERANGAN":"2","KET_DETAIL":"Masjid","Id":"25","rumah_rt":null},"geometry":{"type":"Polygon","coordinates":[[[110.17650062842034,-7.569618850530826],[110.17646363403352,-7.569708279216824],[110.17645634341382,-7.569707901838988],[110.17645559400304,-7.569707576990325],[110.17643554233771,-7.569756293071705],[110.17647704533033,-7.5697729036318435],[110.17647892008388,-7.569768949156891],[110.17650060498306,-7.569777371972934],[110.17649919615641,-7.569781793137005],[110.1765103880563,-7.569786471465877],[110.17646725707206,-7.569889771463622],[110.17639217836397,-7.569859127716143],[110.17639639864073,-7.569848657256853],[110.17632132038695,-7.569817781047153],[110.17631922682197,-7.569814283977728],[110.17632791225901,-7.569787058271976],[110.1763160183894,-7.569783542681439],[110.17632797324612,-7.569754925728318],[110.17634056599377,-7.569758908447886],[110.17635017267749,-7.5697382030905285],[110.17634177720193,-7.569735393277253],[110.17635584329794,-7.569700959060825],[110.17637263334002,-7.569706579589336],[110.1763838482626,-7.569676475565229],[110.1764235898717,-7.569589012768408],[110.17650062842034,-7.569618850530826]]]}},{"type":"Feature","properties":{"NAMOBJ":"Kerban","FCODE":"BA03070040","METADATA":"TASWIL1000020230928_DATA_BATAS_DESAKELURAHAN","SRS_ID":"SRGI 2013","KDCPUM":"33.08.11","KDEPUM":"33.08.11.2002","KDPKAB":"33.08","KDPPUM":"33","WADMKC":"Tempuran","WADMKD":"Sumberarum","WADMKK":"Magelang","WADMPR":"Jawa Tengah","DUSUN":"Kerban","Toponimi":"Dusun Kerban","Shape_Leng":3646.39056914,"Shape_Le_1":92.2587293198,"Shape_Area":411.950748319,"KETERANGAN":"2","KET_DETAIL":"Rumah","Id":"26","rumah_rt":null},"geometry":{"type":"Polygon","coordinates":[[[110.17650060213924,-7.569777370954413],[110.17648161247195,-7.569769994930295],[110.17648907671479,-7.5697483759849735],[110.17650286886527,-7.56971117714523],[110.17652030198559,-7.569662599552706],[110.17653261908615,-7.569625070501622],[110.1765954511756,-7.569646052011187],[110.17660280694007,-7.569625948397776],[110.17661101590441,-7.569628645697729],[110.17663156960803,-7.5695787633984],[110.17668350065189,-7.569599425822442],[110.17666398725814,-7.569651843546735],[110.17669487690658,-7.569664121462108],[110.17667878568186,-7.569703432457034],[110.17670373514252,-7.569713025499417],[110.17669317897551,-7.569742576725227],[110.17666854833983,-7.5698109859902685],[110.17666472194601,-7.569815467710912],[110.17665811646991,-7.569833784579699],[110.17650060213924,-7.569777370954413]]]}},{"type":"Feature","properties":{"NAMOBJ":"Kerban","FCODE":"BA03070040","METADATA":"TASWIL1000020230928_DATA_BATAS_DESAKELURAHAN","SRS_ID":"SRGI 2013","KDCPUM":"33.08.11","KDEPUM":"33.08.11.2002","KDPKAB":"33.08","KDPPUM":"33","WADMKC":"Tempuran","WADMKD":"Sumberarum","WADMKK":"Magelang","WADMPR":"Jawa Tengah","DUSUN":"Kerban","Toponimi":"Dusun Kerban","Shape_Leng":3646.39056914,"Shape_Le_1":40.7742090404,"Shape_Area":104.161746728,"KETERANGAN":"2","KET_DETAIL":"Rumah","Id":"27","rumah_rt":null},"geometry":{"type":"Polygon","coordinates":[[[110.17683558313122,-7.569649336631381],[110.17681516368337,-7.569706819566491],[110.17680961180812,-7.569720667569018],[110.17680372717115,-7.569736659120493],[110.17680270727726,-7.569739430690689],[110.17677719700288,-7.569803759084035],[110.17669242797174,-7.569769584976905],[110.17670087245861,-7.569746084371285],[110.17669268466125,-7.56974394963673],[110.17669317897551,-7.569742576725227],[110.1767037339368,-7.5697130282638865],[110.17670854474105,-7.5697019980832865],[110.1767172006377,-7.5697036531901185],[110.17672935883002,-7.569672532260299],[110.1767512677819,-7.569616840306404],[110.17683558313122,-7.569649336631381]]]}},{"type":"Feature","properties":{"NAMOBJ":"Kerban","FCODE":"BA03070040","METADATA":"TASWIL1000020230928_DATA_BATAS_DESAKELURAHAN","SRS_ID":"SRGI 2013","KDCPUM":"33.08.11","KDEPUM":"33.08.11.2002","KDPKAB":"33.08","KDPPUM":"33","WADMKC":"Tempuran","WADMKD":"Sumberarum","WADMKK":"Magelang","WADMPR":"Jawa Tengah","DUSUN":"Kerban","Toponimi":"Dusun Kerban","Shape_Leng":3646.39056914,"Shape_Le_1":69.3256184684,"Shape_Area":249.020357454,"KETERANGAN":"2","KET_DETAIL":"Rumah","Id":"28","rumah_rt":null},"geometry":{"type":"Polygon","coordinates":[[[110.17700082393085,-7.569814172176978],[110.17699706642063,-7.569825812425693],[110.17699285150128,-7.569833950987207],[110.17694620651672,-7.5698215221376515],[110.17694009386227,-7.5698457263180865],[110.17687526192285,-7.569825811984559],[110.17691303646431,-7.56971737973238],[110.17690931954895,-7.569713036124105],[110.17691964595699,-7.569677343515211],[110.1769415686728,-7.569683205262913],[110.17694932221426,-7.569655046162916],[110.17697194603775,-7.56966067768533],[110.17697801585385,-7.569659059268662],[110.17698316752826,-7.569649754630286],[110.17702047988666,-7.569661700043497],[110.17701906090979,-7.569671476634808],[110.1770227830067,-7.569677538272408],[110.17704446923909,-7.569685262803608],[110.177029915656,-7.569731105276698],[110.17700082393085,-7.569814172176978]]]}},{"type":"Feature","properties":{"NAMOBJ":"Kerban","FCODE":"BA03070040","METADATA":"TASWIL1000020230928_DATA_BATAS_DESAKELURAHAN","SRS_ID":"SRGI 2013","KDCPUM":"33.08.11","KDEPUM":"33.08.11.2002","KDPKAB":"33.08","KDPPUM":"33","WADMKC":"Tempuran","WADMKD":"Sumberarum","WADMKK":"Magelang","WADMPR":"Jawa Tengah","DUSUN":"Kerban","Toponimi":"Dusun Kerban","Shape_Leng":3646.39056914,"Shape_Le_1":45.4211160612,"Shape_Area":107.389277755,"KETERANGAN":"2","KET_DETAIL":"Rumah","Id":"29","rumah_rt":null},"geometry":{"type":"Polygon","coordinates":[[[110.17700957733818,-7.569827550791814],[110.17710577512683,-7.569857201392137],[110.17708338597278,-7.56993574331971],[110.17698577559533,-7.569905165078814],[110.17699675051259,-7.56987003998669],[110.17697466058885,-7.5698634407713605],[110.17697933013434,-7.569842139969119],[110.17700411248208,-7.569846657625917],[110.17700957733818,-7.569827550791814]]]}},{"type":"Feature","properties":{"NAMOBJ":"Kerban","FCODE":"BA03070040","METADATA":"TASWIL1000020230928_DATA_BATAS_DESAKELURAHAN","SRS_ID":"SRGI 2013","KDCPUM":"33.08.11","KDEPUM":"33.08.11.2002","KDPKAB":"33.08","KDPPUM":"33","WADMKC":"Tempuran","WADMKD":"Sumberarum","WADMKK":"Magelang","WADMPR":"Jawa Tengah","DUSUN":"Kerban","Toponimi":"Dusun Kerban","Shape_Leng":3646.39056914,"Shape_Le_1":62.4075549262,"Shape_Area":204.184576314,"KETERANGAN":"2","KET_DETAIL":"Rumah","Id":"30","rumah_rt":null},"geometry":{"type":"Polygon","coordinates":[[[110.17705554017135,-7.569667196989696],[110.17714432100671,-7.569695696408782],[110.17713750769632,-7.569719899270659],[110.17714590406162,-7.569722243262021],[110.1771289908265,-7.569781586120998],[110.1771180256895,-7.569780167992369],[110.17711520527318,-7.5697911030065494],[110.17713596157137,-7.569796733996767],[110.17712093455995,-7.5698460677885375],[110.17700992708211,-7.569812329002816],[110.17700232153982,-7.569809896094818],[110.177029915656,-7.569731105276698],[110.17704446630208,-7.569685262095936],[110.17704933072282,-7.569686434177364],[110.17705554017135,-7.569667196989696]]]}},{"type":"Feature","properties":{"NAMOBJ":"Kerban","FCODE":"BA03070040","METADATA":"TASWIL1000020230928_DATA_BATAS_DESAKELURAHAN","SRS_ID":"SRGI 2013","KDCPUM":"33.08.11","KDEPUM":"33.08.11.2002","KDPKAB":"33.08","KDPPUM":"33","WADMKC":"Tempuran","WADMKD":"Sumberarum","WADMKK":"Magelang","WADMPR":"Jawa Tengah","DUSUN":"Kerban","Toponimi":"Dusun Kerban","Shape_Leng":3646.39056914,"Shape_Le_1":40.3209676026,"Shape_Area":102.686270563,"KETERANGAN":"2","KET_DETAIL":"Rumah","Id":"31","rumah_rt":null},"geometry":{"type":"Polygon","coordinates":[[[110.17726033576756,-7.569795804725875],[110.17724977477981,-7.5698279165513975],[110.1772322796331,-7.569824623767901],[110.17722312613672,-7.5698530135881],[110.17712648393118,-7.5698278491625794],[110.17713596063327,-7.569796736862726],[110.17714655718618,-7.569764363478296],[110.17714746283417,-7.569761596645164],[110.17715521769026,-7.569732738377416],[110.17717047987504,-7.569682706766418],[110.17719193887541,-7.569686937747971],[110.1772089623491,-7.5696927911381575],[110.17726190085256,-7.569708957404987],[110.17724590180848,-7.569778081267082],[110.17724214548112,-7.5697906445814],[110.17726033576756,-7.569795804725875]]]}},{"type":"Feature","properties":{"NAMOBJ":"Kerban","FCODE":"BA03070040","METADATA":"TASWIL1000020230928_DATA_BATAS_DESAKELURAHAN","SRS_ID":"SRGI 2013","KDCPUM":"33.08.11","KDEPUM":"33.08.11.2002","KDPKAB":"33.08","KDPPUM":"33","WADMKC":"Tempuran","WADMKD":"Sumberarum","WADMKK":"Magelang","WADMPR":"Jawa Tengah","DUSUN":"Kerban","Toponimi":"Dusun Kerban","Shape_Leng":3646.39056914,"Shape_Le_1":53.799459862,"Shape_Area":163.138380798,"KETERANGAN":"2","KET_DETAIL":"Rumah","Id":"32","rumah_rt":null},"geometry":{"type":"Polygon","coordinates":[[[110.17713074148979,-7.569842594095134],[110.17720151494895,-7.569860140621318],[110.17720211544612,-7.56985805892748],[110.17729937764837,-7.56987993384648],[110.17729466323783,-7.569905304742949],[110.17728548411708,-7.569946733544472],[110.17729504573818,-7.569949777994048],[110.17728797431607,-7.569987252756089],[110.17727841269598,-7.569984207401783],[110.17727535813077,-7.569995144976517],[110.17725296593468,-7.569990678879155],[110.1772494626793,-7.569992535500943],[110.17724523535875,-7.570006730618459],[110.17722051087385,-7.570001328498987],[110.17719648794261,-7.569995461893827],[110.1771993139484,-7.569981729940168],[110.17719742238906,-7.569979252607953],[110.1771755583565,-7.569973026475384],[110.17718807460426,-7.569909384643567],[110.17711750674628,-7.5698939797569995],[110.17713074148979,-7.569842594095134]]]}},{"type":"Feature","properties":{"NAMOBJ":"Kerban","FCODE":"BA03070040","METADATA":"TASWIL1000020230928_DATA_BATAS_DESAKELURAHAN","SRS_ID":"SRGI 2013","KDCPUM":"33.08.11","KDEPUM":"33.08.11.2002","KDPKAB":"33.08","KDPPUM":"33","WADMKC":"Tempuran","WADMKD":"Sumberarum","WADMKK":"Magelang","WADMPR":"Jawa Tengah","DUSUN":"Kerban","Toponimi":"Dusun Kerban","Shape_Leng":3646.39056914,"Shape_Le_1":100.533879656,"Shape_Area":271.522267585,"KETERANGAN":"2","KET_DETAIL":"Rumah","Id":"33","rumah_rt":null},"geometry":{"type":"Polygon","coordinates":[[[110.17745589724424,-7.569829926440262],[110.17744867830415,-7.569856289353202],[110.1774664443831,-7.569859153914633],[110.17747942809712,-7.5698639468529345],[110.17747444787338,-7.569891356860315],[110.17745639148626,-7.569884319370488],[110.17744205817185,-7.569882354916556],[110.17743438219202,-7.569914081455812],[110.17737362724216,-7.5698999590570955],[110.17737118040024,-7.5699154618016555],[110.17742995536426,-7.569930241641164],[110.17742478251121,-7.569950722038752],[110.17743667639924,-7.5699542366959625],[110.17742561506468,-7.57000404379432],[110.17741348466959,-7.570001925212227],[110.17741230529488,-7.5700086758572],[110.17736239262146,-7.569996706690381],[110.17735842299777,-7.56999832907617],[110.17735581354889,-7.570008446267533],[110.17731251204836,-7.569997450993075],[110.17733373111652,-7.5699116556002854],[110.17734020768522,-7.5698829079759555],[110.17735223097247,-7.569842546404007],[110.17736014477923,-7.569843157395611],[110.17736886988806,-7.569809793914815],[110.17735409134363,-7.569806487269437],[110.17736027104874,-7.569776546070856],[110.17736355769975,-7.5697761054596295],[110.17736462089175,-7.569766569691936],[110.17738074564551,-7.569768836008621],[110.17737938220422,-7.569778966359566],[110.17746252387191,-7.569800432897675],[110.17745589724424,-7.569829926440262]]]}},{"type":"Feature","properties":{"NAMOBJ":"Kerban","FCODE":"BA03070040","METADATA":"TASWIL1000020230928_DATA_BATAS_DESAKELURAHAN","SRS_ID":"SRGI 2013","KDCPUM":"33.08.11","KDEPUM":"33.08.11.2002","KDPKAB":"33.08","KDPPUM":"33","WADMKC":"Tempuran","WADMKD":"Sumberarum","WADMKK":"Magelang","WADMPR":"Jawa Tengah","DUSUN":"Kerban","Toponimi":"Dusun Kerban","Shape_Leng":3646.39056914,"Shape_Le_1":67.5970041615,"Shape_Area":213.647466932,"KETERANGAN":"2","KET_DETAIL":"Rumah","Id":"35","rumah_rt":null},"geometry":{"type":"Polygon","coordinates":[[[110.1772542733287,-7.569546887874467],[110.17726986781281,-7.569489112734893],[110.17731852233439,-7.569505095202915],[110.17737589460374,-7.569521036466096],[110.17740410730963,-7.56953249886314],[110.1773926003603,-7.569571129327819],[110.17737277739683,-7.569565503113488],[110.17736432453876,-7.56959296264333],[110.17734296387363,-7.569659748252301],[110.1773180086608,-7.569653181634965],[110.17731520870333,-7.569653176349943],[110.17731003276,-7.569675286618932],[110.17730746136449,-7.5696780757135835],[110.17727481087425,-7.569668467263428],[110.17727248390716,-7.569665203113873],[110.17727694726426,-7.569649378562415],[110.17727392230067,-7.569645181477778],[110.17724500539232,-7.569635580073299],[110.17727176481185,-7.569552040971588],[110.1772542733287,-7.569546887874467]]]}},{"type":"Feature","properties":{"NAMOBJ":"Kerban","FCODE":"BA03070040","METADATA":"TASWIL1000020230928_DATA_BATAS_DESAKELURAHAN","SRS_ID":"SRGI 2013","KDCPUM":"33.08.11","KDEPUM":"33.08.11.2002","KDPKAB":"33.08","KDPPUM":"33","WADMKC":"Tempuran","WADMKD":"Sumberarum","WADMKK":"Magelang","WADMPR":"Jawa Tengah","DUSUN":"Kerban","Toponimi":"Dusun Kerban","Shape_Leng":3646.39056914,"Shape_Le_1":61.6884161535,"Shape_Area":155.397983601,"KETERANGAN":"2","KET_DETAIL":"Rumah","Id":"37","rumah_rt":null},"geometry":{"type":"Polygon","coordinates":[[[110.17717087367383,-7.5694691635221885],[110.17715871787297,-7.569512620051103],[110.17709545560736,-7.5695004827339805],[110.17709241340438,-7.569504900816936],[110.17708227463115,-7.569560530899401],[110.17699216059093,-7.569543191242112],[110.17700283941271,-7.569489364523873],[110.17701225679559,-7.569445142231028],[110.17708876989407,-7.569457394105369],[110.17709440647405,-7.569438544466344],[110.17712192688448,-7.569445581746615],[110.17711723277995,-7.5694602417908765],[110.17717087367383,-7.5694691635221885]]]}},{"type":"Feature","properties":{"NAMOBJ":"Kerban","FCODE":"BA03070040","METADATA":"TASWIL1000020230928_DATA_BATAS_DESAKELURAHAN","SRS_ID":"SRGI 2013","KDCPUM":"33.08.11","KDEPUM":"33.08.11.2002","KDPKAB":"33.08","KDPPUM":"33","WADMKC":"Tempuran","WADMKD":"Sumberarum","WADMKK":"Magelang","WADMPR":"Jawa Tengah","DUSUN":"Kerban","Toponimi":"Dusun Kerban","Shape_Leng":3646.39056914,"Shape_Le_1":65.9315516201,"Shape_Area":225.912261592,"KETERANGAN":"2","KET_DETAIL":"Rumah","Id":"38","rumah_rt":null},"geometry":{"type":"Polygon","coordinates":[[[110.1770613313059,-7.5692838751117035],[110.1771497298571,-7.569304066352973],[110.17715677213472,-7.569281960513709],[110.17721181916848,-7.569293706030601],[110.17720779655569,-7.569322803798723],[110.17718313027322,-7.569410072414826],[110.17714161403357,-7.5694004481248],[110.17701174137336,-7.569368558785797],[110.17701546987439,-7.569350614442905],[110.17703241665751,-7.569273575439337],[110.17706017400516,-7.569278983291231],[110.1770613313059,-7.5692838751117035]]]}},{"type":"Feature","properties":{"NAMOBJ":"Kerban","FCODE":"BA03070040","METADATA":"TASWIL1000020230928_DATA_BATAS_DESAKELURAHAN","SRS_ID":"SRGI 2013","KDCPUM":"33.08.11","KDEPUM":"33.08.11.2002","KDPKAB":"33.08","KDPPUM":"33","WADMKC":"Tempuran","WADMKD":"Sumberarum","WADMKK":"Magelang","WADMPR":"Jawa Tengah","DUSUN":"Kerban","Toponimi":"Dusun Kerban","Shape_Leng":3646.39056914,"Shape_Le_1":67.7127163534,"Shape_Area":172.460907142,"KETERANGAN":"2","KET_DETAIL":"Rumah","Id":"39","rumah_rt":null},"geometry":{"type":"Polygon","coordinates":[[[110.17707137928,-7.569153270446457],[110.17720741831367,-7.569187633512532],[110.17722996022276,-7.569191997683967],[110.17722622230504,-7.5692043223508225],[110.17721920210255,-7.569214786631502],[110.17721519275766,-7.569237364910751],[110.17721190833628,-7.569246672173325],[110.17720840197383,-7.569249692859343],[110.17721259397243,-7.569254124599354],[110.17721702245363,-7.569256694454993],[110.17721701186011,-7.569262282331618],[110.17720950983696,-7.569280662642993],[110.17719574875345,-7.569277609361176],[110.17718921566386,-7.56927736457631],[110.17718922625777,-7.569271776699777],[110.17719556170924,-7.569253394186665],[110.17718926333984,-7.569252217322871],[110.17719068495813,-7.569241044213375],[110.17717879065104,-7.569237762002971],[110.17717385651291,-7.56925568135236],[110.17714446399248,-7.5692507362296055],[110.17714093558065,-7.569265864283947],[110.17710268168318,-7.569258108481171],[110.1771037700277,-7.56925443109874],[110.17705820023802,-7.56924337730227],[110.17705812784924,-7.569231360203571],[110.17703962406934,-7.569227112544385],[110.17705218634337,-7.569184435258143],[110.17706361648733,-7.569186319169073],[110.17707137928,-7.569153270446457]]]}},{"type":"Feature","properties":{"NAMOBJ":"Kerban","FCODE":"BA03070040","METADATA":"TASWIL1000020230928_DATA_BATAS_DESAKELURAHAN","SRS_ID":"SRGI 2013","KDCPUM":"33.08.11","KDEPUM":"33.08.11.2002","KDPKAB":"33.08","KDPPUM":"33","WADMKC":"Tempuran","WADMKD":"Sumberarum","WADMKK":"Magelang","WADMPR":"Jawa Tengah","DUSUN":"Kerban","Toponimi":"Dusun Kerban","Shape_Leng":3646.39056914,"Shape_Le_1":38.8654167823,"Shape_Area":90.477442681,"KETERANGAN":"2","KET_DETAIL":"Rumah","Id":"40","rumah_rt":null},"geometry":{"type":"Polygon","coordinates":[[[110.17690951080593,-7.569361128124211],[110.17690312194564,-7.569408147208244],[110.17684282808594,-7.569398601801576],[110.17684060513226,-7.569398249875113],[110.17683142421986,-7.569440609374232],[110.17679619883025,-7.569435653211142],[110.17675900292957,-7.569428926392299],[110.17678076527649,-7.5693299144203],[110.1768164539352,-7.569336733789153],[110.1768493399898,-7.569344945288713],[110.17685493577021,-7.569347747022336],[110.17691115574755,-7.569356002492533],[110.17690951080593,-7.569361128124211]]]}},{"type":"Feature","properties":{"NAMOBJ":"Kerban","FCODE":"BA03070040","METADATA":"TASWIL1000020230928_DATA_BATAS_DESAKELURAHAN","SRS_ID":"SRGI 2013","KDCPUM":"33.08.11","KDEPUM":"33.08.11.2002","KDPKAB":"33.08","KDPPUM":"33","WADMKC":"Tempuran","WADMKD":"Sumberarum","WADMKK":"Magelang","WADMPR":"Jawa Tengah","DUSUN":"Kerban","Toponimi":"Dusun Kerban","Shape_Leng":3646.39056914,"Shape_Le_1":69.9741931317,"Shape_Area":212.619180525,"KETERANGAN":"2","KET_DETAIL":"Rumah","Id":"42","rumah_rt":null},"geometry":{"type":"Polygon","coordinates":[[[110.17675759624896,-7.569211273040901],[110.17674982971585,-7.569246758425273],[110.17677026584285,-7.56925024039009],[110.17674831134273,-7.569347160405874],[110.17673092159902,-7.569417331720978],[110.17672693825251,-7.569417589210632],[110.17672442737042,-7.569429217747711],[110.17665623583073,-7.5694122774949495],[110.17666105688853,-7.5693932969818825],[110.17668045083265,-7.569316398294007],[110.17668122079516,-7.569311407906839],[110.1766594816479,-7.569306266463486],[110.1766645338328,-7.569280124690521],[110.17667681435307,-7.569226984186823],[110.17669566666859,-7.56923108906547],[110.17670541681501,-7.56919685832916],[110.17673990067466,-7.569201840231414],[110.17674057572843,-7.5692038765931615],[110.1767473662743,-7.569207449463822],[110.17675450096942,-7.569208310439862],[110.17675759624896,-7.569211273040901]]]}},{"type":"Feature","properties":{"NAMOBJ":"Kerban","FCODE":"BA03070040","METADATA":"TASWIL1000020230928_DATA_BATAS_DESAKELURAHAN","SRS_ID":"SRGI 2013","KDCPUM":"33.08.11","KDEPUM":"33.08.11.2002","KDPKAB":"33.08","KDPPUM":"33","WADMKC":"Tempuran","WADMKD":"Sumberarum","WADMKK":"Magelang","WADMPR":"Jawa Tengah","DUSUN":"Kerban","Toponimi":"Dusun Kerban","Shape_Leng":3646.39056914,"Shape_Le_1":59.4732736841,"Shape_Area":192.39929789,"KETERANGAN":"2","KET_DETAIL":"Rumah","Id":"43","rumah_rt":null},"geometry":{"type":"Polygon","coordinates":[[[110.1766629688829,-7.569180501074573],[110.1766556571921,-7.56920604704782],[110.17663186409513,-7.56929263167344],[110.17661271324442,-7.569349827975465],[110.17654775870774,-7.569328192629359],[110.17652124091336,-7.569319678379151],[110.17652025123265,-7.569318170545296],[110.17652297599878,-7.569312897130639],[110.176521934166,-7.5693116451669376],[110.1765213792001,-7.56931081108966],[110.17653291912852,-7.569281108868489],[110.17655244664074,-7.569223157549124],[110.17655350217815,-7.5692171863377915],[110.1765535780343,-7.569213991847298],[110.17655594578486,-7.5692129552605145],[110.17656049954277,-7.569197268370521],[110.17657072186769,-7.569171679960443],[110.17661895063746,-7.569185843918741],[110.17662322672486,-7.569171270826346],[110.1766629688829,-7.569180501074573]]]}},{"type":"Feature","properties":{"NAMOBJ":"Kerban","FCODE":"BA03070040","METADATA":"TASWIL1000020230928_DATA_BATAS_DESAKELURAHAN","SRS_ID":"SRGI 2013","KDCPUM":"33.08.11","KDEPUM":"33.08.11.2002","KDPKAB":"33.08","KDPPUM":"33","WADMKC":"Tempuran","WADMKD":"Sumberarum","WADMKK":"Magelang","WADMPR":"Jawa Tengah","DUSUN":"Kerban","Toponimi":"Dusun Kerban","Shape_Leng":3646.39056914,"Shape_Le_1":73.5548697872,"Shape_Area":258.031258375,"KETERANGAN":"2","KET_DETAIL":"Rumah","Id":"44","rumah_rt":null},"geometry":{"type":"Polygon","coordinates":[[[110.17653291912852,-7.569281108868489],[110.17652609304918,-7.5692986782778116],[110.17652001306276,-7.569296292817351],[110.17649845443904,-7.569288474986801],[110.17649796505137,-7.569289863347985],[110.17649606947242,-7.569289030355767],[110.17648195828652,-7.569326223167677],[110.17648014498761,-7.569327886703745],[110.17647227539887,-7.569349624113228],[110.17640338728128,-7.569323714010412],[110.17641430100865,-7.569293940964868],[110.17641520588589,-7.569293804288762],[110.1764532678176,-7.569187759554628],[110.1764391867838,-7.569182790854866],[110.17645046351656,-7.569149919734989],[110.17646190138419,-7.569121457368801],[110.17656504984964,-7.569155690649251],[110.17656078520605,-7.569168053206161],[110.17656545631777,-7.569170774574981],[110.17657072186769,-7.569171679960443],[110.17656049954277,-7.569197268370521],[110.17655594578486,-7.5692129552605145],[110.1765535780343,-7.569213991847298],[110.17655350217815,-7.5692171863377915],[110.17655244664074,-7.569223157549124],[110.17653291912852,-7.569281108868489]]]}},{"type":"Feature","properties":{"NAMOBJ":"Kerban","FCODE":"BA03070040","METADATA":"TASWIL1000020230928_DATA_BATAS_DESAKELURAHAN","SRS_ID":"SRGI 2013","KDCPUM":"33.08.11","KDEPUM":"33.08.11.2002","KDPKAB":"33.08","KDPPUM":"33","WADMKC":"Tempuran","WADMKD":"Sumberarum","WADMKK":"Magelang","WADMPR":"Jawa Tengah","DUSUN":"Kerban","Toponimi":"Dusun Kerban","Shape_Leng":3646.39056914,"Shape_Le_1":91.6880759765,"Shape_Area":419.402845886,"KETERANGAN":"2","KET_DETAIL":"Rumah","Id":"45","rumah_rt":null},"geometry":{"type":"Polygon","coordinates":[[[110.17635786836735,-7.569055644182054],[110.17641390293889,-7.569075248903842],[110.17641031175548,-7.569087619062835],[110.17644054428162,-7.569094118817386],[110.17642686404714,-7.569139702425971],[110.17642480940518,-7.569148176262314],[110.17642174758078,-7.569150035520895],[110.1764200419179,-7.569153253161848],[110.17640752720602,-7.569186970346538],[110.17640817254399,-7.569190335337901],[110.17642229382233,-7.569198934709119],[110.17642021069615,-7.569207611095757],[110.17641211216095,-7.569234615412027],[110.17640052952437,-7.5692638924416125],[110.17640335551992,-7.569264982256489],[110.17639810039789,-7.569283419255852],[110.17639462185701,-7.569282762359726],[110.17638278142678,-7.569318918398464],[110.17635041417502,-7.569307200260505],[110.17635814001564,-7.5692931745714676],[110.17634460734472,-7.569289174701404],[110.17630533825239,-7.569276649382154],[110.17626515491077,-7.5692649185250005],[110.17627189011812,-7.5692355443560695],[110.17624098420174,-7.56922565241005],[110.17626952627995,-7.569138048391045],[110.17629942798365,-7.569050447842426],[110.17632184181025,-7.569058289553905],[110.17632748017904,-7.569041853995724],[110.17635940877133,-7.569049712780369],[110.17635786836735,-7.569055644182054]]]}},{"type":"Feature","properties":{"NAMOBJ":"Kerban","FCODE":"BA03070040","METADATA":"TASWIL1000020230928_DATA_BATAS_DESAKELURAHAN","SRS_ID":"SRGI 2013","KDCPUM":"33.08.11","KDEPUM":"33.08.11.2002","KDPKAB":"33.08","KDPPUM":"33","WADMKC":"Tempuran","WADMKD":"Sumberarum","WADMKK":"Magelang","WADMPR":"Jawa Tengah","DUSUN":"Kerban","Toponimi":"Dusun Kerban","Shape_Leng":3646.39056914,"Shape_Le_1":71.2866369675,"Shape_Area":216.215793817,"KETERANGAN":"2","KET_DETAIL":"Rumah","Id":"46","rumah_rt":null},"geometry":{"type":"Polygon","coordinates":[[[110.17604334714099,-7.569328703750498],[110.1761360665638,-7.569357024713006],[110.17614408850093,-7.569338389439206],[110.17617329647925,-7.569347430682948],[110.17617327974274,-7.569356247550301],[110.17617565466836,-7.56935811708276],[110.17616844047735,-7.569399134407947],[110.17612836162424,-7.569388207571927],[110.17611895518085,-7.569420414706848],[110.1761015674444,-7.569488996812987],[110.17605990246305,-7.569479910307784],[110.17605026167286,-7.5695060649739085],[110.17599535064308,-7.569489156908803],[110.17600370642954,-7.5694617840611444],[110.17600043961401,-7.569459417185059],[110.17600062205904,-7.569458329437145],[110.1760048950107,-7.56944494302899],[110.17600848615069,-7.569433081194368],[110.1760125912106,-7.5694188460638046],[110.17602267070087,-7.569390212007059],[110.17604334714099,-7.569328703750498]]]}},{"type":"Feature","properties":{"NAMOBJ":"Kerban","FCODE":"BA03070040","METADATA":"TASWIL1000020230928_DATA_BATAS_DESAKELURAHAN","SRS_ID":"SRGI 2013","KDCPUM":"33.08.11","KDEPUM":"33.08.11.2002","KDPKAB":"33.08","KDPPUM":"33","WADMKC":"Tempuran","WADMKD":"Sumberarum","WADMKK":"Magelang","WADMPR":"Jawa Tengah","DUSUN":"Kerban","Toponimi":"Dusun Kerban","Shape_Leng":3646.39056914,"Shape_Le_1":57.5977158522,"Shape_Area":171.273553257,"KETERANGAN":"2","KET_DETAIL":"Rumah","Id":"47","rumah_rt":null},"geometry":{"type":"Polygon","coordinates":[[[110.17585213315378,-7.56925981681608],[110.17595024332864,-7.569285146934141],[110.17594232880985,-7.569311174744836],[110.17594434465354,-7.569312637486781],[110.17592121699764,-7.5693976495155475],[110.17589726693734,-7.569393534964974],[110.17589021832954,-7.569410132827381],[110.17586208273032,-7.5694031807760105],[110.17586022269766,-7.569408927960615],[110.17581724030151,-7.56939909003083],[110.1758201502872,-7.569391272661743],[110.17581850307695,-7.569390914085282],[110.17582440688028,-7.5693721834609375],[110.17582212515639,-7.569370876691231],[110.17584502127303,-7.569282265294657],[110.17583828304048,-7.569281059622795],[110.1758290451062,-7.5692805409988315],[110.17583037142639,-7.569277075710862],[110.17583452362675,-7.569262847912029],[110.17584125129059,-7.569264028573801],[110.17585038127305,-7.5692658907235355],[110.17585213315378,-7.56925981681608]]]}},{"type":"Feature","properties":{"NAMOBJ":"Kerban","FCODE":"BA03070040","METADATA":"TASWIL1000020230928_DATA_BATAS_DESAKELURAHAN","SRS_ID":"SRGI 2013","KDCPUM":"33.08.11","KDEPUM":"33.08.11.2002","KDPKAB":"33.08","KDPPUM":"33","WADMKC":"Tempuran","WADMKD":"Sumberarum","WADMKK":"Magelang","WADMPR":"Jawa Tengah","DUSUN":"Kerban","Toponimi":"Dusun Kerban","Shape_Leng":3646.39056914,"Shape_Le_1":56.6357431485,"Shape_Area":170.707294262,"KETERANGAN":"2","KET_DETAIL":"Rumah","Id":"48","rumah_rt":"RT03"},"geometry":{"type":"Polygon","coordinates":[[[110.17583037142639,-7.569277075710862],[110.17578564537476,-7.569393932997026],[110.17574837985654,-7.569379418465901],[110.17568046069047,-7.569354765875449],[110.175677852241,-7.56935367556299],[110.17570342850776,-7.569285686930179],[110.1757357048086,-7.569296599952533],[110.17573744700431,-7.569295626405719],[110.1757570044436,-7.569247267229836],[110.17576388469021,-7.569231762933856],[110.17583538579734,-7.569259893687776],[110.17583037142639,-7.569277075710862]]]}},{"type":"Feature","properties":{"NAMOBJ":"Kerban","FCODE":"BA03070040","METADATA":"TASWIL1000020230928_DATA_BATAS_DESAKELURAHAN","SRS_ID":"SRGI 2013","KDCPUM":"33.08.11","KDEPUM":"33.08.11.2002","KDPKAB":"33.08","KDPPUM":"33","WADMKC":"Tempuran","WADMKD":"Sumberarum","WADMKK":"Magelang","WADMPR":"Jawa Tengah","DUSUN":"Kerban","Toponimi":"Dusun Kerban","Shape_Leng":3646.39056914,"Shape_Le_1":57.8494775435,"Shape_Area":195.905785365,"KETERANGAN":"2","KET_DETAIL":"Rumah","Id":"49","rumah_rt":null},"geometry":{"type":"Polygon","coordinates":[[[110.17570342850776,-7.569285686930179],[110.175677852241,-7.56935367556299],[110.17565788546335,-7.569346680022821],[110.17565329745017,-7.5693448664948075],[110.17565155922097,-7.569343751598035],[110.17553620778267,-7.56929841239549],[110.1755541314434,-7.569255041980943],[110.17557745276507,-7.5691964692792615],[110.17565547398463,-7.569226891689639],[110.17570231487348,-7.569242063429272],[110.17568901791472,-7.569280804081948],[110.17570342850776,-7.569285686930179]]]}},{"type":"Feature","properties":{"NAMOBJ":"Kerban","FCODE":"BA03070040","METADATA":"TASWIL1000020230928_DATA_BATAS_DESAKELURAHAN","SRS_ID":"SRGI 2013","KDCPUM":"33.08.11","KDEPUM":"33.08.11.2002","KDPKAB":"33.08","KDPPUM":"33","WADMKC":"Tempuran","WADMKD":"Sumberarum","WADMKK":"Magelang","WADMPR":"Jawa Tengah","DUSUN":"Kerban","Toponimi":"Dusun Kerban","Shape_Leng":3646.39056914,"Shape_Le_1":44.875105198,"Shape_Area":125.7107631,"KETERANGAN":"2","KET_DETAIL":"Rumah","Id":"50","rumah_rt":null},"geometry":{"type":"Polygon","coordinates":[[[110.1755947926204,-7.569462340406804],[110.17557371852237,-7.569498383075411],[110.17549275809284,-7.569452282729455],[110.17548983815534,-7.569451206268532],[110.17549363252282,-7.569438548753276],[110.17550011170485,-7.56942686387528],[110.17552487622048,-7.569360107435521],[110.17552635978808,-7.569356072209236],[110.17553817678599,-7.569363028305924],[110.17561932179045,-7.569407813026389],[110.1755947926204,-7.569462340406804]]]}},{"type":"Feature","properties":{"NAMOBJ":"Kerban","FCODE":"BA03070040","METADATA":"TASWIL1000020230928_DATA_BATAS_DESAKELURAHAN","SRS_ID":"SRGI 2013","KDCPUM":"33.08.11","KDEPUM":"33.08.11.2002","KDPKAB":"33.08","KDPPUM":"33","WADMKC":"Tempuran","WADMKD":"Sumberarum","WADMKK":"Magelang","WADMPR":"Jawa Tengah","DUSUN":"Kerban","Toponimi":"Dusun Kerban","Shape_Leng":3646.39056914,"Shape_Le_1":59.8083947411,"Shape_Area":169.36397016,"KETERANGAN":"2","KET_DETAIL":"Rumah","Id":"51","rumah_rt":null},"geometry":{"type":"Polygon","coordinates":[[[110.17549363295575,-7.5694385473090335],[110.17547795685378,-7.569490840735786],[110.1754344281021,-7.569477434970894],[110.17543954389163,-7.569467949389602],[110.17541000187346,-7.56945534742164],[110.17543542270964,-7.569400969171591],[110.17542642540549,-7.569396713744539],[110.1754704886389,-7.569287720999846],[110.17553873056664,-7.569312150833133],[110.1755261005608,-7.569341629360427],[110.17552932667944,-7.569342991282449],[110.17553017084714,-7.569345706327409],[110.17552487622048,-7.569360107435521],[110.17550011170485,-7.56942686387528],[110.17549363295575,-7.5694385473090335]]]}},{"type":"Feature","properties":{"NAMOBJ":"Kerban","FCODE":"BA03070040","METADATA":"TASWIL1000020230928_DATA_BATAS_DESAKELURAHAN","SRS_ID":"SRGI 2013","KDCPUM":"33.08.11","KDEPUM":"33.08.11.2002","KDPKAB":"33.08","KDPPUM":"33","WADMKC":"Tempuran","WADMKD":"Sumberarum","WADMKK":"Magelang","WADMPR":"Jawa Tengah","DUSUN":"Kerban","Toponimi":"Dusun Kerban","Shape_Leng":3646.39056914,"Shape_Le_1":58.1506351039,"Shape_Area":174.93053688,"KETERANGAN":"2","KET_DETAIL":"Rumah","Id":"52","rumah_rt":null},"geometry":{"type":"Polygon","coordinates":[[[110.17548402983005,-7.5692107199715775],[110.17543711325631,-7.569310771927616],[110.17544639749171,-7.569314763788112],[110.17543039143258,-7.569355001078407],[110.17534922355331,-7.569316699151957],[110.17535882471599,-7.569293669289038],[110.17533945647736,-7.569287274131795],[110.17537303742004,-7.569211529353483],[110.17538764219195,-7.569217691184586],[110.17540524074178,-7.5691779860305735],[110.17548402983005,-7.5692107199715775]]]}},{"type":"Feature","properties":{"NAMOBJ":"Kerban","FCODE":"BA03070040","METADATA":"TASWIL1000020230928_DATA_BATAS_DESAKELURAHAN","SRS_ID":"SRGI 2013","KDCPUM":"33.08.11","KDEPUM":"33.08.11.2002","KDPKAB":"33.08","KDPPUM":"33","WADMKC":"Tempuran","WADMKD":"Sumberarum","WADMKK":"Magelang","WADMPR":"Jawa Tengah","DUSUN":"Kerban","Toponimi":"Dusun Kerban","Shape_Leng":3646.39056914,"Shape_Le_1":75.2588073896,"Shape_Area":290.005853538,"KETERANGAN":"2","KET_DETAIL":"Rumah","Id":"53","rumah_rt":null},"geometry":{"type":"Polygon","coordinates":[[[110.17613722058722,-7.569017926318802],[110.17613051806633,-7.569057757929793],[110.17616533672324,-7.569064944733219],[110.17615811771125,-7.569108505455957],[110.17616440146998,-7.569110213237991],[110.17614674215106,-7.569193428463934],[110.17609442540626,-7.569184513582106],[110.17609237403569,-7.569190783197623],[110.17607199323167,-7.569186336223293],[110.17606706299681,-7.569187852766321],[110.17606407444123,-7.5691995457257795],[110.17602219709687,-7.569191837222737],[110.17602511259801,-7.569177769885684],[110.17599980676938,-7.569171618597055],[110.17600821336333,-7.569129415943688],[110.17601610448531,-7.569089925763984],[110.17602279355677,-7.569056706804654],[110.17602890845615,-7.569058075088241],[110.17603046141855,-7.569045531037817],[110.17604373058573,-7.569047466490565],[110.17604821700719,-7.568999445596601],[110.17605806834865,-7.569003874517663],[110.17613722058722,-7.569017926318802]]]}},{"type":"Feature","properties":{"NAMOBJ":"Kerban","FCODE":"BA03070040","METADATA":"TASWIL1000020230928_DATA_BATAS_DESAKELURAHAN","SRS_ID":"SRGI 2013","KDCPUM":"33.08.11","KDEPUM":"33.08.11.2002","KDPKAB":"33.08","KDPPUM":"33","WADMKC":"Tempuran","WADMKD":"Sumberarum","WADMKK":"Magelang","WADMPR":"Jawa Tengah","DUSUN":"Kerban","Toponimi":"Dusun Kerban","Shape_Leng":3646.39056914,"Shape_Le_1":67.3266511809,"Shape_Area":199.433369777,"KETERANGAN":"2","KET_DETAIL":"Rumah","Id":"54","rumah_rt":null},"geometry":{"type":"Polygon","coordinates":[[[110.17604373059076,-7.569047466456136],[110.17603046141855,-7.569045531037817],[110.17602890845615,-7.569058075088241],[110.17602279355677,-7.569056706804654],[110.17601610448531,-7.569089925763984],[110.17600821336333,-7.569129415943688],[110.17599980676938,-7.569171618597055],[110.17599724147945,-7.569180260603426],[110.17600658378772,-7.569182312446368],[110.17600367407994,-7.569193328069137],[110.1759479621022,-7.569182371665208],[110.17594797304857,-7.569176606512371],[110.1759229588193,-7.569171768505001],[110.17592343695563,-7.569162725155497],[110.17593682683702,-7.569097751621267],[110.17594122210741,-7.56907388701105],[110.17594252839083,-7.569073347695473],[110.17595783091906,-7.568996393378055],[110.175960550258,-7.5689958901996075],[110.17596225109611,-7.568995215052863],[110.17596653466578,-7.568976233533717],[110.17604041877156,-7.568991463594971],[110.17604108442892,-7.568998925027822],[110.17604821976192,-7.568999446835065],[110.17604373059076,-7.569047466456136]]]}},{"type":"Feature","properties":{"NAMOBJ":"Kerban","FCODE":"BA03070040","METADATA":"TASWIL1000020230928_DATA_BATAS_DESAKELURAHAN","SRS_ID":"SRGI 2013","KDCPUM":"33.08.11","KDEPUM":"33.08.11.2002","KDPKAB":"33.08","KDPPUM":"33","WADMKC":"Tempuran","WADMKD":"Sumberarum","WADMKK":"Magelang","WADMPR":"Jawa Tengah","DUSUN":"Kerban","Toponimi":"Dusun Kerban","Shape_Leng":3646.39056914,"Shape_Le_1":58.72441144,"Shape_Area":176.453229378,"KETERANGAN":"2","KET_DETAIL":"Rumah","Id":"55","rumah_rt":null},"geometry":{"type":"Polygon","coordinates":[[[110.17592343695563,-7.569162725155497],[110.17592296154484,-7.569171768666716],[110.17590133831192,-7.569169012106878],[110.17589218181547,-7.5692078684960205],[110.17586467024525,-7.569200017123937],[110.1758633012092,-7.569205439623245],[110.17582277879124,-7.569195138725769],[110.1758262734419,-7.569184004822896],[110.1758252818678,-7.569183495533138],[110.17584890891877,-7.569089440530093],[110.17584670156738,-7.569088587951643],[110.17584177879634,-7.569085696961561],[110.17584212965407,-7.569079932451549],[110.17585870870631,-7.569029099303316],[110.1759186598674,-7.569043962956433],[110.1759385334451,-7.569047730616058],[110.17594736263857,-7.569049049064441],[110.17594252839083,-7.569073347695473],[110.17594122210741,-7.56907388701105],[110.17593682683702,-7.569097751621267],[110.17592343695563,-7.569162725155497]]]}},{"type":"Feature","properties":{"NAMOBJ":"Kerban","FCODE":"BA03070040","METADATA":"TASWIL1000020230928_DATA_BATAS_DESAKELURAHAN","SRS_ID":"SRGI 2013","KDCPUM":"33.08.11","KDEPUM":"33.08.11.2002","KDPKAB":"33.08","KDPPUM":"33","WADMKC":"Tempuran","WADMKD":"Sumberarum","WADMKK":"Magelang","WADMPR":"Jawa Tengah","DUSUN":"Kerban","Toponimi":"Dusun Kerban","Shape_Leng":3646.39056914,"Shape_Le_1":71.0740816034,"Shape_Area":272.486426465,"KETERANGAN":"2","KET_DETAIL":"Rumah","Id":"56","rumah_rt":null},"geometry":{"type":"Polygon","coordinates":[[[110.17575905773657,-7.568981775567374],[110.17573909638,-7.569056685978021],[110.17574518686799,-7.569056588957185],[110.17574135089976,-7.569072316085899],[110.17573460972132,-7.569071869186467],[110.17572039034734,-7.569122089933277],[110.17571524842609,-7.569145817455441],[110.17570709593808,-7.5691439369948315],[110.17570181227458,-7.569169274227968],[110.17559095045796,-7.569137011024663],[110.17559911156921,-7.56910884958554],[110.17560509367199,-7.569110458216231],[110.17560740744267,-7.56910157333587],[110.17560734068185,-7.569099975893017],[110.17564180991464,-7.568980452182322],[110.17564292590816,-7.568978926621512],[110.17565155551327,-7.568953426578442],[110.17575905773657,-7.568981775567374]]]}},{"type":"Feature","properties":{"NAMOBJ":"Kerban","FCODE":"BA03070040","METADATA":"TASWIL1000020230928_DATA_BATAS_DESAKELURAHAN","SRS_ID":"SRGI 2013","KDCPUM":"33.08.11","KDEPUM":"33.08.11.2002","KDPKAB":"33.08","KDPPUM":"33","WADMKC":"Tempuran","WADMKD":"Sumberarum","WADMKK":"Magelang","WADMPR":"Jawa Tengah","DUSUN":"Kerban","Toponimi":"Dusun Kerban","Shape_Leng":3646.39056914,"Shape_Le_1":76.8426269824,"Shape_Area":244.925051241,"KETERANGAN":"2","KET_DETAIL":"Rumah","Id":"57","rumah_rt":null},"geometry":{"type":"Polygon","coordinates":[[[110.17546762280818,-7.568851301769708],[110.175526517132,-7.568875177548814],[110.17553285504825,-7.568859346616908],[110.17553513730537,-7.568859893623294],[110.17556088952696,-7.568870576334757],[110.17556099561963,-7.568871986624024],[110.17558255878403,-7.56888290471711],[110.17558409684338,-7.5688796442523],[110.17559494533003,-7.568883762077039],[110.17559445383047,-7.568886261137807],[110.17561310182813,-7.568891977462568],[110.17559676363814,-7.568934340573847],[110.17558998556737,-7.568953317369818],[110.17558573100006,-7.568960362479524],[110.17553400789161,-7.56893910518129],[110.17552844258596,-7.568949511582485],[110.17552854146223,-7.568954720685601],[110.17554625117575,-7.5689628918138565],[110.17553019019776,-7.569002468734495],[110.17552855644348,-7.569004093713244],[110.17551127946558,-7.568996682263695],[110.17550921083436,-7.568998196977327],[110.17550265730968,-7.569013484811042],[110.1755005898321,-7.569013915051999],[110.17549283858644,-7.569029851847551],[110.17546914868235,-7.569021451424417],[110.17546675241672,-7.569023183498416],[110.17544914962156,-7.569015987601451],[110.17543122331526,-7.569006839218176],[110.17543843429368,-7.568989490408915],[110.17543604709942,-7.5689864477356465],[110.17541703151636,-7.568978598841985],[110.17541334620734,-7.568976751235668],[110.17543185518802,-7.568933316822321],[110.17544143250497,-7.568910902863474],[110.1754470243157,-7.568897996523432],[110.17544619187169,-7.568896744953608],[110.1754481480773,-7.568892859378348],[110.17545037582684,-7.568892516271069],[110.17545746198427,-7.568876457017339],[110.17546762280818,-7.568851301769708]]]}},{"type":"Feature","properties":{"NAMOBJ":"Kerban","FCODE":"BA03070040","METADATA":"TASWIL1000020230928_DATA_BATAS_DESAKELURAHAN","SRS_ID":"SRGI 2013","KDCPUM":"33.08.11","KDEPUM":"33.08.11.2002","KDPKAB":"33.08","KDPPUM":"33","WADMKC":"Tempuran","WADMKD":"Sumberarum","WADMKK":"Magelang","WADMPR":"Jawa Tengah","DUSUN":"Kerban","Toponimi":"Dusun Kerban","Shape_Leng":3646.39056914,"Shape_Le_1":76.646137612,"Shape_Area":299.46439349,"KETERANGAN":"2","KET_DETAIL":"Rumah","Id":"59","rumah_rt":null},"geometry":{"type":"Polygon","coordinates":[[[110.17530300788351,-7.568908102106633],[110.17528397809257,-7.568949405631753],[110.17528008126943,-7.568957864068576],[110.17526066991063,-7.568996006513651],[110.17524793645032,-7.569021509837875],[110.17522655662394,-7.569010792613678],[110.17521597038963,-7.569030846670876],[110.17514817266411,-7.5689995761362105],[110.17515952256946,-7.568978328704375],[110.17515626487666,-7.568975935610063],[110.17516729795237,-7.568949696643051],[110.17518608661243,-7.568905241598498],[110.17518033077106,-7.568901432784302],[110.17518327617084,-7.56889644742237],[110.1751751269515,-7.5688928511550975],[110.17518378048159,-7.568875761049087],[110.17518830128748,-7.568877436565089],[110.17518872139314,-7.568876257010141],[110.17518594094237,-7.568874099080121],[110.17518594384724,-7.5688725705099085],[110.17519706034771,-7.568849650246308],[110.1752108782973,-7.56882085324307],[110.17521766888188,-7.568823917816479],[110.17523200204145,-7.568792069158085],[110.17523455348821,-7.568790718166149],[110.17533217133158,-7.5688346463551595],[110.1753333566961,-7.568836683683811],[110.1753173178725,-7.568871749981999],[110.17530946954287,-7.568888689661527],[110.17530300788351,-7.568908102106633]]]}},{"type":"Feature","properties":{"NAMOBJ":"Kerban","FCODE":"BA03070040","METADATA":"TASWIL1000020230928_DATA_BATAS_DESAKELURAHAN","SRS_ID":"SRGI 2013","KDCPUM":"33.08.11","KDEPUM":"33.08.11.2002","KDPKAB":"33.08","KDPPUM":"33","WADMKC":"Tempuran","WADMKD":"Sumberarum","WADMKK":"Magelang","WADMPR":"Jawa Tengah","DUSUN":"Kerban","Toponimi":"Dusun Kerban","Shape_Leng":3646.39056914,"Shape_Le_1":43.3457347685,"Shape_Area":114.667449786,"KETERANGAN":"2","KET_DETAIL":"Rumah","Id":"60","rumah_rt":"RT01"},"geometry":{"type":"Polygon","coordinates":[[[110.1752850970542,-7.568706201249674],[110.1753366067012,-7.568725288315591],[110.17533758803444,-7.568723553565331],[110.17536084374147,-7.568731953172306],[110.17536507542486,-7.5687369530178845],[110.17537735135063,-7.568740943008087],[110.17538266437515,-7.568729960270356],[110.17546755681498,-7.568764370000478],[110.17545953351546,-7.568784191939122],[110.17545509240253,-7.5687963913417615],[110.17544501997888,-7.568821296214732],[110.175428804255,-7.568860261408443],[110.17540791831175,-7.568853100906077],[110.17538741433329,-7.568843366967629],[110.17538992682019,-7.568839621735322],[110.17538846646957,-7.56883871629891],[110.17534376072282,-7.568819684820474],[110.17534859667025,-7.568808848408703],[110.17533407003307,-7.568800916360389],[110.17531373247363,-7.568791376292967],[110.17530621791026,-7.568806852873778],[110.17527666421802,-7.568794622899194],[110.17528256458208,-7.568780093598919],[110.1752618101167,-7.5687714816442995],[110.17526323012073,-7.568768337635724],[110.17525899184034,-7.568766810085812],[110.1752850970542,-7.568706201249674]]]}},{"type":"Feature","properties":{"NAMOBJ":"Kerban","FCODE":"BA03070040","METADATA":"TASWIL1000020230928_DATA_BATAS_DESAKELURAHAN","SRS_ID":"SRGI 2013","KDCPUM":"33.08.11","KDEPUM":"33.08.11.2002","KDPKAB":"33.08","KDPPUM":"33","WADMKC":"Tempuran","WADMKD":"Sumberarum","WADMKK":"Magelang","WADMPR":"Jawa Tengah","DUSUN":"Kerban","Toponimi":"Dusun Kerban","Shape_Leng":3646.39056914,"Shape_Le_1":63.0376036529,"Shape_Area":187.323470286,"KETERANGAN":"2","KET_DETAIL":"Rumah","Id":"62","rumah_rt":null},"geometry":{"type":"Polygon","coordinates":[[[110.17562001451749,-7.568601686842168],[110.17563381596099,-7.568606378265014],[110.1756350204793,-7.568602149372535],[110.17566642911729,-7.568612191545954],[110.17565952497269,-7.568640283483181],[110.17565536290128,-7.568655900552369],[110.17567003513257,-7.568660268911713],[110.17566138632186,-7.568690635941692],[110.17565371137317,-7.568713178323534],[110.1756392761086,-7.568709081756449],[110.17563303125921,-7.568733661928553],[110.17563009320166,-7.568734307599751],[110.17561598579483,-7.5687761666123405],[110.17558468880435,-7.568764605114352],[110.17558709764036,-7.568756254058404],[110.17556774997921,-7.568751442701544],[110.17557531685743,-7.568718035470463],[110.1755383481631,-7.5687080008634195],[110.1755490888083,-7.568671542483971],[110.17554876744126,-7.568668937870321],[110.1755501844765,-7.568666878329747],[110.17555740484161,-7.568644104447277],[110.17556495943337,-7.5686176418115085],[110.17556322074326,-7.568616771124173],[110.1755722275241,-7.568585886974328],[110.17560669667236,-7.568596270033816],[110.17560631937334,-7.568598297170666],[110.17562001451749,-7.568601686842168]]]}},{"type":"Feature","properties":{"NAMOBJ":"Kerban","FCODE":"BA03070040","METADATA":"TASWIL1000020230928_DATA_BATAS_DESAKELURAHAN","SRS_ID":"SRGI 2013","KDCPUM":"33.08.11","KDEPUM":"33.08.11.2002","KDPKAB":"33.08","KDPPUM":"33","WADMKC":"Tempuran","WADMKD":"Sumberarum","WADMKK":"Magelang","WADMPR":"Jawa Tengah","DUSUN":"Kerban","Toponimi":"Dusun Kerban","Shape_Leng":3646.39056914,"Shape_Le_1":79.4665720424,"Shape_Area":304.606165372,"KETERANGAN":"2","KET_DETAIL":"Rumah","Id":"63","rumah_rt":null},"geometry":{"type":"Polygon","coordinates":[[[110.175833436097,-7.568652483038274],[110.1757749995436,-7.56883356573644],[110.1756829209832,-7.568803421348684],[110.17562098609517,-7.568777369081785],[110.1756203359404,-7.568776066301504],[110.17563388320887,-7.568742778917083],[110.17564312014164,-7.5687463772329595],[110.17565371228969,-7.568713175450649],[110.17566138632186,-7.568690635941692],[110.17567003418769,-7.568660271775434],[110.17567583157425,-7.568642701250238],[110.1757244143901,-7.56865700797188],[110.1757214598467,-7.568666334838462],[110.17573721793711,-7.568671681185871],[110.17574247163331,-7.568654003959059],[110.17579366108643,-7.568669400981621],[110.1758008855596,-7.568644457247253],[110.17580436479437,-7.568645222686736],[110.17581610061934,-7.568649368413382],[110.17581882195663,-7.568648289083809],[110.175833436097,-7.568652483038274]]]}},{"type":"Feature","properties":{"NAMOBJ":"Kerban","FCODE":"BA03070040","METADATA":"TASWIL1000020230928_DATA_BATAS_DESAKELURAHAN","SRS_ID":"SRGI 2013","KDCPUM":"33.08.11","KDEPUM":"33.08.11.2002","KDPKAB":"33.08","KDPPUM":"33","WADMKC":"Tempuran","WADMKD":"Sumberarum","WADMKK":"Magelang","WADMPR":"Jawa Tengah","DUSUN":"Kerban","Toponimi":"Dusun Kerban","Shape_Leng":3646.39056914,"Shape_Le_1":38.8697181328,"Shape_Area":89.4626635103,"KETERANGAN":"2","KET_DETAIL":"Rumah","Id":"64","rumah_rt":null},"geometry":{"type":"Polygon","coordinates":[[[110.17583343589999,-7.56865248500068],[110.17581882195663,-7.568648289083809],[110.17581610061934,-7.568649368413382],[110.17580436479437,-7.568645222686736],[110.1758008855596,-7.568644457247253],[110.17579935937457,-7.56864973520215],[110.1757577761653,-7.568639006725377],[110.17577680529378,-7.568544730474918],[110.17583757975717,-7.568557031480047],[110.17583543447037,-7.5685678893582615],[110.17585321251356,-7.568573486444181],[110.17583343589999,-7.56865248500068]]]}},{"type":"Feature","properties":{"NAMOBJ":"Kerban","FCODE":"BA03070040","METADATA":"TASWIL1000020230928_DATA_BATAS_DESAKELURAHAN","SRS_ID":"SRGI 2013","KDCPUM":"33.08.11","KDEPUM":"33.08.11.2002","KDPKAB":"33.08","KDPPUM":"33","WADMKC":"Tempuran","WADMKD":"Sumberarum","WADMKK":"Magelang","WADMPR":"Jawa Tengah","DUSUN":"Kerban","Toponimi":"Dusun Kerban","Shape_Leng":3646.39056914,"Shape_Le_1":56.7249046768,"Shape_Area":150.552375225,"KETERANGAN":"2","KET_DETAIL":"Rumah","Id":"65","rumah_rt":null},"geometry":{"type":"Polygon","coordinates":[[[110.17601038882866,-7.568555981546433],[110.17600150033547,-7.5685985016691255],[110.17605095465284,-7.568610856914078],[110.17605946775724,-7.5686126578725075],[110.17603381647028,-7.568710166895603],[110.17603295563994,-7.568715682594157],[110.17602455188214,-7.568713675613721],[110.17593756293091,-7.568691697100103],[110.17595184811498,-7.568640432795481],[110.17596410861896,-7.56858974975971],[110.17595378232642,-7.568587017694933],[110.1759586056677,-7.568566843278122],[110.17596175891718,-7.568566957776945],[110.17596647369274,-7.568546674616793],[110.17601038882866,-7.568555981546433]]]}},{"type":"Feature","properties":{"NAMOBJ":"Kerban","FCODE":"BA03070040","METADATA":"TASWIL1000020230928_DATA_BATAS_DESAKELURAHAN","SRS_ID":"SRGI 2013","KDCPUM":"33.08.11","KDEPUM":"33.08.11.2002","KDPKAB":"33.08","KDPPUM":"33","WADMKC":"Tempuran","WADMKD":"Sumberarum","WADMKK":"Magelang","WADMPR":"Jawa Tengah","DUSUN":"Kerban","Toponimi":"Dusun Kerban","Shape_Leng":3646.39056914,"Shape_Le_1":60.413540207,"Shape_Area":169.562766076,"KETERANGAN":"2","KET_DETAIL":"Rumah","Id":"66","rumah_rt":null},"geometry":{"type":"Polygon","coordinates":[[[110.17613664976722,-7.5686023578670305],[110.1761292924808,-7.568629472117008],[110.17614916288389,-7.568634426440806],[110.17611864966933,-7.568754329430865],[110.17611723667449,-7.568753784070479],[110.1761120991779,-7.568767555061332],[110.17607927533632,-7.568758595622327],[110.17608310819982,-7.568744495647674],[110.17606451614921,-7.568739388165667],[110.17605972999402,-7.568754299468304],[110.17602558770349,-7.568748469757427],[110.17603175281089,-7.568723388343155],[110.17603381647028,-7.568710166895603],[110.17606216227111,-7.5686024153303775],[110.17609500740838,-7.568609570197985],[110.17609928678269,-7.5685927928930825],[110.17613664976722,-7.5686023578670305]]]}},{"type":"Feature","properties":{"NAMOBJ":"Kerban","FCODE":"BA03070040","METADATA":"TASWIL1000020230928_DATA_BATAS_DESAKELURAHAN","SRS_ID":"SRGI 2013","KDCPUM":"33.08.11","KDEPUM":"33.08.11.2002","KDPKAB":"33.08","KDPPUM":"33","WADMKC":"Tempuran","WADMKD":"Sumberarum","WADMKK":"Magelang","WADMPR":"Jawa Tengah","DUSUN":"Kerban","Toponimi":"Dusun Kerban","Shape_Leng":3646.39056914,"Shape_Le_1":49.0912897432,"Shape_Area":109.12172667,"KETERANGAN":"2","KET_DETAIL":"Rumah","Id":"67","rumah_rt":null},"geometry":{"type":"Polygon","coordinates":[[[110.17610877519012,-7.568785758732456],[110.17610517338062,-7.568803723999367],[110.1760869835236,-7.568879926670168],[110.17608437392163,-7.568879921737573],[110.1760797699777,-7.5688991197289415],[110.1760707462544,-7.568897800217003],[110.17601542559966,-7.568881744186263],[110.17601981324003,-7.568861894559329],[110.17602080590063,-7.56885419205083],[110.17602420273268,-7.5688410689987835],[110.17601289819531,-7.568838442719015],[110.17601925722833,-7.568811001876048],[110.1760217776303,-7.568800697344799],[110.17602245085735,-7.56878984753658],[110.1760123380648,-7.568789719882325],[110.17601388817712,-7.568774856732363],[110.1760311750443,-7.568777060168433],[110.17603027788938,-7.568791273325156],[110.17603756044923,-7.568793022793761],[110.17604515770799,-7.568768527243338],[110.17610877519012,-7.568785758732456]]]}},{"type":"Feature","properties":{"NAMOBJ":"Kerban","FCODE":"BA03070040","METADATA":"TASWIL1000020230928_DATA_BATAS_DESAKELURAHAN","SRS_ID":"SRGI 2013","KDCPUM":"33.08.11","KDEPUM":"33.08.11.2002","KDPKAB":"33.08","KDPPUM":"33","WADMKC":"Tempuran","WADMKD":"Sumberarum","WADMKK":"Magelang","WADMPR":"Jawa Tengah","DUSUN":"Kerban","Toponimi":"Dusun Kerban","Shape_Leng":3646.39056914,"Shape_Le_1":80.5333567636,"Shape_Area":242.682433167,"KETERANGAN":"2","KET_DETAIL":"Rumah","Id":"68","rumah_rt":null},"geometry":{"type":"Polygon","coordinates":[[[110.17611864672631,-7.568754328748547],[110.1761373724397,-7.568680757508749],[110.1761461895953,-7.568682763622841],[110.1761467037027,-7.568676470298074],[110.17616963426123,-7.568680922085442],[110.1761737422007,-7.56866516199881],[110.17622486160965,-7.568678313913548],[110.17622126340434,-7.568693905825802],[110.1762411318223,-7.568700386004744],[110.1762402735504,-7.5687046227897055],[110.17625402900298,-7.568708718052797],[110.17627285433481,-7.568637712825765],[110.17631565015208,-7.568649831457473],[110.17629750142751,-7.568722533871019],[110.1762891778917,-7.568720992279709],[110.17628284098502,-7.568747769280024],[110.17628589797997,-7.5687484534189755],[110.17626928546534,-7.5688174286455165],[110.1761563452601,-7.568789239548183],[110.17616250881075,-7.568764497309507],[110.17611864672631,-7.568754328748547]]]}},{"type":"Feature","properties":{"NAMOBJ":"Kerban","FCODE":"BA03070040","METADATA":"TASWIL1000020230928_DATA_BATAS_DESAKELURAHAN","SRS_ID":"SRGI 2013","KDCPUM":"33.08.11","KDEPUM":"33.08.11.2002","KDPKAB":"33.08","KDPPUM":"33","WADMKC":"Tempuran","WADMKD":"Sumberarum","WADMKK":"Magelang","WADMPR":"Jawa Tengah","DUSUN":"Kerban","Toponimi":"Dusun Kerban","Shape_Leng":3646.39056914,"Shape_Le_1":45.8484475885,"Shape_Area":84.1618137278,"KETERANGAN":"2","KET_DETAIL":"Rumah","Id":"69","rumah_rt":null},"geometry":{"type":"Polygon","coordinates":[[[110.17489084400788,-7.568060493925259],[110.17488809083345,-7.568078799965183],[110.17487467210496,-7.568076400300148],[110.17486490186921,-7.568121143748195],[110.17483687002284,-7.568119055603082],[110.17483202965757,-7.568117864227983],[110.17484560087674,-7.568051273016131],[110.1748504314168,-7.5680239957275095],[110.17486178698708,-7.5679721026315026],[110.17486450567525,-7.567971938639077],[110.17486708000193,-7.567958549028241],[110.17490869491063,-7.5679657487844665],[110.1749031817963,-7.568005921800331],[110.17489701432288,-7.568032699094099],[110.17489084400788,-7.568060493925259]]]}},{"type":"Feature","properties":{"NAMOBJ":"Kerban","FCODE":"BA03070040","METADATA":"TASWIL1000020230928_DATA_BATAS_DESAKELURAHAN","SRS_ID":"SRGI 2013","KDCPUM":"33.08.11","KDEPUM":"33.08.11.2002","KDPKAB":"33.08","KDPPUM":"33","WADMKC":"Tempuran","WADMKD":"Sumberarum","WADMKK":"Magelang","WADMPR":"Jawa Tengah","DUSUN":"Kerban","Toponimi":"Dusun Kerban","Shape_Leng":3646.39056914,"Shape_Le_1":51.3740510212,"Shape_Area":132.439702999,"KETERANGAN":"2","KET_DETAIL":"Rumah","Id":"70","rumah_rt":null},"geometry":{"type":"Polygon","coordinates":[[[110.17498699715304,-7.567977412849303],[110.17498206150113,-7.5679994312793655],[110.17497964119198,-7.568014292775944],[110.17498083614701,-7.568014620651135],[110.17497655361366,-7.568036857392853],[110.17495783034228,-7.568128948943257],[110.17488598659799,-7.568112875079132],[110.17489198779428,-7.5680844024706655],[110.17489301386318,-7.568079712892024],[110.17488808786288,-7.568078799414316],[110.17489084400788,-7.568060493925259],[110.17489701432288,-7.568032699094099],[110.1749031817963,-7.568005921800331],[110.17490607075246,-7.5679848705274075],[110.17491344731944,-7.567985829235713],[110.17494934074479,-7.567993510115886],[110.17494968190762,-7.567985697840412],[110.17495460407383,-7.567970298389393],[110.17498699715304,-7.567977412849303]]]}},{"type":"Feature","properties":{"NAMOBJ":"Kerban","FCODE":"BA03070040","METADATA":"TASWIL1000020230928_DATA_BATAS_DESAKELURAHAN","SRS_ID":"SRGI 2013","KDCPUM":"33.08.11","KDEPUM":"33.08.11.2002","KDPKAB":"33.08","KDPPUM":"33","WADMKC":"Tempuran","WADMKD":"Sumberarum","WADMKK":"Magelang","WADMPR":"Jawa Tengah","DUSUN":"Kerban","Toponimi":"Dusun Kerban","Shape_Leng":3646.39056914,"Shape_Le_1":58.9502244384,"Shape_Area":194.687496025,"KETERANGAN":"2","KET_DETAIL":"Rumah","Id":"71","rumah_rt":null},"geometry":{"type":"Polygon","coordinates":[[[110.17512256233996,-7.568084329598105],[110.17515669714994,-7.568094058583804],[110.17515581921566,-7.568108638088123],[110.17515316688336,-7.568124444331535],[110.17517277174632,-7.568129355683217],[110.17517633299072,-7.568132753326984],[110.17517407983388,-7.56815648630769],[110.17518223235993,-7.568157858456963],[110.17518919205324,-7.5681616017117515],[110.17517976659038,-7.568203801512428],[110.17517653339489,-7.568206168757537],[110.17516681819036,-7.568205271218159],[110.1751625706832,-7.5682052631813646],[110.17516043988267,-7.568208967528663],[110.17515695801086,-7.568224856319261],[110.17515664753189,-7.568227946638221],[110.17508290031034,-7.5682118716267865],[110.17505290194862,-7.568203350710816],[110.17503355625603,-7.5681979975519775],[110.17504002060161,-7.568172401167525],[110.17504415155013,-7.568173167845869],[110.1750449195462,-7.568169696990265],[110.17504307167724,-7.568169042265822],[110.17506308660235,-7.568087438822101],[110.1750780331838,-7.568090518830182],[110.1750826473433,-7.568076454715513],[110.17512256233996,-7.568084329598105]]]}},{"type":"Feature","properties":{"NAMOBJ":"Kerban","FCODE":"BA03070040","METADATA":"TASWIL1000020230928_DATA_BATAS_DESAKELURAHAN","SRS_ID":"SRGI 2013","KDCPUM":"33.08.11","KDEPUM":"33.08.11.2002","KDPKAB":"33.08","KDPPUM":"33","WADMKC":"Tempuran","WADMKD":"Sumberarum","WADMKK":"Magelang","WADMPR":"Jawa Tengah","DUSUN":"Kerban","Toponimi":"Dusun Kerban","Shape_Leng":3646.39056914,"Shape_Le_1":58.0604370915,"Shape_Area":170.462882485,"KETERANGAN":"2","KET_DETAIL":"Gedung","Id":"73","rumah_rt":null},"geometry":{"type":"MultiPolygon","coordinates":[[[[110.17505729319376,-7.567908572046029],[110.17505380937806,-7.567920949421347],[110.17505059365224,-7.56792032557454],[110.17504423174023,-7.567947352140861],[110.17504125118228,-7.567962382065327],[110.17503096144014,-7.567960469781528],[110.1749462955661,-7.567939878480744],[110.17493236871852,-7.567936800398713],[110.17492963009282,-7.567931741709075],[110.17492968358975,-7.567927030477897],[110.17492790385501,-7.567926004839293],[110.17492661340597,-7.567925090927634],[110.17492577343191,-7.5679201725702505],[110.17492883847581,-7.567916617422945],[110.17493665392752,-7.567916971395302],[110.17494520365987,-7.56788867274672],[110.17495013098188,-7.567888682071878],[110.17495686354859,-7.567833082697193],[110.17496525092704,-7.567800544430307],[110.17505458329451,-7.567823264043002],[110.17504823447162,-7.567855805265287],[110.1750347184353,-7.567904609994833],[110.17504762684314,-7.567907008688854],[110.17505729319376,-7.567908572046029]]],[[[110.17494611808324,-7.567765241538024],[110.1749361732679,-7.567812188883651],[110.1749256420311,-7.567810473047671],[110.17492207015648,-7.567812670511815],[110.17490219890364,-7.5678077161357615],[110.17489861381675,-7.567816864523879],[110.17487109945633,-7.567810538956744],[110.17487502542065,-7.567800881990358],[110.17486912966346,-7.567799074903003],[110.17489063925501,-7.56772139304569],[110.17491594368923,-7.56772822274785],[110.17494328731634,-7.567734717126804],[110.17493695395427,-7.567759120745662],[110.17494000384966,-7.567763534966184],[110.17494611808324,-7.567765241538024]]]]}},{"type":"Feature","properties":{"NAMOBJ":"Kerban","FCODE":"BA03070040","METADATA":"TASWIL1000020230928_DATA_BATAS_DESAKELURAHAN","SRS_ID":"SRGI 2013","KDCPUM":"33.08.11","KDEPUM":"33.08.11.2002","KDPKAB":"33.08","KDPPUM":"33","WADMKC":"Tempuran","WADMKD":"Sumberarum","WADMKK":"Magelang","WADMPR":"Jawa Tengah","DUSUN":"Kerban","Toponimi":"Dusun Kerban","Shape_Leng":3646.39056914,"Shape_Le_1":87.0553483172,"Shape_Area":259.526079174,"KETERANGAN":"2","KET_DETAIL":"Rumah","Id":"74","rumah_rt":null},"geometry":{"type":"Polygon","coordinates":[[[110.17520487277886,-7.567860368089108],[110.1751790806865,-7.567955138022146],[110.1751575618186,-7.567950035822179],[110.17515767685002,-7.567954850601245],[110.17515306964307,-7.5679700281485305],[110.1751495869896,-7.567979651586294],[110.17514656076787,-7.5680095236372384],[110.17511551259314,-7.568005391099388],[110.17511565601194,-7.5679952674960695],[110.17512150709112,-7.56797614152256],[110.17510706191396,-7.567971378618698],[110.1750995832994,-7.567969846517206],[110.17509574138788,-7.5679921428141395],[110.17506210033093,-7.567985412214545],[110.17506047547253,-7.567993804548012],[110.17505830203915,-7.567994186649308],[110.17505241621417,-7.568039701742314],[110.1750079979898,-7.568032617255142],[110.17501669584703,-7.567983350903057],[110.17503673632535,-7.567985117293686],[110.17504423174023,-7.567947352140861],[110.17505059365224,-7.56792032557454],[110.17505380937806,-7.567920949421347],[110.17506676449456,-7.567874922200463],[110.17508046196919,-7.567828896383511],[110.17512461556173,-7.567838116109397],[110.17514019670477,-7.5678425902185165],[110.17515553297417,-7.567845706235292],[110.17520487277886,-7.567860368089108]]]}},{"type":"Feature","properties":{"NAMOBJ":"Kerban","FCODE":"BA03070040","METADATA":"TASWIL1000020230928_DATA_BATAS_DESAKELURAHAN","SRS_ID":"SRGI 2013","KDCPUM":"33.08.11","KDEPUM":"33.08.11.2002","KDPKAB":"33.08","KDPPUM":"33","WADMKC":"Tempuran","WADMKD":"Sumberarum","WADMKK":"Magelang","WADMPR":"Jawa Tengah","DUSUN":"Kerban","Toponimi":"Dusun Kerban","Shape_Leng":3646.39056914,"Shape_Le_1":47.6067254403,"Shape_Area":129.225145931,"KETERANGAN":"2","KET_DETAIL":"Rumah","Id":"75","rumah_rt":null},"geometry":{"type":"Polygon","coordinates":[[[110.17543254124769,-7.567399789323144],[110.17541837448339,-7.567432356470595],[110.17539550263317,-7.567422806192887],[110.17539339480525,-7.567425395358239],[110.17538928744688,-7.5674379807031515],[110.17536827030966,-7.56742929861767],[110.17534712969783,-7.567420245459731],[110.17534924429485,-7.567414570212213],[110.17535334418075,-7.567405441786726],[110.1753513718219,-7.567401611189479],[110.17533381481536,-7.567395157961494],[110.17532771223424,-7.567393471582746],[110.17536603936,-7.567301063162297],[110.17545751892095,-7.567342426326845],[110.17543254124769,-7.567399789323144]]]}},{"type":"Feature","properties":{"NAMOBJ":"Kerban","FCODE":"BA03070040","METADATA":"TASWIL1000020230928_DATA_BATAS_DESAKELURAHAN","SRS_ID":"SRGI 2013","KDCPUM":"33.08.11","KDEPUM":"33.08.11.2002","KDPKAB":"33.08","KDPPUM":"33","WADMKC":"Tempuran","WADMKD":"Sumberarum","WADMKK":"Magelang","WADMPR":"Jawa Tengah","DUSUN":"Kerban","Toponimi":"Dusun Kerban","Shape_Leng":3646.39056914,"Shape_Le_1":50.3172406011,"Shape_Area":141.669904515,"KETERANGAN":"2","KET_DETAIL":"Rumah","Id":"76","rumah_rt":null},"geometry":{"type":"Polygon","coordinates":[[[110.1753883782337,-7.567550152031977],[110.175334992053,-7.567666761887995],[110.17531644768401,-7.567659010666807],[110.1753054126377,-7.567676491857758],[110.17527987336193,-7.567664253506982],[110.17525408152999,-7.567652036709014],[110.17526256444536,-7.567630744047985],[110.17529343008775,-7.567563476359629],[110.17531671998056,-7.567515678705087],[110.1753883782337,-7.567550152031977]]]}},{"type":"Feature","properties":{"NAMOBJ":"Kerban","FCODE":"BA03070040","METADATA":"TASWIL1000020230928_DATA_BATAS_DESAKELURAHAN","SRS_ID":"SRGI 2013","KDCPUM":"33.08.11","KDEPUM":"33.08.11.2002","KDPKAB":"33.08","KDPPUM":"33","WADMKC":"Tempuran","WADMKD":"Sumberarum","WADMKK":"Magelang","WADMPR":"Jawa Tengah","DUSUN":"Kerban","Toponimi":"Dusun Kerban","Shape_Leng":3646.39056914,"Shape_Le_1":74.2769149896,"Shape_Area":193.054163593,"KETERANGAN":"2","KET_DETAIL":"Rumah","Id":"77","rumah_rt":null},"geometry":{"type":"Polygon","coordinates":[[[110.17546382739583,-7.568201945442523],[110.17549028849837,-7.568212216778198],[110.17546684514843,-7.568274871637862],[110.17547032344724,-7.568275650645131],[110.17546468679315,-7.568291651137403],[110.17553115585734,-7.568309910830468],[110.1755225948269,-7.56833844463732],[110.17544820034105,-7.568319978201399],[110.17545383516463,-7.568304941884557],[110.17542736957715,-7.568294281337541],[110.17541572278003,-7.568319144340698],[110.17538771742642,-7.568305009473951],[110.17538227896839,-7.568318309554265],[110.17533495000882,-7.5682974432277845],[110.17539652273214,-7.568173184203595],[110.17543244248657,-7.568187116963332],[110.17546382739583,-7.568201945442523]]]}},{"type":"Feature","properties":{"NAMOBJ":"Kerban","FCODE":"BA03070040","METADATA":"TASWIL1000020230928_DATA_BATAS_DESAKELURAHAN","SRS_ID":"SRGI 2013","KDCPUM":"33.08.11","KDEPUM":"33.08.11.2002","KDPKAB":"33.08","KDPPUM":"33","WADMKC":"Tempuran","WADMKD":"Sumberarum","WADMKK":"Magelang","WADMPR":"Jawa Tengah","DUSUN":"Kerban","Toponimi":"Dusun Kerban","Shape_Leng":3646.39056914,"Shape_Le_1":68.6922230561,"Shape_Area":213.678328386,"KETERANGAN":"2","KET_DETAIL":"Rumah","Id":"79","rumah_rt":null},"geometry":{"type":"Polygon","coordinates":[[[110.17568321857472,-7.568244377378393],[110.17567431270564,-7.568282194148943],[110.17566892868481,-7.568281630424415],[110.17566318153735,-7.568305700506573],[110.17566021208827,-7.5683056948913325],[110.17564872556163,-7.568360243330413],[110.1756464989435,-7.568359992195927],[110.17564425614721,-7.568368259449806],[110.1756008485994,-7.568357065790437],[110.17559598946148,-7.568375082038333],[110.17559425329536,-7.568377178059459],[110.17557322954355,-7.568371952899602],[110.17555245324645,-7.568366728206764],[110.17555745486818,-7.568346234850654],[110.17555912703044,-7.568346339315252],[110.17555931448378,-7.568345001035269],[110.17557396079626,-7.568267563402949],[110.17553292668596,-7.568259344473321],[110.17554721244419,-7.568194364580369],[110.17559124284584,-7.568203090183214],[110.1756648310965,-7.568218908552084],[110.17566169991952,-7.568239151287524],[110.17568321857472,-7.568244377378393]]]}},{"type":"Feature","properties":{"NAMOBJ":"Kerban","FCODE":"BA03070040","METADATA":"TASWIL1000020230928_DATA_BATAS_DESAKELURAHAN","SRS_ID":"SRGI 2013","KDCPUM":"33.08.11","KDEPUM":"33.08.11.2002","KDPKAB":"33.08","KDPPUM":"33","WADMKC":"Tempuran","WADMKD":"Sumberarum","WADMKK":"Magelang","WADMPR":"Jawa Tengah","DUSUN":"Kerban","Toponimi":"Dusun Kerban","Shape_Leng":3646.39056914,"Shape_Le_1":51.4698977362,"Shape_Area":148.578804542,"KETERANGAN":"2","KET_DETAIL":"Rumah","Id":"80","rumah_rt":null},"geometry":{"type":"Polygon","coordinates":[[[110.17576829868968,-7.568345082370725],[110.17575639692953,-7.568402547890275],[110.17573687307424,-7.568397448583667],[110.1757282585199,-7.568438421646531],[110.1756815063599,-7.568429074050696],[110.17568125421631,-7.568431542811979],[110.17567902220583,-7.568434130838914],[110.17565997784781,-7.568429033339988],[110.1756386946964,-7.568423618096504],[110.17564506735114,-7.568397398896882],[110.17566702268904,-7.568302990703887],[110.17570153035676,-7.56830922995586],[110.1757560695872,-7.56832242004329],[110.17575341923293,-7.5683419681415245],[110.17576829868968,-7.568345082370725]]]}},{"type":"Feature","properties":{"NAMOBJ":"Kerban","FCODE":"BA03070040","METADATA":"TASWIL1000020230928_DATA_BATAS_DESAKELURAHAN","SRS_ID":"SRGI 2013","KDCPUM":"33.08.11","KDEPUM":"33.08.11.2002","KDPKAB":"33.08","KDPPUM":"33","WADMKC":"Tempuran","WADMKD":"Sumberarum","WADMKK":"Magelang","WADMPR":"Jawa Tengah","DUSUN":"Kerban","Toponimi":"Dusun Kerban","Shape_Leng":3646.39056914,"Shape_Le_1":54.910757343,"Shape_Area":113.999710157,"KETERANGAN":"2","KET_DETAIL":"Rumah","Id":"81","rumah_rt":null},"geometry":{"type":"Polygon","coordinates":[[[110.17590828332833,-7.568248466059813],[110.1759059977915,-7.568265880269932],[110.17589915904747,-7.568308711789786],[110.1758967634178,-7.568310111922789],[110.1758930827357,-7.568320921674939],[110.1758862674591,-7.568351391671556],[110.17588160469292,-7.568360513610889],[110.17586983018779,-7.56840825166268],[110.17585778914336,-7.568447421044015],[110.17585282431288,-7.568467639511602],[110.17583326653109,-7.56846226518192],[110.17582051291254,-7.568459010256496],[110.17579403473383,-7.568452220056123],[110.17579371366728,-7.5684550703107965],[110.17577574509492,-7.568451479910163],[110.17577438269682,-7.5684600907240025],[110.17574412057952,-7.56845345248691],[110.17575639763643,-7.568402544959036],[110.17576829797841,-7.568345085300948],[110.17578620568294,-7.568271308621008],[110.17584129951373,-7.568283018799769],[110.17584418651862,-7.568271663356985],[110.17584123386544,-7.568269972723206],[110.1758463408958,-7.56824933303526],[110.17587476446555,-7.568256128786073],[110.17587774485456,-7.56824321116963],[110.17590828332833,-7.568248466059813]]]}},{"type":"Feature","properties":{"NAMOBJ":"Kerban","FCODE":"BA03070040","METADATA":"TASWIL1000020230928_DATA_BATAS_DESAKELURAHAN","SRS_ID":"SRGI 2013","KDCPUM":"33.08.11","KDEPUM":"33.08.11.2002","KDPKAB":"33.08","KDPPUM":"33","WADMKC":"Tempuran","WADMKD":"Sumberarum","WADMKK":"Magelang","WADMPR":"Jawa Tengah","DUSUN":"Kerban","Toponimi":"Dusun Kerban","Shape_Leng":3646.39056914,"Shape_Le_1":57.9134949521,"Shape_Area":171.8670048,"KETERANGAN":"2","KET_DETAIL":"Rumah","Id":"82","rumah_rt":null},"geometry":{"type":"Polygon","coordinates":[[[110.17603542848931,-7.568291024111112],[110.1760340394034,-7.568299555610516],[110.17602939504161,-7.5682989842435875],[110.17602441064784,-7.568329036215138],[110.17601829087295,-7.56836414300413],[110.17601160863254,-7.568398546851011],[110.17600806588956,-7.56841118211146],[110.17600379901158,-7.568433790640144],[110.17599993665813,-7.568453230270511],[110.17599871455982,-7.568459727929165],[110.17597809747275,-7.568455621497427],[110.17591694955229,-7.568440941921474],[110.17591167355874,-7.568439224360511],[110.17591654276228,-7.56842126412815],[110.1759376950661,-7.568327748930941],[110.17593952593909,-7.568327330902974],[110.17594421147807,-7.568306690416664],[110.1759663056466,-7.568310524678645],[110.17597566264138,-7.568275705304034],[110.17602012434153,-7.5682878696199705],[110.17603542848931,-7.568291024111112]]]}},{"type":"Feature","properties":{"NAMOBJ":"Kerban","FCODE":"BA03070040","METADATA":"TASWIL1000020230928_DATA_BATAS_DESAKELURAHAN","SRS_ID":"SRGI 2013","KDCPUM":"33.08.11","KDEPUM":"33.08.11.2002","KDPKAB":"33.08","KDPPUM":"33","WADMKC":"Tempuran","WADMKD":"Sumberarum","WADMKK":"Magelang","WADMPR":"Jawa Tengah","DUSUN":"Kerban","Toponimi":"Dusun Kerban","Shape_Leng":3646.39056914,"Shape_Le_1":64.3952686917,"Shape_Area":226.000458765,"KETERANGAN":"2","KET_DETAIL":"Rumah","Id":"83","rumah_rt":null},"geometry":{"type":"Polygon","coordinates":[[[110.17613092142619,-7.5682812465556095],[110.17612750321007,-7.568305210713872],[110.17612041111033,-7.5683421790267955],[110.17609839694914,-7.568464196446509],[110.17608869347933,-7.56846264849927],[110.17608806138978,-7.568466820625997],[110.17608608698148,-7.568468361750995],[110.17608270953306,-7.5684679338783365],[110.17608116962319,-7.568463576787177],[110.17607413272172,-7.568462299019732],[110.1760675164547,-7.568462426709177],[110.17606409100823,-7.568463886401437],[110.1759999361717,-7.568453233025745],[110.17600379901158,-7.568433790640144],[110.17600806588956,-7.56841118211146],[110.17601160863254,-7.568398546851011],[110.17601829087295,-7.56836414300413],[110.17602441064784,-7.568329036215138],[110.17602939504161,-7.5682989842435875],[110.1760340394034,-7.568299555610516],[110.17603703018952,-7.5682811586548615],[110.17604139355929,-7.568281729490565],[110.17604311113585,-7.5682669824301545],[110.1760545173256,-7.568264756349115],[110.17608125996183,-7.568267476023354],[110.17609096548225,-7.568271568157927],[110.17612135529613,-7.568280334719274],[110.17613092142619,-7.5682812465556095]]]}},{"type":"Feature","properties":{"NAMOBJ":"Kerban","FCODE":"BA03070040","METADATA":"TASWIL1000020230928_DATA_BATAS_DESAKELURAHAN","SRS_ID":"SRGI 2013","KDCPUM":"33.08.11","KDEPUM":"33.08.11.2002","KDPKAB":"33.08","KDPPUM":"33","WADMKC":"Tempuran","WADMKD":"Sumberarum","WADMKK":"Magelang","WADMPR":"Jawa Tengah","DUSUN":"Kerban","Toponimi":"Dusun Kerban","Shape_Leng":3646.39056914,"Shape_Le_1":75.0892937505,"Shape_Area":321.466803858,"KETERANGAN":"2","KET_DETAIL":"Rumah","Id":"84","rumah_rt":null},"geometry":{"type":"Polygon","coordinates":[[[110.17550557985808,-7.56784904295771],[110.17548916524399,-7.567893962898187],[110.17547115913675,-7.567886764434863],[110.17546253228714,-7.567907960048355],[110.17543031601241,-7.567896520721358],[110.17542676166175,-7.567901900193323],[110.17529264158816,-7.567849752624145],[110.17531960562684,-7.567780702130943],[110.17534125936022,-7.567720058630952],[110.17542298984809,-7.567751679275319],[110.17542749253583,-7.567752389670421],[110.17543846735221,-7.567755360850924],[110.17550837968274,-7.567782463687756],[110.17551626666399,-7.567783322063557],[110.17550509727971,-7.567806759283996],[110.17551114397753,-7.567810141727005],[110.1755048415606,-7.5678251278319],[110.1755085795714,-7.567826432038936],[110.17550065771144,-7.5678467860089205],[110.17550557985808,-7.56784904295771]]]}},{"type":"Feature","properties":{"NAMOBJ":"Kerban","FCODE":"BA03070040","METADATA":"TASWIL1000020230928_DATA_BATAS_DESAKELURAHAN","SRS_ID":"SRGI 2013","KDCPUM":"33.08.11","KDEPUM":"33.08.11.2002","KDPKAB":"33.08","KDPPUM":"33","WADMKC":"Tempuran","WADMKD":"Sumberarum","WADMKK":"Magelang","WADMPR":"Jawa Tengah","DUSUN":"Kerban","Toponimi":"Dusun Kerban","Shape_Leng":3646.39056914,"Shape_Le_1":92.1242712735,"Shape_Area":325.168438672,"KETERANGAN":"2","KET_DETAIL":"Rumah","Id":"85","rumah_rt":null},"geometry":{"type":"Polygon","coordinates":[[[110.17550557707746,-7.567849041778225],[110.17550065771144,-7.5678467860089205],[110.1755085795714,-7.567826432038936],[110.17550484112566,-7.567825129072168],[110.17551114397753,-7.567810141727005],[110.17550509727971,-7.567806759283996],[110.17551626366037,-7.567783321736633],[110.17552245192053,-7.567786142763454],[110.175529664523,-7.567768878069142],[110.17549464437529,-7.567751393309036],[110.1754646844168,-7.567738412491825],[110.17543134771188,-7.567724161723534],[110.17547603852871,-7.567615661282231],[110.17550839448187,-7.567627521452611],[110.17554327401746,-7.567644585360267],[110.17553677237989,-7.5676583392930175],[110.17556628545795,-7.567670370457432],[110.17563222775745,-7.567694858302922],[110.17566387390997,-7.56770962412843],[110.17564331227818,-7.56776511597133],[110.1756081448101,-7.567751221738061],[110.17559003617967,-7.567788939702124],[110.17555227229812,-7.567868322578171],[110.1755234791639,-7.567856635572046],[110.17550557707746,-7.567849041778225]]]}},{"type":"Feature","properties":{"NAMOBJ":"Kerban","FCODE":"BA03070040","METADATA":"TASWIL1000020230928_DATA_BATAS_DESAKELURAHAN","SRS_ID":"SRGI 2013","KDCPUM":"33.08.11","KDEPUM":"33.08.11.2002","KDPKAB":"33.08","KDPPUM":"33","WADMKC":"Tempuran","WADMKD":"Sumberarum","WADMKK":"Magelang","WADMPR":"Jawa Tengah","DUSUN":"Kerban","Toponimi":"Dusun Kerban","Shape_Leng":3646.39056914,"Shape_Le_1":48.0780868461,"Shape_Area":127.855745178,"KETERANGAN":"2","KET_DETAIL":"Rumah","Id":"86","rumah_rt":null},"geometry":{"type":"Polygon","coordinates":[[[110.17567544288246,-7.567877036830022],[110.17566823988656,-7.567889244581834],[110.17568904897576,-7.567902488473666],[110.1756764819648,-7.567922692564896],[110.17565176755771,-7.567964085616676],[110.17563081519774,-7.567951824624787],[110.17561910150745,-7.567967535047988],[110.1755933698956,-7.567951753814532],[110.17555905615791,-7.567933146121694],[110.17556004517591,-7.567931181646515],[110.17554394699167,-7.5679215022685575],[110.17556505814093,-7.567886099041658],[110.17557719182271,-7.567871653881009],[110.17559224224387,-7.567878284162435],[110.17561272337589,-7.567841799877353],[110.17564802543421,-7.567859285162268],[110.17567544288246,-7.567877036830022]]]}},{"type":"Feature","properties":{"NAMOBJ":"Kerban","FCODE":"BA03070040","METADATA":"TASWIL1000020230928_DATA_BATAS_DESAKELURAHAN","SRS_ID":"SRGI 2013","KDCPUM":"33.08.11","KDEPUM":"33.08.11.2002","KDPKAB":"33.08","KDPPUM":"33","WADMKC":"Tempuran","WADMKD":"Sumberarum","WADMKK":"Magelang","WADMPR":"Jawa Tengah","DUSUN":"Kerban","Toponimi":"Dusun Kerban","Shape_Leng":3646.39056914,"Shape_Le_1":63.2744565511,"Shape_Area":212.673138045,"KETERANGAN":"2","KET_DETAIL":"Rumah","Id":"87","rumah_rt":null},"geometry":{"type":"Polygon","coordinates":[[[110.17587152053724,-7.56782349222408],[110.17585096975813,-7.567873277716912],[110.17583492120147,-7.567868638132769],[110.17582034014838,-7.567902192206241],[110.17580319668198,-7.5678951364861495],[110.17578794658095,-7.567933517422668],[110.1756988669796,-7.5678987915668445],[110.17572036948366,-7.567843399944748],[110.17573627446362,-7.5678076531984955],[110.17575550966603,-7.567755670044785],[110.17584584867959,-7.567790081842911],[110.17583679107719,-7.567810915763073],[110.17587152053724,-7.56782349222408]]]}},{"type":"Feature","properties":{"NAMOBJ":"Kerban","FCODE":"BA03070040","METADATA":"TASWIL1000020230928_DATA_BATAS_DESAKELURAHAN","SRS_ID":"SRGI 2013","KDCPUM":"33.08.11","KDEPUM":"33.08.11.2002","KDPKAB":"33.08","KDPPUM":"33","WADMKC":"Tempuran","WADMKD":"Sumberarum","WADMKK":"Magelang","WADMPR":"Jawa Tengah","DUSUN":"Kerban","Toponimi":"Dusun Kerban","Shape_Leng":3646.39056914,"Shape_Le_1":48.4674215041,"Shape_Area":127.151507063,"KETERANGAN":"2","KET_DETAIL":"Rumah","Id":"88","rumah_rt":null},"geometry":{"type":"Polygon","coordinates":[[[110.1758942132769,-7.568035781070514],[110.1758941791064,-7.568053779310314],[110.17585459855721,-7.568047339639259],[110.17581743684158,-7.568041123422574],[110.17582859084274,-7.567959275245231],[110.1758352114727,-7.567900624243494],[110.17585795438708,-7.5679016048524],[110.17588038194326,-7.567906476284112],[110.17587902927056,-7.567923812663432],[110.17590937277899,-7.5679295773109985],[110.17590088580512,-7.567996944336421],[110.17589710013212,-7.568021520119682],[110.1758942132769,-7.568035781070514]]]}},{"type":"Feature","properties":{"NAMOBJ":"Kerban","FCODE":"BA03070040","METADATA":"TASWIL1000020230928_DATA_BATAS_DESAKELURAHAN","SRS_ID":"SRGI 2013","KDCPUM":"33.08.11","KDEPUM":"33.08.11.2002","KDPKAB":"33.08","KDPPUM":"33","WADMKC":"Tempuran","WADMKD":"Sumberarum","WADMKK":"Magelang","WADMPR":"Jawa Tengah","DUSUN":"Kerban","Toponimi":"Dusun Kerban","Shape_Leng":3646.39056914,"Shape_Le_1":56.9846099797,"Shape_Area":161.768608091,"KETERANGAN":"2","KET_DETAIL":"Rumah","Id":"89","rumah_rt":null},"geometry":{"type":"Polygon","coordinates":[[[110.17611989608325,-7.567908080403843],[110.17608627685561,-7.568016390199579],[110.1760803817199,-7.568015291869503],[110.17607467019478,-7.568033980354307],[110.1760406332859,-7.568023757776196],[110.17604524570199,-7.568014415949801],[110.17604065256995,-7.568013598660814],[110.17604057029043,-7.568009192769144],[110.1759928459472,-7.567995348093347],[110.17599574293746,-7.56798816112126],[110.17598357262823,-7.567983809565245],[110.17599826643597,-7.5679370671304955],[110.17600459877075,-7.567938483761371],[110.17600611620206,-7.567934148729623],[110.17600746768106,-7.567934151284082],[110.17601109551609,-7.567921572261722],[110.17601667868571,-7.5679227514063845],[110.17601858222137,-7.56791700158853],[110.17603154870916,-7.567920801407808],[110.17604458533233,-7.5678876523284275],[110.1760425161475,-7.567886119841504],[110.17604867287469,-7.567870218910217],[110.17607235901316,-7.567874848500476],[110.17608984799173,-7.5678808656124525],[110.1760894988981,-7.5678823609674275],[110.17612211716107,-7.5678921467079245],[110.17611759054444,-7.5679073850217495],[110.17611989608325,-7.567908080403843]]]}},{"type":"Feature","properties":{"NAMOBJ":"Kerban","FCODE":"BA03070040","METADATA":"TASWIL1000020230928_DATA_BATAS_DESAKELURAHAN","SRS_ID":"SRGI 2013","KDCPUM":"33.08.11","KDEPUM":"33.08.11.2002","KDPKAB":"33.08","KDPPUM":"33","WADMKC":"Tempuran","WADMKD":"Sumberarum","WADMKK":"Magelang","WADMPR":"Jawa Tengah","DUSUN":"Kerban","Toponimi":"Dusun Kerban","Shape_Leng":3646.39056914,"Shape_Le_1":50.880205914,"Shape_Area":149.087399385,"KETERANGAN":"2","KET_DETAIL":"Rumah","Id":"90","rumah_rt":null},"geometry":{"type":"Polygon","coordinates":[[[110.17623225269548,-7.5680019863055845],[110.17622035443222,-7.568040454093335],[110.17619221506148,-7.568031972042254],[110.17618647050783,-7.568047740893806],[110.1761637661716,-7.5680385210062004],[110.17614238286532,-7.568030754502734],[110.17614748225401,-7.568014609170343],[110.17612145778682,-7.568004587159472],[110.17613617221214,-7.5679657032082375],[110.17614664403096,-7.567936645681283],[110.17615131755831,-7.567922325694855],[110.17615811243735,-7.567902110679646],[110.17625490466618,-7.567934461519506],[110.17624414135794,-7.567968576367653],[110.17623225269548,-7.5680019863055845]]]}},{"type":"Feature","properties":{"NAMOBJ":"Kerban","FCODE":"BA03070040","METADATA":"TASWIL1000020230928_DATA_BATAS_DESAKELURAHAN","SRS_ID":"SRGI 2013","KDCPUM":"33.08.11","KDEPUM":"33.08.11.2002","KDPKAB":"33.08","KDPPUM":"33","WADMKC":"Tempuran","WADMKD":"Sumberarum","WADMKK":"Magelang","WADMPR":"Jawa Tengah","DUSUN":"Kerban","Toponimi":"Dusun Kerban","Shape_Leng":3646.39056914,"Shape_Le_1":64.81876055,"Shape_Area":169.949479577,"KETERANGAN":"2","KET_DETAIL":"Rumah","Id":"91","rumah_rt":null},"geometry":{"type":"Polygon","coordinates":[[[110.1761085596192,-7.567552165754267],[110.17609101655066,-7.567586115833364],[110.17608763481851,-7.567594462695427],[110.17609435533532,-7.5675975849584045],[110.17609750375573,-7.56759895846286],[110.17607439705569,-7.567655143091049],[110.17605771184795,-7.567694442505492],[110.17605208620795,-7.567691762744242],[110.17605060443431,-7.567695936845808],[110.17596338864999,-7.567651730671348],[110.1759898990494,-7.567599073193265],[110.1760096850143,-7.5675582333895575],[110.17605288467313,-7.567578310952906],[110.17605752595206,-7.56756984239735],[110.176020961356,-7.567550387509658],[110.1760418585354,-7.567517697386115],[110.1761085596192,-7.567552165754267]]]}},{"type":"Feature","properties":{"NAMOBJ":"Kerban","FCODE":"BA03070040","METADATA":"TASWIL1000020230928_DATA_BATAS_DESAKELURAHAN","SRS_ID":"SRGI 2013","KDCPUM":"33.08.11","KDEPUM":"33.08.11.2002","KDPKAB":"33.08","KDPPUM":"33","WADMKC":"Tempuran","WADMKD":"Sumberarum","WADMKK":"Magelang","WADMPR":"Jawa Tengah","DUSUN":"Kerban","Toponimi":"Dusun Kerban","Shape_Leng":3646.39056914,"Shape_Le_1":42.4247656633,"Shape_Area":108.830611468,"KETERANGAN":"2","KET_DETAIL":"Rumah","Id":"92","rumah_rt":null},"geometry":{"type":"Polygon","coordinates":[[[110.1760577126589,-7.567694439601183],[110.17607439648214,-7.567655144485646],[110.17609985519462,-7.567593240868252],[110.17612109681102,-7.567601147298683],[110.17615584334357,-7.567614277312034],[110.17616357455357,-7.567620332058668],[110.1761440406367,-7.567676905827338],[110.17612792574756,-7.567711993732498],[110.17611760871979,-7.567733045069449],[110.17611014740874,-7.5677333122630746],[110.17608623508843,-7.567722731655056],[110.17605402664425,-7.56770764008661],[110.1760577126589,-7.567694439601183]]]}},{"type":"Feature","properties":{"NAMOBJ":"Kerban","FCODE":"BA03070040","METADATA":"TASWIL1000020230928_DATA_BATAS_DESAKELURAHAN","SRS_ID":"SRGI 2013","KDCPUM":"33.08.11","KDEPUM":"33.08.11.2002","KDPKAB":"33.08","KDPPUM":"33","WADMKC":"Tempuran","WADMKD":"Sumberarum","WADMKK":"Magelang","WADMPR":"Jawa Tengah","DUSUN":"Kerban","Toponimi":"Dusun Kerban","Shape_Leng":3646.39056914,"Shape_Le_1":44.0686218022,"Shape_Area":119.924315822,"KETERANGAN":"2","KET_DETAIL":"Rumah","Id":"93","rumah_rt":null},"geometry":{"type":"Polygon","coordinates":[[[110.17626756602482,-7.567762783827632],[110.17624205669087,-7.567814402348821],[110.17615536606044,-7.567773107230489],[110.17618538449894,-7.5677185114797405],[110.17620503218477,-7.567680796393308],[110.17628985821138,-7.567722439879195],[110.17626756602482,-7.567762783827632]]]}},{"type":"Feature","properties":{"NAMOBJ":"Kerban","FCODE":"BA03070040","METADATA":"TASWIL1000020230928_DATA_BATAS_DESAKELURAHAN","SRS_ID":"SRGI 2013","KDCPUM":"33.08.11","KDEPUM":"33.08.11.2002","KDPKAB":"33.08","KDPPUM":"33","WADMKC":"Tempuran","WADMKD":"Sumberarum","WADMKK":"Magelang","WADMPR":"Jawa Tengah","DUSUN":"Kerban","Toponimi":"Dusun Kerban","Shape_Leng":3646.39056914,"Shape_Le_1":51.2175350977,"Shape_Area":163.11224269,"KETERANGAN":"2","KET_DETAIL":"Rumah","Id":"94","rumah_rt":null},"geometry":{"type":"Polygon","coordinates":[[[110.17622595819878,-7.568360813540343],[110.17620504928091,-7.568483248249821],[110.17609839695666,-7.568464196535766],[110.17612041185015,-7.568342176190369],[110.17622595819878,-7.568360813540343]]]}},{"type":"Feature","properties":{"NAMOBJ":"Kerban","FCODE":"BA03070040","METADATA":"TASWIL1000020230928_DATA_BATAS_DESAKELURAHAN","SRS_ID":"SRGI 2013","KDCPUM":"33.08.11","KDEPUM":"33.08.11.2002","KDPKAB":"33.08","KDPPUM":"33","WADMKC":"Tempuran","WADMKD":"Sumberarum","WADMKK":"Magelang","WADMPR":"Jawa Tengah","DUSUN":"Kerban","Toponimi":"Dusun Kerban","Shape_Leng":3646.39056914,"Shape_Le_1":56.2607658271,"Shape_Area":160.364414996,"KETERANGAN":"2","KET_DETAIL":"Rumah","Id":"95","rumah_rt":null},"geometry":{"type":"Polygon","coordinates":[[[110.17622475364398,-7.568367847699238],[110.17622595819878,-7.568360813540343],[110.17612041128208,-7.568342179151542],[110.17612750321007,-7.568305210713872],[110.17613449416,-7.568256198239576],[110.17628238496414,-7.5682897699222735],[110.17627952668713,-7.568312381117054],[110.17629191133757,-7.568314230669818],[110.17628892189705,-7.568331923943101],[110.17627625614595,-7.568329653274514],[110.17626885028218,-7.56837473046774],[110.17622475364398,-7.568367847699238]]]}},{"type":"Feature","properties":{"NAMOBJ":"Kerban","FCODE":"BA03070040","METADATA":"TASWIL1000020230928_DATA_BATAS_DESAKELURAHAN","SRS_ID":"SRGI 2013","KDCPUM":"33.08.11","KDEPUM":"33.08.11.2002","KDPKAB":"33.08","KDPPUM":"33","WADMKC":"Tempuran","WADMKD":"Sumberarum","WADMKK":"Magelang","WADMPR":"Jawa Tengah","DUSUN":"Kerban","Toponimi":"Dusun Kerban","Shape_Leng":3646.39056914,"Shape_Le_1":54.7680795105,"Shape_Area":169.97884277,"KETERANGAN":"2","KET_DETAIL":"Rumah","Id":"96","rumah_rt":null},"geometry":{"type":"Polygon","coordinates":[[[110.17620504964367,-7.568483245256674],[110.1762230322355,-7.568377921955839],[110.17635389750849,-7.568402098918531],[110.17634810257624,-7.568441815573622],[110.17634076103454,-7.568485480087602],[110.1763121718515,-7.568482353539196],[110.17631060233397,-7.568498373488645],[110.17625650851346,-7.568489271666595],[110.17625318621288,-7.568501337521996],[110.17622900098696,-7.568496024110139],[110.17620393229036,-7.568492464628743],[110.17620504964367,-7.568483245256674]]]}},{"type":"Feature","properties":{"NAMOBJ":"Kerban","FCODE":"BA03070040","METADATA":"TASWIL1000020230928_DATA_BATAS_DESAKELURAHAN","SRS_ID":"SRGI 2013","KDCPUM":"33.08.11","KDEPUM":"33.08.11.2002","KDPKAB":"33.08","KDPPUM":"33","WADMKC":"Tempuran","WADMKD":"Sumberarum","WADMKK":"Magelang","WADMPR":"Jawa Tengah","DUSUN":"Kerban","Toponimi":"Dusun Kerban","Shape_Leng":3646.39056914,"Shape_Le_1":51.5000320263,"Shape_Area":159.133999521,"KETERANGAN":"2","KET_DETAIL":"Rumah","Id":"97","rumah_rt":null},"geometry":{"type":"Polygon","coordinates":[[[110.17629700079567,-7.568131361976557],[110.17634867317115,-7.568141116773196],[110.17633164322012,-7.56823882218379],[110.17627701495526,-7.5682311917917895],[110.1762240211517,-7.568222311837101],[110.17622645872807,-7.568212659279179],[110.17619853534883,-7.568206899224661],[110.17621473339217,-7.568132303662003],[110.17624024883904,-7.568132571666937],[110.17624268724857,-7.568122479531706],[110.17629700079567,-7.568131361976557]]]}},{"type":"Feature","properties":{"NAMOBJ":"Kerban","FCODE":"BA03070040","METADATA":"TASWIL1000020230928_DATA_BATAS_DESAKELURAHAN","SRS_ID":"SRGI 2013","KDCPUM":"33.08.11","KDEPUM":"33.08.11.2002","KDPKAB":"33.08","KDPPUM":"33","WADMKC":"Tempuran","WADMKD":"Sumberarum","WADMKK":"Magelang","WADMPR":"Jawa Tengah","DUSUN":"Kerban","Toponimi":"Dusun Kerban","Shape_Leng":3646.39056914,"Shape_Le_1":46.5663370589,"Shape_Area":134.605070631,"KETERANGAN":"2","KET_DETAIL":"Rumah","Id":"98","rumah_rt":null},"geometry":{"type":"Polygon","coordinates":[[[110.17651287781008,-7.5683978361566195],[110.17651832210723,-7.568397846533855],[110.17652738348833,-7.568397307301643],[110.17653757044681,-7.568376971155508],[110.1766078232648,-7.568390323781826],[110.17658965093611,-7.568471201791911],[110.17658428718343,-7.568496264833231],[110.17659005174221,-7.5684973945675305],[110.17658520463668,-7.56851912194696],[110.176520036922,-7.568507651200926],[110.17652166829407,-7.568491990446495],[110.17650872581308,-7.568490813685657],[110.1765090610195,-7.56848708242213],[110.17650485897153,-7.5684866845122984],[110.1764940882086,-7.568484945157692],[110.1763969474902,-7.568469258939925],[110.17640584268895,-7.568419530574111],[110.1764170151357,-7.5683556201133],[110.17651004146946,-7.568373057914228],[110.17651035931196,-7.568374656736078],[110.17650791776714,-7.568395266839939],[110.17651287781008,-7.5683978361566195]]]}},{"type":"Feature","properties":{"NAMOBJ":"Kerban","FCODE":"BA03070040","METADATA":"TASWIL1000020230928_DATA_BATAS_DESAKELURAHAN","SRS_ID":"SRGI 2013","KDCPUM":"33.08.11","KDEPUM":"33.08.11.2002","KDPKAB":"33.08","KDPPUM":"33","WADMKC":"Tempuran","WADMKD":"Sumberarum","WADMKK":"Magelang","WADMPR":"Jawa Tengah","DUSUN":"Kerban","Toponimi":"Dusun Kerban","Shape_Leng":3646.39056914,"Shape_Le_1":51.7898212416,"Shape_Area":163.654148814,"KETERANGAN":"2","KET_DETAIL":"Rumah","Id":"100","rumah_rt":null},"geometry":{"type":"Polygon","coordinates":[[[110.17659004882059,-7.568497393799012],[110.17658428718343,-7.568496264833231],[110.17658965093611,-7.568471201791911],[110.17660782255417,-7.568390326712185],[110.17661084993932,-7.568377843110915],[110.1767206661999,-7.568404771664936],[110.17669442166982,-7.568519348136056],[110.17663839179164,-7.56850350882772],[110.17663603830506,-7.5685084962241085],[110.17660755250046,-7.568501997977317],[110.17659004882059,-7.568497393799012]]]}},{"type":"Feature","properties":{"NAMOBJ":"Kerban","FCODE":"BA03070040","METADATA":"TASWIL1000020230928_DATA_BATAS_DESAKELURAHAN","SRS_ID":"SRGI 2013","KDCPUM":"33.08.11","KDEPUM":"33.08.11.2002","KDPKAB":"33.08","KDPPUM":"33","WADMKC":"Tempuran","WADMKD":"Sumberarum","WADMKK":"Magelang","WADMPR":"Jawa Tengah","DUSUN":"Kerban","Toponimi":"Dusun Kerban","Shape_Leng":3646.39056914,"Shape_Le_1":44.0473157238,"Shape_Area":109.661592022,"KETERANGAN":"2","KET_DETAIL":"Rumah","Id":"101","rumah_rt":null},"geometry":{"type":"Polygon","coordinates":[[[110.17670016498302,-7.568541714185561],[110.17668725715579,-7.568591556668512],[110.17667813030397,-7.568589304681281],[110.17667376942478,-7.568608792347464],[110.17666247386042,-7.568653042742333],[110.17663413751437,-7.568645637582096],[110.17663106355579,-7.568660022063389],[110.17658463937622,-7.568648420340325],[110.17658350872733,-7.568653372962379],[110.1765578961968,-7.568645493566554],[110.17657083223531,-7.568581267149682],[110.17657435460386,-7.5685817531793695],[110.17657818934178,-7.5685559729102545],[110.17657889751285,-7.568551234555442],[110.17658520463668,-7.56851912194696],[110.1765859211416,-7.5685159087169325],[110.17661723317532,-7.568522538077593],[110.17670016498302,-7.568541714185561]]]}},{"type":"Feature","properties":{"NAMOBJ":"Kerban","FCODE":"BA03070040","METADATA":"TASWIL1000020230928_DATA_BATAS_DESAKELURAHAN","SRS_ID":"SRGI 2013","KDCPUM":"33.08.11","KDEPUM":"33.08.11.2002","KDPKAB":"33.08","KDPPUM":"33","WADMKC":"Tempuran","WADMKD":"Sumberarum","WADMKK":"Magelang","WADMPR":"Jawa Tengah","DUSUN":"Kerban","Toponimi":"Dusun Kerban","Shape_Leng":3646.39056914,"Shape_Le_1":61.258674201,"Shape_Area":194.796887344,"KETERANGAN":"2","KET_DETAIL":"Rumah","Id":"103","rumah_rt":null},"geometry":{"type":"Polygon","coordinates":[[[110.17680038463983,-7.568482288075234],[110.17682471729736,-7.568489207191872],[110.17682472275393,-7.568486330041579],[110.17684473782695,-7.568489564280292],[110.17684568711738,-7.568496119052585],[110.17685312855438,-7.568499169454039],[110.17682715979826,-7.5686002615188634],[110.17680614747673,-7.568594728008643],[110.17680690695617,-7.568590483799524],[110.17679665098959,-7.568587467879287],[110.17679564224461,-7.568591710713182],[110.17670742468191,-7.568567437456641],[110.17673320221662,-7.568466842875921],[110.1767346298373,-7.568466845572102],[110.1767442705818,-7.568426242542021],[110.17680783118307,-7.568440587379583],[110.17680038463983,-7.568482288075234]]]}},{"type":"Feature","properties":{"NAMOBJ":"Kerban","FCODE":"BA03070040","METADATA":"TASWIL1000020230928_DATA_BATAS_DESAKELURAHAN","SRS_ID":"SRGI 2013","KDCPUM":"33.08.11","KDEPUM":"33.08.11.2002","KDPKAB":"33.08","KDPPUM":"33","WADMKC":"Tempuran","WADMKD":"Sumberarum","WADMKK":"Magelang","WADMPR":"Jawa Tengah","DUSUN":"Kerban","Toponimi":"Dusun Kerban","Shape_Leng":3646.39056914,"Shape_Le_1":57.9767819677,"Shape_Area":192.957100799,"KETERANGAN":"2","KET_DETAIL":"Pembuatan Batu Bata","Id":"104","rumah_rt":null},"geometry":{"type":"Polygon","coordinates":[[[110.1770702599714,-7.56870478039729],[110.17704759063598,-7.5687967976971615],[110.17698241123239,-7.568781899001827],[110.17688168349623,-7.568751011114382],[110.17691173648913,-7.568662144053871],[110.17700308771651,-7.5686901619518165],[110.1770702599714,-7.56870478039729]]]}},{"type":"Feature","properties":{"NAMOBJ":"Kerban","FCODE":"BA03070040","METADATA":"TASWIL1000020230928_DATA_BATAS_DESAKELURAHAN","SRS_ID":"SRGI 2013","KDCPUM":"33.08.11","KDEPUM":"33.08.11.2002","KDPKAB":"33.08","KDPPUM":"33","WADMKC":"Tempuran","WADMKD":"Sumberarum","WADMKK":"Magelang","WADMPR":"Jawa Tengah","DUSUN":"Kerban","Toponimi":"Dusun Kerban","Shape_Leng":3646.39056914,"Shape_Le_1":56.6652646479,"Shape_Area":167.245476362,"KETERANGAN":"2","KET_DETAIL":"Rumah","Id":"105","rumah_rt":null},"geometry":{"type":"Polygon","coordinates":[[[110.17717701208048,-7.568720040657675],[110.17717151701198,-7.568758923058792],[110.17716149547068,-7.568757995135942],[110.17715780763675,-7.568780718739488],[110.1771394079445,-7.568777410681902],[110.17713609586849,-7.5687941346535235],[110.17708818295344,-7.568785497743004],[110.17709702465481,-7.568736051872225],[110.17707091895295,-7.568732256430394],[110.17706381650368,-7.56873093494721],[110.17707025967599,-7.568704781875656],[110.1770844222491,-7.568633907417235],[110.17708918725918,-7.568635202076445],[110.1771862558154,-7.568650728570931],[110.17717701208048,-7.568720040657675]]]}},{"type":"Feature","properties":{"NAMOBJ":"Kerban","FCODE":"BA03070040","METADATA":"TASWIL1000020230928_DATA_BATAS_DESAKELURAHAN","SRS_ID":"SRGI 2013","KDCPUM":"33.08.11","KDEPUM":"33.08.11.2002","KDPKAB":"33.08","KDPPUM":"33","WADMKC":"Tempuran","WADMKD":"Sumberarum","WADMKK":"Magelang","WADMPR":"Jawa Tengah","DUSUN":"Kerban","Toponimi":"Dusun Kerban","Shape_Leng":3646.39056914,"Shape_Le_1":55.2294737131,"Shape_Area":163.378589898,"KETERANGAN":"2","KET_DETAIL":"Rumah","Id":"106","rumah_rt":null},"geometry":{"type":"Polygon","coordinates":[[[110.17731078102177,-7.56893339570208],[110.17729439617838,-7.569021015523977],[110.17724794145775,-7.569012017778204],[110.1772464583967,-7.569012570331484],[110.1772463800564,-7.569014209107015],[110.17719380655016,-7.569002066676631],[110.1771941601828,-7.569000088335111],[110.1771885649564,-7.56899856547751],[110.17719336687892,-7.568987750592606],[110.17719431373627,-7.5689807697703335],[110.17715980965636,-7.568974026838557],[110.1771684498578,-7.56893476416117],[110.17718169289343,-7.568886138578402],[110.17725470728429,-7.568903830851069],[110.1772501209024,-7.568920007015256],[110.17731078102177,-7.56893339570208]]]}},{"type":"Feature","properties":{"NAMOBJ":"Kerban","FCODE":"BA03070040","METADATA":"TASWIL1000020230928_DATA_BATAS_DESAKELURAHAN","SRS_ID":"SRGI 2013","KDCPUM":"33.08.11","KDEPUM":"33.08.11.2002","KDPKAB":"33.08","KDPPUM":"33","WADMKC":"Tempuran","WADMKD":"Sumberarum","WADMKK":"Magelang","WADMPR":"Jawa Tengah","DUSUN":"Kerban","Toponimi":"Dusun Kerban","Shape_Leng":3646.39056914,"Shape_Le_1":77.0997883862,"Shape_Area":276.241801282,"KETERANGAN":"2","KET_DETAIL":"Rumah","Id":"107","rumah_rt":null},"geometry":{"type":"Polygon","coordinates":[[[110.17750322095382,-7.5689361231846775],[110.17750043754467,-7.568962304529449],[110.17750589731389,-7.56896595175856],[110.17750569444544,-7.568976862156305],[110.17750860766513,-7.568978322062309],[110.17752900790651,-7.568983998199297],[110.1775306403966,-7.568987820007604],[110.17754812397551,-7.5689938533381715],[110.1775420525003,-7.569024574411787],[110.1775258418517,-7.569019816090601],[110.17752213301186,-7.569053632240773],[110.17752045296558,-7.569074905228365],[110.17751551577412,-7.569083443278227],[110.1775125736066,-7.569097258229404],[110.17751002050844,-7.5690985260196415],[110.17750873323043,-7.569104343035314],[110.17750796207537,-7.569126708544468],[110.1774720667208,-7.569123731087304],[110.17747460397646,-7.569092560149548],[110.17747052498098,-7.569091155930308],[110.17746143003804,-7.569089625567321],[110.17745764020444,-7.569091085487309],[110.17736814239377,-7.569079750821062],[110.17737494353774,-7.5690218956531865],[110.17737993553267,-7.5689844440958405],[110.17738603424641,-7.568939357171098],[110.17746747920147,-7.568948240033684],[110.17746841842133,-7.568933329592013],[110.17750322095382,-7.5689361231846775]]]}},{"type":"Feature","properties":{"NAMOBJ":"Kerban","FCODE":"BA03070040","METADATA":"TASWIL1000020230928_DATA_BATAS_DESAKELURAHAN","SRS_ID":"SRGI 2013","KDCPUM":"33.08.11","KDEPUM":"33.08.11.2002","KDPKAB":"33.08","KDPPUM":"33","WADMKC":"Tempuran","WADMKD":"Sumberarum","WADMKK":"Magelang","WADMPR":"Jawa Tengah","DUSUN":"Kerban","Toponimi":"Dusun Kerban","Shape_Leng":3646.39056914,"Shape_Le_1":62.6719182362,"Shape_Area":226.189148094,"KETERANGAN":"2","KET_DETAIL":"Rumah","Id":"108","rumah_rt":null},"geometry":{"type":"Polygon","coordinates":[[[110.1777260611111,-7.568956365361997],[110.17772101092284,-7.569024548443225],[110.17771858833802,-7.569053093885945],[110.17769526212112,-7.569052686278923],[110.1776943235989,-7.56906723221639],[110.17769267125075,-7.569073412146441],[110.17768046236384,-7.569073025511552],[110.1776644290808,-7.569070812745554],[110.17766005625803,-7.569070440893527],[110.17765840998452,-7.569073892913476],[110.17765730352257,-7.5690804374754626],[110.17765110774738,-7.569080607587518],[110.1776285092636,-7.56908074675312],[110.17761757675339,-7.569079817121212],[110.17756910584616,-7.569077179548025],[110.17756246885699,-7.569077127514224],[110.17756575321773,-7.569019164193099],[110.17756894235751,-7.568971162051661],[110.1775917199267,-7.568972659436583],[110.17759286131799,-7.568947203101559],[110.17762857687946,-7.56894890760032],[110.1777260611111,-7.568956365361997]]]}},{"type":"Feature","properties":{"NAMOBJ":"Kerban","FCODE":"BA03070040","METADATA":"TASWIL1000020230928_DATA_BATAS_DESAKELURAHAN","SRS_ID":"SRGI 2013","KDCPUM":"33.08.11","KDEPUM":"33.08.11.2002","KDPKAB":"33.08","KDPPUM":"33","WADMKC":"Tempuran","WADMKD":"Sumberarum","WADMKK":"Magelang","WADMPR":"Jawa Tengah","DUSUN":"Kerban","Toponimi":"Dusun Kerban","Shape_Leng":3646.39056914,"Shape_Le_1":52.7179826203,"Shape_Area":142.664643782,"KETERANGAN":"2","KET_DETAIL":"Pembuatan Batu Bata","Id":"109","rumah_rt":null},"geometry":{"type":"Polygon","coordinates":[[[110.1773608797506,-7.569423388168281],[110.17741880649974,-7.5694365907920185],[110.17742264860374,-7.569428596985158],[110.17747874861219,-7.569444341369235],[110.17746351448045,-7.569501595347085],[110.17745567957179,-7.56950048885013],[110.17744835216331,-7.56952047857105],[110.17740372146514,-7.569511301572751],[110.17739787468365,-7.569519110699206],[110.17730736567714,-7.569491879677293],[110.17731836883789,-7.569449312726115],[110.17732201875597,-7.56944659169413],[110.17732458840372,-7.569436594769982],[110.1773537303946,-7.569445560741182],[110.1773608797506,-7.569423388168281]]]}},{"type":"Feature","properties":{"NAMOBJ":"Kerban","FCODE":"BA03070040","METADATA":"TASWIL1000020230928_DATA_BATAS_DESAKELURAHAN","SRS_ID":"SRGI 2013","KDCPUM":"33.08.11","KDEPUM":"33.08.11.2002","KDPKAB":"33.08","KDPPUM":"33","WADMKC":"Tempuran","WADMKD":"Sumberarum","WADMKK":"Magelang","WADMPR":"Jawa Tengah","DUSUN":"Kerban","Toponimi":"Dusun Kerban","Shape_Leng":3646.39056914,"Shape_Le_1":80.3165483084,"Shape_Area":251.565359194,"KETERANGAN":"2","KET_DETAIL":"Rumah","Id":"110","rumah_rt":null},"geometry":{"type":"Polygon","coordinates":[[[110.17759397186875,-7.568745717996811],[110.17758864470194,-7.568780202222018],[110.17759575802566,-7.568782772616659],[110.17758457909366,-7.568821962681122],[110.17756949408765,-7.568818240310324],[110.17756032184573,-7.568850330348851],[110.17758337241538,-7.568857477650675],[110.17757934610775,-7.568878496574965],[110.17759699250843,-7.568882791793684],[110.17759297212416,-7.568900684835364],[110.1775810127273,-7.568900662271189],[110.17757274764033,-7.568904624594079],[110.17756732640952,-7.568910297233346],[110.17755902146106,-7.568939716693242],[110.17750051404981,-7.5689219339717395],[110.17750913229237,-7.568893763824434],[110.17745595082867,-7.568877479906648],[110.17743390577292,-7.568872163211028],[110.17744877360542,-7.568817455362365],[110.17746031919435,-7.568783290398597],[110.17746472324772,-7.568767659290425],[110.17748438395047,-7.5687748563646275],[110.17748530752023,-7.568771881366758],[110.17749117496511,-7.568753161496],[110.17750862813394,-7.568757136207129],[110.17751141436905,-7.5687475629463385],[110.17755166494007,-7.568760185882905],[110.17755790641297,-7.568736375380721],[110.17759397186875,-7.568745717996811]]]}},{"type":"Feature","properties":{"NAMOBJ":"Kerban","FCODE":"BA03070040","METADATA":"TASWIL1000020230928_DATA_BATAS_DESAKELURAHAN","SRS_ID":"SRGI 2013","KDCPUM":"33.08.11","KDEPUM":"33.08.11.2002","KDPKAB":"33.08","KDPPUM":"33","WADMKC":"Tempuran","WADMKD":"Sumberarum","WADMKK":"Magelang","WADMPR":"Jawa Tengah","DUSUN":"Kerban","Toponimi":"Dusun Kerban","Shape_Leng":3646.39056914,"Shape_Le_1":78.8624013969,"Shape_Area":211.072141955,"KETERANGAN":"2","KET_DETAIL":"Rumah","Id":"111","rumah_rt":null},"geometry":{"type":"Polygon","coordinates":[[[110.17751141436905,-7.5687475629463385],[110.1775086280821,-7.568757136192121],[110.17749117496511,-7.568753161496],[110.17748530752023,-7.568771881366758],[110.17748438389272,-7.568774856346761],[110.17746472324772,-7.568767659290425],[110.17746031919435,-7.568783290398597],[110.17744877360542,-7.568817455362365],[110.17743390870979,-7.56887216391932],[110.17738054290307,-7.568856242895875],[110.1773752189276,-7.568876599095587],[110.17733624199339,-7.568865898137345],[110.1773434006356,-7.568841624188212],[110.1773605415459,-7.568790284608054],[110.17736943116542,-7.56875762602626],[110.17737744879138,-7.568734057663191],[110.17738610516327,-7.568709683706298],[110.17741397327376,-7.568717373752464],[110.17742552368715,-7.568680662678447],[110.17746067610865,-7.5686910943885914],[110.17744948732489,-7.568729260555118],[110.17746879543702,-7.568734389229473],[110.17747438653525,-7.568715130670023],[110.17749233767184,-7.568720285726242],[110.17749327437811,-7.568718658519522],[110.1774999849165,-7.568720445777612],[110.17749778323615,-7.568728079079249],[110.1775150863335,-7.568733203968402],[110.17751141436905,-7.5687475629463385]]]}},{"type":"Feature","properties":{"NAMOBJ":"Kerban","FCODE":"BA03070040","METADATA":"TASWIL1000020230928_DATA_BATAS_DESAKELURAHAN","SRS_ID":"SRGI 2013","KDCPUM":"33.08.11","KDEPUM":"33.08.11.2002","KDPKAB":"33.08","KDPPUM":"33","WADMKC":"Tempuran","WADMKD":"Sumberarum","WADMKK":"Magelang","WADMPR":"Jawa Tengah","DUSUN":"Kerban","Toponimi":"Dusun Kerban","Shape_Leng":3646.39056914,"Shape_Le_1":51.6980026702,"Shape_Area":159.04816421,"KETERANGAN":"2","KET_DETAIL":"Rumah","Id":"112","rumah_rt":null},"geometry":{"type":"Polygon","coordinates":[[[110.17736689617054,-7.568741140577348],[110.17737418225174,-7.568743660022583],[110.17737245822657,-7.5687487279875665],[110.17736943116542,-7.56875762602626],[110.1773605415459,-7.568790284608054],[110.1773434006356,-7.568841624188212],[110.17734245939756,-7.5688448153091406],[110.17724321354576,-7.56881452220063],[110.17722584922883,-7.568808909443818],[110.17722718992758,-7.56880721810251],[110.17723269300036,-7.568788497548727],[110.17723746364048,-7.568771230925692],[110.17723473283212,-7.568770134964625],[110.1772435305203,-7.5687434204759105],[110.17725136313136,-7.568745253270816],[110.1772594257188,-7.568722356121948],[110.17726624884807,-7.568704106828589],[110.17734632604123,-7.568736704237203],[110.17734851876342,-7.56873379865311],[110.17736689617054,-7.568741140577348]]]}},{"type":"Feature","properties":{"NAMOBJ":"Kerban","FCODE":"BA03070040","METADATA":"TASWIL1000020230928_DATA_BATAS_DESAKELURAHAN","SRS_ID":"SRGI 2013","KDCPUM":"33.08.11","KDEPUM":"33.08.11.2002","KDPKAB":"33.08","KDPPUM":"33","WADMKC":"Tempuran","WADMKD":"Sumberarum","WADMKK":"Magelang","WADMPR":"Jawa Tengah","DUSUN":"Kerban","Toponimi":"Dusun Kerban","Shape_Leng":3646.39056914,"Shape_Le_1":47.9988759921,"Shape_Area":114.674501112,"KETERANGAN":"2","KET_DETAIL":"Rumah","Id":"113","rumah_rt":null},"geometry":{"type":"Polygon","coordinates":[[[110.17728878870979,-7.568638136325293],[110.17736163272136,-7.568665551204574],[110.17737278797296,-7.568638862868838],[110.17739924443514,-7.56865169907444],[110.1774083434917,-7.568654213922889],[110.17738610460215,-7.568709685105926],[110.17737744879138,-7.568734057663191],[110.17737418225174,-7.568743660022583],[110.17736689759798,-7.56874114107094],[110.17734851876342,-7.56873379865311],[110.17734632604123,-7.568736704237203],[110.17726065390296,-7.568701829266667],[110.17728878870979,-7.568638136325293]]]}},{"type":"Feature","properties":{"NAMOBJ":"Kerban","FCODE":"BA03070040","METADATA":"TASWIL1000020230928_DATA_BATAS_DESAKELURAHAN","SRS_ID":"SRGI 2013","KDCPUM":"33.08.11","KDEPUM":"33.08.11.2002","KDPKAB":"33.08","KDPPUM":"33","WADMKC":"Tempuran","WADMKD":"Sumberarum","WADMKK":"Magelang","WADMPR":"Jawa Tengah","DUSUN":"Kerban","Toponimi":"Dusun Kerban","Shape_Leng":3646.39056914,"Shape_Le_1":72.4874613135,"Shape_Area":268.066599863,"KETERANGAN":"2","KET_DETAIL":"Rumah","Id":"114","rumah_rt":"RT02"},"geometry":{"type":"Polygon","coordinates":[[[110.17750836830758,-7.568467500259434],[110.17749283070692,-7.568552427239882],[110.17748045370479,-7.5686225863543495],[110.17744060576916,-7.5686137024014695],[110.17744348606789,-7.56859666013766],[110.17739538436228,-7.568585771647653],[110.17739307706532,-7.568600826938286],[110.17734582258157,-7.5685939179586095],[110.17735590236667,-7.568533984219442],[110.17733518447388,-7.568529960754046],[110.17734461240228,-7.5684868420540585],[110.17734880324429,-7.56848757716738],[110.17735977922844,-7.568441647422715],[110.17750836830758,-7.568467500259434]]]}},{"type":"Feature","properties":{"NAMOBJ":"Kerban","FCODE":"BA03070040","METADATA":"TASWIL1000020230928_DATA_BATAS_DESAKELURAHAN","SRS_ID":"SRGI 2013","KDCPUM":"33.08.11","KDEPUM":"33.08.11.2002","KDPKAB":"33.08","KDPPUM":"33","WADMKC":"Tempuran","WADMKD":"Sumberarum","WADMKK":"Magelang","WADMPR":"Jawa Tengah","DUSUN":"Kerban","Toponimi":"Dusun Kerban","Shape_Leng":3646.39056914,"Shape_Le_1":41.978173731,"Shape_Area":106.625115523,"KETERANGAN":"2","KET_DETAIL":"Rumah","Id":"115","rumah_rt":null},"geometry":{"type":"Polygon","coordinates":[[[110.17718424745709,-7.56850808779181],[110.17718186942118,-7.568560933156425],[110.1771004423412,-7.568555096581458],[110.1771106158886,-7.568445723077133],[110.17718924055227,-7.568451493491058],[110.17718424745709,-7.56850808779181]]]}},{"type":"Feature","properties":{"NAMOBJ":"Kerban","FCODE":"BA03070040","METADATA":"TASWIL1000020230928_DATA_BATAS_DESAKELURAHAN","SRS_ID":"SRGI 2013","KDCPUM":"33.08.11","KDEPUM":"33.08.11.2002","KDPKAB":"33.08","KDPPUM":"33","WADMKC":"Tempuran","WADMKD":"Sumberarum","WADMKK":"Magelang","WADMPR":"Jawa Tengah","DUSUN":"Kerban","Toponimi":"Dusun Kerban","Shape_Leng":3646.39056914,"Shape_Le_1":40.7694392141,"Shape_Area":103.713531019,"KETERANGAN":"2","KET_DETAIL":"Rumah","Id":"116","rumah_rt":null},"geometry":{"type":"Polygon","coordinates":[[[110.17742609945873,-7.5683051024510135],[110.17741766207163,-7.568399988523256],[110.17732894071341,-7.568389663528598],[110.17733784712314,-7.568294423105942],[110.17742609945873,-7.5683051024510135]]]}},{"type":"Feature","properties":{"NAMOBJ":"Kerban","FCODE":"BA03070040","METADATA":"TASWIL1000020230928_DATA_BATAS_DESAKELURAHAN","SRS_ID":"SRGI 2013","KDCPUM":"33.08.11","KDEPUM":"33.08.11.2002","KDPKAB":"33.08","KDPPUM":"33","WADMKC":"Tempuran","WADMKD":"Sumberarum","WADMKK":"Magelang","WADMPR":"Jawa Tengah","DUSUN":"Kerban","Toponimi":"Dusun Kerban","Shape_Leng":3646.39056914,"Shape_Le_1":53.2417498777,"Shape_Area":137.856358129,"KETERANGAN":"2","KET_DETAIL":"Rumah","Id":"117","rumah_rt":null},"geometry":{"type":"Polygon","coordinates":[[[110.17728432907508,-7.568286650279661],[110.17727769828893,-7.568329826835993],[110.17724382253546,-7.568324932056406],[110.17724152099063,-7.56833742947853],[110.17725518198156,-7.56834114917106],[110.17725029390459,-7.568365860374318],[110.17723492197509,-7.568363842403028],[110.17722861619508,-7.568385709044008],[110.17714443650371,-7.568370691089407],[110.1771630638405,-7.56826681582543],[110.17728432907508,-7.568286650279661]]]}},{"type":"Feature","properties":{"NAMOBJ":"Kerban","FCODE":"BA03070040","METADATA":"TASWIL1000020230928_DATA_BATAS_DESAKELURAHAN","SRS_ID":"SRGI 2013","KDCPUM":"33.08.11","KDEPUM":"33.08.11.2002","KDPKAB":"33.08","KDPPUM":"33","WADMKC":"Tempuran","WADMKD":"Sumberarum","WADMKK":"Magelang","WADMPR":"Jawa Tengah","DUSUN":"Kerban","Toponimi":"Dusun Kerban","Shape_Leng":3646.39056914,"Shape_Le_1":48.215611097,"Shape_Area":128.780317574,"KETERANGAN":"2","KET_DETAIL":"Rumah","Id":"118","rumah_rt":null},"geometry":{"type":"Polygon","coordinates":[[[110.17710160341629,-7.568243400326353],[110.17708031680797,-7.568356730769795],[110.17700288808145,-7.568344650846026],[110.17703253179089,-7.568204504369331],[110.17707546313639,-7.568212380314914],[110.17707975953897,-7.568213138962139],[110.1770777699099,-7.568222295350812],[110.17709944682989,-7.568227245804879],[110.17709729651405,-7.568242621580209],[110.17710160341629,-7.568243400326353]]]}},{"type":"Feature","properties":{"NAMOBJ":"Kerban","FCODE":"BA03070040","METADATA":"TASWIL1000020230928_DATA_BATAS_DESAKELURAHAN","SRS_ID":"SRGI 2013","KDCPUM":"33.08.11","KDEPUM":"33.08.11.2002","KDPKAB":"33.08","KDPPUM":"33","WADMKC":"Tempuran","WADMKD":"Sumberarum","WADMKK":"Magelang","WADMPR":"Jawa Tengah","DUSUN":"Kerban","Toponimi":"Dusun Kerban","Shape_Leng":3646.39056914,"Shape_Le_1":76.2769133567,"Shape_Area":277.33801328,"KETERANGAN":"2","KET_DETAIL":"Rumah","Id":"119","rumah_rt":null},"geometry":{"type":"Polygon","coordinates":[[[110.17710043496777,-7.568249603175409],[110.17710160341629,-7.568243400326353],[110.17709729651405,-7.568242621580209],[110.17709944682989,-7.568227245804879],[110.1770777699099,-7.568222295350812],[110.17708788141812,-7.568175761597067],[110.17710278493423,-7.56810068597426],[110.17711087556444,-7.5680625139689575],[110.17710777981785,-7.568061234613104],[110.17711274561552,-7.568037603511167],[110.17711220606338,-7.568033420162736],[110.17711864076662,-7.568003791492255],[110.17721082078884,-7.568021059307492],[110.17719572683302,-7.568100497803752],[110.17720829580928,-7.568103613050056],[110.17720409243447,-7.568109969964451],[110.17719658263658,-7.5681295957372345],[110.17717913052329,-7.568203574843159],[110.17717508154588,-7.568224115248533],[110.17717359333322,-7.568240297260653],[110.17716703090265,-7.568241193879454],[110.17716408666513,-7.568256099630975],[110.17716171334872,-7.568258641271241],[110.1771407596762,-7.568256601907412],[110.17711834963502,-7.568253468082355],[110.17710043496777,-7.568249603175409]]]}},{"type":"Feature","properties":{"NAMOBJ":"Kerban","FCODE":"BA03070040","METADATA":"TASWIL1000020230928_DATA_BATAS_DESAKELURAHAN","SRS_ID":"SRGI 2013","KDCPUM":"33.08.11","KDEPUM":"33.08.11.2002","KDPKAB":"33.08","KDPPUM":"33","WADMKC":"Tempuran","WADMKD":"Sumberarum","WADMKK":"Magelang","WADMPR":"Jawa Tengah","DUSUN":"Kerban","Toponimi":"Dusun Kerban","Shape_Leng":3646.39056914,"Shape_Le_1":57.4684402071,"Shape_Area":150.128767908,"KETERANGAN":"2","KET_DETAIL":"Rumah","Id":"120","rumah_rt":null},"geometry":{"type":"Polygon","coordinates":[[[110.17717378013022,-7.568238231524646],[110.17717508154588,-7.568224115248533],[110.17717913052329,-7.568203574843159],[110.17719658263658,-7.5681295957372345],[110.17720409243447,-7.568109969964451],[110.17720829291014,-7.568103612201027],[110.17724016989318,-7.568112947778509],[110.17723447774894,-7.568135303999307],[110.1773190042951,-7.56815237554895],[110.17730980101115,-7.568200366338145],[110.17728138291511,-7.568194493262058],[110.17726908306074,-7.568242113698985],[110.17721680290313,-7.568230195241726],[110.17721604656127,-7.568244741521073],[110.1772022012065,-7.568242169268772],[110.17718525837728,-7.568239228471867],[110.17717378013022,-7.568238231524646]]]}},{"type":"Feature","properties":{"NAMOBJ":"Kerban","FCODE":"BA03070040","METADATA":"TASWIL1000020230928_DATA_BATAS_DESAKELURAHAN","SRS_ID":"SRGI 2013","KDCPUM":"33.08.11","KDEPUM":"33.08.11.2002","KDPKAB":"33.08","KDPPUM":"33","WADMKC":"Tempuran","WADMKD":"Sumberarum","WADMKK":"Magelang","WADMPR":"Jawa Tengah","DUSUN":"Kerban","Toponimi":"Dusun Kerban","Shape_Leng":3646.39056914,"Shape_Le_1":58.9927252787,"Shape_Area":172.650096039,"KETERANGAN":"2","KET_DETAIL":"Rumah","Id":"121","rumah_rt":null},"geometry":{"type":"Polygon","coordinates":[[[110.17667309662772,-7.568111454758436],[110.17666917928945,-7.568124793952463],[110.17666827548376,-7.568127871562315],[110.17665998202031,-7.568177135254189],[110.17664326767704,-7.56824584258606],[110.17663242011002,-7.56829619366112],[110.17663039233103,-7.568308191416184],[110.17662783336964,-7.568312551617855],[110.17659504604606,-7.568303942323907],[110.1765948586797,-7.568306669890728],[110.17655590551634,-7.56829710785851],[110.17656892693269,-7.5682391555216135],[110.17659539238379,-7.568121368560948],[110.17660357243015,-7.568122537682699],[110.1766060052076,-7.568111354512675],[110.17661148530033,-7.568092120842076],[110.17660858174945,-7.568085568709868],[110.17661812499689,-7.568050490080306],[110.17665929711929,-7.5680574780924745],[110.1766563518304,-7.56807293014472],[110.17667146331515,-7.568080050454351],[110.17667746860566,-7.568081203535714],[110.1766735779825,-7.5681033089889],[110.17667309662772,-7.568111454758436]]]}},{"type":"Feature","properties":{"NAMOBJ":"Kerban","FCODE":"BA03070040","METADATA":"TASWIL1000020230928_DATA_BATAS_DESAKELURAHAN","SRS_ID":"SRGI 2013","KDCPUM":"33.08.11","KDEPUM":"33.08.11.2002","KDPKAB":"33.08","KDPPUM":"33","WADMKC":"Tempuran","WADMKD":"Sumberarum","WADMKK":"Magelang","WADMPR":"Jawa Tengah","DUSUN":"Kerban","Toponimi":"Dusun Kerban","Shape_Leng":3646.39056914,"Shape_Le_1":75.6720896248,"Shape_Area":246.869254331,"KETERANGAN":"2","KET_DETAIL":"Rumah","Id":"122","rumah_rt":null},"geometry":{"type":"Polygon","coordinates":[[[110.17662960717415,-7.568309524236537],[110.17663039233103,-7.568308191416184],[110.17663242011002,-7.56829619366112],[110.17664326767704,-7.56824584258606],[110.17665998202031,-7.568177135254189],[110.17666827507438,-7.56812787305438],[110.17667309662772,-7.568111454758436],[110.1766735779825,-7.5681033089889],[110.17667746860566,-7.568081203535714],[110.17678508112874,-7.568102472171848],[110.17677837356753,-7.568133533925035],[110.1767648497844,-7.568130598664569],[110.17676318398239,-7.568148169624394],[110.17676015086421,-7.5681482796703445],[110.17675342919654,-7.568187255622814],[110.17674600932176,-7.568213462573836],[110.17672921465595,-7.568210305868018],[110.1767027113909,-7.568324149222198],[110.17668139609715,-7.568320653840064],[110.17662960717415,-7.568309524236537]]]}},{"type":"Feature","properties":{"NAMOBJ":"Kerban","FCODE":"BA03070040","METADATA":"TASWIL1000020230928_DATA_BATAS_DESAKELURAHAN","SRS_ID":"SRGI 2013","KDCPUM":"33.08.11","KDEPUM":"33.08.11.2002","KDPKAB":"33.08","KDPPUM":"33","WADMKC":"Tempuran","WADMKD":"Sumberarum","WADMKK":"Magelang","WADMPR":"Jawa Tengah","DUSUN":"Kerban","Toponimi":"Dusun Kerban","Shape_Leng":3646.39056914,"Shape_Le_1":34.1241958833,"Shape_Area":62.9323296723,"KETERANGAN":"2","KET_DETAIL":"Rumah","Id":"123","rumah_rt":null},"geometry":{"type":"Polygon","coordinates":[[[110.17659675787783,-7.568113983322883],[110.17659539183559,-7.56812137152585],[110.17659002666728,-7.56814524918971],[110.17657500926217,-7.568212095369873],[110.17652143436821,-7.5682010594347995],[110.17652767795406,-7.568176158149435],[110.17653136098335,-7.568155979759634],[110.17654146599185,-7.568112901137276],[110.17657334661114,-7.568118780800294],[110.17657518599107,-7.5681100551091385],[110.17658866490743,-7.568112444607954],[110.17659675787783,-7.568113983322883]]]}},{"type":"Feature","properties":{"NAMOBJ":"Kerban","FCODE":"BA03070040","METADATA":"TASWIL1000020230928_DATA_BATAS_DESAKELURAHAN","SRS_ID":"SRGI 2013","KDCPUM":"33.08.11","KDEPUM":"33.08.11.2002","KDPKAB":"33.08","KDPPUM":"33","WADMKC":"Tempuran","WADMKD":"Sumberarum","WADMKK":"Magelang","WADMPR":"Jawa Tengah","DUSUN":"Kerban","Toponimi":"Dusun Kerban","Shape_Leng":3646.39056914,"Shape_Le_1":59.949187523,"Shape_Area":182.499188137,"KETERANGAN":"1","KET_DETAIL":"Gudang","Id":"126","rumah_rt":null},"geometry":{"type":"Polygon","coordinates":[[[110.17289199002998,-7.570280650411332],[110.17285741824115,-7.570342242438083],[110.17268321889202,-7.570267050137083],[110.17270898538787,-7.570215804442972],[110.17270643781897,-7.570214162494499],[110.17271631947482,-7.570192905120577],[110.17275346904084,-7.570206977924218],[110.17275783701173,-7.5702098959340205],[110.17275801192416,-7.5702137149893565],[110.17283394255668,-7.570247136814406],[110.17289199002998,-7.570280650411332]]]}},{"type":"Feature","properties":{"NAMOBJ":"Kerban","FCODE":"BA03070040","METADATA":"TASWIL1000020230928_DATA_BATAS_DESAKELURAHAN","SRS_ID":"SRGI 2013","KDCPUM":"33.08.11","KDEPUM":"33.08.11.2002","KDPKAB":"33.08","KDPPUM":"33","WADMKC":"Tempuran","WADMKD":"Sumberarum","WADMKK":"Magelang","WADMPR":"Jawa Tengah","DUSUN":"Kerban","Toponimi":"Dusun Kerban","Shape_Leng":3646.39056914,"Shape_Le_1":58.4839476568,"Shape_Area":168.87097298,"KETERANGAN":"1","KET_DETAIL":"Gudang","Id":"129","rumah_rt":null},"geometry":{"type":"Polygon","coordinates":[[[110.17393789672673,-7.570549651777708],[110.17392500217025,-7.570621515477042],[110.17373625206562,-7.570599437526097],[110.17374484237652,-7.570527532095523],[110.17387606384105,-7.570543763066983],[110.17393789672673,-7.570549651777708]]]}},{"type":"Feature","properties":{"NAMOBJ":"Kerban","FCODE":"BA03070040","METADATA":"TASWIL1000020230928_DATA_BATAS_DESAKELURAHAN","SRS_ID":"SRGI 2013","KDCPUM":"33.08.11","KDEPUM":"33.08.11.2002","KDPKAB":"33.08","KDPPUM":"33","WADMKC":"Tempuran","WADMKD":"Sumberarum","WADMKK":"Magelang","WADMPR":"Jawa Tengah","DUSUN":"Kerban","Toponimi":"Dusun Kerban","Shape_Leng":3646.39056914,"Shape_Le_1":73.8563673174,"Shape_Area":280.615042436,"KETERANGAN":"1","KET_DETAIL":"Gudang","Id":"130","rumah_rt":null},"geometry":{"type":"Polygon","coordinates":[[[110.17445306321733,-7.565196422339925],[110.17440112936652,-7.565366362239082],[110.17429172996157,-7.565339075672678],[110.17433305635458,-7.565133152708988],[110.17435618671107,-7.565135860201925],[110.17437975199044,-7.56514389591982],[110.17437256207562,-7.56518117503168],[110.17445306321733,-7.565196422339925]]]}},{"type":"Feature","properties":{"NAMOBJ":"Kerban","FCODE":"BA03070040","METADATA":"TASWIL1000020230928_DATA_BATAS_DESAKELURAHAN","SRS_ID":"SRGI 2013","KDCPUM":"33.08.11","KDEPUM":"33.08.11.2002","KDPKAB":"33.08","KDPPUM":"33","WADMKC":"Tempuran","WADMKD":"Sumberarum","WADMKK":"Magelang","WADMPR":"Jawa Tengah","DUSUN":"Kerban","Toponimi":"Dusun Kerban","Shape_Leng":3646.39056914,"Shape_Le_1":140.016387394,"Shape_Area":1107.54342838,"KETERANGAN":"1","KET_DETAIL":"Gudang","Id":"132","rumah_rt":null},"geometry":{"type":"Polygon","coordinates":[[[110.17237664434337,-7.564961625758239],[110.17235833499868,-7.564997108218844],[110.17228808100293,-7.564974776180802],[110.1721466837777,-7.564929668093271],[110.17222355425257,-7.564748676977744],[110.17229851952852,-7.564545896903076],[110.17241461869989,-7.564587380567631],[110.17250980311056,-7.564616696355999],[110.17237664434337,-7.564961625758239]]]}},{"type":"Feature","properties":{"NAMOBJ":"Kerban","FCODE":"BA03070040","METADATA":"TASWIL1000020230928_DATA_BATAS_DESAKELURAHAN","SRS_ID":"SRGI 2013","KDCPUM":"33.08.11","KDEPUM":"33.08.11.2002","KDPKAB":"33.08","KDPPUM":"33","WADMKC":"Tempuran","WADMKD":"Sumberarum","WADMKK":"Magelang","WADMPR":"Jawa Tengah","DUSUN":"Kerban","Toponimi":"Dusun Kerban","Shape_Leng":3646.39056914,"Shape_Le_1":62.5475286081,"Shape_Area":200.578555239,"KETERANGAN":"2","KET_DETAIL":"Gudang","Id":"133","rumah_rt":null},"geometry":{"type":"Polygon","coordinates":[[[110.17169961520469,-7.56449350376029],[110.17177249459154,-7.564518892590339],[110.1717725666459,-7.564520083930048],[110.17186899375524,-7.564552215151496],[110.1718423558364,-7.564633996684641],[110.17174763040022,-7.564602163548483],[110.17174845590998,-7.564599437198237],[110.17167191156696,-7.564572299369931],[110.17167391832653,-7.564565199379096],[110.17165911337648,-7.564560362438921],[110.17167870070782,-7.564500986617205],[110.17168072618456,-7.5644954785502865],[110.17169654036904,-7.5645012439051795],[110.17169961520469,-7.56449350376029]]]}},{"type":"Feature","properties":{"NAMOBJ":"Kerban","FCODE":"BA03070040","METADATA":"TASWIL1000020230928_DATA_BATAS_DESAKELURAHAN","SRS_ID":"SRGI 2013","KDCPUM":"33.08.11","KDEPUM":"33.08.11.2002","KDPKAB":"33.08","KDPPUM":"33","WADMKC":"Tempuran","WADMKD":"Sumberarum","WADMKK":"Magelang","WADMPR":"Jawa Tengah","DUSUN":"Kerban","Toponimi":"Dusun Kerban","Shape_Leng":3646.39056914,"Shape_Le_1":56.2974891341,"Shape_Area":182.559823788,"KETERANGAN":"2","KET_DETAIL":"Rumah","Id":"134","rumah_rt":null},"geometry":{"type":"Polygon","coordinates":[[[110.17149384544479,-7.564278174525322],[110.1715789095008,-7.5642994304334215],[110.17157229010462,-7.5643306957544185],[110.1715678813995,-7.5643486901912],[110.17155522781074,-7.564390491215262],[110.17154697140133,-7.564419389109915],[110.1715451283442,-7.564430478176783],[110.17153583707378,-7.564428824319936],[110.17153036458008,-7.564431905444369],[110.17153006334755,-7.564432365089695],[110.17144512143595,-7.564409012071776],[110.171456500402,-7.564366845028936],[110.17146476215427,-7.5643346738261865],[110.17145019619629,-7.564327917713804],[110.17145628624363,-7.5642881049392985],[110.17146047473598,-7.564289567303094],[110.17146267371174,-7.564283389345761],[110.17148562740692,-7.564287433473181],[110.17148764558179,-7.564280527064183],[110.17149110704996,-7.564281079042204],[110.17149384544479,-7.564278174525322]]]}},{"type":"Feature","properties":{"NAMOBJ":"Kerban","FCODE":"BA03070040","METADATA":"TASWIL1000020230928_DATA_BATAS_DESAKELURAHAN","SRS_ID":"SRGI 2013","KDCPUM":"33.08.11","KDEPUM":"33.08.11.2002","KDPKAB":"33.08","KDPPUM":"33","WADMKC":"Tempuran","WADMKD":"Sumberarum","WADMKK":"Magelang","WADMPR":"Jawa Tengah","DUSUN":"Kerban","Toponimi":"Dusun Kerban","Shape_Leng":3646.39056914,"Shape_Le_1":36.865006489,"Shape_Area":77.4282896113,"KETERANGAN":"2","KET_DETAIL":"Rumah","Id":"135","rumah_rt":null},"geometry":{"type":"Polygon","coordinates":[[[110.17134066716416,-7.564385246792338],[110.1712550861728,-7.564389011998843],[110.1712549150884,-7.56438319223668],[110.17123651113903,-7.564382248261604],[110.1712460551752,-7.564346442579306],[110.17125443896337,-7.564346276708926],[110.17125576773117,-7.564318274662645],[110.17133941451104,-7.564318433594781],[110.17134066716416,-7.564385246792338]]]}},{"type":"Feature","properties":{"NAMOBJ":"Kerban","FCODE":"BA03070040","METADATA":"TASWIL1000020230928_DATA_BATAS_DESAKELURAHAN","SRS_ID":"SRGI 2013","KDCPUM":"33.08.11","KDEPUM":"33.08.11.2002","KDPKAB":"33.08","KDPPUM":"33","WADMKC":"Tempuran","WADMKD":"Sumberarum","WADMKK":"Magelang","WADMPR":"Jawa Tengah","DUSUN":"Kerban","Toponimi":"Dusun Kerban","Shape_Leng":3646.39056914,"Shape_Le_1":92.3342026037,"Shape_Area":523.682814359,"KETERANGAN":"1","KET_DETAIL":"Gudang","Id":"137","rumah_rt":null},"geometry":{"type":"Polygon","coordinates":[[[110.17173217740023,-7.564848523258462],[110.17169580043097,-7.565026040177501],[110.17146498545553,-7.56497587783171],[110.1715008093055,-7.56479761258543],[110.17173217740023,-7.564848523258462]]]}},{"type":"Feature","properties":{"NAMOBJ":"Kerban","FCODE":"BA03070040","METADATA":"TASWIL1000020230928_DATA_BATAS_DESAKELURAHAN","SRS_ID":"SRGI 2013","KDCPUM":"33.08.11","KDEPUM":"33.08.11.2002","KDPKAB":"33.08","KDPPUM":"33","WADMKC":"Tempuran","WADMKD":"Sumberarum","WADMKK":"Magelang","WADMPR":"Jawa Tengah","DUSUN":"Kerban","Toponimi":"Dusun Kerban","Shape_Leng":3646.39056914,"Shape_Le_1":170.798067256,"Shape_Area":1528.98896839,"KETERANGAN":"1","KET_DETAIL":"Pabrik","Id":"141","rumah_rt":null},"geometry":{"type":"MultiPolygon","coordinates":[[[[110.17169493589344,-7.565572401765655],[110.17180640595761,-7.565603709574565],[110.17180914678713,-7.565599532454885],[110.17184575721078,-7.565609967347565],[110.1718473944951,-7.56561124306318],[110.17184666018488,-7.56561415138744],[110.1719517483383,-7.565647265050414],[110.17195284737498,-7.5656441756176225],[110.17197033245418,-7.565649301053153],[110.17195144823974,-7.565709093066743],[110.17194543206968,-7.565710172448101],[110.17186419635334,-7.565688014847373],[110.1717840579509,-7.565663676801266],[110.17167829495075,-7.565633890371128],[110.17169493589344,-7.565572401765655]]],[[[110.17215626736194,-7.565717482994522],[110.17214032317601,-7.56576418731678],[110.17210844594112,-7.565756671151889],[110.1720895064534,-7.5657499067518215],[110.17207693586127,-7.565747701274603],[110.17205777064632,-7.565741650264843],[110.17206459403964,-7.565721542831812],[110.17205736773369,-7.565718851844725],[110.172137793286,-7.565466134850421],[110.17216321385075,-7.56541908400953],[110.17221873670815,-7.5654504673035925],[110.17221853649092,-7.565459923284426],[110.17223656640476,-7.5654659587476125],[110.1721810143033,-7.565641518199813],[110.17215626736194,-7.565717482994522]]],[[[110.17154619475546,-7.565208969691743],[110.17154762209111,-7.565224793602559],[110.17154980997111,-7.565224434157053],[110.17155424107895,-7.565289725372807],[110.17152610405104,-7.56529155919818],[110.17152615957559,-7.565298584489904],[110.17153202099173,-7.565378606404632],[110.17152946664795,-7.5653800568635114],[110.17153371035698,-7.565448075640551],[110.17152660139658,-7.565448971139465],[110.17152475555507,-7.565461515511533],[110.17152584036907,-7.565465881698071],[110.17153349451259,-7.565465714438425],[110.17153615749136,-7.565502816826625],[110.17153309664526,-7.565504168639172],[110.17153182723321,-7.5655043896345955],[110.17153137258687,-7.565507517374093],[110.17152263896037,-7.5655076500214244],[110.1715227198776,-7.565504670811472],[110.17151420956876,-7.5655051014574894],[110.17149741184238,-7.565506484154123],[110.17148827839056,-7.565381251219641],[110.17148572772983,-7.565381246373731],[110.17148149376867,-7.565301050509496],[110.17148091788951,-7.565294503744052],[110.17148917460075,-7.565293965887569],[110.1714832823015,-7.565230126303204],[110.17148638286582,-7.565228859587611],[110.17148552443865,-7.565212748250818],[110.17154619475546,-7.565208969691743]]],[[[110.17196494012937,-7.565323237682422],[110.17205934057982,-7.5653473350407126],[110.17206150723639,-7.56534622211879],[110.17206411925093,-7.565346375412865],[110.17206456418118,-7.5653478659396285],[110.17210992212745,-7.565361806908066],[110.17209452829617,-7.5654098617623635],[110.17205300304322,-7.565396689642504],[110.17198899373551,-7.565598512733959],[110.17198719057866,-7.565604840684841],[110.17198554743726,-7.565605210211496],[110.17188938241931,-7.565575260195552],[110.17188661467829,-7.565573587074662],[110.17188470549328,-7.5655727730332165],[110.17188028890516,-7.565583966656521],[110.17187928322615,-7.565585156854101],[110.1715535768516,-7.565481570171245],[110.17155268516873,-7.565481310406932],[110.17157037592156,-7.565429597082817],[110.17160301889575,-7.5653260126897495],[110.17162134550988,-7.5652682131127555],[110.17155841503396,-7.565244614687699],[110.17157519519328,-7.565195931500819],[110.17163875279616,-7.565218601872887],[110.17196494012937,-7.565323237682422]]]]}},{"type":"Feature","properties":{"NAMOBJ":"Kerban","FCODE":"BA03070040","METADATA":"TASWIL1000020230928_DATA_BATAS_DESAKELURAHAN","SRS_ID":"SRGI 2013","KDCPUM":"33.08.11","KDEPUM":"33.08.11.2002","KDPKAB":"33.08","KDPPUM":"33","WADMKC":"Tempuran","WADMKD":"Sumberarum","WADMKK":"Magelang","WADMPR":"Jawa Tengah","DUSUN":"Kerban","Toponimi":"Dusun Kerban","Shape_Leng":3646.39056914,"Shape_Le_1":62.6024772074,"Shape_Area":194.38002064,"KETERANGAN":"2","KET_DETAIL":"Rumah","Id":"144","rumah_rt":null},"geometry":{"type":"Polygon","coordinates":[[[110.17194330105845,-7.565901722328777],[110.17194042527665,-7.565916775589787],[110.17198765855596,-7.565935050797876],[110.1719762094277,-7.565965999428292],[110.17194356633942,-7.566069179547002],[110.1719165209945,-7.566062261359617],[110.17191088521118,-7.566082036201955],[110.17186996563167,-7.566072066170956],[110.17187150227305,-7.5660614776044905],[110.17184433800261,-7.566055607481632],[110.17189510319606,-7.565904149083982],[110.17191538031719,-7.565909909139491],[110.17192509917308,-7.565890322042341],[110.17193592000719,-7.565890342590808],[110.17194445451685,-7.565894336709555],[110.17194330105845,-7.565901722328777]]]}},{"type":"Feature","properties":{"NAMOBJ":"Kerban","FCODE":"BA03070040","METADATA":"TASWIL1000020230928_DATA_BATAS_DESAKELURAHAN","SRS_ID":"SRGI 2013","KDCPUM":"33.08.11","KDEPUM":"33.08.11.2002","KDPKAB":"33.08","KDPPUM":"33","WADMKC":"Tempuran","WADMKD":"Sumberarum","WADMKK":"Magelang","WADMPR":"Jawa Tengah","DUSUN":"Kerban","Toponimi":"Dusun Kerban","Shape_Leng":3646.39056914,"Shape_Le_1":57.7576341106,"Shape_Area":168.760923783,"KETERANGAN":"2","KET_DETAIL":"Rumah","Id":"145","rumah_rt":null},"geometry":{"type":"Polygon","coordinates":[[[110.17165829832587,-7.566153003291987],[110.17171653119384,-7.566165031365827],[110.17169884663905,-7.566253055427594],[110.17169590609315,-7.566264040202505],[110.17167004199078,-7.566257503220876],[110.17166360800802,-7.566290860052679],[110.17166240995769,-7.566293109032409],[110.17162333598677,-7.566284965014134],[110.17158271006339,-7.566277853675846],[110.17158773684153,-7.566251379089232],[110.17158732813344,-7.566248482161454],[110.17156955854328,-7.566246573845496],[110.17157964442819,-7.566202377875415],[110.17159463579506,-7.566204260544592],[110.1715975571425,-7.56620333900063],[110.17160492208224,-7.5661685268182435],[110.17163357543818,-7.566174010858],[110.17163838486111,-7.566156937947595],[110.17165377353659,-7.566159615504615],[110.17165484329057,-7.5661552479842955],[110.17165829832587,-7.566153003291987]]]}},{"type":"Feature","properties":{"NAMOBJ":"Kerban","FCODE":"BA03070040","METADATA":"TASWIL1000020230928_DATA_BATAS_DESAKELURAHAN","SRS_ID":"SRGI 2013","KDCPUM":"33.08.11","KDEPUM":"33.08.11.2002","KDPKAB":"33.08","KDPPUM":"33","WADMKC":"Tempuran","WADMKD":"Sumberarum","WADMKK":"Magelang","WADMPR":"Jawa Tengah","DUSUN":"Kerban","Toponimi":"Dusun Kerban","Shape_Leng":3646.39056914,"Shape_Le_1":27.065015915,"Shape_Area":46.2793844485,"KETERANGAN":"2","KET_DETAIL":"Rumah","Id":"146","rumah_rt":null},"geometry":{"type":"Polygon","coordinates":[[[110.1715871192202,-7.5661793513024085],[110.17156164015863,-7.566179567908966],[110.17156058202517,-7.566177844669406],[110.17152462638792,-7.5661743329932785],[110.17152450137692,-7.566170493229813],[110.17151577833157,-7.566169969194574],[110.17151873827457,-7.566130624473178],[110.17152724507221,-7.566123489801376],[110.17153255635047,-7.566121778663334],[110.17159080588297,-7.566125067679873],[110.1715871192202,-7.5661793513024085]]]}},{"type":"Feature","properties":{"NAMOBJ":"Kerban","FCODE":"BA03070040","METADATA":"TASWIL1000020230928_DATA_BATAS_DESAKELURAHAN","SRS_ID":"SRGI 2013","KDCPUM":"33.08.11","KDEPUM":"33.08.11.2002","KDPKAB":"33.08","KDPPUM":"33","WADMKC":"Tempuran","WADMKD":"Sumberarum","WADMKK":"Magelang","WADMPR":"Jawa Tengah","DUSUN":"Kerban","Toponimi":"Dusun Kerban","Shape_Leng":3646.39056914,"Shape_Le_1":130.294260002,"Shape_Area":661.279308532,"KETERANGAN":"1","KET_DETAIL":"Sekolah","Id":"147","rumah_rt":null},"geometry":{"type":"Polygon","coordinates":[[[110.17139627688633,-7.566932778615378],[110.17126062625779,-7.56690839272277],[110.17101490638903,-7.566864220133011],[110.17105446015795,-7.5666804367895715],[110.1710547082043,-7.566679331079548],[110.17114814104603,-7.566697452717714],[110.17114792597108,-7.566701383186995],[110.17116513093299,-7.566703691569114],[110.1711521299197,-7.56678022129521],[110.17123815379419,-7.566793212178073],[110.17124170848729,-7.566777701643628],[110.17141344475071,-7.566800671745804],[110.17139627688633,-7.566932778615378]]]}},{"type":"Feature","properties":{"NAMOBJ":"Kerban","FCODE":"BA03070040","METADATA":"TASWIL1000020230928_DATA_BATAS_DESAKELURAHAN","SRS_ID":"SRGI 2013","KDCPUM":"33.08.11","KDEPUM":"33.08.11.2002","KDPKAB":"33.08","KDPPUM":"33","WADMKC":"Tempuran","WADMKD":"Sumberarum","WADMKK":"Magelang","WADMPR":"Jawa Tengah","DUSUN":"Kerban","Toponimi":"Dusun Kerban","Shape_Leng":3646.39056914,"Shape_Le_1":158.706246783,"Shape_Area":654.405947765,"KETERANGAN":"1","KET_DETAIL":"Sekolah","Id":"148","rumah_rt":null},"geometry":{"type":"Polygon","coordinates":[[[110.17115181628384,-7.566501430520841],[110.17113941713797,-7.566499411299042],[110.17118887152182,-7.566306042346772],[110.1711924464286,-7.566306531230691],[110.17122370855007,-7.566178540435939],[110.1712315997202,-7.566144903280677],[110.17123577554231,-7.566145888962314],[110.17126477725081,-7.566030122460461],[110.17141026859485,-7.566065474757334],[110.17140691978643,-7.5660899509111195],[110.17140832437511,-7.566095367809106],[110.17141351138908,-7.566097025631647],[110.17140423081372,-7.566139146001254],[110.1714021021304,-7.566141731488036],[110.1713870101851,-7.566138407781644],[110.17138487836544,-7.566143111559091],[110.17138156324216,-7.566149461053931],[110.17133651992735,-7.5661406652950705],[110.17130280052316,-7.566132362287691],[110.17129572409756,-7.566131877604049],[110.1712926504825,-7.566135167694769],[110.17128788853377,-7.56615822926488],[110.17132278674983,-7.566167240914203],[110.17132324550865,-7.566173832745806],[110.17130209014402,-7.566257126982241],[110.17129210703044,-7.566296421315434],[110.17132487747043,-7.566307548122925],[110.17130918747608,-7.566370607726742],[110.17128159909696,-7.56636325793371],[110.17127640803726,-7.566363718398252],[110.17124976974877,-7.566476899857538],[110.17123978033355,-7.566519489203697],[110.17123623357904,-7.566523719959953],[110.17118482845285,-7.566510910661862],[110.17115181628384,-7.566501430520841]]]}},{"type":"Feature","properties":{"NAMOBJ":"Kerban","FCODE":"BA03070040","METADATA":"TASWIL1000020230928_DATA_BATAS_DESAKELURAHAN","SRS_ID":"SRGI 2013","KDCPUM":"33.08.11","KDEPUM":"33.08.11.2002","KDPKAB":"33.08","KDPPUM":"33","WADMKC":"Tempuran","WADMKD":"Sumberarum","WADMKK":"Magelang","WADMPR":"Jawa Tengah","DUSUN":"Kerban","Toponimi":"Dusun Kerban","Shape_Leng":3646.39056914,"Shape_Le_1":41.448283472,"Shape_Area":107.673231828,"KETERANGAN":"2","KET_DETAIL":"Rumah","Id":"149","rumah_rt":null},"geometry":{"type":"Polygon","coordinates":[[[110.17692963996225,-7.570134439528785],[110.17692768652167,-7.570139693330446],[110.17691769964988,-7.570173039038489],[110.17690342848506,-7.5702206170579505],[110.17681020697702,-7.570194398891069],[110.17681848351323,-7.5701614813943365],[110.17682614964866,-7.570134971006273],[110.17683441459245,-7.570108163269512],[110.17692815087351,-7.570133822303752],[110.17692963996225,-7.570134439528785]]]}},{"type":"Feature","properties":{"NAMOBJ":"Kerban","FCODE":"BA03070040","METADATA":"TASWIL1000020230928_DATA_BATAS_DESAKELURAHAN","SRS_ID":"SRGI 2013","KDCPUM":"33.08.11","KDEPUM":"33.08.11.2002","KDPKAB":"33.08","KDPPUM":"33","WADMKC":"Tempuran","WADMKD":"Sumberarum","WADMKK":"Magelang","WADMPR":"Jawa Tengah","DUSUN":"Kerban","Toponimi":"Dusun Kerban","Shape_Leng":3646.39056914,"Shape_Le_1":45.6343326229,"Shape_Area":119.305585818,"KETERANGAN":"2","KET_DETAIL":"Rumah","Id":"151","rumah_rt":null},"geometry":{"type":"Polygon","coordinates":[[[110.177114436177,-7.57019811251326],[110.17701731935752,-7.570180444157405],[110.1770386339064,-7.57007161456128],[110.17707545712963,-7.570079289705767],[110.17708059244774,-7.570078134428047],[110.17710811380373,-7.570085171715002],[110.17710456197925,-7.570112640490069],[110.177125785838,-7.570118036007173],[110.1771107106601,-7.57019228369098],[110.177114436177,-7.57019811251326]]]}},{"type":"Feature","properties":{"NAMOBJ":"Kerban","FCODE":"BA03070040","METADATA":"TASWIL1000020230928_DATA_BATAS_DESAKELURAHAN","SRS_ID":"SRGI 2013","KDCPUM":"33.08.11","KDEPUM":"33.08.11.2002","KDPKAB":"33.08","KDPPUM":"33","WADMKC":"Tempuran","WADMKD":"Sumberarum","WADMKK":"Magelang","WADMPR":"Jawa Tengah","DUSUN":"Kerban","Toponimi":"Dusun Kerban","Shape_Leng":3646.39056914,"Shape_Le_1":55.3512546969,"Shape_Area":186.274972401,"KETERANGAN":"2","KET_DETAIL":"Rumah","Id":"153","rumah_rt":null},"geometry":{"type":"Polygon","coordinates":[[[110.17163345415855,-7.565981025826733],[110.17162796797582,-7.56610529484879],[110.17152777873227,-7.566095104553168],[110.17150279767696,-7.566091707763677],[110.17150537583755,-7.5660422429548415],[110.1715007476593,-7.566042234161349],[110.17150205568123,-7.56601227929933],[110.17150705864054,-7.566012538441875],[110.17150939708598,-7.565975076528151],[110.17163345415855,-7.565981025826733]]]}},{"type":"Feature","properties":{"NAMOBJ":"Kerban","FCODE":"BA03070040","METADATA":"TASWIL1000020230928_DATA_BATAS_DESAKELURAHAN","SRS_ID":"SRGI 2013","KDCPUM":"33.08.11","KDEPUM":"33.08.11.2002","KDPKAB":"33.08","KDPPUM":"33","WADMKC":"Tempuran","WADMKD":"Sumberarum","WADMKK":"Magelang","WADMPR":"Jawa Tengah","DUSUN":"Kerban","Toponimi":"Dusun Kerban","Shape_Leng":3646.39056914,"Shape_Le_1":78.4288343859,"Shape_Area":251.527113212,"KETERANGAN":"2","KET_DETAIL":"Rumah","Id":"154","rumah_rt":null},"geometry":{"type":"Polygon","coordinates":[[[110.17163345114574,-7.565981025599531],[110.17150939713453,-7.565975079542714],[110.17150937439511,-7.565973667302114],[110.17150529188207,-7.565973659545486],[110.17150839706811,-7.565933870951939],[110.17153562905266,-7.56593417323201],[110.17153562066876,-7.565938567189568],[110.17154754945292,-7.56593842975948],[110.17155069294476,-7.565893289417964],[110.17156207666427,-7.565893311045113],[110.17156385069303,-7.56586044734897],[110.17161916046066,-7.565862892318251],[110.17162015916263,-7.565851581859075],[110.17166999634205,-7.56585382196202],[110.17166874418336,-7.565895362442221],[110.17167166810128,-7.565899269027336],[110.17167086779249,-7.565909214095727],[110.17173047931718,-7.565910303264201],[110.17173013561701,-7.565988316899196],[110.17163345114574,-7.565981025599531]]]}},{"type":"Feature","properties":{"NAMOBJ":"Kerban","FCODE":"BA03070040","METADATA":"TASWIL1000020230928_DATA_BATAS_DESAKELURAHAN","SRS_ID":"SRGI 2013","KDCPUM":"33.08.11","KDEPUM":"33.08.11.2002","KDPKAB":"33.08","KDPPUM":"33","WADMKC":"Tempuran","WADMKD":"Sumberarum","WADMKK":"Magelang","WADMPR":"Jawa Tengah","DUSUN":"Kerban","Toponimi":"Dusun Kerban","Shape_Leng":3646.39056914,"Shape_Le_1":68.8297423048,"Shape_Area":139.5881191,"KETERANGAN":"2","KET_DETAIL":"Rumah","Id":"155","rumah_rt":null},"geometry":{"type":"Polygon","coordinates":[[[110.17166999610926,-7.565853824967992],[110.17162015916263,-7.565851581859075],[110.17161916046066,-7.565862892318251],[110.17156385069303,-7.56586044734897],[110.1715635454095,-7.565866162161101],[110.17152497555793,-7.565866403673332],[110.17152538844645,-7.565846682228228],[110.17149499244088,-7.5658457507484815],[110.17149631899363,-7.565806558446982],[110.1715323386657,-7.565809747343816],[110.17159725569223,-7.5658126175845135],[110.17159954438831,-7.56579314933943],[110.1716523280898,-7.565795995617243],[110.17165533157853,-7.565795252411524],[110.17165687809108,-7.565771414107889],[110.17168289137287,-7.565774334347113],[110.17171240467736,-7.565778509418152],[110.17170876064753,-7.5658199594300255],[110.17167300174393,-7.565815015443221],[110.17166999610926,-7.565853824967992]]]}},{"type":"Feature","properties":{"NAMOBJ":"Kerban","FCODE":"BA03070040","METADATA":"TASWIL1000020230928_DATA_BATAS_DESAKELURAHAN","SRS_ID":"SRGI 2013","KDCPUM":"33.08.11","KDEPUM":"33.08.11.2002","KDPKAB":"33.08","KDPPUM":"33","WADMKC":"Tempuran","WADMKD":"Sumberarum","WADMKK":"Magelang","WADMPR":"Jawa Tengah","DUSUN":"Kerban","Toponimi":"Dusun Kerban","Shape_Leng":3646.39056914,"Shape_Le_1":62.3966496975,"Shape_Area":211.832690905,"KETERANGAN":"2","KET_DETAIL":"Rumah","Id":"156","rumah_rt":null},"geometry":{"type":"Polygon","coordinates":[[[110.17727176481185,-7.569552040971588],[110.1772450083025,-7.569635580883908],[110.17722564643532,-7.569630187682129],[110.17720512516291,-7.5696245614489515],[110.17720115595975,-7.56962548557349],[110.1771981000956,-7.569637587215167],[110.177195528234,-7.569640143856049],[110.17717430307285,-7.569635446603113],[110.17715657807284,-7.569630523505006],[110.1771594716895,-7.5696117274782],[110.1771315173672,-7.569601761565069],[110.17715302947158,-7.5695329565478655],[110.17717346936044,-7.569459883054572],[110.1772686181076,-7.569488702220581],[110.17726986781281,-7.569489112734893],[110.1772542737216,-7.569546886418858],[110.17727176481185,-7.569552040971588]]]}},{"type":"Feature","properties":{"NAMOBJ":"Kerban","FCODE":"BA03070040","METADATA":"TASWIL1000020230928_DATA_BATAS_DESAKELURAHAN","SRS_ID":"SRGI 2013","KDCPUM":"33.08.11","KDEPUM":"33.08.11.2002","KDPKAB":"33.08","KDPPUM":"33","WADMKC":"Tempuran","WADMKD":"Sumberarum","WADMKK":"Magelang","WADMPR":"Jawa Tengah","DUSUN":"Kerban","Toponimi":"Dusun Kerban","Shape_Leng":3646.39056914,"Shape_Le_1":89.9448022031,"Shape_Area":343.891268019,"KETERANGAN":"2","KET_DETAIL":"Pembuatan Batu Bata","Id":"159","rumah_rt":null},"geometry":{"type":"Polygon","coordinates":[[[110.17509740892025,-7.566393788432345],[110.17511138669443,-7.566571841501659],[110.17500478495623,-7.5665774726754735],[110.17500095131756,-7.566539039526383],[110.17501415581638,-7.566538718093384],[110.17500489095896,-7.566396720292272],[110.17500800409267,-7.566396948685194],[110.17500417603736,-7.566305001677291],[110.1751261447756,-7.566302458379461],[110.17512565631132,-7.566391623174546],[110.17509740892025,-7.566393788432345]]]}},{"type":"Feature","properties":{"NAMOBJ":"Kerban","FCODE":"BA03070040","METADATA":"TASWIL1000020230928_DATA_BATAS_DESAKELURAHAN","SRS_ID":"SRGI 2013","KDCPUM":"33.08.11","KDEPUM":"33.08.11.2002","KDPKAB":"33.08","KDPPUM":"33","WADMKC":"Tempuran","WADMKD":"Sumberarum","WADMKK":"Magelang","WADMPR":"Jawa Tengah","DUSUN":"Kerban","Toponimi":"Dusun Kerban","Shape_Leng":3646.39056914,"Shape_Le_1":80.9369605551,"Shape_Area":300.913245133,"KETERANGAN":"2","KET_DETAIL":"Pembuatan Batu Bata","Id":"160","rumah_rt":null},"geometry":{"type":"Polygon","coordinates":[[[110.17458027828076,-7.566885886695274],[110.17456094342963,-7.566967372006658],[110.17428756599726,-7.566923256500912],[110.17430728724854,-7.566831193103875],[110.17458027828076,-7.566885886695274]]]}},{"type":"Feature","properties":{"NAMOBJ":"Kerban","FCODE":"BA03070040","METADATA":"TASWIL1000020230928_DATA_BATAS_DESAKELURAHAN","SRS_ID":"SRGI 2013","KDCPUM":"33.08.11","KDEPUM":"33.08.11.2002","KDPKAB":"33.08","KDPPUM":"33","WADMKC":"Tempuran","WADMKD":"Sumberarum","WADMKK":"Magelang","WADMPR":"Jawa Tengah","DUSUN":"Kerban","Toponimi":"Dusun Kerban","Shape_Leng":3646.39056914,"Shape_Le_1":66.4066208294,"Shape_Area":159.687092535,"KETERANGAN":"2","KET_DETAIL":"Pembuatan Batu Bata","Id":"161","rumah_rt":null},"geometry":{"type":"Polygon","coordinates":[[[110.17329895278212,-7.566602280852798],[110.17325492570397,-7.566706255568839],[110.17319130460308,-7.566679549266089],[110.17326817597426,-7.566512829795739],[110.17324864745,-7.566503583328992],[110.17326064900524,-7.566473808818789],[110.17328452328596,-7.566481438169783],[110.17327578444021,-7.566509052631774],[110.17332135709428,-7.566526475250166],[110.17329895278212,-7.566602280852798]]]}},{"type":"Feature","properties":{"NAMOBJ":"Kerban","FCODE":"BA03070040","METADATA":"TASWIL1000020230928_DATA_BATAS_DESAKELURAHAN","SRS_ID":"SRGI 2013","KDCPUM":"33.08.11","KDEPUM":"33.08.11.2002","KDPKAB":"33.08","KDPPUM":"33","WADMKC":"Tempuran","WADMKD":"Sumberarum","WADMKK":"Magelang","WADMPR":"Jawa Tengah","DUSUN":"Kerban","Toponimi":"Dusun Kerban","Shape_Leng":3646.39056914,"Shape_Le_1":71.1865924203,"Shape_Area":292.044702897,"KETERANGAN":"2","KET_DETAIL":"Pembuatan Batu Bata","Id":"162","rumah_rt":null},"geometry":{"type":"Polygon","coordinates":[[[110.17611347365872,-7.5668585153154995],[110.1760553308266,-7.566875318180098],[110.17601400161784,-7.566687059878442],[110.17612863172334,-7.566649352425199],[110.17613613736475,-7.566699751735408],[110.17614046860164,-7.566706261342975],[110.17617929475196,-7.566845569003644],[110.17611347365872,-7.5668585153154995]]]}},{"type":"Feature","properties":{"NAMOBJ":"Kerban","FCODE":"BA03070040","METADATA":"TASWIL1000020230928_DATA_BATAS_DESAKELURAHAN","SRS_ID":"SRGI 2013","KDCPUM":"33.08.11","KDEPUM":"33.08.11.2002","KDPKAB":"33.08","KDPPUM":"33","WADMKC":"Tempuran","WADMKD":"Sumberarum","WADMKK":"Magelang","WADMPR":"Jawa Tengah","DUSUN":"Kerban","Toponimi":"Dusun Kerban","Shape_Leng":3646.39056914,"Shape_Le_1":67.4149821469,"Shape_Area":211.11972736,"KETERANGAN":"2","KET_DETAIL":"Pembuatan Batu Bata","Id":"163","rumah_rt":null},"geometry":{"type":"Polygon","coordinates":[[[110.17617929181903,-7.566845569727944],[110.17614046860164,-7.566706261342975],[110.17613613736475,-7.566699751735408],[110.17612863247054,-7.566649355346486],[110.17612324222254,-7.566628281355723],[110.17617926884483,-7.566608917315867],[110.17620802857039,-7.5666529901270545],[110.17620038253378,-7.5666589018534465],[110.1762096659611,-7.566684314561877],[110.17626284470067,-7.566824936414022],[110.17617929181903,-7.566845569727944]]]}},{"type":"Feature","properties":{"NAMOBJ":"Kerban","FCODE":"BA03070040","METADATA":"TASWIL1000020230928_DATA_BATAS_DESAKELURAHAN","SRS_ID":"SRGI 2013","KDCPUM":"33.08.11","KDEPUM":"33.08.11.2002","KDPKAB":"33.08","KDPPUM":"33","WADMKC":"Tempuran","WADMKD":"Sumberarum","WADMKK":"Magelang","WADMPR":"Jawa Tengah","DUSUN":"Kerban","Toponimi":"Dusun Kerban","Shape_Leng":3646.39056914,"Shape_Le_1":62.8096426303,"Shape_Area":198.121008673,"KETERANGAN":"2","KET_DETAIL":"Pembuatan Batu Bata","Id":"164","rumah_rt":null},"geometry":{"type":"Polygon","coordinates":[[[110.17633174827128,-7.566725178195907],[110.176295234887,-7.566743732522577],[110.17628338373626,-7.566730165500679],[110.17626046489974,-7.566737741566652],[110.17619559653225,-7.56661232625393],[110.17620557419303,-7.566605580632193],[110.17618869201415,-7.566560683666235],[110.17624727831233,-7.566533705992273],[110.17633435935154,-7.5666904754018915],[110.17632330682399,-7.5667031525597634],[110.17633174827128,-7.566725178195907]]]}},{"type":"Feature","properties":{"NAMOBJ":"Kerban","FCODE":"BA03070040","METADATA":"TASWIL1000020230928_DATA_BATAS_DESAKELURAHAN","SRS_ID":"SRGI 2013","KDCPUM":"33.08.11","KDEPUM":"33.08.11.2002","KDPKAB":"33.08","KDPPUM":"33","WADMKC":"Tempuran","WADMKD":"Sumberarum","WADMKK":"Magelang","WADMPR":"Jawa Tengah","DUSUN":"Kerban","Toponimi":"Dusun Kerban","Shape_Leng":3646.39056914,"Shape_Le_1":64.8523897941,"Shape_Area":233.68972042,"KETERANGAN":"2","KET_DETAIL":"Rumah","Id":"166","rumah_rt":null},"geometry":{"type":"Polygon","coordinates":[[[110.1757749995436,-7.56883356573644],[110.175833436097,-7.568652483038274],[110.17583632009776,-7.568653313103872],[110.1759270816224,-7.568680124429258],[110.17591591100478,-7.5687162925739875],[110.17591851854668,-7.5687173819785265],[110.17591709347757,-7.568723673580451],[110.175914810314,-7.568723126574356],[110.17587541522178,-7.568853374502814],[110.17587394833528,-7.568853523682555],[110.1758703085178,-7.568864767662704],[110.1757749995436,-7.56883356573644]]]}},{"type":"Feature","properties":{"NAMOBJ":"Kerban","FCODE":"BA03070040","METADATA":"TASWIL1000020230928_DATA_BATAS_DESAKELURAHAN","SRS_ID":"SRGI 2013","KDCPUM":"33.08.11","KDEPUM":"33.08.11.2002","KDPKAB":"33.08","KDPPUM":"33","WADMKC":"Tempuran","WADMKD":"Sumberarum","WADMKK":"Magelang","WADMPR":"Jawa Tengah","DUSUN":"Kerban","Toponimi":"Dusun Kerban","Shape_Leng":3646.39056914,"Shape_Le_1":71.4186341133,"Shape_Area":250.185313443,"KETERANGAN":"2","KET_DETAIL":"Rumah","Id":"167","rumah_rt":null},"geometry":{"type":"Polygon","coordinates":[[[110.1763983239018,-7.567786050868993],[110.17656227688731,-7.5678323083132355],[110.1765361742422,-7.5679385131503425],[110.17631855998167,-7.567851671231801],[110.17634073871278,-7.567800300743065],[110.17637236289045,-7.567817590890842],[110.1763983239018,-7.567786050868993]]]}}],"bbox":[408549.5903000012,9163083.566612551,409290.42560000066,9163784.3795]}