{"type":"FeatureCollection","features":[{"type":"Feature","properties":{"FID_Fisnet":2,"FID_PL":0,"NAMOBJ":"Kerban","FCODE":"BA03070040","METADATA":"TASWIL1000020230928_DATA_BATAS_DESAKELURAHAN","SRS_ID":"SRGI 2013","KDCPUM":"33.08.11","KDEPUM":"33.08.11.2002","KDPKAB":"33.08","KDPPUM":"33","WADMKC":"Tempuran","WADMKD":"Sumberarum","WADMKK":"Magelang","WADMPR":"Jawa Tengah","DUSUN":"Kerban","Toponimi":"Dusun Kerban","Shape_Leng":3646.39056914,"Shape_Le_1":12240.1679469,"KETERANGAN":null,"KET_DETAIL":null,"PL":"23","Shape_Le_2":902.677530771,"Shape_Area":19176.4404722},"geometry":{"type":"Polygon","coordinates":[[[110.17459739506978,-7.5699680356665136],[110.17463862865439,-7.569989479440538],[110.17468066305352,-7.570009743473402],[110.17470651435876,-7.570030783656737],[110.17471538080189,-7.570048562673958],[110.17471696129917,-7.570068749194141],[110.17471416003873,-7.570111847908363],[110.17470058384701,-7.570188399307154],[110.17471968648704,-7.570232468402892],[110.17477715007179,-7.570282354505312],[110.17484805243821,-7.570326520773134],[110.17485944576724,-7.570389721354322],[110.1749016154218,-7.570410861165886],[110.17495144890111,-7.570437758042391],[110.17495139430018,-7.570466475260047],[110.17491875549662,-7.57047790039662],[110.17484783945959,-7.57043947667092],[110.174799867555,-7.570443214513136],[110.17475577170934,-7.570425900623442],[110.17466759550199,-7.570383614607847],[110.17463120808509,-7.570349084913424],[110.17461591687443,-7.570318424749855],[110.17458138192188,-7.570318359342906],[110.17452576443013,-7.570306767073961],[110.17450654162572,-7.570325874939366],[110.17444138512343,-7.570285547273741],[110.17440677732603,-7.570323772074753],[110.17436650112059,-7.570316037521876],[110.17433383772487,-7.570340864283706],[110.1743089792993,-7.570296783365591],[110.1742648843993,-7.570279469431544],[110.1742130409966,-7.570300431169322],[110.17418226007224,-7.570344405760137],[110.17414958118565,-7.570376889825216],[110.17410352365025,-7.570382546007736],[110.17408621244569,-7.570405487957658],[110.17407079464539,-7.570441833401162],[110.17400361357984,-7.570457022580001],[110.17395184029952,-7.5704416079454555],[110.17390192397342,-7.570458743716927],[110.1738746269687,-7.570447205047355],[110.17378879106748,-7.570424068475647],[110.17364105760774,-7.570423788374673],[110.17355476762681,-7.570398737013228],[110.17335927746545,-7.570289239569144],[110.17328456847787,-7.570227834564539],[110.17313308209556,-7.570183513369915],[110.17296056344071,-7.570100863677106],[110.17276506628419,-7.56999519555899],[110.1727114654521,-7.569931914840368],[110.17266550650916,-7.569885879910921],[110.17250644051894,-7.569791767769106],[110.17244896998395,-7.569745710964405],[110.17236269848482,-7.569711086385227],[110.17228223028229,-7.569651585084891],[110.1721634697613,-7.569549891126798],[110.17207535246934,-7.56947697265217],[110.17203699896275,-7.569467327664795],[110.17197375639469,-7.569465919542049],[110.17192354142304,-7.569376900907395],[110.17190717510262,-7.569283697321712],[110.1719030801479,-7.569104445644623],[110.17191561107776,-7.5689892411656485],[110.17195539978051,-7.568875643270461],[110.17200350800404,-7.568800352416033],[110.1720359599403,-7.5687609270883005],[110.1720727967748,-7.568735965516979],[110.1721534446207,-7.5687016579231825],[110.17224719403697,-7.568697735035815],[110.1723282632446,-7.568718148466644],[110.17240537894372,-7.568761209843719],[110.17246433873599,-7.568907514121075],[110.17253752918317,-7.569112464891974],[110.17261461036418,-7.5693077613640485],[110.17270733067951,-7.569425800422065],[110.17277693173007,-7.5694819660945525],[110.17292516499342,-7.569547508502835],[110.1729787795074,-7.569603130065628],[110.1730917041888,-7.569746930867878],[110.17314492296511,-7.5697819240432045],[110.17317820704363,-7.569796232780935],[110.17328523661266,-7.569818595624181],[110.17347790584473,-7.569849034172136],[110.1735442802075,-7.569873769192357],[110.17357205700974,-7.569892744536693],[110.17361751922367,-7.569919322120645],[110.17365161895867,-7.569937047696565],[110.1736920386311,-7.569956047005069],[110.17372615368996,-7.569966203896898],[110.17375143519772,-7.569967513578966],[110.17378265298942,-7.5699587920460205],[110.17380451264978,-7.5699515677788005],[110.17391514576244,-7.569915155902732],[110.17426226967517,-7.56984532829411],[110.17430440643335,-7.569844171696512],[110.17435780715752,-7.569845056142403],[110.17442683055937,-7.569868160747435],[110.17450734647764,-7.569902774037157],[110.17455906509952,-7.569946905816771],[110.17459739506978,-7.5699680356665136]]]}},{"type":"Feature","properties":{"FID_Fisnet":1,"FID_PL":0,"NAMOBJ":"Kerban","FCODE":"BA03070040","METADATA":"TASWIL1000020230928_DATA_BATAS_DESAKELURAHAN","SRS_ID":"SRGI 2013","KDCPUM":"33.08.11","KDEPUM":"33.08.11.2002","KDPKAB":"33.08","KDPPUM":"33","WADMKC":"Tempuran","WADMKD":"Sumberarum","WADMKK":"Magelang","WADMPR":"Jawa Tengah","DUSUN":"Kerban","Toponimi":"Dusun Kerban","Shape_Leng":3646.39056914,"Shape_Le_1":12240.1679469,"KETERANGAN":null,"KET_DETAIL":null,"PL":"17","Shape_Le_2":323.23843913,"Shape_Area":857.001598701},"geometry":{"type":"Polygon","coordinates":[[[110.17355697864345,-7.570605646041313],[110.17355197275248,-7.570604041041486],[110.17354550249487,-7.570601735004238],[110.17354078942151,-7.570599157336697],[110.17353507821365,-7.570595707664307],[110.17352848943857,-7.570591379884274],[110.1735160348738,-7.570583859011343],[110.17347197179302,-7.570553653472795],[110.17343111604546,-7.570529440781417],[110.17338275293493,-7.57050633359594],[110.17332499883128,-7.570480083605993],[110.17327426113461,-7.570451609230425],[110.173163568603,-7.5704025635267405],[110.17307255059481,-7.570359023628275],[110.17296974477773,-7.570317217847688],[110.17289199002995,-7.570280650411332],[110.17283394255668,-7.570247136814406],[110.17275801192416,-7.570213714989391],[110.17275783701172,-7.570209895934056],[110.17275346904084,-7.570206977924218],[110.17271631947482,-7.570192905120577],[110.17268467345198,-7.57018042289157],[110.17269928102324,-7.570122670497427],[110.172769149828,-7.570153976094955],[110.17297166263886,-7.57024547977426],[110.17311212923734,-7.570312784716358],[110.17323970301614,-7.570374737759183],[110.1733485933336,-7.570435323931577],[110.17349259339636,-7.570516398067157],[110.17351271502824,-7.570527483573775],[110.17351451784276,-7.570528477400818],[110.17355822871527,-7.570564663608268],[110.17356049841769,-7.570566570038639],[110.17356379231686,-7.570568990348198],[110.17356752458201,-7.57057206904764],[110.17357360205838,-7.570575958088074],[110.17357623761013,-7.570577572159899],[110.1735799008425,-7.570578822769716],[110.17358940471324,-7.570581718854669],[110.17364564444725,-7.570588324204329],[110.17373625297203,-7.570599437527813],[110.17387430549381,-7.570615585578401],[110.17392500097618,-7.570621511970374],[110.17391684975185,-7.5706808558845955],[110.17390715222015,-7.570736353721734],[110.17390666219244,-7.570739501295737],[110.17390585717277,-7.5707409858341554],[110.17390471104653,-7.5707416692591165],[110.17390310514334,-7.570742465777283],[110.17390081328966,-7.5707431470303455],[110.1738971450748,-7.570744512176368],[110.17389428014042,-7.570745306307814],[110.1738917602652,-7.570745301530992],[110.1738891255272,-7.570745639335216],[110.1738863765422,-7.570745520159263],[110.17388328467288,-7.570745057534511],[110.1738798488327,-7.5707448221872236],[110.17387755958957,-7.570744132249941],[110.17387504319632,-7.5707422986164135],[110.17387252723876,-7.57074023614966],[110.17387104384999,-7.5707371472439835],[110.17387081955499,-7.57073450392149],[110.17387111388712,-7.570674175509834],[110.17387111945784,-7.57067124952014],[110.17387075820176,-7.570668177213419],[110.17387024975858,-7.570665762186286],[110.17386966622423,-7.5706642243646485],[110.17386878921566,-7.570663052302009],[110.17386739867815,-7.570661660381154],[110.17386630057199,-7.570660926573292],[110.1738622723939,-7.570659016810786],[110.17386073278651,-7.570658795007406],[110.17384975753964,-7.5706555442950805],[110.17355697864345,-7.570605646041313]]]}},{"type":"Feature","properties":{"FID_Fisnet":1,"FID_PL":0,"NAMOBJ":"Kerban","FCODE":"BA03070040","METADATA":"TASWIL1000020230928_DATA_BATAS_DESAKELURAHAN","SRS_ID":"SRGI 2013","KDCPUM":"33.08.11","KDEPUM":"33.08.11.2002","KDPKAB":"33.08","KDPPUM":"33","WADMKC":"Tempuran","WADMKD":"Sumberarum","WADMKK":"Magelang","WADMPR":"Jawa Tengah","DUSUN":"Kerban","Toponimi":"Dusun Kerban","Shape_Leng":3646.39056914,"Shape_Le_1":12240.1679469,"KETERANGAN":null,"KET_DETAIL":null,"PL":"26","Shape_Le_2":273.916882533,"Shape_Area":4078.63244116},"geometry":{"type":"Polygon","coordinates":[[[110.17263191403883,-7.568384855244236],[110.17253786173283,-7.568415512328992],[110.17255364514024,-7.568360473800228],[110.17257819736817,-7.568143740461042],[110.17259437026716,-7.567899573645375],[110.17259696190095,-7.56783671886465],[110.1726117961284,-7.567476904222936],[110.1727047706565,-7.56740477454574],[110.1727565617683,-7.5674106162817125],[110.17281983161892,-7.567433710176485],[110.17291564889165,-7.567493241371156],[110.17300747886038,-7.567631258665925],[110.17303761067299,-7.567837555862933],[110.17299908563791,-7.568008397361486],[110.17290475394721,-7.568176693585297],[110.17278366609186,-7.568289419179151],[110.17263191403883,-7.568384855244236]]]}},{"type":"Feature","properties":{"FID_Fisnet":1,"FID_PL":0,"NAMOBJ":"Kerban","FCODE":"BA03070040","METADATA":"TASWIL1000020230928_DATA_BATAS_DESAKELURAHAN","SRS_ID":"SRGI 2013","KDCPUM":"33.08.11","KDEPUM":"33.08.11.2002","KDPKAB":"33.08","KDPPUM":"33","WADMKC":"Tempuran","WADMKD":"Sumberarum","WADMKK":"Magelang","WADMPR":"Jawa Tengah","DUSUN":"Kerban","Toponimi":"Dusun Kerban","Shape_Leng":3646.39056914,"Shape_Le_1":12240.1679469,"KETERANGAN":null,"KET_DETAIL":null,"PL":"24","Shape_Le_2":1203.4229457,"Shape_Area":17322.8592213},"geometry":{"type":"Polygon","coordinates":[[[110.174746837625,-7.569070423464536],[110.17480016204007,-7.5692792039250865],[110.17496150492461,-7.569185698225877],[110.17499782586657,-7.56925469035761],[110.17503027897656,-7.569340903751542],[110.17507607802992,-7.569471175330506],[110.17523862855182,-7.569750998839772],[110.1752768766726,-7.56981616411904],[110.17540696783378,-7.5700136028646545],[110.17559853065544,-7.570170953610938],[110.1758170047502,-7.57030155264316],[110.17594349206256,-7.570376456882498],[110.17602016676275,-7.570412977441478],[110.17602200569665,-7.570455099968392],[110.17605458540986,-7.570474305848535],[110.17609875039035,-7.570455245062962],[110.17612171555072,-7.570485919693428],[110.1761082013731,-7.570529927985825],[110.17612726418858,-7.570595056938271],[110.1761904729285,-7.570650696298319],[110.17619994210072,-7.570715807113396],[110.17624389630197,-7.570807785655311],[110.17632444164076,-7.570827083089284],[110.17637437702254,-7.570800374024376],[110.17644903935474,-7.570886668025646],[110.17647189918607,-7.570972863219397],[110.17657341820905,-7.5710611218430515],[110.17673446998047,-7.571120774685407],[110.17673436826895,-7.571174380482317],[110.17675543638796,-7.571193565474577],[110.17678227851222,-7.571203188326657],[110.17680138140537,-7.571247258261184],[110.17684933978548,-7.571251177533294],[110.17689288717365,-7.571289169385777],[110.17690018241295,-7.571292859888924],[110.17690363768077,-7.57129432625101],[110.17690629705082,-7.57129486220574],[110.17691148214348,-7.571295667944702],[110.17691427778057,-7.571294611362291],[110.17691760685153,-7.571292361869933],[110.17692229730233,-7.571290157459685],[110.17694716003231,-7.571266677914429],[110.17699326123558,-7.5712380476525505],[110.17715248136467,-7.571251750061401],[110.17727329595445,-7.571282610305831],[110.17731552754579,-7.571271203103751],[110.17736163235986,-7.571240658016578],[110.17744032879966,-7.571223576171592],[110.177518998924,-7.571219895987981],[110.17761875263545,-7.571227741610949],[110.17765707744151,-7.571252702598749],[110.17767041733006,-7.571300590306011],[110.17766840770058,-7.571348449046638],[110.17772017401116,-7.5713676910237195],[110.17777776238054,-7.571352484077723],[110.17782755899029,-7.571398525779616],[110.17786290689199,-7.571414980802453],[110.1779003690151,-7.571450354363362],[110.1778658148995,-7.571459861316271],[110.17780830360887,-7.571434865046943],[110.17774501834229,-7.571419429115816],[110.17765676538467,-7.571417348688855],[110.17751280032172,-7.571453451667911],[110.17731700722186,-7.5715028593790565],[110.17715968049045,-7.571502562320152],[110.17709826242154,-7.571513933271146],[110.17706555185704,-7.571563647907898],[110.17702901071026,-7.571609527534685],[110.1769656782457,-7.571618980058904],[110.17687927154378,-7.571655192433629],[110.17677949052275,-7.5716626603809924],[110.17677388365958,-7.571666298472189],[110.17676530489955,-7.571670252944454],[110.17675704211443,-7.571669625903116],[110.17675367877482,-7.571667481351124],[110.17674879117122,-7.571662280385025],[110.1767484992873,-7.571654643284436],[110.17675280750288,-7.5716427393842345],[110.17676611076864,-7.571635832561096],[110.17681702029056,-7.571629375761821],[110.17681908428976,-7.5716283964881175],[110.17682043373739,-7.571628042671164],[110.17682202180154,-7.571627570817734],[110.17682321269898,-7.571627176903999],[110.176824324431,-7.571626466271681],[110.17682488165117,-7.571625636104563],[110.1768255580653,-7.571624568283594],[110.17682660991237,-7.5716234116280585],[110.1768395198783,-7.571561034835283],[110.1768394681336,-7.571557731565894],[110.17683947147127,-7.5715559723529084],[110.17683954657976,-7.571553649782648],[110.17683898480857,-7.571552101151126],[110.1768382102376,-7.571551396000171],[110.17683715376621,-7.5715506903166805],[110.17683348701043,-7.571550330641471],[110.17682960892036,-7.571550042021129],[110.17682622232668,-7.571550599116314],[110.1768225555421,-7.5715507323841456],[110.17682021186172,-7.5715505416331474],[110.17677583976752,-7.571563100668035],[110.17669519254441,-7.571597409096636],[110.17659731410511,-7.571612540663574],[110.17645718221908,-7.5716505653108594],[110.17642652404767,-7.57162944829229],[110.17641314159079,-7.571604534344468],[110.17645929737073,-7.571547186920037],[110.176484365942,-7.5714802274952335],[110.17651513675092,-7.571441995270366],[110.1763063600369,-7.571255894973789],[110.17630265031823,-7.571188881160808],[110.17630081136156,-7.571146758633208],[110.17630475368453,-7.571091245311416],[110.17621845973045,-7.571068108326075],[110.17619153039298,-7.571104433002797],[110.17613788890849,-7.571062212541808],[110.17608034143973,-7.571056360274061],[110.17603821528087,-7.5710122476888655],[110.175978861617,-7.570947042548254],[110.17589275679367,-7.570824352158687],[110.17583532936168,-7.570755321970236],[110.17574532496648,-7.570665170185696],[110.17572056547043,-7.570569399235962],[110.17565923117243,-7.5705367363170195],[110.17556330825225,-7.570532726187856],[110.17551740348102,-7.570457974299149],[110.17540815461216,-7.570398418163526],[110.175316170523,-7.570340809463639],[110.17521257291972,-7.570336784739326],[110.17514544284099,-7.570325170759404],[110.17500928743807,-7.570290452253361],[110.17500731184836,-7.570311679432962],[110.17500341240991,-7.570353617430457],[110.17497460688949,-7.570366965522814],[110.1749036653815,-7.570341943477093],[110.17484805243821,-7.570326520773134],[110.17477715007179,-7.570282354505312],[110.17471968648704,-7.570232468402892],[110.17470058384701,-7.570188399307154],[110.17471416004219,-7.570111846099408],[110.17471696129917,-7.570068749194141],[110.17471538080189,-7.570048562673958],[110.17470651435876,-7.570030783656737],[110.17468066033425,-7.570009743468248],[110.17478532470251,-7.570016633017381],[110.1748359895907,-7.570019080599607],[110.1748601505967,-7.5700161867751055],[110.17489943674137,-7.569999248739799],[110.17492800617495,-7.569982768884262],[110.17495757862402,-7.569923114545179],[110.17496131292825,-7.569895563839128],[110.1749484785624,-7.569867062814099],[110.17493014228755,-7.569827528444354],[110.17491301895129,-7.5697893558075995],[110.17488186851189,-7.569749318706734],[110.17485536555127,-7.5697439773089705],[110.17483297992041,-7.569742759100486],[110.17482355530444,-7.569741565429843],[110.17480587548594,-7.569743883611302],[110.17479292250825,-7.569739155777753],[110.17474829679347,-7.569659704749762],[110.17471313952134,-7.569557930024036],[110.17468972088741,-7.569480281983759],[110.17467748678709,-7.569407358430424],[110.17467814528072,-7.569370909935614],[110.17467064361065,-7.569288000811072],[110.17466891856269,-7.569265656825979],[110.17465141317405,-7.569176262613315],[110.174639661837,-7.569159778779443],[110.17462378374799,-7.569142701026301],[110.17463340800384,-7.569137096082668],[110.174746837625,-7.569070423464536]]]}},{"type":"Feature","properties":{"FID_Fisnet":1,"FID_PL":0,"NAMOBJ":"Kerban","FCODE":"BA03070040","METADATA":"TASWIL1000020230928_DATA_BATAS_DESAKELURAHAN","SRS_ID":"SRGI 2013","KDCPUM":"33.08.11","KDEPUM":"33.08.11.2002","KDPKAB":"33.08","KDPPUM":"33","WADMKC":"Tempuran","WADMKD":"Sumberarum","WADMKK":"Magelang","WADMPR":"Jawa Tengah","DUSUN":"Kerban","Toponimi":"Dusun Kerban","Shape_Leng":3646.39056914,"Shape_Le_1":12240.1679469,"KETERANGAN":null,"KET_DETAIL":null,"PL":"23","Shape_Le_2":79.8866772012,"Shape_Area":404.570797832},"geometry":{"type":"Polygon","coordinates":[[[110.17426418925345,-7.568627262702562],[110.17421425584712,-7.568653970640205],[110.17413769273747,-7.568558102405187],[110.17427421353935,-7.568401370911003],[110.17434323215033,-7.568428304171271],[110.17437581891416,-7.5684436823980965],[110.17437377983755,-7.56850685663905],[110.17426418925345,-7.568627262702562]]]}},{"type":"Feature","properties":{"FID_Fisnet":1,"FID_PL":0,"NAMOBJ":"Kerban","FCODE":"BA03070040","METADATA":"TASWIL1000020230928_DATA_BATAS_DESAKELURAHAN","SRS_ID":"SRGI 2013","KDCPUM":"33.08.11","KDEPUM":"33.08.11.2002","KDPKAB":"33.08","KDPPUM":"33","WADMKC":"Tempuran","WADMKD":"Sumberarum","WADMKK":"Magelang","WADMPR":"Jawa Tengah","DUSUN":"Kerban","Toponimi":"Dusun Kerban","Shape_Leng":3646.39056914,"Shape_Le_1":12240.1679469,"KETERANGAN":null,"KET_DETAIL":null,"PL":"24","Shape_Le_2":726.677715341,"Shape_Area":15178.1858737},"geometry":{"type":"Polygon","coordinates":[[[110.17347070753256,-7.567059339312701],[110.17349589769248,-7.567076165213542],[110.17351486971589,-7.567046838966624],[110.17354009490276,-7.567044790193147],[110.17357790319585,-7.567057445018491],[110.17363883160068,-7.567070144566421],[110.17367029889665,-7.567101663913629],[110.17371647833825,-7.567133211141432],[110.17376261387987,-7.567187828010488],[110.17378985815424,-7.5672298259169555],[110.1738296966204,-7.5672802367623735],[110.17388055102658,-7.567334863468318],[110.17392116927229,-7.567403252373528],[110.1739383309815,-7.567458804737074],[110.17394395561767,-7.5675277369569605],[110.17394957661081,-7.5675985839592075],[110.17397249502439,-7.567654147229737],[110.17395896982602,-7.567703898889951],[110.17397040125775,-7.56774603958372],[110.17400867817656,-7.567795888489959],[110.17406423622371,-7.567839499357175],[110.17407755096751,-7.567899401321584],[110.17421139054461,-7.568142796038644],[110.17436462413752,-7.568277099836959],[110.17446814111392,-7.568323244500187],[110.17445462413158,-7.568369166614643],[110.1745120983833,-7.568413308378405],[110.17452738498402,-7.568445884225627],[110.17452727211506,-7.5685052325381434],[110.17458671990387,-7.5685206616152385],[110.17470186505983,-7.568505563122117],[110.17479586222836,-7.568513399326755],[110.17485923428129,-7.5684828871754775],[110.17493777377365,-7.568548128736196],[110.17493001900439,-7.5685902331008315],[110.17491455767869,-7.56864955327206],[110.17494710809211,-7.568684075670309],[110.17493746807783,-7.568708945167973],[110.17494125038974,-7.568737669650178],[110.17495843774152,-7.568779821223694],[110.17495837405002,-7.5688142809865075],[110.17478742313502,-7.568915426765281],[110.17471062413331,-7.568943998687087],[110.17466651478159,-7.568934343031929],[110.1745761966182,-7.569050005469951],[110.17453980328008,-7.568978136015368],[110.17450352067242,-7.568888085765431],[110.17447304121974,-7.568773158763215],[110.17441946664357,-7.56869647747775],[110.17435431037904,-7.5686561498234015],[110.17426418925345,-7.568627262702562],[110.17437377983755,-7.56850685663905],[110.17437581891416,-7.5684436823980965],[110.17434323215033,-7.568428304171271],[110.17427421353935,-7.568401370911003],[110.17413769273747,-7.568558102405187],[110.17403995431904,-7.568500480779508],[110.1739805247768,-7.568475479527303],[110.17392872621883,-7.568473467486212],[110.17387840856564,-7.5684596547502805],[110.17372551832625,-7.56838692950601],[110.17354340751702,-7.568304261919666],[110.1734035244873,-7.568212100391989],[110.17338262801941,-7.568102934979102],[110.17337707000509,-7.567999543017468],[110.17332406100033,-7.567785957543776],[110.17329766274467,-7.567647181608693],[110.17325784687712,-7.567553988748787],[110.17317988522143,-7.5674911295260054],[110.173159001127,-7.567456883303625],[110.17315692443944,-7.567381726837076],[110.17315702430331,-7.567329295997625],[110.17316973122976,-7.567278985657057],[110.1731677091277,-7.567237035551652],[110.17317827810724,-7.567205595892176],[110.17319941606105,-7.567142716571826],[110.17322050208162,-7.567107102770234],[110.17326049224015,-7.567077816392829],[110.17332151158263,-7.567042278305287],[110.17338458988866,-7.56702981383839],[110.17343502519572,-7.56703410444577],[110.17347070753256,-7.567059339312701]]]}},{"type":"Feature","properties":{"FID_Fisnet":1,"FID_PL":0,"NAMOBJ":"Kerban","FCODE":"BA03070040","METADATA":"TASWIL1000020230928_DATA_BATAS_DESAKELURAHAN","SRS_ID":"SRGI 2013","KDCPUM":"33.08.11","KDEPUM":"33.08.11.2002","KDPKAB":"33.08","KDPPUM":"33","WADMKC":"Tempuran","WADMKD":"Sumberarum","WADMKK":"Magelang","WADMPR":"Jawa Tengah","DUSUN":"Kerban","Toponimi":"Dusun Kerban","Shape_Leng":3646.39056914,"Shape_Le_1":12240.1679469,"KETERANGAN":null,"KET_DETAIL":null,"PL":"23","Shape_Le_2":165.292118147,"Shape_Area":1212.45862726},"geometry":{"type":"Polygon","coordinates":[[[110.17497733656715,-7.5689311018644405],[110.17496376047532,-7.56900765599797],[110.17497130053462,-7.569078506634405],[110.17496150492461,-7.569185698225877],[110.17480016204007,-7.5692792039250865],[110.174746837625,-7.569070423464536],[110.1746334070957,-7.56913709698543],[110.17462378374799,-7.569142701026301],[110.17460287960037,-7.56910269597688],[110.1745761966182,-7.569050005469951],[110.17466651478159,-7.568934343031929],[110.17471062413331,-7.568943998687087],[110.17478742313502,-7.568915426765281],[110.17495837405002,-7.5688142809865075],[110.17497733656715,-7.5689311018644405]]]}},{"type":"Feature","properties":{"FID_Fisnet":2,"FID_PL":0,"NAMOBJ":"Kerban","FCODE":"BA03070040","METADATA":"TASWIL1000020230928_DATA_BATAS_DESAKELURAHAN","SRS_ID":"SRGI 2013","KDCPUM":"33.08.11","KDEPUM":"33.08.11.2002","KDPKAB":"33.08","KDPPUM":"33","WADMKC":"Tempuran","WADMKD":"Sumberarum","WADMKK":"Magelang","WADMPR":"Jawa Tengah","DUSUN":"Kerban","Toponimi":"Dusun Kerban","Shape_Leng":3646.39056914,"Shape_Le_1":12240.1679469,"KETERANGAN":null,"KET_DETAIL":null,"PL":"23","Shape_Le_2":99.9970350517,"Shape_Area":448.491225948},"geometry":{"type":"Polygon","coordinates":[[[110.17500341240991,-7.570353617430457],[110.17500731184836,-7.570311679432962],[110.17520096665532,-7.5703865391654945],[110.17534286065091,-7.57043084151948],[110.17531012725718,-7.570492042900387],[110.1752487138597,-7.570501498820278],[110.17520077742913,-7.57048609249458],[110.17513749242933,-7.570470657113424],[110.17509719071364,-7.570476324295497],[110.17505307665213,-7.570468582538911],[110.17496683023224,-7.570420556768643],[110.17500341240991,-7.570353617430457]]]}},{"type":"Feature","properties":{"FID_Fisnet":2,"FID_PL":0,"NAMOBJ":"Kerban","FCODE":"BA03070040","METADATA":"TASWIL1000020230928_DATA_BATAS_DESAKELURAHAN","SRS_ID":"SRGI 2013","KDCPUM":"33.08.11","KDEPUM":"33.08.11.2002","KDPKAB":"33.08","KDPPUM":"33","WADMKC":"Tempuran","WADMKD":"Sumberarum","WADMKK":"Magelang","WADMPR":"Jawa Tengah","DUSUN":"Kerban","Toponimi":"Dusun Kerban","Shape_Leng":3646.39056914,"Shape_Le_1":12240.1679469,"KETERANGAN":null,"KET_DETAIL":null,"PL":"26","Shape_Le_2":79.6779620152,"Shape_Area":326.521598547},"geometry":{"type":"Polygon","coordinates":[[[110.17789600080626,-7.570799778509372],[110.17789252895726,-7.5708037146019675],[110.17779368740271,-7.570795285571693],[110.17779092771386,-7.570793159351903],[110.17779182386728,-7.570769404792365],[110.17779288479801,-7.570760103280194],[110.1778184088491,-7.570536337978417],[110.17781963063031,-7.570534950997259],[110.17782218688441,-7.570533457091244],[110.17791075260455,-7.570539250054912],[110.17791207264098,-7.570543892543837],[110.17790858320441,-7.570632707116011],[110.17789600080626,-7.570799778509372]]]}},{"type":"Feature","properties":{"FID_Fisnet":2,"FID_PL":0,"NAMOBJ":"Kerban","FCODE":"BA03070040","METADATA":"TASWIL1000020230928_DATA_BATAS_DESAKELURAHAN","SRS_ID":"SRGI 2013","KDCPUM":"33.08.11","KDEPUM":"33.08.11.2002","KDPKAB":"33.08","KDPPUM":"33","WADMKC":"Tempuran","WADMKD":"Sumberarum","WADMKK":"Magelang","WADMPR":"Jawa Tengah","DUSUN":"Kerban","Toponimi":"Dusun Kerban","Shape_Leng":3646.39056914,"Shape_Le_1":12240.1679469,"KETERANGAN":null,"KET_DETAIL":null,"PL":"16","Shape_Le_2":94.8921807101,"Shape_Area":528.537578295},"geometry":{"type":"Polygon","coordinates":[[[110.1779924336745,-7.570991618599987],[110.17801374885063,-7.570991903921442],[110.17811325633805,-7.5709919043791905],[110.17812005845636,-7.570991781535681],[110.17812359535174,-7.570991788206314],[110.17812549899318,-7.570992198814052],[110.17812563097822,-7.570994778649144],[110.1781261141827,-7.571004788571891],[110.17812552613638,-7.5710410364371965],[110.17812550700111,-7.571102342274241],[110.1781224066946,-7.571136476146246],[110.1781106049427,-7.57120775972653],[110.17801438036352,-7.571191570683907],[110.17801687500463,-7.5711690130561715],[110.17790573642608,-7.571163102444137],[110.17789798409616,-7.571162408552047],[110.17789376646935,-7.571162400595185],[110.1778924084877,-7.571161040404004],[110.17789202903981,-7.571157986152952],[110.17789763563916,-7.570998519161002],[110.17789764238941,-7.570994956414499],[110.17789764683303,-7.570992611098002],[110.17789921685132,-7.570991137038848],[110.17790243814385,-7.570991229946269],[110.17790742259963,-7.570991244776393],[110.17793181664501,-7.570991682436436],[110.17796601636596,-7.570990755637556],[110.17798240387076,-7.57099119537656],[110.1779924336745,-7.570991618599987]]]}},{"type":"Feature","properties":{"FID_Fisnet":2,"FID_PL":0,"NAMOBJ":"Kerban","FCODE":"BA03070040","METADATA":"TASWIL1000020230928_DATA_BATAS_DESAKELURAHAN","SRS_ID":"SRGI 2013","KDCPUM":"33.08.11","KDEPUM":"33.08.11.2002","KDPKAB":"33.08","KDPPUM":"33","WADMKC":"Tempuran","WADMKD":"Sumberarum","WADMKK":"Magelang","WADMPR":"Jawa Tengah","DUSUN":"Kerban","Toponimi":"Dusun Kerban","Shape_Leng":3646.39056914,"Shape_Le_1":12240.1679469,"KETERANGAN":null,"KET_DETAIL":null,"PL":"17","Shape_Le_2":6843.28781972,"Shape_Area":11432.8526699},"geometry":{"type":"Polygon","coordinates":[[[110.17140811051802,-7.564182873715365],[110.17278387158969,-7.564650657693243],[110.17341818830256,-7.5648205779809885],[110.17350382315566,-7.564843517858026],[110.17363237873457,-7.564877955426231],[110.17386395897357,-7.564948646231126],[110.17388507960864,-7.564954302171685],[110.17399669564944,-7.5649841914691915],[110.17409015808369,-7.565009220041632],[110.17425409695548,-7.565053130159034],[110.17445774464072,-7.565070203411028],[110.1747050824401,-7.565087454222214],[110.17491948864262,-7.5651025441922295],[110.1750374846124,-7.56511123156573],[110.17506014560944,-7.565112900692022],[110.17511380370225,-7.565116854380891],[110.17511769548706,-7.565160958896753],[110.17511922112665,-7.565203834267333],[110.17513536615182,-7.565519323080059],[110.17517230839734,-7.566245976640879],[110.17518935652264,-7.566494030727552],[110.17520090495493,-7.566755185791293],[110.17520095955298,-7.566956412504045],[110.17539567333378,-7.566925411534646],[110.17552308648096,-7.5668888581284754],[110.17568408323736,-7.566834344547187],[110.17570213365431,-7.566824869844462],[110.1758046655286,-7.566771048860444],[110.17589989022103,-7.56671604001962],[110.17594954286561,-7.566688087657245],[110.17600545313837,-7.566654097932404],[110.17605124560289,-7.566627421723204],[110.17607313499977,-7.566612065169238],[110.17611876175293,-7.566576222608449],[110.17617234114866,-7.566536250726839],[110.17632706699752,-7.566452628722278],[110.1764673941461,-7.5663786113018485],[110.17670426100399,-7.56630454005056],[110.17670557632809,-7.5663183485642],[110.17658120496668,-7.566358942083936],[110.17649010950325,-7.566386070060019],[110.1764524045585,-7.566403004937756],[110.1763958411358,-7.566431092646411],[110.17623106919636,-7.566523420341062],[110.17618258258356,-7.566549285587012],[110.17617270344526,-7.566555979994123],[110.17607972912776,-7.566627409520367],[110.17600875921181,-7.566666813070026],[110.1759634088067,-7.566697451744691],[110.17582240313165,-7.566776901832432],[110.17570804885105,-7.566844514636976],[110.1756105712051,-7.566882091594758],[110.1755299276638,-7.566910608500651],[110.17540357522398,-7.566943241172362],[110.17540174008573,-7.566943521709232],[110.17522426485552,-7.5669706235041945],[110.17520529602251,-7.566973519953843],[110.17520150773701,-7.56697703484325],[110.17520218454304,-7.566980529235972],[110.17521129725587,-7.567027543398362],[110.17521298795808,-7.567042695778267],[110.17525320261144,-7.56740855281581],[110.17525524919792,-7.567417206255844],[110.17525568561702,-7.567418889419333],[110.17525816452203,-7.567426136302035],[110.17525926053894,-7.567427967239487],[110.17525984477297,-7.567429137840879],[110.17526115986597,-7.5674311157189615],[110.17526203736189,-7.567432507568919],[110.17526576790982,-7.567434575942187],[110.17538250725454,-7.567477172684571],[110.1754405115474,-7.567505681342852],[110.17624376664018,-7.567843624959277],[110.17630797786221,-7.567872346036363],[110.17639071432913,-7.567903632847104],[110.17642018811229,-7.567914900499979],[110.17644193005636,-7.567927129481847],[110.17645789418683,-7.567946175490047],[110.17646236033144,-7.567960894438289],[110.17645182345305,-7.568018998418575],[110.17642741349543,-7.568127843914294],[110.17640577168838,-7.568270642595672],[110.17640555505156,-7.568271598224864],[110.17640555270039,-7.568272837362082],[110.17640555034923,-7.568274076499298],[110.17640543839494,-7.568276231670672],[110.17640689315212,-7.568278174535092],[110.17640882009027,-7.5682806311334145],[110.17641299957128,-7.568283529757179],[110.17641975208022,-7.568287076329411],[110.17643133372825,-7.568290310029024],[110.17645450158662,-7.568294850887258],[110.1764960039363,-7.5683045638435225],[110.17731071892385,-7.568451120650046],[110.1773208832883,-7.56845416532884],[110.1773258057894,-7.568463418436588],[110.17728878870979,-7.568638136325293],[110.17726088418127,-7.568701307029797],[110.17726065477596,-7.568701826674622],[110.17721410149909,-7.568804128104164],[110.1772096353404,-7.568820957531691],[110.17720962672779,-7.568825500734124],[110.17721391772503,-7.56883030440318],[110.17722801720663,-7.56883940840931],[110.1773123996211,-7.56887233619599],[110.17744330619655,-7.568902017839162],[110.17744559872442,-7.568907191286601],[110.17744471748368,-7.56891637917259],[110.177443558702,-7.568920397413567],[110.177438749172,-7.568924229677632],[110.17727975463394,-7.568887590194918],[110.17714239163352,-7.56885596705375],[110.1770170851228,-7.569274139832592],[110.1769482883233,-7.569539199833339],[110.17694681955925,-7.5695537203438015],[110.17694773561009,-7.569556295327844],[110.17695122765987,-7.569560345865701],[110.17695949373112,-7.569572124276689],[110.1769639122904,-7.569573235185204],[110.1769791886055,-7.569579329494826],[110.17731862470563,-7.569689694971802],[110.177329305782,-7.56969081769755],[110.17733520181832,-7.569689542651383],[110.17734324012469,-7.569680420735244],[110.17738791456517,-7.5696077104444495],[110.17741267530867,-7.569574366372492],[110.17742889506269,-7.569553766627845],[110.17743788745531,-7.569545802439469],[110.17746028735455,-7.569530889988396],[110.17747615920874,-7.569523111538091],[110.17748171419622,-7.569521478575199],[110.17748836732932,-7.569519604378595],[110.17749605763184,-7.569518096645811],[110.17750380774106,-7.569517076542179],[110.17752138025412,-7.569515891363625],[110.17752931253789,-7.569515359119718],[110.17755298608682,-7.56951473356936],[110.17760217515935,-7.569514861659216],[110.17773850454857,-7.569507535683342],[110.1777595202751,-7.569500778138354],[110.1777884924812,-7.5694883717276555],[110.17780954056292,-7.569464056412807],[110.17782492975866,-7.569430667500288],[110.17783351127126,-7.569395566221751],[110.1778789914109,-7.569358268811116],[110.1778966082818,-7.56934754049757],[110.177939235198,-7.569318734413631],[110.1779699245123,-7.5692989678291935],[110.1780148123661,-7.569275263668533],[110.17805685377566,-7.569255518485296],[110.17807218285766,-7.569247634971874],[110.1780759960543,-7.5692601629245875],[110.17807878498911,-7.569269337835262],[110.17806476610207,-7.5692736583463915],[110.17802670292771,-7.569290579095344],[110.17797897258966,-7.569317109833501],[110.17794885606226,-7.5693340455616624],[110.17790679656888,-7.56936285271665],[110.17788633630703,-7.569376407604508],[110.1778607588298,-7.5693944852045965],[110.17784881676971,-7.569406356633553],[110.17783968607552,-7.569431827748099],[110.17782713919968,-7.56946295629229],[110.17781007241055,-7.569483314768334],[110.17779357857535,-7.569500276180906],[110.1777770963759,-7.569511573740758],[110.17775606991809,-7.569523995140183],[110.17773676364283,-7.569527923068424],[110.17771356384002,-7.569531107400973],[110.17760279179012,-7.569525727474594],[110.17754330743341,-7.569529443909829],[110.17752091261224,-7.569530199404711],[110.17750240039537,-7.569532678934235],[110.17749422948718,-7.569533812208609],[110.17748801309324,-7.569535292874819],[110.17748179278226,-7.569538840277527],[110.17747457916558,-7.569543268581162],[110.1774589197058,-7.569553285123446],[110.17744649426783,-7.569563845935879],[110.17743874486702,-7.56957405649288],[110.17741245916687,-7.569615709888436],[110.17738034132466,-7.569681833014418],[110.17737500371074,-7.5696902491049265],[110.17736775383963,-7.569695152191592],[110.17734298600979,-7.569704494882553],[110.17731741592684,-7.569705262462347],[110.17729348929822,-7.569702155623792],[110.17725634402221,-7.5696943485584045],[110.17697070781017,-7.569605256767356],[110.1769526781395,-7.569601349724905],[110.17694657841534,-7.569600576631686],[110.1769432414969,-7.569601236029853],[110.17693970970882,-7.569603322334201],[110.17693665200093,-7.569607311661557],[110.17693454604681,-7.569611778544267],[110.17692966555492,-7.5696219547112245],[110.17682292029711,-7.569932700804318],[110.17682248712163,-7.569936949247242],[110.17682314407706,-7.569940403804093],[110.17682446439672,-7.569942978647439],[110.17682687214457,-7.56994570659331],[110.17717778913133,-7.5700456670081495],[110.17746403989553,-7.570080903313754],[110.1775204838819,-7.570087851347338],[110.1775233793881,-7.570089095953544],[110.17752421768878,-7.5700920443416075],[110.17752107989229,-7.570115334287631],[110.1775206532413,-7.570117578409595],[110.17751896387368,-7.570118417295247],[110.17714704390004,-7.570070497621785],[110.17697830679766,-7.570018487804681],[110.17682766524267,-7.569980605758313],[110.17682108873426,-7.569980308424824],[110.17681510564915,-7.569980641732238],[110.17681095956607,-7.569982585775515],[110.17680873509907,-7.56998645185666],[110.17678320210636,-7.570312643400603],[110.17676680216485,-7.570348399194815],[110.17671193268082,-7.570381562427444],[110.17670187905652,-7.570380326905457],[110.1766964040553,-7.570375148346952],[110.17669277924755,-7.570358417609634],[110.17669248853234,-7.570351119692065],[110.17669524119431,-7.570345956676691],[110.17670269563186,-7.570342170121704],[110.17672515527305,-7.570337846610703],[110.17675143994379,-7.570324984769039],[110.17676231365901,-7.570310574283731],[110.17676525103101,-7.57026633795286],[110.17676728066039,-7.57017596675362],[110.17678028314863,-7.56997925722311],[110.17677715711704,-7.569969089452282],[110.17677405971573,-7.5699643757678725],[110.17676877382875,-7.56996080664306],[110.1767605110979,-7.5699563455019625],[110.17664518370518,-7.569923971468753],[110.17658897327291,-7.569911476572864],[110.17656728536319,-7.569910368308183],[110.1765471516976,-7.569909411314187],[110.17653346267006,-7.56990754844559],[110.17651313056005,-7.5699056024752664],[110.17650096415531,-7.569905269249762],[110.17646798376278,-7.569903286715873],[110.17645580827997,-7.569902005573872],[110.17644453709866,-7.569899458959767],[110.17642686229475,-7.569893878367517],[110.17642464412609,-7.5698929914006685],[110.1763990402542,-7.569881469652277],[110.17628422878663,-7.569839487277286],[110.17617057083818,-7.569806784335257],[110.17610961348629,-7.569789022649146],[110.17599248902071,-7.5697498225418585],[110.17584880003045,-7.569701905420738],[110.17582198841059,-7.569694895630928],[110.17562636282194,-7.569657922152142],[110.1756302542705,-7.5696311269755965],[110.17587381665537,-7.56968327786825],[110.17607937909429,-7.569746244961898],[110.1760949682886,-7.569746042883771],[110.17610241675297,-7.569743966704164],[110.17610544767408,-7.569740722626817],[110.17610755342331,-7.569734458541332],[110.17611178152839,-7.569716047645315],[110.17614652345459,-7.569545950245235],[110.17618730282139,-7.569362142339752],[110.17618769427013,-7.56935791281324],[110.17618760865992,-7.569353351344319],[110.17618695583364,-7.569349634494808],[110.17618383438092,-7.569347091520651],[110.1758247948513,-7.569231366173189],[110.17555632671213,-7.569158710581502],[110.17550911045035,-7.569138833902892],[110.17545254592761,-7.569117181221381],[110.17542364475827,-7.569105543742999],[110.17541490474295,-7.569098501187348],[110.17540636734216,-7.569085003721743],[110.17539954597378,-7.569069990875956],[110.17539481952579,-7.569053462462314],[110.17539351684661,-7.569038269210839],[110.17539356013647,-7.569015484468854],[110.17539524827362,-7.5689985946389085],[110.17539784810951,-7.5689617563585],[110.17540283903543,-7.56893879103476],[110.17541177567435,-7.568919629289073],[110.17543898793791,-7.56886792355156],[110.17547005245069,-7.5687771288321635],[110.17547538215527,-7.568743781590248],[110.17547631961804,-7.568716948265142],[110.1754604518354,-7.568669145281318],[110.17543391428352,-7.568623353582558],[110.17542686588479,-7.5686147684668805],[110.17541252557574,-7.568595522891221],[110.17540042804016,-7.568575182611284],[110.17539404780152,-7.568562240056893],[110.17538178839858,-7.568527862802997],[110.17537908546002,-7.56851925786809],[110.17537302094365,-7.568497101040756],[110.17536962690487,-7.568480596855298],[110.17536773109943,-7.568458893823918],[110.1753678861025,-7.568440761951952],[110.17537315651168,-7.568393777712913],[110.1753722795104,-7.5683911702391695],[110.17537174697912,-7.568389025607718],[110.17537139097736,-7.568387953122226],[110.17537067719022,-7.568386747000973],[110.17536898487963,-7.568382457455996],[110.17536809295284,-7.56838102668603],[110.17536644027919,-7.568379729244881],[110.17536568114586,-7.568379013267474],[110.17536434051017,-7.5683780736872945],[110.17535951607577,-7.568374001624448],[110.17535835434616,-7.568372883295094],[110.17535799690272,-7.5683725696679005],[110.17535636946042,-7.568370873397567],[110.17531523031586,-7.568349870364187],[110.17529497771721,-7.568335698602769],[110.17527955577177,-7.568320894701356],[110.17527120810799,-7.568309637092869],[110.17526543286172,-7.568299347625126],[110.17525966645509,-7.5682848830818905],[110.17525488277741,-7.568261747313166],[110.17525372815055,-7.568249735407299],[110.1752528997233,-7.568241123164594],[110.17525252023546,-7.568224265602385],[110.17525089813351,-7.568210695292853],[110.1752492746553,-7.568186877191621],[110.175243625215,-7.568106561101382],[110.17522546058626,-7.567848378323925],[110.17522498924549,-7.567841698731812],[110.1752224855083,-7.56778979658555],[110.17520837563046,-7.567497584887778],[110.17520173655956,-7.567374235253623],[110.17517395722439,-7.567046533828931],[110.17517237883777,-7.5670409664650995],[110.17517016085517,-7.567037128166755],[110.1751671349212,-7.567032984433675],[110.17516330103066,-7.567028537979327],[110.17515734498126,-7.567022774201213],[110.17515300185646,-7.567020142984717],[110.17514759438193,-7.567018574330758],[110.17486810099695,-7.566933554131577],[110.17461108460087,-7.566874155083858],[110.17425624288049,-7.566785890397866],[110.1741304584643,-7.566753870455195],[110.17385098492348,-7.566657220748556],[110.17368639550374,-7.566605748621231],[110.17345971707088,-7.5665247024648545],[110.17341503343944,-7.566510703202541],[110.17317565118259,-7.566449384006386],[110.17300509035594,-7.566413176116244],[110.17276377299318,-7.5663680450762865],[110.17258256592176,-7.5663344154072325],[110.17224600974833,-7.566277448199976],[110.17171179235505,-7.5661531835992255],[110.17159080588297,-7.566125067679909],[110.17153255635046,-7.56612177866335],[110.17152277966339,-7.566123208163731],[110.17151390548761,-7.566125262566724],[110.17150812622917,-7.566127113010063],[110.17150350231586,-7.566129143831422],[110.17149949893789,-7.5661318406260225],[110.17149682529069,-7.5661359581748195],[110.171495060623,-7.56614443614925],[110.1715363778049,-7.567356321473271],[110.17150969200416,-7.567353327578972],[110.17150353466512,-7.567146718640707],[110.1714975807599,-7.566947024851978],[110.17147660502359,-7.566944259788812],[110.17146667465353,-7.566695637729019],[110.17145581948584,-7.566476590469582],[110.17144311110393,-7.5661860747598535],[110.17143079769446,-7.565905651103489],[110.17141396652991,-7.565495151640469],[110.17139296359625,-7.565099117766944],[110.17138134772829,-7.564802271843567],[110.171381288709,-7.564801850242816],[110.17137591725316,-7.564644618454804],[110.17137322321805,-7.56451453797121],[110.17135808155476,-7.564298827329458],[110.1713585979998,-7.56425000889432],[110.17135809717523,-7.5642440853946304],[110.17135794864498,-7.564241170871409],[110.17135761116683,-7.564235147284551],[110.17135728867206,-7.5642321971560085],[110.17135715210718,-7.564230137391012],[110.17135650076298,-7.564227092571592],[110.17135613050817,-7.564224470679279],[110.17135552727956,-7.564220911300989],[110.17135501626281,-7.564218429335971],[110.17135439084821,-7.564216521499688],[110.17135342776032,-7.564214868085792],[110.17135211713212,-7.564213414806593],[110.1713503838484,-7.564212100014638],[110.1713463115484,-7.564207223451045],[110.17134429699247,-7.564205581606673],[110.171341063207,-7.564203515052763],[110.17133829922483,-7.564201777718406],[110.17133562832181,-7.564199713138372],[110.17133150398925,-7.564197879153279],[110.17132311203326,-7.564194726465458],[110.17124639951908,-7.564163621194874],[110.17118524197784,-7.5641377887525465],[110.17114393206286,-7.56412110215348],[110.17109064175017,-7.564098855544189],[110.17103613415561,-7.564078966408796],[110.17084067566915,-7.563991706731151],[110.17052282913036,-7.563885901200291],[110.17055391973425,-7.5638567075726435],[110.17059771026052,-7.5638155935042874],[110.17062341704445,-7.563791457444965],[110.17064475884928,-7.5637714194319425],[110.17065852664186,-7.563758492524938],[110.17068239190306,-7.563736085042753],[110.1707120622974,-7.563708227334293],[110.17074150022795,-7.563680588066055],[110.17076544629829,-7.563658103851002],[110.17078899918076,-7.56363598972447],[110.1708128607943,-7.563613586749055],[110.17084121087662,-7.563586967469199],[110.1708759708432,-7.563554331094627],[110.17089638962601,-7.563532532999203],[110.17093841611063,-7.5634876664584105],[110.1709837150755,-7.563439306691381],[110.171028904128,-7.5633910651967025],[110.17106357815938,-7.563354047329691],[110.17112681966557,-7.5632895151324675],[110.17114560823241,-7.563271279392795],[110.1711622709395,-7.563255106354201],[110.17117444309544,-7.563243292526175],[110.17118913159314,-7.563229035950499],[110.17121773397724,-7.5632012747591615],[110.17124801633942,-7.5631718832627115],[110.17128127635286,-7.563139601269132],[110.1710406718077,-7.563395514999411],[110.17085899987356,-7.563595699686708],[110.1706705308704,-7.563771977657433],[110.17061056044027,-7.563829889758236],[110.17060761278833,-7.563840321873935],[110.17060769121376,-7.563850041585105],[110.1706096519171,-7.563858047264372],[110.17062059642593,-7.5638810871385855],[110.17077111815354,-7.563939419357135],[110.1710891230187,-7.5640744117465175],[110.17135544095845,-7.564164965306761],[110.17138041139468,-7.564172827471215],[110.17140811051802,-7.564182873715365]],[[110.17149621560371,-7.566092080596367],[110.1715005006968,-7.566092329330299],[110.17150279785211,-7.566091707793391],[110.17152777873227,-7.566095104553168],[110.17162796797582,-7.56610529484879],[110.17185779396715,-7.566158670727073],[110.17200334702764,-7.566194514990966],[110.17247763952277,-7.566283847484495],[110.17289381104298,-7.566365787250907],[110.17297748938878,-7.566378626812227],[110.17322282621346,-7.566427388714549],[110.17350143226453,-7.566501986773807],[110.1739070257827,-7.5666427991311584],[110.17403853760759,-7.566689235675774],[110.17433553622968,-7.566774825881642],[110.1747183315282,-7.566861971206235],[110.17495258551456,-7.566924850079074],[110.17497277671887,-7.566930269958374],[110.17517105124415,-7.566993567248994],[110.17517239909566,-7.566921529557373],[110.1751715334959,-7.566735445066217],[110.17514912135084,-7.566324601072029],[110.17513283676085,-7.566043464258632],[110.17511976024997,-7.565785576910259],[110.17510755724355,-7.565598932799042],[110.17509232322566,-7.565354999345115],[110.17507762827344,-7.565197086841191],[110.17505316659282,-7.565158001283037],[110.17503793440113,-7.565147385498051],[110.17476807751704,-7.565127685430396],[110.1745492781656,-7.565110066276701],[110.17442794233028,-7.565101234968261],[110.17427299466976,-7.565082347263071],[110.17425034507306,-7.565080884339973],[110.17412710556745,-7.565046902919853],[110.17408299935717,-7.565035332463679],[110.17399001336162,-7.565004761217956],[110.17381509060976,-7.564953664887389],[110.17362415453813,-7.564899992030221],[110.17280535578132,-7.564690038900197],[110.17257075946365,-7.564608818191961],[110.17213227673102,-7.564473899318331],[110.171645286546,-7.564306577094034],[110.17145062361722,-7.564253065402183],[110.17144365162162,-7.5642524959011785],[110.17143911391598,-7.564252585869472],[110.17143407973965,-7.5642544467748625],[110.1714290431556,-7.56425709457497],[110.1714234125823,-7.564261316854273],[110.17141945963056,-7.564265147966383],[110.17141678737794,-7.564269966492384],[110.17141565690928,-7.564274803323575],[110.17142130237987,-7.56460340512852],[110.17144643228919,-7.565008944815838],[110.1714725278121,-7.565756845425835],[110.17149194518738,-7.5660860404922685],[110.17149311612874,-7.566089922944705],[110.17149384124643,-7.566091358830827],[110.17149465957628,-7.5660919229734604],[110.17149621560371,-7.566092080596367]],[[110.17547353152965,-7.568398638328475],[110.17550355336121,-7.568408177709737],[110.17552249802127,-7.568414222924557],[110.17579899612676,-7.568479047284292],[110.176165667199,-7.568563721643793],[110.17618547291563,-7.568569803733606],[110.17619795355427,-7.5685736161990524],[110.17621946256976,-7.568578203682697],[110.17623461156572,-7.56858258377816],[110.17625306178427,-7.568586960162186],[110.1762736210059,-7.56859147258533],[110.176285218514,-7.568593994491434],[110.17629273019709,-7.568595850212995],[110.17629615830019,-7.568595856690819],[110.1763007731638,-7.568595734261109],[110.17630710407866,-7.568594561351389],[110.17631001849027,-7.568593478765469],[110.17631486000286,-7.568591901450846],[110.17632053102565,-7.568590256962868],[110.17632350619692,-7.568589159115458],[110.1763254606673,-7.568588093709707],[110.17632578825034,-7.568585992310357],[110.17632611136149,-7.568584336812643],[110.17634076194093,-7.5684854800893495],[110.17634810257624,-7.568441815573638],[110.1763538965969,-7.568402101630288],[110.17639829342006,-7.568147514768551],[110.17641976734787,-7.568013889035549],[110.17642156782549,-7.567997003930871],[110.17642043919173,-7.567985607122131],[110.17641829571696,-7.567970677294649],[110.17641382480821,-7.5679584700863485],[110.17640845007546,-7.567948234752352],[110.17639894306765,-7.567937453444191],[110.17637638491048,-7.567923539675414],[110.176349959833,-7.567913500640607],[110.17620252073215,-7.567861681903697],[110.1760807362752,-7.5678151241415135],[110.17599003445294,-7.567776524852575],[110.17593329189893,-7.567745591917553],[110.17590423576878,-7.567731584440599],[110.17585506060512,-7.567709447425315],[110.17577291712867,-7.567671900811466],[110.17566534686169,-7.567623701949878],[110.17555581647078,-7.567577174459611],[110.1754837322173,-7.567544111345945],[110.17542310129102,-7.567516929123365],[110.17539627853762,-7.567504879522653],[110.17534793535769,-7.567486650490059],[110.17531356528202,-7.567472912411091],[110.17529735194874,-7.567470091412376],[110.17527805691361,-7.5674700549127625],[110.17525734895302,-7.5674775500806435],[110.17525286477374,-7.5674828436755925],[110.17524249621394,-7.5674942648629555],[110.17523744853163,-7.567501788750592],[110.17523407651672,-7.567510432844326],[110.17523210061712,-7.56751991622573],[110.175232214706,-7.56752809025202],[110.17524538742028,-7.567841734609054],[110.17525615809184,-7.567963601470905],[110.1752792866172,-7.568258370920179],[110.17528161932182,-7.5682690988804],[110.17528343864872,-7.5682761889443935],[110.17528613226173,-7.568283498642727],[110.17528764809704,-7.56828573286933],[110.17528853985498,-7.568287252278401],[110.17529050292548,-7.56829024802107],[110.17529188568479,-7.568292393356594],[110.17529447390935,-7.568296014375021],[110.17529688441542,-7.5682991891472255],[110.17529959358127,-7.568302606885828],[110.17530220999295,-7.568305227599643],[110.17530515432261,-7.568307958376232],[110.17530798959696,-7.568310361523748],[110.17531027940962,-7.568312655101413],[110.17531431764004,-7.5683145151215765],[110.17531933429221,-7.568318557700507],[110.17534540643796,-7.568337355140766],[110.17536766100376,-7.568352657672603],[110.17540313078835,-7.568369183641378],[110.17547353152965,-7.568398638328475]],[[110.17636108398347,-7.5685939623738685],[110.17636107493487,-7.568598730790825],[110.17636124043266,-7.568601796396209],[110.17636157672284,-7.568604182153118],[110.17636344585227,-7.568608443085982],[110.1763669869814,-7.56861432801143],[110.17636994953861,-7.568617966917039],[110.17637657544802,-7.568622312814119],[110.17638089674792,-7.568624993726026],[110.17638686749233,-7.568626854674931],[110.17639551425762,-7.568629543759299],[110.1764255756859,-7.568637823210822],[110.17644801926865,-7.568643827060802],[110.17647416597032,-7.5686525106528855],[110.17650114220247,-7.568658728381088],[110.17652481812688,-7.568666378905474],[110.17655323440832,-7.568673216208418],[110.17658103068455,-7.568681491370848],[110.17661623814567,-7.568692041738199],[110.1766590696966,-7.568701579010733],[110.17668069207525,-7.568706142265838],[110.17671240308637,-7.568714013274593],[110.17674019924173,-7.568721877791942],[110.17676717067783,-7.568730151385367],[110.17681020656443,-7.568740921840045],[110.1768503576876,-7.5687514815255375],[110.17687630137647,-7.568758725679077],[110.17691995272362,-7.56877093631824],[110.17694800436439,-7.568779828798257],[110.17697149099381,-7.568785975691597],[110.1770094556198,-7.568795683734225],[110.17704999328177,-7.56880603881448],[110.17711370230222,-7.56882197849804],[110.17713314186702,-7.568824705128326],[110.17714520508758,-7.568826379486695],[110.17714995428865,-7.568825204483491],[110.17715588902341,-7.568823113667812],[110.17715985446948,-7.5688189080710675],[110.17716259520446,-7.568814767998641],[110.17719039209666,-7.568780176957325],[110.17723983867054,-7.568690323061484],[110.17729363777369,-7.568492936135069],[110.17729242684446,-7.5684799925047885],[110.17728935824442,-7.5684701278470765],[110.17718924039457,-7.568451493757759],[110.17688499514216,-7.568405398554487],[110.17646410734503,-7.568325250617258],[110.17643745141592,-7.568321256713171],[110.17643256374822,-7.568320886590528],[110.1764226009332,-7.568319111262356],[110.1764109026528,-7.568316198433534],[110.17640603605466,-7.568316189239104],[110.17640174559034,-7.568317800157602],[110.17640022901827,-7.568323116556615],[110.17639754303664,-7.568333749105994],[110.17639313464393,-7.568354039183598],[110.17636044833209,-7.56856973007489],[110.17636047238821,-7.568577592790522],[110.17636076611487,-7.568581868836376],[110.17636075868137,-7.568585786137942],[110.1763609223013,-7.56858936367711],[110.17636108398347,-7.5685939623738685]],[[110.17638721323443,-7.568651009545156],[110.17637759034157,-7.568650657609114],[110.17637202694708,-7.5686509935143125],[110.17636889623594,-7.568652375980261],[110.17636657236152,-7.568655608733819],[110.17636380801237,-7.568659770463532],[110.17636134057636,-7.5686646183523045],[110.17635966088247,-7.568668004276106],[110.17635673514364,-7.568683175971572],[110.17635087509696,-7.568718034524965],[110.17633818405389,-7.568770163030366],[110.17632926415561,-7.5688120499649125],[110.17631542730585,-7.568887620500937],[110.17630447921238,-7.568931684309989],[110.17629644850756,-7.56896545518905],[110.17628709811959,-7.569001571611568],[110.17628306543526,-7.5690163649490705],[110.17627843131618,-7.569035227323002],[110.17627455290366,-7.569047060579354],[110.17627320748333,-7.569052460513179],[110.17626940937483,-7.569060666944767],[110.17626739036264,-7.569069470079231],[110.17626380526106,-7.56908293195892],[110.1762573094267,-7.56910556522121],[110.17625476541423,-7.569117326831431],[110.17625222722292,-7.569126498918072],[110.17624834509368,-7.569139811900963],[110.1762452942437,-7.569152126096717],[110.17621256607094,-7.569284242658179],[110.176212084504,-7.569298701715792],[110.17621403372475,-7.569313774988992],[110.1762170758971,-7.569321315081014],[110.17622731413879,-7.569333197628384],[110.17645558572035,-7.569402631090224],[110.17663800120813,-7.569458117521054],[110.17688346980745,-7.569532781322026],[110.1768910335137,-7.569533981383242],[110.17689598968646,-7.569534561471656],[110.17690180532499,-7.569534096696218],[110.17690676709007,-7.5695317281804115],[110.17691004777822,-7.56952726170726],[110.1769884347345,-7.569265973427509],[110.1771098450619,-7.56884847437994],[110.17691921361725,-7.56880458802362],[110.17661433645667,-7.5687082871829885],[110.17638721323443,-7.568651009545156]],[[110.17687103273346,-7.569568587119987],[110.17622097350906,-7.569359061995456],[110.17621716877416,-7.569359296301514],[110.17621359893087,-7.56936089682061],[110.17621129119158,-7.569364221860453],[110.17620893453937,-7.569368483852084],[110.17616955398887,-7.569542166909837],[110.17614297471619,-7.569694000143939],[110.17613085010494,-7.5697413657949175],[110.1761291333692,-7.5697494585757115],[110.17612938714502,-7.569753768916162],[110.17613433518267,-7.569767228833664],[110.17614229900714,-7.569777299927665],[110.17615220316965,-7.569781339075238],[110.1761777154799,-7.569788562561301],[110.17623758806056,-7.569805251280195],[110.17627647324842,-7.569818054465288],[110.17639217836395,-7.569859127716143],[110.17646725707205,-7.569889771463622],[110.17647455348428,-7.569872290741965],[110.17655647243014,-7.569881761696022],[110.17676569800818,-7.569923215043276],[110.17677185008728,-7.569923627349635],[110.17677560556108,-7.569923561180034],[110.17677914209675,-7.569922318768989],[110.17678157613595,-7.5699202656676965],[110.17678428484047,-7.569916770434838],[110.17689358034033,-7.569614878631454],[110.17689631755249,-7.569597306982205],[110.17689410040278,-7.569588236257397],[110.17689054016938,-7.5695809466366875],[110.17688444393217,-7.569574989957065],[110.17687103273346,-7.569568587119987]],[[110.17632110115237,-7.568652837405036],[110.17631843982771,-7.568643787546985],[110.17631585281073,-7.568639046785989],[110.17630979565332,-7.568634957026921],[110.17630483824358,-7.568632169087842],[110.17630087630623,-7.568630224198898],[110.1762975023719,-7.568629376654321],[110.17629134529031,-7.568626834276489],[110.17601038882866,-7.568555981546433],[110.17596647369274,-7.568546674616827],[110.17550974171573,-7.568432426838746],[110.17540923572217,-7.568402987569042],[110.17540661600503,-7.568403060399077],[110.17540449537005,-7.568403799872459],[110.17540228823029,-7.568405223875625],[110.17539982243284,-7.568406819241208],[110.17539770055029,-7.568408215366656],[110.1753956927511,-7.568410155302022],[110.17539428770583,-7.568411152097603],[110.17539319713346,-7.568412179335982],[110.17539253647996,-7.568413063574848],[110.1753922207561,-7.5684136915931175],[110.17539181865034,-7.568414462356249],[110.17538990310463,-7.568423665462423],[110.17538673540805,-7.568447855287733],[110.17538662373293,-7.56845606325724],[110.17538765005825,-7.568467860557997],[110.1753898188432,-7.568479945836435],[110.17539303275323,-7.568494410072494],[110.1753971998606,-7.568509066957558],[110.17540374959775,-7.56852344253315],[110.17541799063446,-7.5685539089338505],[110.17547042355164,-7.56864190122451],[110.17548037805236,-7.568658074115361],[110.17548987904719,-7.568680603757452],[110.17549203217219,-7.568689482614742],[110.17549439177598,-7.568703231597667],[110.17549632530223,-7.5687131927054185],[110.17549641322402,-7.568723691202908],[110.17549519507904,-7.568737001075811],[110.17549222928875,-7.568757017095991],[110.17548746614227,-7.568792729727722],[110.17547378482705,-7.568836929436755],[110.17546762280817,-7.5688513017697225],[110.17545746198425,-7.568876457017339],[110.17545037582683,-7.568892516271069],[110.17544814807727,-7.568892859378348],[110.17544619187169,-7.568896744953622],[110.17544702431569,-7.568897996523432],[110.17544143250497,-7.568910902863474],[110.17543185518802,-7.568933316822321],[110.1754133458571,-7.568976751247386],[110.17541350241996,-7.568995966374325],[110.1754169541568,-7.569021225156984],[110.1754245235751,-7.569043265439351],[110.17543571197822,-7.5690636030954],[110.17544919232859,-7.569079388302957],[110.17546927648573,-7.569093975804367],[110.17552075032734,-7.5691200110225205],[110.17583767972671,-7.569214677503304],[110.1761330770959,-7.569304531922111],[110.17614754081696,-7.569307498830004],[110.17615594351305,-7.569306022315426],[110.17616561503463,-7.569302251716876],[110.17617391438196,-7.56929457568099],[110.17618430069749,-7.56927667931502],[110.17623304479355,-7.569107208938484],[110.17623566460304,-7.569093718100414],[110.17623838204553,-7.569084185463952],[110.17624132183883,-7.569072119791085],[110.17624350087881,-7.56906210042973],[110.17624650247524,-7.569047081736932],[110.1762538934877,-7.569020824998974],[110.1762600042645,-7.569002396854332],[110.1762658947113,-7.568975884929464],[110.17627130085249,-7.56894999346893],[110.17627941098011,-7.568909717699484],[110.17628399890218,-7.568880330674856],[110.17628983021335,-7.568847244855627],[110.1762981450499,-7.56880799786918],[110.17630458907927,-7.568777791271901],[110.17630978971988,-7.568751282564483],[110.1763147907149,-7.568721074144518],[110.17632104926751,-7.568680178016915],[110.1763229384086,-7.568661475070702],[110.17632110115237,-7.568652837405036]]]}},{"type":"Feature","properties":{"FID_Fisnet":2,"FID_PL":0,"NAMOBJ":"Kerban","FCODE":"BA03070040","METADATA":"TASWIL1000020230928_DATA_BATAS_DESAKELURAHAN","SRS_ID":"SRGI 2013","KDCPUM":"33.08.11","KDEPUM":"33.08.11.2002","KDPKAB":"33.08","KDPPUM":"33","WADMKC":"Tempuran","WADMKD":"Sumberarum","WADMKK":"Magelang","WADMPR":"Jawa Tengah","DUSUN":"Kerban","Toponimi":"Dusun Kerban","Shape_Leng":3646.39056914,"Shape_Le_1":12240.1679469,"KETERANGAN":null,"KET_DETAIL":null,"PL":"3","Shape_Le_2":276.147367464,"Shape_Area":804.615202526},"geometry":{"type":"Polygon","coordinates":[[[110.1752224855083,-7.56778979658555],[110.17522498924549,-7.567841698731812],[110.17522546058626,-7.567848378323925],[110.175243625215,-7.568106561101382],[110.175249274657,-7.568186876287145],[110.17525089813351,-7.568210695292853],[110.17525252023546,-7.568224265602385],[110.1752528997233,-7.568241123164594],[110.17525372815055,-7.568249735407299],[110.17521149328644,-7.568243448939706],[110.1751823445827,-7.568245720118237],[110.17513572681268,-7.568238652017889],[110.17507743291907,-7.56824086894451],[110.17500169961463,-7.568218622783002],[110.17499357886858,-7.5681976686410355],[110.17503369699264,-7.568074823560136],[110.1750452286068,-7.5680385557285925],[110.17505241621416,-7.5680397017423315],[110.17505830203915,-7.567994186649308],[110.17506047547253,-7.567993804548012],[110.17506210033093,-7.567985412214545],[110.17509574138788,-7.5679921428141395],[110.17509958350404,-7.567969846445739],[110.17510706224694,-7.567971378318991],[110.17511870074141,-7.5679752136401675],[110.17511565600677,-7.567995270209519],[110.17511551259314,-7.568005391099422],[110.17514656076787,-7.5680095236372384],[110.17514958698959,-7.567979651586294],[110.17515306964307,-7.5679700281485305],[110.17515767685002,-7.567954850601245],[110.1751575618186,-7.567950035822197],[110.1751790806865,-7.567955138022164],[110.17520487277886,-7.567860368089108],[110.17515553297416,-7.567845706235292],[110.17514019670477,-7.567842590218533],[110.17513650955735,-7.567841531328734],[110.17512461556173,-7.567838116109397],[110.17508046468673,-7.567828897293169],[110.17505458057695,-7.56782326313338],[110.17496525092703,-7.567800544430307],[110.17496005687038,-7.567820694614679],[110.1749361732679,-7.567812188883651],[110.17494611808324,-7.567765241538024],[110.17494000384966,-7.567763534966201],[110.17493695395427,-7.567759120745695],[110.17494328640475,-7.567734719838559],[110.17494737729947,-7.567721267069641],[110.17500070788228,-7.567738417492922],[110.17507550043258,-7.567755789417829],[110.1752224855083,-7.56778979658555]],[[110.17508264734329,-7.568076454715513],[110.1750780331838,-7.568090518830182],[110.1750630893199,-7.568087439731723],[110.17506031193402,-7.5680865336112575],[110.17504001969002,-7.5681724038792595],[110.17503355625603,-7.5681979975519775],[110.17505290194862,-7.568203350710833],[110.17508290031034,-7.568211871626819],[110.17515664757902,-7.56822794634923],[110.17515695801086,-7.568224856319261],[110.17516043988267,-7.568208967528663],[110.17516257068318,-7.568205263181379],[110.17516681819035,-7.568205271218175],[110.17517653339489,-7.568206168757537],[110.17517976659038,-7.568203801512444],[110.17518919114165,-7.568161604423485],[110.17518961861435,-7.568158932485922],[110.17518222964065,-7.568157858451818],[110.17517407983388,-7.568156486307708],[110.17517633299072,-7.568132753327016],[110.17517277174632,-7.568129355683235],[110.17515316688335,-7.568124444331535],[110.17515581921565,-7.56810863808814],[110.17515669714994,-7.568094058583804],[110.1751406982977,-7.568089498662591],[110.17512512523685,-7.568085059842689],[110.17512256233996,-7.568084329598105],[110.17510767984112,-7.568081393525555],[110.17509183145312,-7.568078266587931],[110.17508264734329,-7.568076454715513]]]}},{"type":"Feature","properties":{"FID_Fisnet":2,"FID_PL":0,"NAMOBJ":"Kerban","FCODE":"BA03070040","METADATA":"TASWIL1000020230928_DATA_BATAS_DESAKELURAHAN","SRS_ID":"SRGI 2013","KDCPUM":"33.08.11","KDEPUM":"33.08.11.2002","KDPKAB":"33.08","KDPPUM":"33","WADMKC":"Tempuran","WADMKD":"Sumberarum","WADMKK":"Magelang","WADMPR":"Jawa Tengah","DUSUN":"Kerban","Toponimi":"Dusun Kerban","Shape_Leng":3646.39056914,"Shape_Le_1":12240.1679469,"KETERANGAN":null,"KET_DETAIL":null,"PL":"3","Shape_Le_2":287.940474628,"Shape_Area":910.288008031},"geometry":{"type":"Polygon","coordinates":[[[110.17691004868465,-7.56952726170897],[110.17690676709007,-7.5695317281804115],[110.17690180532499,-7.569534096696218],[110.17689598968646,-7.569534561471656],[110.1768910335137,-7.569533981383242],[110.17688346980745,-7.569532781322026],[110.17663800120813,-7.569458117521054],[110.17645558572035,-7.569402631090224],[110.17622731413707,-7.569333198532864],[110.1762170758971,-7.569321315081014],[110.17621403372475,-7.569313774988992],[110.176212084504,-7.569298701715792],[110.17621256516452,-7.569284242656467],[110.17622800303006,-7.569221926732823],[110.1762409869193,-7.569225653319698],[110.1762718901181,-7.5692355443560695],[110.17626515487956,-7.56926491827668],[110.17630533825238,-7.569276649382171],[110.1763446073447,-7.569289174701422],[110.17635813729807,-7.569293173661885],[110.17638822709434,-7.569302289820825],[110.17639249302403,-7.569303582247371],[110.17640863001047,-7.569309419519392],[110.17640338728128,-7.569323714010412],[110.17647227308656,-7.569349622836269],[110.17647481445773,-7.569350715730897],[110.17649606947242,-7.569289030355767],[110.17649796505137,-7.569289863347985],[110.17652539981283,-7.569300466878371],[110.17652138011167,-7.569310808377935],[110.17651785179532,-7.56931823113486],[110.17652124363092,-7.569319679288804],[110.17654775870774,-7.569328192629359],[110.17661271328461,-7.569349827560857],[110.17663186409513,-7.56929263167344],[110.1766556571921,-7.56920604704782],[110.1766568835654,-7.5692017612105715],[110.17670082325023,-7.569212985629204],[110.17669566666859,-7.5692310890655055],[110.17667681435307,-7.569226984186823],[110.17666453383279,-7.569280124690521],[110.1766594816479,-7.569306266463486],[110.17668122079516,-7.569311407906839],[110.17668045083265,-7.569316398294007],[110.17666105688853,-7.5693932969818825],[110.17665623583073,-7.5694122774949495],[110.17672442441406,-7.569429217922563],[110.17672828207877,-7.569429751618169],[110.17673092251059,-7.56941732900924],[110.17674831134272,-7.569347160405874],[110.17675327850735,-7.569325219794333],[110.17678076527648,-7.5693299144203],[110.17675900259438,-7.569428925963055],[110.17679619883023,-7.569435653211142],[110.17683142421986,-7.569440609374232],[110.17684060513226,-7.569398249875149],[110.17684282794087,-7.569398601394541],[110.17690312194564,-7.569408147208244],[110.17690951081754,-7.569361127060154],[110.17691115573764,-7.569356002652126],[110.17691526995051,-7.569341705117744],[110.17696389296668,-7.569347788229454],[110.17691004868465,-7.56952726170897]]]}},{"type":"Feature","properties":{"FID_Fisnet":2,"FID_PL":0,"NAMOBJ":"Kerban","FCODE":"BA03070040","METADATA":"TASWIL1000020230928_DATA_BATAS_DESAKELURAHAN","SRS_ID":"SRGI 2013","KDCPUM":"33.08.11","KDEPUM":"33.08.11.2002","KDPKAB":"33.08","KDPPUM":"33","WADMKC":"Tempuran","WADMKD":"Sumberarum","WADMKK":"Magelang","WADMPR":"Jawa Tengah","DUSUN":"Kerban","Toponimi":"Dusun Kerban","Shape_Leng":3646.39056914,"Shape_Le_1":12240.1679469,"KETERANGAN":null,"KET_DETAIL":null,"PL":"3","Shape_Le_2":1320.46596553,"Shape_Area":7275.19463509},"geometry":{"type":"Polygon","coordinates":[[[110.17539627853762,-7.567504879522653],[110.17542310129102,-7.567516929123365],[110.1754837322173,-7.567544111345945],[110.17555581647078,-7.567577174459611],[110.17566534686169,-7.567623701949878],[110.17577291712867,-7.567671900811466],[110.17585506060512,-7.567709447425315],[110.17590423576878,-7.567731584440599],[110.17593329189893,-7.567745591917553],[110.17599003445294,-7.567776524852575],[110.1760807362752,-7.5678151241415135],[110.17620252073215,-7.567861681903697],[110.176349959833,-7.567913500640607],[110.17637638400406,-7.5679235396737035],[110.17639894306765,-7.567937453444191],[110.17640845007546,-7.567948234752352],[110.17641382480821,-7.5679584700863485],[110.17641829571696,-7.567970677294649],[110.17642043919173,-7.567985607122131],[110.17642156782549,-7.567997003930871],[110.17641976734787,-7.568013889035549],[110.17639829342006,-7.568147514768551],[110.1763538965969,-7.568402101630288],[110.17622303422195,-7.568377921736117],[110.17622475561353,-7.568367848144899],[110.17626885028218,-7.56837473046774],[110.17627625614595,-7.568329653274514],[110.17628892189704,-7.568331923943133],[110.17629191133754,-7.568314230669816],[110.1762795266871,-7.568312381117054],[110.17628238496414,-7.5682897699222735],[110.17613449416,-7.568256198239576],[110.17613092423395,-7.56828124747805],[110.17611625639991,-7.568278863578805],[110.17604311023113,-7.568266981523982],[110.17604139355927,-7.568281729490565],[110.17603703018952,-7.5682811586548615],[110.1760354270244,-7.568291024437349],[110.17602012434152,-7.568287869620004],[110.17597566264136,-7.568275705304066],[110.1759663056466,-7.568310524678645],[110.17594421419564,-7.568306691326334],[110.1759421622619,-7.56830609772461],[110.17593769415451,-7.568327751642659],[110.1759369299607,-7.568331132963924],[110.17592142863128,-7.568399665269349],[110.17591654276228,-7.56842126412815],[110.17591167377186,-7.568439224284257],[110.17591694955229,-7.568440941921506],[110.17593822099414,-7.568446048142077],[110.17596614349861,-7.568452751588456],[110.17597809747274,-7.568455621497427],[110.17599871455982,-7.568459727929165],[110.17599993697522,-7.568453231530481],[110.17606408829066,-7.568463885491821],[110.17608271225062,-7.568467934787955],[110.17608608426393,-7.56846836084138],[110.17608783201909,-7.568468753976874],[110.17608806139494,-7.56846681791256],[110.17608869383879,-7.568462648537333],[110.17609839694161,-7.568464196357276],[110.17620504928261,-7.568483247345345],[110.17620393229035,-7.568492464628743],[110.17622900098696,-7.568496024110139],[110.17625318621286,-7.568501337521996],[110.17625650851346,-7.568489271666595],[110.17631060233397,-7.568498373488645],[110.1763121718515,-7.5684823535392125],[110.17634076194093,-7.5684854800893495],[110.17632611135977,-7.5685843377171205],[110.17632578825034,-7.568585992310357],[110.1763254606673,-7.568588093709707],[110.17632350619692,-7.568589159115458],[110.17632053102565,-7.568590256962868],[110.17631486000286,-7.568591901450846],[110.17631001849027,-7.568593478765469],[110.17630710407866,-7.568594561351389],[110.1763007731638,-7.568595734261109],[110.17629615830019,-7.568595856690819],[110.17629273019709,-7.568595850212995],[110.176285218514,-7.568593994491434],[110.1762736210059,-7.56859147258533],[110.17625306178427,-7.568586960162186],[110.17623461156572,-7.56858258377816],[110.17621946256976,-7.568578203682697],[110.17619795355427,-7.5685736161990524],[110.17618547291563,-7.568569803733606],[110.176165667199,-7.568563721643793],[110.17579899612676,-7.568479047284292],[110.17552249711657,-7.568414222018364],[110.17550355336121,-7.568408177709737],[110.17547353152965,-7.568398638328475],[110.17540313078835,-7.568369183641378],[110.17536766100376,-7.568352657672603],[110.17534540643796,-7.568337355140766],[110.17531933429221,-7.568318557700507],[110.1753180871355,-7.568317556792217],[110.17531431764004,-7.5683145151215765],[110.17531027940962,-7.568312655101413],[110.17530798959696,-7.568310361523748],[110.17530515432261,-7.568307958376232],[110.17530220999295,-7.568305227599643],[110.17529959358127,-7.568302606885828],[110.17529688441542,-7.5682991891472255],[110.17529447390935,-7.568296014375021],[110.17529188568479,-7.568292393356594],[110.17529050292548,-7.56829024802107],[110.17528853985498,-7.568287252278401],[110.17528764809704,-7.56828573286933],[110.17528613225828,-7.5682835004517],[110.17528343864872,-7.5682761889443935],[110.17528161932182,-7.5682690988804],[110.17527928571077,-7.568258370918462],[110.17525615809184,-7.567963601470905],[110.17524538742028,-7.567841734609054],[110.17523221470942,-7.56752808844306],[110.17523210061712,-7.56751991622573],[110.17523407651672,-7.567510432844326],[110.17523744853163,-7.567501788750592],[110.17524249621394,-7.5674942648629555],[110.17525286477374,-7.5674828436755925],[110.17525734895302,-7.5674775500806435],[110.17527805691361,-7.5674700549127625],[110.17529735194874,-7.567470091412376],[110.17531356528202,-7.567472912411091],[110.17534793535769,-7.567486650490059],[110.17539627853762,-7.567504879522653]],[[110.17527987336192,-7.567664253506982],[110.17530541226196,-7.567676491532723],[110.175316447684,-7.567659010666807],[110.175334992053,-7.567666761887995],[110.1753883782337,-7.567550152031977],[110.17531671998054,-7.5675156787051225],[110.17529343008773,-7.567563476359629],[110.17526256444536,-7.567630744047985],[110.17525408152999,-7.567652036709014],[110.17527987336192,-7.567664253506982]],[[110.17547603852871,-7.567615661282231],[110.17543134771186,-7.567724161723534],[110.1754646844168,-7.567738412491825],[110.17549464437528,-7.56775139330907],[110.17552376112754,-7.567765927335689],[110.17551626456164,-7.567783324451814],[110.17551508963865,-7.567785812270907],[110.17550837756055,-7.567782462939883],[110.1754432669763,-7.5677572214050395],[110.17543828525373,-7.567755311664433],[110.1754327579835,-7.567753815145028],[110.17534199648297,-7.567718523309101],[110.17534125663236,-7.567720063148202],[110.17531960562683,-7.567780702130975],[110.17529573383995,-7.567841832567271],[110.17529264147143,-7.567849752699519],[110.17542676166175,-7.567901900193357],[110.1754303160124,-7.567896520721358],[110.17546253228714,-7.56790796004839],[110.17547115913675,-7.56788676443488],[110.17548916524399,-7.567893962898221],[110.17550557804694,-7.5678490420498],[110.1755234791639,-7.567856635572046],[110.17555227229812,-7.567868322578171],[110.17556463183621,-7.567842341166941],[110.17559003617966,-7.567788939702124],[110.17560814481011,-7.567751221738093],[110.17564331227818,-7.56776511597133],[110.17566387390994,-7.56770962412843],[110.17563222775743,-7.567694858302955],[110.17556628545793,-7.567670370457468],[110.17553677237989,-7.5676583392930175],[110.17554327401746,-7.567644585360267],[110.17550839448185,-7.567627521452611],[110.17547603852871,-7.567615661282231]],[[110.17575550966605,-7.567755670044816],[110.17573627446362,-7.5678076531984955],[110.1757207090312,-7.567842636298763],[110.17572036948364,-7.567843399944748],[110.1756988671693,-7.567898791422791],[110.17578794658095,-7.567933517422668],[110.17580319668197,-7.567895136486182],[110.17582034014838,-7.567902192206241],[110.17583492120147,-7.567868638132786],[110.1758509697581,-7.567873277716928],[110.17586350711612,-7.5678429062717045],[110.17587152053724,-7.56782349222408],[110.17583679107717,-7.567810915763091],[110.1758458486796,-7.56779008184293],[110.17575550966605,-7.567755670044816]],[[110.17604867196998,-7.567870218004045],[110.17604251705907,-7.567886117129803],[110.17602927483695,-7.567920136837545],[110.17601858222137,-7.567917001588563],[110.17601667868571,-7.5679227514063845],[110.17601109823364,-7.567921573171338],[110.17601017155884,-7.5679212566597736],[110.17600611529048,-7.567934151441347],[110.17600459877073,-7.567938483761405],[110.17599826643597,-7.567937067130526],[110.17598357243335,-7.56798380926181],[110.17599574293745,-7.56798816112126],[110.1759928459472,-7.567995348093347],[110.17604056938572,-7.5680091918629495],[110.1760468718765,-7.5680115282960365],[110.17604524479383,-7.568014416852582],[110.1760406332859,-7.568023757776215],[110.17607467019478,-7.568033980354322],[110.17608038171988,-7.568015291869535],[110.17608627685561,-7.568016390199595],[110.17611989608325,-7.567908080403843],[110.17611759054441,-7.5679073850217495],[110.17612211897392,-7.56789214671135],[110.17604867196998,-7.567870218004045]],[[110.17614748225401,-7.568014609170359],[110.17614238286531,-7.568030754502734],[110.1761637661716,-7.5680385210062004],[110.17618647010559,-7.568047740794944],[110.17619221506146,-7.568031972042272],[110.17622035443222,-7.568040454093335],[110.17623225269548,-7.5680019863055845],[110.17624414135793,-7.567968576367669],[110.17625490466618,-7.567934461519524],[110.17615811243735,-7.567902110679646],[110.1761513175583,-7.567922325694887],[110.17614664403096,-7.567936645681283],[110.17613617221214,-7.567965703208257],[110.17612145778682,-7.56800458715949],[110.17614748225401,-7.568014609170359]],[[110.17589420624697,-7.568039006443095],[110.17589669752401,-7.568023511029856],[110.17589710013212,-7.568021520119682],[110.17589901728859,-7.56800907444178],[110.17590088580512,-7.567996944336421],[110.17590937277897,-7.5679295773109985],[110.17587902927055,-7.567923812663432],[110.17588038194326,-7.567906476284112],[110.17585795438707,-7.5679016048524],[110.17583521125943,-7.567900623908216],[110.17582859084274,-7.567959275245265],[110.17581743684158,-7.56804112342259],[110.17585459855721,-7.568047339639259],[110.17589183489989,-7.568053398613927],[110.17589420624697,-7.568039006443095]],[[110.17561910150745,-7.567967535048021],[110.17563081519774,-7.567951824624803],[110.17565176755771,-7.567964085616676],[110.17567648196477,-7.567922692564928],[110.17568904897576,-7.567902488473666],[110.17566823988656,-7.5678892445818535],[110.17567544288246,-7.567877036830022],[110.17564802543421,-7.567859285162268],[110.17561400476552,-7.567842434533981],[110.17561272337588,-7.567841799877385],[110.17561236866972,-7.56784243144012],[110.17559224224388,-7.567878284162435],[110.17557719453853,-7.56787165569511],[110.17557552219372,-7.567870693780795],[110.17556505632291,-7.567886101751683],[110.17554394909405,-7.567921499470373],[110.17554252427308,-7.567923364532724],[110.17555905887374,-7.567933147935809],[110.17559336989558,-7.5679517538145475],[110.17561910150745,-7.567967535048021]],[[110.17624268724857,-7.568122479531706],[110.17624024883904,-7.568132571666972],[110.17621473339216,-7.568132303662003],[110.17619853534883,-7.568206899224661],[110.17622645872807,-7.568212659279179],[110.17622402115167,-7.568222311837101],[110.17627701495526,-7.5682311917917895],[110.17633164361071,-7.568238822120358],[110.17634867317115,-7.568141116773196],[110.17629700079566,-7.568131361976592],[110.17624268724857,-7.568122479531706]],[[110.17559124284584,-7.568203090183214],[110.17554721244417,-7.568194364580369],[110.17554084141051,-7.5682233430130195],[110.1755329269848,-7.568259344548616],[110.1755722347126,-7.56826721462616],[110.17555745395659,-7.568346237562427],[110.17555245324645,-7.568366728206764],[110.17557322954355,-7.568371952899602],[110.17559425329536,-7.568377178059459],[110.17559598946148,-7.568375082038333],[110.1756008485994,-7.568357065790437],[110.17564425342964,-7.568368258540202],[110.17565139057093,-7.568370208534558],[110.17564506735113,-7.568397398896914],[110.17563869430906,-7.568423617750332],[110.17565997784781,-7.568429033340038],[110.17567901948827,-7.568434129929329],[110.17568084677286,-7.56843464713094],[110.17568125422149,-7.568431540098528],[110.1756815063599,-7.568429074050749],[110.1757282585199,-7.568438421646531],[110.17573687307424,-7.568397448583667],[110.17575639783767,-7.5684025469875476],[110.17574412057952,-7.568453452486943],[110.1757743826968,-7.5684600907240025],[110.17577574509492,-7.568451479910163],[110.17579371366728,-7.5684550703108115],[110.17579403543023,-7.568452216371416],[110.17582051291255,-7.568459010256496],[110.17583326653109,-7.568462265181938],[110.17585282159533,-7.568467638601965],[110.17585453237562,-7.568467932175371],[110.17589915904749,-7.568308711789786],[110.17591202728448,-7.568249206673061],[110.17590828061074,-7.5682484651501944],[110.17587774485455,-7.56824321116963],[110.17587476446555,-7.568256128786107],[110.17584634089577,-7.56824933303526],[110.17584123477701,-7.568269970011489],[110.17583801072006,-7.568282324578578],[110.17578620568293,-7.568271308621027],[110.17576829777978,-7.568345084178],[110.17575341923292,-7.5683419681415245],[110.1757560695872,-7.56832242004329],[110.17570153035676,-7.56830922995586],[110.17566702268904,-7.568302990703887],[110.17567250474295,-7.568282003502197],[110.17568203351516,-7.5682440884165],[110.17566169991953,-7.568239151287526],[110.1756648310965,-7.568218908552103],[110.17559124284584,-7.568203090183214]],[[110.17546382840057,-7.568201945627632],[110.17543244248657,-7.568187116963332],[110.17539652273214,-7.568173184203632],[110.17533494956784,-7.568297443148458],[110.17538227896839,-7.568318309554265],[110.17538771742642,-7.568305009473951],[110.17541572278003,-7.568319144340698],[110.17542736957715,-7.568294281337558],[110.17545383516463,-7.568304941884592],[110.17544820034105,-7.568319978201399],[110.17552259482689,-7.568338444637336],[110.17553115585734,-7.568309910830468],[110.175464688606,-7.568291651140846],[110.17546181776487,-7.568290792783541],[110.1754668460583,-7.5682748698306215],[110.17546927219604,-7.568268384755756],[110.17547646587484,-7.5682491591093575],[110.17549028837762,-7.568212217233806],[110.17546382840057,-7.568201945627632]]]}},{"type":"Feature","properties":{"FID_Fisnet":3,"FID_PL":0,"NAMOBJ":"Kerban","FCODE":"BA03070040","METADATA":"TASWIL1000020230928_DATA_BATAS_DESAKELURAHAN","SRS_ID":"SRGI 2013","KDCPUM":"33.08.11","KDEPUM":"33.08.11.2002","KDPKAB":"33.08","KDPPUM":"33","WADMKC":"Tempuran","WADMKD":"Sumberarum","WADMKK":"Magelang","WADMPR":"Jawa Tengah","DUSUN":"Kerban","Toponimi":"Dusun Kerban","Shape_Leng":3646.39056914,"Shape_Le_1":12240.1679469,"KETERANGAN":null,"KET_DETAIL":null,"PL":"23","Shape_Le_2":649.463240551,"Shape_Area":22041.2854215},"geometry":{"type":"Polygon","coordinates":[[[110.17143079769446,-7.565905651103489],[110.17143782373316,-7.566065536161784],[110.17141026859485,-7.566065474757334],[110.1712647772508,-7.56603012246046],[110.17120480089145,-7.566010271769639],[110.17120832239783,-7.565994573039051],[110.17120942766303,-7.565989648426839],[110.17120134260065,-7.5659871547794655],[110.17077267509015,-7.565854901421556],[110.1694431496114,-7.56534926595593],[110.16937325850066,-7.56529367455496],[110.16933292885965,-7.565261589945663],[110.16934867936538,-7.565246145172226],[110.16936790435247,-7.565227293502617],[110.1694094710037,-7.565186533521798],[110.16944505295538,-7.565142719462401],[110.16948289210538,-7.565093577779073],[110.16952693569323,-7.565036379026371],[110.16955164625863,-7.5649985997574305],[110.16957718498851,-7.564959554884802],[110.16960117464441,-7.564922878611295],[110.16963522378444,-7.564858688164873],[110.16967073190976,-7.564788986772366],[110.1697036833599,-7.564723370574071],[110.16972680987787,-7.56467731769543],[110.16976244100327,-7.564630025962965],[110.1697732765277,-7.564618075775209],[110.16980176280632,-7.564586660371002],[110.16982449219557,-7.564571953349791],[110.16987100536734,-7.564546685645156],[110.16992556985691,-7.564522575618954],[110.16994109264401,-7.564515750095525],[110.1699640233689,-7.564533229430117],[110.16997142894698,-7.56453885131044],[110.17021711426304,-7.564639242338165],[110.17042998009946,-7.564734389941706],[110.17074010547354,-7.564829721490654],[110.17097154010554,-7.56490179464626],[110.17099036325699,-7.564905369665017],[110.17106057599077,-7.564926472634597],[110.17104029857511,-7.56499193848098],[110.17110328736845,-7.565031448392806],[110.17111885416325,-7.565036710407634],[110.17139231907893,-7.5650825192979845],[110.17139296359625,-7.565099117766944],[110.1714026911868,-7.5652825380604165],[110.17141396652991,-7.565495151640469],[110.17143079769446,-7.565905651103489]]]}},{"type":"Feature","properties":{"FID_Fisnet":3,"FID_PL":0,"NAMOBJ":"Kerban","FCODE":"BA03070040","METADATA":"TASWIL1000020230928_DATA_BATAS_DESAKELURAHAN","SRS_ID":"SRGI 2013","KDCPUM":"33.08.11","KDEPUM":"33.08.11.2002","KDPKAB":"33.08","KDPPUM":"33","WADMKC":"Tempuran","WADMKD":"Sumberarum","WADMKK":"Magelang","WADMPR":"Jawa Tengah","DUSUN":"Kerban","Toponimi":"Dusun Kerban","Shape_Leng":3646.39056914,"Shape_Le_1":12240.1679469,"KETERANGAN":null,"KET_DETAIL":null,"PL":"23","Shape_Le_2":113.214640162,"Shape_Area":687.010960738},"geometry":{"type":"Polygon","coordinates":[[[110.17194713858251,-7.56697641800261],[110.17189590664962,-7.5671265207920495],[110.17155795499403,-7.567049623707693],[110.17159839300676,-7.566893036128289],[110.17194713858251,-7.56697641800261]]]}},{"type":"Feature","properties":{"FID_Fisnet":3,"FID_PL":0,"NAMOBJ":"Kerban","FCODE":"BA03070040","METADATA":"TASWIL1000020230928_DATA_BATAS_DESAKELURAHAN","SRS_ID":"SRGI 2013","KDCPUM":"33.08.11","KDEPUM":"33.08.11.2002","KDPKAB":"33.08","KDPPUM":"33","WADMKC":"Tempuran","WADMKD":"Sumberarum","WADMKK":"Magelang","WADMPR":"Jawa Tengah","DUSUN":"Kerban","Toponimi":"Dusun Kerban","Shape_Leng":3646.39056914,"Shape_Le_1":12240.1679469,"KETERANGAN":null,"KET_DETAIL":null,"PL":"23","Shape_Le_2":208.611050888,"Shape_Area":2869.01503134},"geometry":{"type":"Polygon","coordinates":[[[110.17209429893958,-7.566311193121831],[110.17196598226388,-7.56681007703311],[110.1719010929346,-7.566835372454193],[110.1717529616507,-7.566795808530069],[110.17166038024914,-7.5667702139955555],[110.17158546261469,-7.566709804218197],[110.17158020290766,-7.566312526751486],[110.17165428874473,-7.566321911305308],[110.17169138015994,-7.566301184107673],[110.17174011630297,-7.566245818370707],[110.17179573311839,-7.56622512725592],[110.17209429893958,-7.566311193121831]]]}},{"type":"Feature","properties":{"FID_Fisnet":3,"FID_PL":0,"NAMOBJ":"Kerban","FCODE":"BA03070040","METADATA":"TASWIL1000020230928_DATA_BATAS_DESAKELURAHAN","SRS_ID":"SRGI 2013","KDCPUM":"33.08.11","KDEPUM":"33.08.11.2002","KDPKAB":"33.08","KDPPUM":"33","WADMKC":"Tempuran","WADMKD":"Sumberarum","WADMKK":"Magelang","WADMPR":"Jawa Tengah","DUSUN":"Kerban","Toponimi":"Dusun Kerban","Shape_Leng":3646.39056914,"Shape_Le_1":12240.1679469,"KETERANGAN":null,"KET_DETAIL":null,"PL":"23","Shape_Le_2":204.541530357,"Shape_Area":1973.91834292},"geometry":{"type":"Polygon","coordinates":[[[110.1722985182835,-7.564545899577449],[110.1722494208921,-7.564678708297385],[110.1721897763266,-7.564657946667648],[110.1720643359239,-7.565024032865953],[110.17183930041504,-7.564941926333753],[110.17182950217577,-7.5649394620077155],[110.17182598362774,-7.564937468178949],[110.17182476223104,-7.564935326759406],[110.17183870188626,-7.564875063167787],[110.17183902099875,-7.564872183902779],[110.17184046532758,-7.564871498334596],[110.17184197112631,-7.564871375470985],[110.17184366450248,-7.564871754951126],[110.17184519933328,-7.564872093428506],[110.17185865946307,-7.5648750576503145],[110.17186990217918,-7.5648781840858845],[110.17187190449872,-7.564874837686323],[110.17187422131484,-7.5648719830177],[110.17189156650669,-7.564835895460576],[110.17184747110166,-7.564820139768602],[110.17182617306999,-7.56481151759918],[110.17182393894028,-7.564806661714756],[110.17196819361692,-7.564434600128546],[110.17197463306455,-7.564419735431785],[110.17213227673102,-7.564473899318331],[110.1722405910935,-7.564507227041142],[110.17230670827553,-7.564527571316689],[110.1722985182835,-7.564545899577449]]]}},{"type":"Feature","properties":{"FID_Fisnet":3,"FID_PL":0,"NAMOBJ":"Kerban","FCODE":"BA03070040","METADATA":"TASWIL1000020230928_DATA_BATAS_DESAKELURAHAN","SRS_ID":"SRGI 2013","KDCPUM":"33.08.11","KDEPUM":"33.08.11.2002","KDPKAB":"33.08","KDPPUM":"33","WADMKC":"Tempuran","WADMKD":"Sumberarum","WADMKK":"Magelang","WADMPR":"Jawa Tengah","DUSUN":"Kerban","Toponimi":"Dusun Kerban","Shape_Leng":3646.39056914,"Shape_Le_1":12240.1679469,"KETERANGAN":null,"KET_DETAIL":null,"PL":"23","Shape_Le_2":264.988814031,"Shape_Area":2961.18340061},"geometry":{"type":"Polygon","coordinates":[[[110.17210494562444,-7.565124701940924],[110.17210895274704,-7.565117181543123],[110.1721104801158,-7.565114778520159],[110.17211200531182,-7.565113515140538],[110.1721202669758,-7.565113230536056],[110.17214239261216,-7.565115185517376],[110.17214710047884,-7.5651138033607275],[110.17221209418956,-7.564991761039959],[110.17222742576485,-7.564955426339442],[110.17228808100292,-7.56497477618082],[110.17235833499868,-7.564997108218844],[110.17237664434337,-7.564961625758239],[110.17250980311056,-7.564616696355999],[110.17252014654156,-7.564593244666376],[110.17257075946365,-7.564608818191961],[110.17272349384994,-7.564661697245538],[110.17270945884663,-7.564688814136504],[110.17252389069421,-7.565182283166631],[110.17250357452707,-7.565260101542716],[110.17249959688223,-7.56526642537065],[110.17249085526228,-7.565275510587775],[110.17247854266057,-7.565285379545955],[110.1724684853276,-7.565290443651411],[110.17242678650854,-7.565405912123171],[110.17241895981611,-7.5654086297109835],[110.17241245268397,-7.565409544456372],[110.17240780547658,-7.565409535637108],[110.17238417897272,-7.565407959510691],[110.17209655609581,-7.565335627528173],[110.17208259261118,-7.565329479483855],[110.17207524559382,-7.565322120236264],[110.17206759771761,-7.565315198186719],[110.17205872487548,-7.565307530327136],[110.17205698813318,-7.5653042229566765],[110.17210494562444,-7.565124701940924]]]}},{"type":"Feature","properties":{"FID_Fisnet":3,"FID_PL":0,"NAMOBJ":"Kerban","FCODE":"BA03070040","METADATA":"TASWIL1000020230928_DATA_BATAS_DESAKELURAHAN","SRS_ID":"SRGI 2013","KDCPUM":"33.08.11","KDEPUM":"33.08.11.2002","KDPKAB":"33.08","KDPPUM":"33","WADMKC":"Tempuran","WADMKD":"Sumberarum","WADMKK":"Magelang","WADMPR":"Jawa Tengah","DUSUN":"Kerban","Toponimi":"Dusun Kerban","Shape_Leng":3646.39056914,"Shape_Le_1":12240.1679469,"KETERANGAN":null,"KET_DETAIL":null,"PL":"23","Shape_Le_2":134.623784479,"Shape_Area":1132.66847148},"geometry":{"type":"Polygon","coordinates":[[[110.17264815675045,-7.565208328337279],[110.1726282117198,-7.565198409029323],[110.1726246478998,-7.565195434661762],[110.17262366834193,-7.56518910142757],[110.17262469617121,-7.5651800902119595],[110.17268821998036,-7.564998351902216],[110.17269681697894,-7.564989999940771],[110.17269900272042,-7.564987431739503],[110.17270317245665,-7.564984472043087],[110.17270852877465,-7.564982899359896],[110.1727214767299,-7.564983039695259],[110.17305276994028,-7.565085860950154],[110.17305531491023,-7.565089805701035],[110.17305530963614,-7.565092575215987],[110.17305458578355,-7.565098088472308],[110.17303323375278,-7.5651739620916185],[110.17297973150094,-7.565318074913878],[110.17297565751934,-7.565321204837028],[110.17296628267454,-7.565322964365885],[110.17264815675045,-7.565208328337279]]]}},{"type":"Feature","properties":{"FID_Fisnet":3,"FID_PL":0,"NAMOBJ":"Kerban","FCODE":"BA03070040","METADATA":"TASWIL1000020230928_DATA_BATAS_DESAKELURAHAN","SRS_ID":"SRGI 2013","KDCPUM":"33.08.11","KDEPUM":"33.08.11.2002","KDPKAB":"33.08","KDPPUM":"33","WADMKC":"Tempuran","WADMKD":"Sumberarum","WADMKK":"Magelang","WADMPR":"Jawa Tengah","DUSUN":"Kerban","Toponimi":"Dusun Kerban","Shape_Leng":3646.39056914,"Shape_Le_1":12240.1679469,"KETERANGAN":null,"KET_DETAIL":null,"PL":"23","Shape_Le_2":171.52576432,"Shape_Area":1404.99204875},"geometry":{"type":"Polygon","coordinates":[[[110.17224434561575,-7.565797685105943],[110.17213042543949,-7.566218451901195],[110.17200334702764,-7.566194514990966],[110.17191307522593,-7.566172284153501],[110.17194356543816,-7.5660691768318475],[110.17197620942767,-7.565965999428292],[110.17198765583154,-7.565935053506142],[110.17194042527665,-7.565916775589787],[110.17194330105845,-7.565901722328777],[110.17194445451685,-7.565894336709574],[110.17193592000719,-7.565890342590808],[110.17192509917308,-7.565890322042341],[110.17191538031719,-7.5659099091395055],[110.1718951010234,-7.565904153397298],[110.17195144823972,-7.565709093066743],[110.17205777022185,-7.565741650080317],[110.17207693586124,-7.565747701274634],[110.17207999582612,-7.565748238015283],[110.1720895064534,-7.565749906751855],[110.17210844594112,-7.565756671151903],[110.17214032317601,-7.565764187316814],[110.17224434561575,-7.565797685105943]]]}},{"type":"Feature","properties":{"FID_Fisnet":3,"FID_PL":0,"NAMOBJ":"Kerban","FCODE":"BA03070040","METADATA":"TASWIL1000020230928_DATA_BATAS_DESAKELURAHAN","SRS_ID":"SRGI 2013","KDCPUM":"33.08.11","KDEPUM":"33.08.11.2002","KDPKAB":"33.08","KDPPUM":"33","WADMKC":"Tempuran","WADMKD":"Sumberarum","WADMKK":"Magelang","WADMPR":"Jawa Tengah","DUSUN":"Kerban","Toponimi":"Dusun Kerban","Shape_Leng":3646.39056914,"Shape_Le_1":12240.1679469,"KETERANGAN":null,"KET_DETAIL":null,"PL":"23","Shape_Le_2":1217.78637739,"Shape_Area":27491.8840615},"geometry":{"type":"Polygon","coordinates":[[[110.17359732944766,-7.566330438984247],[110.17305924512709,-7.566227326308489],[110.17274409552793,-7.566163912232652],[110.17286459298239,-7.56570557192577],[110.17287448769085,-7.565664068625485],[110.17316879417059,-7.565738700239254],[110.173178171128,-7.565697279159812],[110.17318813288708,-7.565649109036871],[110.17318534583535,-7.565631868841217],[110.17317865701264,-7.565627283096162],[110.17300946542754,-7.565574297880827],[110.17299551171007,-7.565566816675233],[110.17299130076451,-7.565560000650954],[110.17299099849247,-7.565548330446864],[110.17299590535737,-7.565530510597017],[110.17302649833091,-7.565416117228871],[110.17304030948816,-7.565360427307518],[110.17306505805148,-7.565305888728092],[110.17314041203282,-7.5650509920038465],[110.17314132366684,-7.5650477782974725],[110.17314548851667,-7.565044051586246],[110.17315919333238,-7.565038005779891],[110.17316986727258,-7.565030428365003],[110.17317648528262,-7.5650203107095075],[110.17318736877736,-7.564985983624927],[110.17321051000619,-7.564928696880758],[110.17324081134456,-7.564937906782418],[110.17332082922461,-7.564962218097507],[110.17332126753847,-7.564961472730367],[110.17332239151938,-7.564959558262702],[110.17338398047312,-7.564979841343666],[110.17339062840199,-7.564958765031894],[110.17339178793317,-7.5649591263091835],[110.17339644598879,-7.564960576882993],[110.17341478850211,-7.564898101963045],[110.17342810436382,-7.564849722013929],[110.17362415453813,-7.564899992030221],[110.17381509060976,-7.564953664887389],[110.17384447676609,-7.564962248921937],[110.17384254210701,-7.564972441488553],[110.17381497302603,-7.565055963446814],[110.17377385268101,-7.565208693341813],[110.1737541260006,-7.565288842863522],[110.17375257912315,-7.565301502687686],[110.17376118895226,-7.565311649204195],[110.17377740016907,-7.565328394754797],[110.17379109172595,-7.565335511837422],[110.17385350560346,-7.565346266794805],[110.17386263748519,-7.565348816645459],[110.17386362858275,-7.565361481278258],[110.17384160928377,-7.565462741605374],[110.17383550369334,-7.565470327691443],[110.17381875403578,-7.565469789448683],[110.17371167664024,-7.565456417308303],[110.17370710057845,-7.565460460719159],[110.17369020152154,-7.565538431267185],[110.17369120128878,-7.565546537324545],[110.17370692226524,-7.565554164765955],[110.17377945433171,-7.565582666765781],[110.1738332334082,-7.565595937920596],[110.17384480941745,-7.565594938690869],[110.17385630302876,-7.565591988335953],[110.17389544088891,-7.56559418530067],[110.17424586384764,-7.565663758814145],[110.17426113819194,-7.5656717480887785],[110.17426842595258,-7.565685029743815],[110.17426297568413,-7.565710741099352],[110.1746570904809,-7.5657825650756125],[110.17468103817339,-7.565784951201761],[110.17469753194078,-7.56578659872875],[110.17475700520887,-7.5657922512403815],[110.1748942280417,-7.565785388106859],[110.17495928772388,-7.565772848446248],[110.17499658829762,-7.56576025625871],[110.17504341379514,-7.565743724975007],[110.17505769140985,-7.565742960562702],[110.17506322969844,-7.565750093841593],[110.17506697726213,-7.5658648571819835],[110.1750744393053,-7.56611179509199],[110.17507378535117,-7.566138733873671],[110.1750610848771,-7.566144281460174],[110.1747627069516,-7.566130199376716],[110.17472830142556,-7.56628920834315],[110.17472390632811,-7.566324892719855],[110.17494367459939,-7.566340957069241],[110.17496078252017,-7.566358092303802],[110.17495500434636,-7.566392288002593],[110.17494897115742,-7.566685645553877],[110.17495519321388,-7.566694997920383],[110.17496297908868,-7.566702795726689],[110.17498168109337,-7.566712950467084],[110.17507172733741,-7.566712384592152],[110.17510060926872,-7.566713547226263],[110.17512160771759,-7.5667143928469045],[110.17516546966138,-7.566719622331988],[110.1751715334959,-7.566735445066217],[110.17517239909566,-7.566921529557373],[110.17517105124415,-7.566993567248994],[110.17497278034283,-7.566930270869711],[110.17484468166812,-7.56689588694887],[110.1747183315282,-7.566861971206235],[110.17457894014942,-7.566830237678044],[110.17433553622968,-7.566774825881642],[110.17427655122465,-7.566757829299055],[110.17403853760759,-7.566689235675774],[110.1739070257827,-7.5666427991311584],[110.1739190323956,-7.566611775517918],[110.17393922860678,-7.566563096545329],[110.17397372693793,-7.566453617313568],[110.1739016105558,-7.566436658218893],[110.17363806403603,-7.5663619243372],[110.17361358292202,-7.5663469033296105],[110.17360496917686,-7.566340235440817],[110.17359732944766,-7.566330438984247]],[[110.17366405600198,-7.566207482568603],[110.17373361214527,-7.5660146267638195],[110.17374963606133,-7.565964526185967],[110.17376692009687,-7.565896698329197],[110.17377494413772,-7.565865534212807],[110.1737764190388,-7.5658440193691785],[110.17376778124567,-7.5658485634034776],[110.1737464651465,-7.565847003483759],[110.17345678845885,-7.565762373824139],[110.17345120780774,-7.565760843715865],[110.17344358327847,-7.565766400875481],[110.17339054752335,-7.565895460430391],[110.17331314909396,-7.5660234607675685],[110.17331516500893,-7.566031062241306],[110.17332579750529,-7.5660452646821845],[110.17334807865483,-7.566073164979624],[110.1733556790825,-7.566080270530025],[110.17339980804685,-7.566097069019787],[110.17359863982128,-7.566173928924708],[110.17360675074269,-7.566179515908345],[110.1736610277814,-7.5661983596469105],[110.17366405600198,-7.566207482568603]]]}},{"type":"Feature","properties":{"FID_Fisnet":3,"FID_PL":0,"NAMOBJ":"Kerban","FCODE":"BA03070040","METADATA":"TASWIL1000020230928_DATA_BATAS_DESAKELURAHAN","SRS_ID":"SRGI 2013","KDCPUM":"33.08.11","KDEPUM":"33.08.11.2002","KDPKAB":"33.08","KDPPUM":"33","WADMKC":"Tempuran","WADMKD":"Sumberarum","WADMKK":"Magelang","WADMPR":"Jawa Tengah","DUSUN":"Kerban","Toponimi":"Dusun Kerban","Shape_Leng":3646.39056914,"Shape_Le_1":12240.1679469,"KETERANGAN":null,"KET_DETAIL":null,"PL":"26","Shape_Le_2":407.285456074,"Shape_Area":10089.5403778},"geometry":{"type":"Polygon","coordinates":[[[110.16996402427358,-7.564533230336317],[110.16994109264401,-7.564515750095525],[110.16997950906672,-7.56449885874928],[110.17003947121296,-7.564461025329502],[110.17005803115353,-7.564445320857181],[110.17011284076767,-7.564375458967795],[110.17014596403321,-7.564328026752113],[110.17019273356227,-7.5642577533885635],[110.17024450535297,-7.5641752745084],[110.1702793208073,-7.564119810082153],[110.17031359859732,-7.564069168230623],[110.17034538485784,-7.564022205590507],[110.17038996596114,-7.563956341001946],[110.1704185830688,-7.563920448610982],[110.1704320820642,-7.563903517060188],[110.17044610516217,-7.563894551372559],[110.17045358590272,-7.5638897682284325],[110.17046420940486,-7.563882976780191],[110.17047291167539,-7.563877412677583],[110.17047851837293,-7.563873828025231],[110.1704829697878,-7.563870982850768],[110.1704861279878,-7.563868959199779],[110.17052283094664,-7.563885899394767],[110.17083554880466,-7.563989417690523],[110.17103613415561,-7.564078966408796],[110.17109064175017,-7.564098855544189],[110.17114393206286,-7.56412110215348],[110.17118524197784,-7.5641377887525465],[110.17124639951908,-7.564163621194874],[110.17127757071887,-7.564176257244846],[110.17124605517519,-7.564346442579306],[110.17123651113901,-7.564382248261604],[110.17122736379135,-7.56439874852957],[110.17112510468681,-7.564718144757314],[110.17106057599077,-7.564926472634597],[110.17099036144417,-7.564905369661572],[110.1709715382927,-7.564901794642814],[110.17074010547354,-7.564829721490654],[110.17042998009946,-7.564734389941706],[110.17021711426304,-7.564639242338165],[110.16997142985167,-7.564538852216643],[110.16996402427358,-7.564533230336317]]]}},{"type":"Feature","properties":{"FID_Fisnet":4,"FID_PL":0,"NAMOBJ":"Kerban","FCODE":"BA03070040","METADATA":"TASWIL1000020230928_DATA_BATAS_DESAKELURAHAN","SRS_ID":"SRGI 2013","KDCPUM":"33.08.11","KDEPUM":"33.08.11.2002","KDPKAB":"33.08","KDPPUM":"33","WADMKC":"Tempuran","WADMKD":"Sumberarum","WADMKK":"Magelang","WADMPR":"Jawa Tengah","DUSUN":"Kerban","Toponimi":"Dusun Kerban","Shape_Leng":3646.39056914,"Shape_Le_1":12240.1679469,"KETERANGAN":null,"KET_DETAIL":null,"PL":"32","Shape_Le_2":8697.22374432,"Shape_Area":142279.90253},"geometry":{"type":"Polygon","coordinates":[[[110.17156058202517,-7.56617784466942],[110.17156164015863,-7.566179567908966],[110.1715871192202,-7.5661793513024085],[110.17159080588297,-7.566125067679909],[110.17171179235505,-7.5661531835992255],[110.1722460079355,-7.566277448196536],[110.17258256592176,-7.5663344154072325],[110.17276377299318,-7.5663680450762865],[110.17300509035594,-7.566413176116244],[110.17317564846333,-7.566449384001232],[110.17341503344116,-7.566510702298067],[110.17345971707088,-7.5665247024648545],[110.17368639550374,-7.566605748621231],[110.17385098492348,-7.566657220748556],[110.1741304584643,-7.566753870455195],[110.17425624288049,-7.566785890397866],[110.17461108460087,-7.566874155083858],[110.17486810099695,-7.566933554131577],[110.17514759619476,-7.56701857433419],[110.17515300185646,-7.567020142984717],[110.17515734498126,-7.567022774201213],[110.17516330103066,-7.567028537979327],[110.1751671349212,-7.567032984433675],[110.17517016085517,-7.567037128166755],[110.17517237883777,-7.5670409664650995],[110.17517395722781,-7.5670465320199725],[110.17520173655956,-7.567374235253623],[110.17520837563046,-7.567497584887778],[110.1752224855083,-7.56778979658555],[110.17507550043258,-7.567755789417829],[110.17500070788228,-7.567738417492922],[110.17494737638961,-7.567721268876883],[110.17494328731463,-7.567734718031319],[110.17491594368921,-7.56772822274785],[110.17489063925501,-7.56772139304569],[110.1748691298277,-7.567799074529289],[110.17487502542065,-7.567800881990358],[110.17487109945631,-7.567810538956762],[110.17489861381675,-7.567816864523879],[110.17490219890364,-7.5678077161357615],[110.17492207015648,-7.567812670511847],[110.1749256420311,-7.567810473047671],[110.1749361732679,-7.567812188883651],[110.17496005687038,-7.567820694614679],[110.17495686446017,-7.567833079985476],[110.1749452027483,-7.5678886754584545],[110.1749366548391,-7.5679169686836],[110.17493236780692,-7.567936803110434],[110.17494629556609,-7.567939878480744],[110.17503096118278,-7.56796047006603],[110.17504125003553,-7.567962381713952],[110.17503673632534,-7.567985117293686],[110.17501669584702,-7.567983350903057],[110.17500799840138,-7.568032616990777],[110.1750452286068,-7.5680385557285925],[110.17503369608276,-7.568074825367375],[110.17499357886858,-7.5681976686410355],[110.17500169961463,-7.568218622783002],[110.17507743291907,-7.56824086894451],[110.17513572681268,-7.568238652017889],[110.1751823445827,-7.568245720118237],[110.17521149328644,-7.568243448939706],[110.17525372815055,-7.568249735407299],[110.17525488277741,-7.568261747313166],[110.17525966645509,-7.5682848830818905],[110.17526543286172,-7.568299347625126],[110.17527120810799,-7.568309637092869],[110.17527955577177,-7.568320894701356],[110.17529497771721,-7.568335698602769],[110.17531523031586,-7.568349870364187],[110.175356368554,-7.56837087339585],[110.17535799690272,-7.5683725696679005],[110.17535835434616,-7.568372883295094],[110.17535951607577,-7.568374001624448],[110.17536434051017,-7.5683780736872945],[110.17536568114586,-7.568379013267474],[110.17536644027919,-7.568379729244881],[110.17536809295284,-7.56838102668603],[110.17536898487963,-7.568382457455996],[110.17537067719022,-7.568386747000973],[110.17537139097736,-7.568387953122226],[110.17537174697912,-7.568389025607718],[110.1753722795104,-7.5683911702391695],[110.1753731574181,-7.568393777714627],[110.17536788610423,-7.568440761047469],[110.17536773109943,-7.568458893823918],[110.17536962690487,-7.568480596855298],[110.17537302094365,-7.568497101040756],[110.17537908546002,-7.56851925786809],[110.17538178839858,-7.568527862802997],[110.17539404780152,-7.568562240056893],[110.17540042804016,-7.568575182611284],[110.17541252557574,-7.568595522891221],[110.17542686588479,-7.5686147684668805],[110.17543391428352,-7.568623353582558],[110.1754604518354,-7.568669145281318],[110.17547631961804,-7.568716948265142],[110.17547538487284,-7.568743782499871],[110.17531656419774,-7.568673046369441],[110.1752987191085,-7.568708939565549],[110.17528595663704,-7.568704141559911],[110.17526975808957,-7.568697331814764],[110.1752345534882,-7.568790718166149],[110.17523200204144,-7.568792069158085],[110.17521766888188,-7.568823917816479],[110.17521087829729,-7.56882085324307],[110.17519706034771,-7.5688496502463245],[110.17518594566525,-7.568872567799906],[110.17518377866357,-7.568875763759108],[110.1751751269515,-7.5688928511550975],[110.17518327617084,-7.56889644742237],[110.17518033168265,-7.568901430072567],[110.17513914560534,-7.568995243767041],[110.17514817538166,-7.568999577045867],[110.17521597038963,-7.569030846670894],[110.17536043979379,-7.5690895866786665],[110.1753743793363,-7.569099362469509],[110.17537575803124,-7.569108418949636],[110.175355440355,-7.569149469350913],[110.17529307949432,-7.569278885042884],[110.17529027049572,-7.5692879326950955],[110.1753492235533,-7.569316699151957],[110.17543039143257,-7.569355001078407],[110.17544114066926,-7.56936031444636],[110.17542642631707,-7.569396711032818],[110.17539494779763,-7.569463495464655],[110.17543443081965,-7.56947743588052],[110.17547795663828,-7.569490840346796],[110.17548983819884,-7.5694512066831905],[110.17549275848687,-7.569452283114961],[110.17557371852237,-7.569498383075411],[110.1755947926204,-7.569462340406804],[110.17561932179045,-7.569407813026426],[110.17563488454063,-7.569385258431389],[110.17564003195474,-7.569384412526123],[110.17580363535717,-7.569446990134023],[110.175903400548,-7.569466678519036],[110.17591317844943,-7.5694632156520125],[110.17592790324241,-7.569427029809385],[110.17593767230358,-7.569427744731079],[110.17600489772825,-7.5694449439386275],[110.17600062205904,-7.569458329437145],[110.17600043961399,-7.569459417185059],[110.17600370642954,-7.56946178406116],[110.17599535064306,-7.569489156908803],[110.17605026185994,-7.569506065103061],[110.17605990246305,-7.569479910307784],[110.17610156744439,-7.569488996812987],[110.17611895518085,-7.569420414706864],[110.17612836162422,-7.5693882075719445],[110.17616843956577,-7.569399137119688],[110.17618133416039,-7.569346286327735],[110.17618383347623,-7.5693470906144436],[110.17618695583364,-7.569349634494808],[110.17618760865992,-7.569353351344319],[110.17618769427013,-7.56935791281324],[110.17618730282139,-7.569362142339752],[110.17614652345115,-7.569545952054186],[110.17611178152839,-7.569716047645315],[110.17610755342331,-7.569734458541332],[110.17610544767408,-7.569740722626817],[110.17610241675297,-7.569743966704164],[110.1760949682886,-7.569746042883771],[110.17607937909429,-7.569746244961898],[110.17587381846822,-7.569683277871677],[110.1756302542705,-7.5696311269755965],[110.17562636463481,-7.569657922155571],[110.17582198841059,-7.569694895630928],[110.17584880003045,-7.569701905420738],[110.17598902864384,-7.569748668210978],[110.17597407763964,-7.5697765251491855],[110.1759666823301,-7.569794524846721],[110.17595059384362,-7.56978844072507],[110.17591217280061,-7.569868697910578],[110.17597629163781,-7.569895130547148],[110.17600999522188,-7.5699057767170785],[110.17604732560376,-7.56991967954782],[110.17607057872674,-7.569929481972685],[110.17606174745904,-7.569950913278493],[110.17614111550853,-7.569984359137682],[110.17613691146045,-7.569995826364389],[110.17615392582356,-7.570001223014452],[110.17616472122548,-7.569978890031861],[110.17615248866723,-7.569971863498395],[110.1761647956262,-7.569939698931033],[110.17617434622196,-7.569943293309091],[110.17619294607523,-7.569894181582136],[110.17618377663352,-7.569890826708511],[110.17618397042428,-7.569889492058127],[110.17618635922769,-7.569889782390001],[110.17618998990196,-7.569884311704514],[110.17622417072894,-7.56989376393854],[110.17624429057557,-7.569836578953922],[110.17623594115949,-7.569829559762298],[110.17617057265105,-7.5698067843386845],[110.17628422878663,-7.569839487277286],[110.1763990402542,-7.569881469652277],[110.17642464412609,-7.5698929914006685],[110.17642686229475,-7.569893878367517],[110.1764393708183,-7.569897824746254],[110.17643868317042,-7.5698986040156155],[110.17643167405527,-7.56991132950824],[110.17641532160805,-7.56994545821342],[110.17639622850928,-7.5699383011394445],[110.17638965873293,-7.569957382358201],[110.17637077113605,-7.569950361343868],[110.17635482143773,-7.56999340629494],[110.17635039162853,-7.5699915355931005],[110.17631851259344,-7.570067847165991],[110.17634415784786,-7.57007953813646],[110.17643151408598,-7.5701121605883515],[110.17644128373499,-7.570115440615058],[110.17643248006144,-7.570140010537507],[110.17646581603482,-7.570152851160558],[110.17644986650686,-7.570200582241117],[110.17655317785761,-7.570231745138037],[110.17656327558748,-7.570196837608988],[110.17657633920582,-7.570200122952081],[110.1766325511368,-7.570212802370711],[110.17676327440176,-7.570236555926611],[110.17676591342007,-7.570236826829564],[110.17676525103101,-7.57026633795286],[110.17676231365901,-7.570310574283731],[110.17675143994379,-7.570324984769039],[110.17672515527305,-7.570337846610703],[110.17671432125579,-7.570339931780776],[110.17664295345861,-7.570301606972308],[110.17662516477709,-7.57030157336487],[110.17661164314151,-7.570315625190733],[110.17659477082137,-7.570337587624455],[110.17658982113542,-7.570335017681554],[110.17652238033732,-7.5702989135437395],[110.17649422087993,-7.570342969252599],[110.17648212485403,-7.570336590594593],[110.17649158720202,-7.570317435246252],[110.1764605530003,-7.570302021197155],[110.17646535305592,-7.57029125335394],[110.17645561508468,-7.570286563298396],[110.1764541817344,-7.5702857556000716],[110.1764571540033,-7.5702799842844275],[110.17640770039279,-7.570251088478224],[110.17639907231143,-7.570264805841126],[110.17639534652044,-7.570263558754118],[110.1763779921044,-7.570292614126663],[110.17636465751073,-7.570318434524153],[110.17634935852263,-7.570344335325384],[110.17640783405193,-7.570377908988757],[110.17640726658405,-7.570378885662351],[110.17643380816044,-7.570394004504597],[110.17643620543848,-7.570390786362315],[110.17647885606074,-7.5704174126270045],[110.1764666699837,-7.570444631719577],[110.17650164084141,-7.570460997488095],[110.17650750113708,-7.570447037918888],[110.17651915491751,-7.570452413573811],[110.17652686637169,-7.570457442598202],[110.17650231693011,-7.57050117680025],[110.17656075296745,-7.570530263232023],[110.17656866344196,-7.570514961665134],[110.17659435904413,-7.570527843018795],[110.17660268780324,-7.570510887037732],[110.1766163607621,-7.570518362192275],[110.17662167187554,-7.570521059445563],[110.1766250334745,-7.570514562564564],[110.1767357317115,-7.57057281508011],[110.17675364527983,-7.570531872224763],[110.17676320008482,-7.57051319099358],[110.17677198992344,-7.570507853963032],[110.17677869220877,-7.570492980643105],[110.1767771453098,-7.570480834132922],[110.17677838444594,-7.570448322120363],[110.17678235552638,-7.570424434086325],[110.17677846173356,-7.570407582545031],[110.17677383202341,-7.570364874063768],[110.17677148958954,-7.5703578182898745],[110.17675715300032,-7.57035423025903],[110.17676679853913,-7.570348399187965],[110.17682918475909,-7.570359834824408],[110.1768721902903,-7.5703690115330975],[110.17687251119769,-7.570391932642375],[110.17691782562856,-7.570395741983406],[110.17698078039801,-7.570405158962488],[110.17697695881498,-7.570430998251672],[110.1769807272057,-7.570430336955346],[110.17708752626501,-7.570444000052654],[110.17732689860885,-7.57047049476386],[110.1773377737248,-7.570469203792341],[110.17734132869057,-7.570466847993169],[110.17734294617348,-7.570445596598564],[110.17737172352761,-7.570236216955594],[110.17751166666915,-7.570267849462199],[110.17751980155691,-7.5702259483530225],[110.17752822838973,-7.570182572582429],[110.17748479852933,-7.570172500604273],[110.17749374775192,-7.570128975676175],[110.17739998167275,-7.570110405138111],[110.17737942704242,-7.570106293454264],[110.17738080379902,-7.570100615899004],[110.17751896387368,-7.570118417295247],[110.1775206532413,-7.570117578409595],[110.17752107989229,-7.570115334287631],[110.17752421768878,-7.5700920443416075],[110.1775233793881,-7.570089095953544],[110.1775204838819,-7.570087851347338],[110.17746403989553,-7.570080903313754],[110.17745196902524,-7.570079419791968],[110.17746241906067,-7.57003889063166],[110.17758031078003,-7.5700674831305665],[110.17758946728362,-7.570066195239903],[110.17760693514786,-7.569957141201623],[110.1776102960426,-7.569950049159589],[110.17764962115365,-7.569955552069662],[110.17767180124562,-7.569954758177047],[110.17768008049634,-7.569950028879467],[110.1777284116637,-7.569547122153137],[110.1777294595305,-7.5695289259279805],[110.17773676364283,-7.569527923068424],[110.17775606991809,-7.569523995140183],[110.1777770963759,-7.569511573740758],[110.17779357857535,-7.569500276180906],[110.17781007241055,-7.569483314768334],[110.17782713919968,-7.56946295629229],[110.17783968607552,-7.569431827748099],[110.17784881676971,-7.569406356633553],[110.1778607588298,-7.5693944852045965],[110.17788633630703,-7.569376407604508],[110.17790679656888,-7.56936285271665],[110.17794885606226,-7.5693340455616624],[110.17797897258966,-7.569317109833501],[110.17802670292771,-7.569290579095344],[110.17806476610207,-7.5692736583463915],[110.17807878408783,-7.5692693351201195],[110.17811242711596,-7.569379936367198],[110.1780342474365,-7.569399549187348],[110.17802737075789,-7.569427087684035],[110.1780334300917,-7.569554954152682],[110.17803428950157,-7.56957308071363],[110.17808449384668,-7.5696569350634375],[110.17809143526654,-7.5697909627266],[110.17811628524547,-7.569892353320778],[110.17816587549612,-7.5700946856765805],[110.17817270796672,-7.570122562072283],[110.17820510483484,-7.570252246469258],[110.17831314757282,-7.5706847461666085],[110.17832559374483,-7.570734567769954],[110.17834765500528,-7.570822878794058],[110.17837485269307,-7.571125344964289],[110.17840980660344,-7.571514059192104],[110.17842055263412,-7.57173460513724],[110.17842369109998,-7.571799022926026],[110.17838354174724,-7.571772517316708],[110.17823078093862,-7.571686855976788],[110.17801234591566,-7.571574070073665],[110.17787671642145,-7.571532667452644],[110.17777535132352,-7.571511251593395],[110.17764828813226,-7.571516963313715],[110.1775226526819,-7.571534095885868],[110.17730850138354,-7.571588346814157],[110.17711861985934,-7.571642598240742],[110.17698156367608,-7.57171112622498],[110.17681452523635,-7.571775371775538],[110.1766831792663,-7.571808208695599],[110.17659894592786,-7.571801071442095],[110.17651899634893,-7.571783937783714],[110.17647902243841,-7.571771089129177],[110.17638479267674,-7.571722549235517],[110.17622583619931,-7.571642968121032],[110.17606879308457,-7.5715668257978495],[110.17584988211716,-7.571474026138973],[110.17558338264239,-7.5714097813135295],[110.17532298394192,-7.571307665434443],[110.17511121160382,-7.571252937760737],[110.17497558265181,-7.571233902129622],[110.174885163147,-7.571250557922128],[110.17478150473558,-7.571302704937758],[110.17460304513972,-7.571364571817643],[110.17443410309909,-7.571443093699995],[110.17430085279439,-7.571528754387344],[110.1741057373536,-7.571626312012956],[110.1740272147143,-7.571647727842182],[110.1739058629943,-7.571647728437434],[110.17387234942348,-7.571642939884105],[110.17383923729442,-7.571638209071777],[110.17375833613569,-7.571590621008979],[110.17370360830081,-7.571523995277348],[110.17346804140709,-7.571190870918613],[110.17325603886421,-7.5709622163502965],[110.1731018636065,-7.570779085477461],[110.17283642474526,-7.570808042521004],[110.1725076478335,-7.570880311454427],[110.17264663747974,-7.57033080403968],[110.17265846401683,-7.570284045775073],[110.17268467345198,-7.57018042289157],[110.17271631947482,-7.570192905120577],[110.17270643781897,-7.570214162494499],[110.17270898538787,-7.570215804442972],[110.17268321844398,-7.570267050516732],[110.17285741824114,-7.570342242438081],[110.17289199002995,-7.570280650411332],[110.17296974477773,-7.570317217847688],[110.17307255059481,-7.570359023628275],[110.173163568603,-7.5704025635267405],[110.17327426113461,-7.570451609230425],[110.17332499883128,-7.570480083605993],[110.17338275293493,-7.57050633359594],[110.17343111604546,-7.570529440781417],[110.17347197179302,-7.570553653472795],[110.1735160348738,-7.570583859011343],[110.17352848943857,-7.570591379884274],[110.17353507821365,-7.570595707664307],[110.17354078942151,-7.570599157336697],[110.17354550249487,-7.570601735004238],[110.17355197275248,-7.570604041041486],[110.17355697864345,-7.570605646041313],[110.17384975753964,-7.5706555442950805],[110.17386073278651,-7.570658795007406],[110.1738622723939,-7.570659016810786],[110.17386630057199,-7.570660926573292],[110.17386739867815,-7.570661660381154],[110.17386878921566,-7.570663052302009],[110.17386966622423,-7.5706642243646485],[110.17387024975858,-7.570665762186286],[110.17387075820176,-7.570668177213419],[110.17387111945784,-7.57067124952014],[110.17387111388712,-7.570674175509834],[110.17387081955499,-7.57073450392149],[110.17387104384999,-7.5707371472439835],[110.17387252723876,-7.57074023614966],[110.17387504319632,-7.5707422986164135],[110.17387755958957,-7.570744132249941],[110.1738798488327,-7.5707448221872236],[110.17388328467288,-7.570745057534511],[110.1738863765422,-7.570745520159263],[110.1738891255272,-7.570745639335216],[110.1738917602652,-7.570745301530992],[110.17389428014042,-7.570745306307814],[110.1738971450748,-7.570744512176368],[110.17390081328966,-7.5707431470303455],[110.17390310514334,-7.570742465777283],[110.17390471104653,-7.5707416692591165],[110.17390585717277,-7.5707409858341554],[110.17390666219244,-7.570739501295737],[110.17390715222186,-7.570736352817255],[110.1739168497553,-7.570680854075646],[110.17392500097446,-7.570621512874852],[110.17393789672671,-7.570549651777708],[110.17387606384102,-7.570543763066983],[110.17387444261405,-7.570543562816557],[110.17374484237652,-7.570527532095557],[110.17373625297203,-7.570599437527813],[110.17364564444725,-7.570588324204329],[110.17358940471324,-7.570581718854669],[110.1735799008425,-7.570578822769716],[110.17357623761013,-7.570577572159899],[110.17357360205838,-7.570575958088074],[110.17356752458201,-7.57057206904764],[110.17356379231686,-7.570568990348198],[110.17356049841769,-7.570566570038639],[110.17355822871527,-7.570564663608268],[110.17351451603163,-7.570528476492885],[110.17349259339636,-7.570516398067157],[110.1733485933336,-7.570435323931577],[110.17323970301614,-7.570374737759183],[110.17311212923734,-7.570312784716358],[110.17297166263886,-7.57024547977426],[110.172769149828,-7.570153976094955],[110.17269928102324,-7.570122670497427],[110.17271982422221,-7.570041452632451],[110.17252732914955,-7.5699420229005785],[110.17224179387269,-7.569751666103129],[110.1721109230864,-7.569629718581604],[110.17198897554768,-7.569492899302604],[110.17197375639469,-7.569465919542049],[110.17203699896275,-7.569467327664795],[110.17207535246934,-7.56947697265217],[110.1721634697613,-7.569549891126798],[110.17228223028229,-7.569651585084891],[110.17236269848482,-7.569711086385227],[110.17244896998395,-7.569745710964405],[110.17250644051894,-7.569791767769106],[110.17266550650916,-7.569885879910921],[110.1727114654521,-7.569931914840368],[110.17276506628419,-7.56999519555899],[110.17296056344071,-7.570100863677106],[110.17313308209556,-7.570183513369915],[110.17328456847787,-7.570227834564539],[110.17335927746545,-7.570289239569144],[110.17355476762681,-7.570398737013228],[110.17364105760774,-7.570423788374673],[110.17378879106748,-7.570424068475647],[110.1738746269687,-7.570447205047355],[110.17390192397342,-7.570458743716927],[110.17395184029952,-7.5704416079454555],[110.17400361357984,-7.570457022580001],[110.17407079464539,-7.570441833401162],[110.17408621244569,-7.570405487957658],[110.17410352365025,-7.570382546007736],[110.17414958118565,-7.570376889825216],[110.17418226007224,-7.570344405760137],[110.1742130409966,-7.570300431169322],[110.1742648843993,-7.570279469431544],[110.1743089792993,-7.570296783365591],[110.17433383772487,-7.570340864283706],[110.17436650112059,-7.570316037521876],[110.17440677732603,-7.570323772074753],[110.17444138512343,-7.570285547273741],[110.17450654162572,-7.570325874939366],[110.17452576443013,-7.570306767073961],[110.17458138192188,-7.570318359342906],[110.17461591687443,-7.570318424749855],[110.17463120808509,-7.570349084913424],[110.17466759550199,-7.570383614607847],[110.17475577170934,-7.570425900623442],[110.174799867555,-7.570443214513136],[110.17484783945959,-7.57043947667092],[110.17491875549662,-7.57047790039662],[110.17495139430018,-7.570466475260047],[110.17495144890111,-7.570437758042391],[110.1749016154218,-7.570410861165886],[110.17485944576724,-7.570389721354322],[110.17484805243821,-7.570326520773134],[110.1749036653815,-7.570341943477093],[110.17497460688949,-7.570366965522814],[110.17500341240991,-7.570353617430457],[110.17496683023224,-7.570420556768643],[110.17505307665213,-7.570468582538911],[110.17509719071364,-7.570476324295497],[110.17513749242933,-7.570470657113424],[110.17520077742913,-7.57048609249458],[110.1752487138597,-7.570501498820278],[110.17531012725718,-7.570492042900387],[110.17534286065091,-7.57043084151948],[110.17520096665532,-7.5703865391654945],[110.17500731184836,-7.570311679432962],[110.17500928743807,-7.570290452253361],[110.17514544284099,-7.570325170759404],[110.17521257291972,-7.570336784739326],[110.175316170523,-7.570340809463639],[110.17540815461216,-7.570398418163526],[110.17551740348102,-7.570457974299149],[110.17556330825225,-7.570532726187856],[110.17565923117243,-7.5705367363170195],[110.17572056547043,-7.570569399235962],[110.17574532496648,-7.570665170185696],[110.17583532936168,-7.570755321970236],[110.17589275679367,-7.570824352158687],[110.175978861617,-7.570947042548254],[110.17603821528087,-7.5710122476888655],[110.17608034143973,-7.571056360274061],[110.17613788890849,-7.571062212541808],[110.17619153039298,-7.571104433002797],[110.17621845973045,-7.571068108326075],[110.17630475368453,-7.571091245311416],[110.17630081136156,-7.571146758633208],[110.17630265031823,-7.571188881160808],[110.1763063600369,-7.571255894973789],[110.17651513675092,-7.571441995270366],[110.176484365942,-7.5714802274952335],[110.17645929737073,-7.571547186920037],[110.17641314159079,-7.571604534344468],[110.17642652404767,-7.57162944829229],[110.17645718221908,-7.5716505653108594],[110.17659731410511,-7.571612540663574],[110.17669519254441,-7.571597409096636],[110.17677583976752,-7.571563100668035],[110.17682021186343,-7.571550540728655],[110.1768225555421,-7.5715507323841456],[110.17682622232668,-7.571550599116314],[110.17682960892036,-7.571550042021129],[110.17683348701043,-7.571550330641471],[110.17683715376621,-7.5715506903166805],[110.1768382102376,-7.571551396000171],[110.17683898480857,-7.571552101151126],[110.17683954657976,-7.571553649782648],[110.17683947147127,-7.5715559723529084],[110.1768394681336,-7.571557731565894],[110.1768395198783,-7.571561034835283],[110.1768387267255,-7.571564868344541],[110.17682669315622,-7.571623012003875],[110.17682660991237,-7.5716234116280585],[110.1768255580653,-7.571624568283594],[110.17682488165117,-7.571625636104563],[110.176824324431,-7.571626466271681],[110.17682321269898,-7.571627176903999],[110.17682202180154,-7.571627570817734],[110.17682043373739,-7.571628042671164],[110.17681908428976,-7.5716283964881175],[110.17681702029056,-7.571629375761821],[110.17676611167678,-7.57163583165833],[110.17675280750288,-7.5716427393842345],[110.1767484992873,-7.571654643284436],[110.17674879117122,-7.571662280385025],[110.17675367877482,-7.571667481351124],[110.17675704211443,-7.571669625903116],[110.17676530489955,-7.571670252944454],[110.17677388365958,-7.571666298472189],[110.17677949143088,-7.571662659478226],[110.17687927154378,-7.571655192433629],[110.1769656782457,-7.571618980058904],[110.17702901071026,-7.571609527534685],[110.17706555185704,-7.571563647907898],[110.17709826242154,-7.571513933271146],[110.17715968049045,-7.571502562320152],[110.17731700722186,-7.5715028593790565],[110.17751280032172,-7.571453451667911],[110.17765676538467,-7.571417348688855],[110.17774501834229,-7.571419429115816],[110.17780830360887,-7.571434865046943],[110.1778658148995,-7.571459861316271],[110.1779003690151,-7.571450354363362],[110.17786290689199,-7.571414980802453],[110.17782755899029,-7.571398525779616],[110.17777776238054,-7.571352484077723],[110.17772017401116,-7.5713676910237195],[110.17766840770058,-7.571348449046638],[110.17767041733006,-7.571300590306011],[110.17765707744151,-7.571252702598749],[110.17761875263545,-7.571227741610949],[110.177518998924,-7.571219895987981],[110.17744032879966,-7.571223576171592],[110.17736163235986,-7.571240658016578],[110.17731552754579,-7.571271203103751],[110.17727329595445,-7.571282610305831],[110.17715248136467,-7.571251750061401],[110.17699326123558,-7.5712380476525505],[110.17694716003231,-7.571266677914429],[110.17692229820706,-7.571290158365875],[110.17691760685153,-7.571292361869933],[110.17691427778057,-7.571294611362291],[110.17691148214348,-7.571295667944702],[110.17690629705082,-7.57129486220574],[110.17690363768077,-7.57129432625101],[110.17690018241295,-7.571292859888924],[110.17689288717365,-7.571289169385777],[110.17684933978548,-7.571251177533294],[110.17680138140537,-7.571247258261184],[110.17678227851222,-7.571203188326657],[110.17675543638796,-7.571193565474577],[110.17673436826895,-7.571174380482317],[110.17673446998047,-7.571120774685407],[110.17657341820905,-7.5710611218430515],[110.17647189918607,-7.570972863219397],[110.17644903935474,-7.570886668025646],[110.17637437702254,-7.570800374024376],[110.17632444164076,-7.570827083089284],[110.17624389630197,-7.570807785655311],[110.17619994210072,-7.570715807113396],[110.1761904729285,-7.570650696298319],[110.17612726418858,-7.570595056938271],[110.1761082013731,-7.570529927985825],[110.17612171555072,-7.570485919693428],[110.17609875039035,-7.570455245062962],[110.17605458540986,-7.570474305848535],[110.17602200569665,-7.570455099968392],[110.17602016676275,-7.570412977441478],[110.17594349206256,-7.570376456882498],[110.1758170047502,-7.57030155264316],[110.17559853065544,-7.570170953610938],[110.17540696783378,-7.5700136028646545],[110.1752768766726,-7.56981616411904],[110.17523862855182,-7.569750998839772],[110.17507607802992,-7.569471175330506],[110.17503027897656,-7.569340903751542],[110.17499782586657,-7.56925469035761],[110.17496150492461,-7.569185698225877],[110.17497130053462,-7.569078506634405],[110.17496376047532,-7.56900765599797],[110.17497733656715,-7.5689311018644405],[110.17495837405002,-7.5688142809865075],[110.17495843774152,-7.568779821223694],[110.17494125038974,-7.568737669650178],[110.17493746807783,-7.568708945167973],[110.17494710809211,-7.568684075670309],[110.17491455767869,-7.56864955327206],[110.17493001900439,-7.5685902331008315],[110.17493777377365,-7.568548128736196],[110.17485923428129,-7.5684828871754775],[110.17479586222836,-7.568513399326755],[110.17470186505983,-7.568505563122117],[110.17458671990387,-7.5685206616152385],[110.17452727211506,-7.5685052325381434],[110.17452738498402,-7.568445884225627],[110.1745120983833,-7.568413308378405],[110.17445462413158,-7.568369166614643],[110.17446814111392,-7.568323244500187],[110.17436462413752,-7.568277099836959],[110.17421139054461,-7.568142796038644],[110.17407755096751,-7.567899401321584],[110.17406423622371,-7.567839499357175],[110.17400867817656,-7.567795888489959],[110.17397040125775,-7.56774603958372],[110.17395896982602,-7.567703898889951],[110.17397249502439,-7.567654147229737],[110.17394957661081,-7.5675985839592075],[110.17394395561767,-7.5675277369569605],[110.1739383309815,-7.567458804737074],[110.17392116927229,-7.567403252373528],[110.17388055102658,-7.567334863468318],[110.1738296966204,-7.5672802367623735],[110.17378985815424,-7.5672298259169555],[110.17376261387987,-7.567187828010488],[110.17371647833825,-7.567133211141432],[110.17367029889665,-7.567101663913629],[110.17363883160068,-7.567070144566421],[110.17357790319585,-7.567057445018491],[110.17354009490276,-7.567044790193147],[110.17351486971589,-7.567046838966624],[110.17349589769248,-7.567076165213542],[110.17347070753256,-7.567059339312701],[110.17343502519572,-7.56703410444577],[110.17338458988866,-7.56702981383839],[110.17332151158263,-7.567042278305287],[110.17326049224015,-7.567077816392829],[110.17322050208162,-7.567107102770234],[110.17319941606105,-7.567142716571826],[110.17317827810724,-7.567205595892176],[110.1731677091277,-7.567237035551652],[110.17316973122976,-7.567278985657057],[110.17315702430331,-7.567329295997625],[110.17315692444116,-7.5673817259325995],[110.173159001127,-7.567456883303625],[110.17317988522143,-7.5674911295260054],[110.17325784687712,-7.567553988748787],[110.17329766274467,-7.567647181608693],[110.17332406100033,-7.567785957543776],[110.17337707000164,-7.567999544826437],[110.17338262801941,-7.568102934979102],[110.1734035244873,-7.568212100391989],[110.17354340751702,-7.568304261919666],[110.17372551832625,-7.56838692950601],[110.17387840856564,-7.5684596547502805],[110.17392872621883,-7.568473467486212],[110.1739805247768,-7.568475479527303],[110.17403995431904,-7.568500480779508],[110.17413769273747,-7.568558102405187],[110.17421425584712,-7.568653970640205],[110.17426418925345,-7.568627262702562],[110.17435431037904,-7.5686561498234015],[110.17441946664357,-7.56869647747775],[110.17447304121974,-7.568773158763215],[110.17450352067242,-7.568888085765431],[110.17453980328008,-7.568978136015368],[110.1745761966182,-7.569050005469951],[110.17460287869565,-7.569102695070687],[110.17462378647072,-7.569142699222498],[110.174639661837,-7.569159778779443],[110.17465141317405,-7.569176262613315],[110.17466891856269,-7.569265656825979],[110.17467064361065,-7.569288000811072],[110.17467814528072,-7.569370909935614],[110.17467748678709,-7.569407358430424],[110.17468972088741,-7.569480281983759],[110.17471313952134,-7.569557930024036],[110.17474829679347,-7.569659704749762],[110.17479292250825,-7.569739155777753],[110.17480587548594,-7.569743883611302],[110.17482355530444,-7.569741565429843],[110.17483297992041,-7.569742759100486],[110.17485536555127,-7.5697439773089705],[110.17488186851189,-7.569749318706734],[110.17491301895129,-7.5697893558075995],[110.17493014228755,-7.569827528444354],[110.1749484785624,-7.569867062814099],[110.17496131292825,-7.569895563839128],[110.17495757862402,-7.569923114545179],[110.17492800526507,-7.569982770691502],[110.17489943674137,-7.569999248739799],[110.1748601505967,-7.5700161867751055],[110.1748359895907,-7.570019080599607],[110.17478532470251,-7.570016633017381],[110.17468066033425,-7.570009743468248],[110.17463862865439,-7.569989479440538],[110.17459739688091,-7.569968036574425],[110.17455906509952,-7.569946905816771],[110.17450734647764,-7.569902774037157],[110.17442683055937,-7.569868160747435],[110.17435780715752,-7.569845056142403],[110.17430440643335,-7.569844171696512],[110.17426226967517,-7.56984532829411],[110.17391514485601,-7.569915155901013],[110.17380451264978,-7.5699515677788005],[110.17378265298942,-7.5699587920460205],[110.17375143519772,-7.569967513578966],[110.17372615368996,-7.569966203896898],[110.1736920386311,-7.569956047005069],[110.17365161895867,-7.569937047696565],[110.17361751922367,-7.569919322120645],[110.17357205700974,-7.569892744536693],[110.1735442802075,-7.569873769192357],[110.1734779076576,-7.569849034175575],[110.17328523661266,-7.569818595624181],[110.17317820704363,-7.569796232780935],[110.17314492296511,-7.5697819240432045],[110.1730917041888,-7.569746930867878],[110.1729787795074,-7.569603130065628],[110.17292516499342,-7.569547508502835],[110.17277693173007,-7.5694819660945525],[110.17270733067951,-7.569425800422065],[110.17261461036418,-7.5693077613640485],[110.17253752918317,-7.569112464891974],[110.17246433873599,-7.568907514121075],[110.17240537894372,-7.568761209843719],[110.17249328728386,-7.568570952506072],[110.17253786173283,-7.568415512328992],[110.17263191403883,-7.568384855244236],[110.17278366609186,-7.568289419179151],[110.17290475394721,-7.568176693585297],[110.17299908563791,-7.568008397361486],[110.17303761067299,-7.567837555862933],[110.17300747886038,-7.567631258665925],[110.17291564889165,-7.567493241371156],[110.17281983160858,-7.567433715603365],[110.17288633738511,-7.566990113653756],[110.17290441116674,-7.566940809338509],[110.17289997176617,-7.5669116458363845],[110.17244392405644,-7.566809860167177],[110.17226197919976,-7.566755689968525],[110.17222377263892,-7.566755617434579],[110.17218326165556,-7.566784695597742],[110.17199158077041,-7.567407364177906],[110.17153637508564,-7.567356321468105],[110.171495060623,-7.56614443614925],[110.17149682529069,-7.5661359581748195],[110.17149949893789,-7.5661318406260225],[110.17150350231586,-7.566129143831422],[110.17150812622917,-7.566127113010063],[110.17151390548761,-7.566125262566724],[110.17152277966511,-7.566123207259256],[110.17153255635046,-7.56612177866335],[110.17152724507221,-7.566123489801392],[110.17151873827457,-7.566130624473211],[110.17151577805427,-7.566169969241271],[110.17152450137692,-7.566170493229813],[110.1715246263879,-7.5661743329932785],[110.17156058202517,-7.56617784466942]],[[110.17160492208224,-7.5661685268182435],[110.1715975571425,-7.56620333900063],[110.17159463579506,-7.566204260544627],[110.17157964442819,-7.566202377875415],[110.17156955862748,-7.566246573410609],[110.17158732813344,-7.566248482161454],[110.17158773684152,-7.566251379089232],[110.17158271006338,-7.566277853675846],[110.17162333598677,-7.566284965014134],[110.17166240995768,-7.566293109032443],[110.171663608008,-7.566290860052679],[110.17167004199078,-7.566257503220908],[110.17169590609315,-7.56626404020254],[110.17169884663905,-7.566253055427594],[110.17171653119384,-7.566165031365827],[110.17165829832585,-7.566153003292022],[110.17165484329055,-7.5661552479842955],[110.17165377353659,-7.566159615504633],[110.17163838486111,-7.566156937947626],[110.17163357543816,-7.566174010858],[110.17160492208224,-7.5661685268182435]],[[110.17174011630297,-7.566245818370707],[110.17169138015994,-7.566301184107673],[110.17165428874473,-7.566321911305308],[110.17158020290766,-7.566312526751486],[110.17158546261469,-7.566709804218197],[110.17166038024914,-7.5667702139955555],[110.1717529616507,-7.566795808530069],[110.1719010929346,-7.566835372454193],[110.17196598226388,-7.56681007703311],[110.17209429893958,-7.566311193121831],[110.17179573311839,-7.56622512725592],[110.17174011630297,-7.566245818370707]],[[110.17319130460307,-7.566679549266108],[110.17325492554029,-7.5667062553533215],[110.17329895278212,-7.56660228085283],[110.17332135709427,-7.566526475250166],[110.17327578444021,-7.566509052631809],[110.17328452328596,-7.566481438169783],[110.17326064900524,-7.566473808818789],[110.17324864744998,-7.566503583328992],[110.17326817597426,-7.566512829795757],[110.17319130460307,-7.566679549266108]],[[110.17155795499403,-7.567049623707693],[110.17189590664962,-7.5671265207920495],[110.17194713858251,-7.56697641800261],[110.17159839300676,-7.566893036128289],[110.17155795499403,-7.567049623707693]],[[110.17428756599725,-7.56692325650093],[110.17456094339083,-7.566967372013239],[110.17458027828077,-7.566885886695276],[110.17430728724854,-7.566831193103875],[110.17428756599725,-7.56692325650093]],[[110.17371567386819,-7.569835585829103],[110.17385156562216,-7.5698562820246655],[110.1739372389458,-7.569847154474898],[110.17402669953162,-7.569804588136072],[110.1740716402239,-7.5696727500233365],[110.17406542550363,-7.569650961928492],[110.17404160683003,-7.569642592840191],[110.17398094739927,-7.56962886994617],[110.1741491319186,-7.569131152595804],[110.1741502056018,-7.569117567495037],[110.17413976167435,-7.569101870313209],[110.17388224145914,-7.569024188363455],[110.17392013636771,-7.568917137811431],[110.17392041831403,-7.568913303340435],[110.17390776188081,-7.568909472388086],[110.17382970685694,-7.568886919520376],[110.17382335911228,-7.568887882521118],[110.17381650702347,-7.568897610808941],[110.1737757301375,-7.5689934520638396],[110.17377292643468,-7.568989704001454],[110.17362106099351,-7.568946133016454],[110.17361141087753,-7.56894008544212],[110.17360800385325,-7.568934720829597],[110.17361537418846,-7.568909406584373],[110.17364154240556,-7.568829633820209],[110.17363946585586,-7.568818642232224],[110.17362804668511,-7.568807204208044],[110.1735114055995,-7.568779584487247],[110.17350224472268,-7.568784133848775],[110.1734853693163,-7.568834332275641],[110.17347688174581,-7.5688375424703755],[110.17338701955345,-7.568813596848189],[110.17337176042207,-7.568816612398624],[110.17326460328407,-7.569015047041919],[110.17326534909881,-7.569024181013643],[110.17331257266194,-7.5690577581297],[110.17330797727149,-7.569067642640948],[110.17316674248565,-7.569223420546849],[110.17317664891746,-7.569177713240613],[110.17314564107211,-7.569131928322236],[110.1730306779425,-7.5689928884899125],[110.17322143670829,-7.568862615988701],[110.17327623359628,-7.568791909814457],[110.17328989173032,-7.568769986647386],[110.17329519076935,-7.568737597238448],[110.17330155066588,-7.568697892579772],[110.17327127099765,-7.5686476671402465],[110.17312809029197,-7.568482259721852],[110.17306917474289,-7.5684211098853655],[110.1730517523759,-7.568417732964381],[110.17303430707116,-7.568426395561922],[110.17298998035623,-7.568470459245323],[110.17297920619939,-7.568495856563389],[110.17297783426558,-7.5685132489621125],[110.17284638796765,-7.5683475598227945],[110.17283647258806,-7.568347541008509],[110.1727692887461,-7.568382422408491],[110.17276698116707,-7.56839231215976],[110.17279056288831,-7.568425082882763],[110.17279511767194,-7.5684365069953],[110.17278443128384,-7.568441053446944],[110.17269968416721,-7.568486556304347],[110.17267142817329,-7.568505529363989],[110.17266988670251,-7.568513898324967],[110.17277168098946,-7.568703357112666],[110.17260945289786,-7.568810829113338],[110.17260286531459,-7.568832046613023],[110.17264853089978,-7.5689154198121615],[110.17291062106834,-7.569375463777215],[110.17292212473352,-7.569384892220499],[110.17294183200919,-7.5693936262115535],[110.17294275944523,-7.569406385692098],[110.17295340959848,-7.569420865856929],[110.1731196202137,-7.569451624269858],[110.17312417356318,-7.569463809951776],[110.17311189638241,-7.569502600704426],[110.17306669088175,-7.5696105869928765],[110.17307124568201,-7.56962201110404],[110.17309716171177,-7.569630432159984],[110.17316481994301,-7.56966731505502],[110.17330995871438,-7.569721473992475],[110.173496059085,-7.569777569275046],[110.17371567386819,-7.569835585829103]],[[110.17422672596021,-7.569740435057435],[110.17423437185187,-7.569747504506545],[110.17424556533032,-7.569747525713918],[110.17439524720484,-7.569730760686486],[110.17441056471839,-7.569731377615135],[110.17442939381601,-7.569744346476018],[110.17446588281379,-7.569764992567602],[110.17448649622278,-7.569769147006334],[110.17459963899321,-7.569757603018086],[110.17460613001724,-7.5697523240880695],[110.17460615126258,-7.569741153769363],[110.17455525596777,-7.569550576081578],[110.17447505055702,-7.569281751272009],[110.17446858526003,-7.5692735082362255],[110.17445452086916,-7.5692760060089865],[110.17439757193961,-7.569109090770787],[110.17437732748027,-7.569104459463241],[110.17427497683032,-7.5691160066709084],[110.17426893578026,-7.569120134138526],[110.17428780424096,-7.569245322215597],[110.1742464405616,-7.56924990013048],[110.17424147358659,-7.569253097110882],[110.17423905792988,-7.569254536992879],[110.17426913165897,-7.569438332339628],[110.1742848850967,-7.569519493354623],[110.17427298073281,-7.569582964564841],[110.17426584795686,-7.569615873307889],[110.17421628408009,-7.569654581700919],[110.17420507067966,-7.569664554986026],[110.17420504606979,-7.5696774881335065],[110.17421263826235,-7.569712777332592],[110.17422672596021,-7.569740435057435]],[[110.17483202833674,-7.56811786427968],[110.17486490368204,-7.568121143751629],[110.17487467210495,-7.568076400300164],[110.1748880890223,-7.568078799057308],[110.17489301372068,-7.568079712861024],[110.17489198779428,-7.5680844024706655],[110.17488598659797,-7.568112875079146],[110.17495783034228,-7.568128948943273],[110.17497655361365,-7.568036857392888],[110.17498083523542,-7.5680146233628705],[110.1749886550536,-7.567977866419224],[110.17498699443549,-7.567977411939695],[110.1749546049837,-7.567970296582152],[110.17494934074305,-7.567993511020368],[110.17491344721205,-7.567985829153242],[110.17490607071232,-7.567984870912225],[110.17490869491063,-7.5679657487844665],[110.17486708271949,-7.567958549937915],[110.17486452916705,-7.5679581498457935],[110.17486178607548,-7.5679721053432365],[110.17485043141679,-7.5680239957275095],[110.17484560087674,-7.568051273016131],[110.17483202833674,-7.56811786427968]],[[110.17779368740271,-7.570795285571693],[110.17789252895726,-7.5708037146019675],[110.17789600080626,-7.570799778509372],[110.17790858320441,-7.570632707116011],[110.17791207264098,-7.570543892543837],[110.17791075260455,-7.570539250054912],[110.17782218688441,-7.570533457091244],[110.17781963063031,-7.570534950997259],[110.1778184088491,-7.570536337978417],[110.17779288479801,-7.570760103280194],[110.17779182386728,-7.570769404792365],[110.17779092771386,-7.570793159351903],[110.17779368740271,-7.570795285571693]],[[110.17796601636596,-7.570990755637556],[110.17793181664501,-7.570991682436436],[110.17790742259963,-7.570991244776393],[110.17790243814385,-7.570991229946269],[110.17789921685132,-7.570991137038848],[110.17789764683303,-7.570992611098002],[110.17789764238941,-7.570994956414499],[110.17789763563916,-7.570998519161002],[110.17789202903981,-7.571157986152952],[110.1778924084877,-7.571161040404004],[110.17789376646935,-7.571162400595185],[110.17789798409616,-7.571162408552047],[110.17790573642608,-7.571163102444137],[110.1780168768175,-7.571169013059589],[110.17801438036352,-7.571191570683907],[110.1781106049427,-7.57120775972653],[110.1781224066946,-7.571136476146246],[110.17812550699769,-7.571102344083194],[110.17812552613638,-7.5710410364371965],[110.1781261141827,-7.571004788571891],[110.17812563097822,-7.570994778649144],[110.17812549899318,-7.570992198814052],[110.17812359535174,-7.570991788206314],[110.17812005845636,-7.570991781535681],[110.17811325633805,-7.5709919043791905],[110.17801374885063,-7.570991903921442],[110.17799243186164,-7.570991618596569],[110.17798240568362,-7.570991195379977],[110.17796601636596,-7.570990755637556]],[[110.17497008062797,-7.570502118305122],[110.1749479591769,-7.570499711203959],[110.17493055199309,-7.570513083584532],[110.17472195638774,-7.570443504750627],[110.17470128075001,-7.570449651352846],[110.17451055126926,-7.5707730260965365],[110.17450141618768,-7.570795443574752],[110.17450137099603,-7.57081919791144],[110.17455274788898,-7.570841941662201],[110.1746677452432,-7.570902970541428],[110.1746905692516,-7.570918216309114],[110.17470918614067,-7.5709207850221105],[110.1747269892507,-7.570905616196189],[110.17474307756503,-7.570902268421598],[110.17482679151843,-7.570945502021365],[110.17486569994004,-7.570959933450646],[110.17488094486268,-7.5709548945007805],[110.17492201913862,-7.570844232856842],[110.17514870846331,-7.57089512850354],[110.17537701613617,-7.570926312092409],[110.17549792634715,-7.570921020816021],[110.17556117259807,-7.570905370819169],[110.17557776512541,-7.5709061909186435],[110.1755776977097,-7.570941672741807],[110.17556410260225,-7.571026804969315],[110.17557277788897,-7.571035494466227],[110.17569361173649,-7.571070417199015],[110.1757220621627,-7.571068894501725],[110.17576801445374,-7.571005112277892],[110.17577122011255,-7.570981463404778],[110.17569312482122,-7.570911139588966],[110.17568130138561,-7.57089534756819],[110.17570667495914,-7.570849663109486],[110.17570119693865,-7.570821266462536],[110.17566094047945,-7.570798324087495],[110.1755945898587,-7.570784794139342],[110.17557722191033,-7.570776087294072],[110.1755464431365,-7.570755528061462],[110.17551092972813,-7.570731805938278],[110.17549201542833,-7.570704961287044],[110.17535545301692,-7.570630584158599],[110.17497008062797,-7.570502118305122]]]}},{"type":"Feature","properties":{"FID_Fisnet":4,"FID_PL":0,"NAMOBJ":"Kerban","FCODE":"BA03070040","METADATA":"TASWIL1000020230928_DATA_BATAS_DESAKELURAHAN","SRS_ID":"SRGI 2013","KDCPUM":"33.08.11","KDEPUM":"33.08.11.2002","KDPKAB":"33.08","KDPPUM":"33","WADMKC":"Tempuran","WADMKD":"Sumberarum","WADMKK":"Magelang","WADMPR":"Jawa Tengah","DUSUN":"Kerban","Toponimi":"Dusun Kerban","Shape_Leng":3646.39056914,"Shape_Le_1":12240.1679469,"KETERANGAN":null,"KET_DETAIL":null,"PL":"27","Shape_Le_2":89.8705456404,"Shape_Area":491.847909946},"geometry":{"type":"Polygon","coordinates":[[[110.17705398475924,-7.567266768947624],[110.17705053337819,-7.567342162861169],[110.17705811279775,-7.5673919544931305],[110.17705998088724,-7.5674187605682155],[110.17705794403207,-7.567481935775198],[110.17700232498414,-7.56747034294495],[110.17694478885193,-7.567458747393223],[110.17689877156441,-7.567443344904477],[110.17689883690447,-7.567408884221547],[110.17687584278565,-7.567393524292416],[110.17685668192883,-7.567380086390324],[110.17685291038093,-7.56734561846348],[110.17685295031212,-7.5673245594589025],[110.17684918511787,-7.567286262867063],[110.17685119637706,-7.5672375566314765],[110.17688430710818,-7.567237621857223],[110.17705398475924,-7.567266768947624]]]}},{"type":"Feature","properties":{"FID_Fisnet":4,"FID_PL":0,"NAMOBJ":"Kerban","FCODE":"BA03070040","METADATA":"TASWIL1000020230928_DATA_BATAS_DESAKELURAHAN","SRS_ID":"SRGI 2013","KDCPUM":"33.08.11","KDEPUM":"33.08.11.2002","KDPKAB":"33.08","KDPPUM":"33","WADMKC":"Tempuran","WADMKD":"Sumberarum","WADMKK":"Magelang","WADMPR":"Jawa Tengah","DUSUN":"Kerban","Toponimi":"Dusun Kerban","Shape_Leng":3646.39056914,"Shape_Le_1":12240.1679469,"KETERANGAN":null,"KET_DETAIL":null,"PL":"6","Shape_Le_2":121.26741409,"Shape_Area":520.562684063},"geometry":{"type":"Polygon","coordinates":[[[110.17509740892025,-7.566393788432376],[110.17511138669784,-7.566571839692719],[110.17511222876173,-7.566601420584969],[110.17511601198855,-7.566630145069361],[110.17513319929677,-7.566672296632842],[110.17515042662009,-7.566693388295318],[110.17512160771759,-7.5667143928469045],[110.17510060927044,-7.566713546321787],[110.17507172733741,-7.566712384592152],[110.17501804646017,-7.566691221241698],[110.17502005629835,-7.566643365245803],[110.17500478407321,-7.566577471013264],[110.17500095131756,-7.566539039526383],[110.17501415581638,-7.566538718093384],[110.17500489095895,-7.566396720292272],[110.17500800409266,-7.566396948685211],[110.17500417603735,-7.566305001677324],[110.17512614477559,-7.566302458379461],[110.17512565631132,-7.566391623174582],[110.17509740892025,-7.566393788432376]]]}},{"type":"Feature","properties":{"FID_Fisnet":4,"FID_PL":0,"NAMOBJ":"Kerban","FCODE":"BA03070040","METADATA":"TASWIL1000020230928_DATA_BATAS_DESAKELURAHAN","SRS_ID":"SRGI 2013","KDCPUM":"33.08.11","KDEPUM":"33.08.11.2002","KDPKAB":"33.08","KDPPUM":"33","WADMKC":"Tempuran","WADMKD":"Sumberarum","WADMKK":"Magelang","WADMPR":"Jawa Tengah","DUSUN":"Kerban","Toponimi":"Dusun Kerban","Shape_Leng":3646.39056914,"Shape_Le_1":12240.1679469,"KETERANGAN":null,"KET_DETAIL":null,"PL":"23","Shape_Le_2":93.7587170984,"Shape_Area":402.780504101},"geometry":{"type":"Polygon","coordinates":[[[110.1765148918125,-7.567526854490816],[110.17649946524675,-7.567567035048729],[110.1764878746727,-7.56760912950188],[110.17645512443193,-7.567679904032401],[110.1764377880408,-7.56771624687554],[110.17642624013244,-7.567735369347406],[110.17638408879328,-7.567704658496221],[110.17634768416835,-7.567679701965611],[110.1763650914022,-7.567605068878025],[110.17639203591368,-7.5675610859315805],[110.17640169397787,-7.567526643375045],[110.17641902309714,-7.567494130099815],[110.17643635221533,-7.567461615919072],[110.17643832196227,-7.567434817095149],[110.17643231702563,-7.567398431063316],[110.17647292570781,-7.5673985068673595],[110.17652082464582,-7.567433058145203],[110.17655532034424,-7.56745418328286],[110.17653415707063,-7.567484774532311],[110.1765148918125,-7.567526854490816]]]}},{"type":"Feature","properties":{"FID_Fisnet":4,"FID_PL":0,"NAMOBJ":"Kerban","FCODE":"BA03070040","METADATA":"TASWIL1000020230928_DATA_BATAS_DESAKELURAHAN","SRS_ID":"SRGI 2013","KDCPUM":"33.08.11","KDEPUM":"33.08.11.2002","KDPKAB":"33.08","KDPPUM":"33","WADMKC":"Tempuran","WADMKD":"Sumberarum","WADMKK":"Magelang","WADMPR":"Jawa Tengah","DUSUN":"Kerban","Toponimi":"Dusun Kerban","Shape_Leng":3646.39056914,"Shape_Le_1":12240.1679469,"KETERANGAN":null,"KET_DETAIL":null,"PL":"3","Shape_Le_2":75.945452419,"Shape_Area":255.890881251},"geometry":{"type":"Polygon","coordinates":[[[110.17643231702563,-7.567398431063316],[110.17643832196227,-7.567434817095149],[110.17643635221533,-7.567461615919072],[110.17641902309714,-7.567494130099815],[110.17640169397787,-7.567526643375045],[110.17639203591368,-7.5675610859315805],[110.1763650914022,-7.567605068878025],[110.17634768416835,-7.567679701965611],[110.17631126502741,-7.567660487062798],[110.17629984426132,-7.567612602959739],[110.17629996777262,-7.5675475111719495],[110.17631731143278,-7.5675073387673315],[110.17635194425274,-7.567455712995526],[110.17636736264399,-7.567419367436077],[110.17638661066076,-7.567386856882398],[110.17643231702563,-7.567398431063316]]]}},{"type":"Feature","properties":{"FID_Fisnet":4,"FID_PL":0,"NAMOBJ":"Kerban","FCODE":"BA03070040","METADATA":"TASWIL1000020230928_DATA_BATAS_DESAKELURAHAN","SRS_ID":"SRGI 2013","KDCPUM":"33.08.11","KDEPUM":"33.08.11.2002","KDPKAB":"33.08","KDPPUM":"33","WADMKC":"Tempuran","WADMKD":"Sumberarum","WADMKK":"Magelang","WADMPR":"Jawa Tengah","DUSUN":"Kerban","Toponimi":"Dusun Kerban","Shape_Leng":3646.39056914,"Shape_Le_1":12240.1679469,"KETERANGAN":null,"KET_DETAIL":null,"PL":"23","Shape_Le_2":140.254888588,"Shape_Area":810.571407537},"geometry":{"type":"Polygon","coordinates":[[[110.17460799052397,-7.565405822944506],[110.17459638802319,-7.565453663493977],[110.1745924674498,-7.565497689003338],[110.17458281658699,-7.56552830285096],[110.17456929882908,-7.565574224983778],[110.17456535914592,-7.565627823500575],[110.17455952695424,-7.565668016715241],[110.17452690762197,-7.565669869759031],[110.17449625723079,-7.565644923088907],[110.17446746021562,-7.565654440714174],[110.1744233439188,-7.5656486137308345],[110.17442147234851,-7.565623722443517],[110.17442924528302,-7.565572045072134],[110.17441778835907,-7.565543306058556],[110.17441592770895,-7.565512671327145],[110.17441598230916,-7.565483954106855],[110.17441797399923,-7.565445667509525],[110.17442569960734,-7.565418879601215],[110.1744391655095,-7.565399759909653],[110.17447368915037,-7.565405568729814],[110.17449863835836,-7.565401787283395],[110.1745006045624,-7.565376902356043],[110.17449297358922,-7.565353914051423],[110.1744623050208,-7.565338540391084],[110.17446619011466,-7.5653136590965255],[110.17448733065841,-7.565294553930967],[110.17448162585383,-7.565267740597348],[110.1744778435781,-7.565239016113192],[110.17447980159655,-7.565217959845418],[110.1744872999767,-7.565203891244453],[110.17452585857602,-7.565212303562104],[110.17454693814928,-7.565225745181969],[110.17457185732715,-7.565237279278544],[110.17461020054004,-7.56525266745652],[110.17463702405348,-7.565271863408955],[110.17464273614516,-7.565294848080112],[110.17463885196794,-7.565319729379108],[110.174631126375,-7.565346517292928],[110.17462148643646,-7.565371387697904],[110.17460799052397,-7.565405822944506]]]}},{"type":"Feature","properties":{"FID_Fisnet":4,"FID_PL":0,"NAMOBJ":"Kerban","FCODE":"BA03070040","METADATA":"TASWIL1000020230928_DATA_BATAS_DESAKELURAHAN","SRS_ID":"SRGI 2013","KDCPUM":"33.08.11","KDEPUM":"33.08.11.2002","KDPKAB":"33.08","KDPPUM":"33","WADMKC":"Tempuran","WADMKD":"Sumberarum","WADMKK":"Magelang","WADMPR":"Jawa Tengah","DUSUN":"Kerban","Toponimi":"Dusun Kerban","Shape_Leng":3646.39056914,"Shape_Le_1":12240.1679469,"KETERANGAN":null,"KET_DETAIL":null,"PL":"3","Shape_Le_2":141.91050576,"Shape_Area":889.080940401},"geometry":{"type":"Polygon","coordinates":[[[110.17417452071302,-7.565336080721851],[110.17412269339546,-7.5653493842922],[110.17409008774864,-7.565343579077683],[110.17406705743142,-7.56534736413497],[110.17404206816687,-7.56537220545264],[110.17401522646999,-7.565362581570238],[110.17398649866088,-7.565335724625746],[110.17399422065147,-7.565310850605788],[110.1740096163788,-7.5652859920245925],[110.17401352972544,-7.565245794282617],[110.17399822504215,-7.565222791437863],[110.173959860008,-7.565218890095614],[110.17393877043678,-7.565211191894519],[110.17394842497477,-7.565178664186692],[110.1739906487244,-7.565171085909848],[110.17403479135884,-7.5651635121675564],[110.17403483505714,-7.565140538393176],[110.17401951490416,-7.565125192869405],[110.17399651737364,-7.565111747593542],[110.17397929380806,-7.56508874111414],[110.17398320077386,-7.5650523738437325],[110.17398325175878,-7.565025570504194],[110.1739900115488,-7.565004761214523],[110.17408299935717,-7.565035332463679],[110.17412710556745,-7.565046902919853],[110.17425034507306,-7.565080884339973],[110.17427299466976,-7.565082347263071],[110.17427091935268,-7.565089293378104],[110.1742593532338,-7.565117988801624],[110.17424781259611,-7.565133283458492],[110.17423817992501,-7.565154324287778],[110.17424388835295,-7.56517922374464],[110.17423230402646,-7.565217491271818],[110.17421691104707,-7.565240435982567],[110.17421684187178,-7.565276811428317],[110.17421295767085,-7.565301692720908],[110.17417452071302,-7.565336080721851]]]}},{"type":"Feature","properties":{"FID_Fisnet":4,"FID_PL":0,"NAMOBJ":"Kerban","FCODE":"BA03070040","METADATA":"TASWIL1000020230928_DATA_BATAS_DESAKELURAHAN","SRS_ID":"SRGI 2013","KDCPUM":"33.08.11","KDEPUM":"33.08.11.2002","KDPKAB":"33.08","KDPPUM":"33","WADMKC":"Tempuran","WADMKD":"Sumberarum","WADMKK":"Magelang","WADMPR":"Jawa Tengah","DUSUN":"Kerban","Toponimi":"Dusun Kerban","Shape_Leng":3646.39056914,"Shape_Le_1":12240.1679469,"KETERANGAN":null,"KET_DETAIL":null,"PL":"27","Shape_Le_2":81.6309404214,"Shape_Area":381.066298736},"geometry":{"type":"Polygon","coordinates":[[[110.17697129119027,-7.568142272797017],[110.17696959273546,-7.5681416934346695],[110.17696630700839,-7.568141175293908],[110.17696369192791,-7.5681407154017055],[110.17696040418129,-7.568139828227971],[110.17695823919192,-7.568139103267475],[110.17695495099338,-7.568137976404834],[110.17695310672593,-7.568137332548844],[110.17695094310349,-7.568135886717862],[110.17694773755082,-7.5681337189511755],[110.17694493172317,-7.568132512500193],[110.17694332963244,-7.568130828041368],[110.17694068651794,-7.5681284216485105],[110.17693836154763,-7.568127455793379],[110.17693659856349,-7.5681260116232405],[110.17693559447756,-7.568123974640552],[110.1769359118471,-7.5681205653385275],[110.17693977494176,-7.568079030628514],[110.17693603968218,-7.568025421195049],[110.1769380493371,-7.567977562457626],[110.17700327112524,-7.56798342905894],[110.17709344408574,-7.567983599282446],[110.17709927627496,-7.567983955804043],[110.17710617612984,-7.567984368609883],[110.17711420086037,-7.567984304162869],[110.17711652765311,-7.5679843085549034],[110.1771183731342,-7.567984312038407],[110.17711901215162,-7.567985754086228],[110.17711925068014,-7.567987115783592],[110.1771190937089,-7.567990068624708],[110.17711864348588,-7.568003791497407],[110.17711220606338,-7.568033420162736],[110.17711232218741,-7.568034323056095],[110.17707546189956,-7.568212383285889],[110.17703253296544,-7.568204506505342],[110.17701252261658,-7.568163408813894],[110.17698378354412,-7.5681422954774185],[110.17697129119027,-7.568142272797017]]]}},{"type":"Feature","properties":{"FID_Fisnet":0,"FID_PL":0,"NAMOBJ":"Kerban","FCODE":"BA03070040","METADATA":"TASWIL1000020230928_DATA_BATAS_DESAKELURAHAN","SRS_ID":"SRGI 2013","KDCPUM":"33.08.11","KDEPUM":"33.08.11.2002","KDPKAB":"33.08","KDPPUM":"33","WADMKC":"Tempuran","WADMKD":"Sumberarum","WADMKK":"Magelang","WADMPR":"Jawa Tengah","DUSUN":"Kerban","Toponimi":"Dusun Kerban","Shape_Leng":3646.39056914,"Shape_Le_1":0,"KETERANGAN":"2","KET_DETAIL":"Rumah","PL":"2","Shape_Le_2":51.9609431542,"Shape_Area":143.720626151},"geometry":{"type":"Polygon","coordinates":[[[110.17675364618968,-7.570531870417519],[110.1767357317115,-7.57057281508011],[110.17662503165647,-7.570514565274573],[110.17663269136963,-7.570501481929066],[110.1766445251403,-7.570481268290124],[110.17668210256215,-7.570417080292697],[110.17675393588314,-7.570455618529795],[110.17673047836479,-7.570499537515361],[110.17674415615684,-7.570504944122717],[110.17676320280755,-7.570513189189758],[110.17675364618968,-7.570531870417519]]]}},{"type":"Feature","properties":{"FID_Fisnet":0,"FID_PL":0,"NAMOBJ":"Kerban","FCODE":"BA03070040","METADATA":"TASWIL1000020230928_DATA_BATAS_DESAKELURAHAN","SRS_ID":"SRGI 2013","KDCPUM":"33.08.11","KDEPUM":"33.08.11.2002","KDPKAB":"33.08","KDPPUM":"33","WADMKC":"Tempuran","WADMKD":"Sumberarum","WADMKK":"Magelang","WADMPR":"Jawa Tengah","DUSUN":"Kerban","Toponimi":"Dusun Kerban","Shape_Leng":3646.39056914,"Shape_Le_1":0,"KETERANGAN":"2","KET_DETAIL":"Rumah","PL":"2","Shape_Le_2":41.2779231548,"Shape_Area":106.60984809},"geometry":{"type":"Polygon","coordinates":[[[110.1766276562573,-7.570470365439537],[110.17662585388965,-7.570472953377855],[110.17654373228535,-7.570427396792263],[110.17658889479763,-7.570346940634145],[110.17667218827866,-7.570393044827393],[110.1766276562573,-7.570470365439537]]]}},{"type":"Feature","properties":{"FID_Fisnet":0,"FID_PL":0,"NAMOBJ":"Kerban","FCODE":"BA03070040","METADATA":"TASWIL1000020230928_DATA_BATAS_DESAKELURAHAN","SRS_ID":"SRGI 2013","KDCPUM":"33.08.11","KDEPUM":"33.08.11.2002","KDPKAB":"33.08","KDPPUM":"33","WADMKC":"Tempuran","WADMKD":"Sumberarum","WADMKK":"Magelang","WADMPR":"Jawa Tengah","DUSUN":"Kerban","Toponimi":"Dusun Kerban","Shape_Leng":3646.39056914,"Shape_Le_1":0,"KETERANGAN":"2","KET_DETAIL":"Rumah","PL":"2","Shape_Le_2":57.7757074542,"Shape_Area":167.248438335},"geometry":{"type":"Polygon","coordinates":[[[110.1765947726394,-7.570337584914441],[110.17658889388949,-7.570346941536907],[110.17654373228535,-7.570427396792263],[110.17652686637169,-7.570457442598202],[110.17651915672865,-7.570452414481732],[110.17650750113708,-7.570447037918888],[110.17650164084141,-7.570460997488095],[110.1764666699837,-7.570444631719577],[110.17647885606074,-7.5704174126270045],[110.17643620543848,-7.570390786362315],[110.17647155283223,-7.570331014378984],[110.17648212485403,-7.570336590594593],[110.17649422087993,-7.570342969252599],[110.17652238033732,-7.5702989135437395],[110.17658982294657,-7.570335018589459],[110.1765947726394,-7.570337584914441]]]}},{"type":"Feature","properties":{"FID_Fisnet":0,"FID_PL":0,"NAMOBJ":"Kerban","FCODE":"BA03070040","METADATA":"TASWIL1000020230928_DATA_BATAS_DESAKELURAHAN","SRS_ID":"SRGI 2013","KDCPUM":"33.08.11","KDEPUM":"33.08.11.2002","KDPKAB":"33.08","KDPPUM":"33","WADMKC":"Tempuran","WADMKD":"Sumberarum","WADMKK":"Magelang","WADMPR":"Jawa Tengah","DUSUN":"Kerban","Toponimi":"Dusun Kerban","Shape_Leng":3646.39056914,"Shape_Le_1":0,"KETERANGAN":"2","KET_DETAIL":"Rumah","PL":"2","Shape_Le_2":38.5560548428,"Shape_Area":86.7297272468},"geometry":{"type":"Polygon","coordinates":[[[110.17645561599626,-7.57028656058666],[110.17640783223392,-7.570377911698778],[110.17634935852263,-7.570344335325384],[110.17636465751073,-7.570318434524153],[110.1763779921044,-7.570292614126663],[110.17639534652044,-7.570263558754118],[110.17639907231143,-7.570264805841126],[110.17640770039279,-7.570251088478224],[110.1764571540033,-7.5702799842844275],[110.17645418354554,-7.570285756507972],[110.17645561599626,-7.57028656058666]]]}},{"type":"Feature","properties":{"FID_Fisnet":0,"FID_PL":0,"NAMOBJ":"Kerban","FCODE":"BA03070040","METADATA":"TASWIL1000020230928_DATA_BATAS_DESAKELURAHAN","SRS_ID":"SRGI 2013","KDCPUM":"33.08.11","KDEPUM":"33.08.11.2002","KDPKAB":"33.08","KDPPUM":"33","WADMKC":"Tempuran","WADMKD":"Sumberarum","WADMKK":"Magelang","WADMPR":"Jawa Tengah","DUSUN":"Kerban","Toponimi":"Dusun Kerban","Shape_Leng":3646.39056914,"Shape_Le_1":0,"KETERANGAN":"2","KET_DETAIL":"Rumah","PL":"2","Shape_Le_2":57.6834426208,"Shape_Area":196.193908148},"geometry":{"type":"Polygon","coordinates":[[[110.17712749062112,-7.570326563268788],[110.17711528688415,-7.570417130533454],[110.1770915972413,-7.5704123562606735],[110.17708752626501,-7.570444000052654],[110.17698072629928,-7.570430336953636],[110.17697695881498,-7.570430998251672],[110.17698170962076,-7.570398878178371],[110.17698714020467,-7.570370127683353],[110.1769900095496,-7.5703531451021915],[110.17699883523177,-7.570300708085862],[110.17712749062112,-7.570326563268788]]]}},{"type":"Feature","properties":{"FID_Fisnet":0,"FID_PL":0,"NAMOBJ":"Kerban","FCODE":"BA03070040","METADATA":"TASWIL1000020230928_DATA_BATAS_DESAKELURAHAN","SRS_ID":"SRGI 2013","KDCPUM":"33.08.11","KDEPUM":"33.08.11.2002","KDPKAB":"33.08","KDPPUM":"33","WADMKC":"Tempuran","WADMKD":"Sumberarum","WADMKK":"Magelang","WADMPR":"Jawa Tengah","DUSUN":"Kerban","Toponimi":"Dusun Kerban","Shape_Leng":3646.39056914,"Shape_Le_1":0,"KETERANGAN":"2","KET_DETAIL":"Rumah","PL":"2","Shape_Le_2":60.4218055003,"Shape_Area":168.704992254},"geometry":{"type":"Polygon","coordinates":[[[110.17693798530571,-7.570280728915683],[110.17691782562856,-7.570395741983406],[110.17687251119769,-7.570391932642375],[110.1768721902903,-7.5703690115330975],[110.17682918475909,-7.570359834824408],[110.17683476568531,-7.570316342448235],[110.17682297358996,-7.570313638383131],[110.17682536972454,-7.570310065678856],[110.17681894908227,-7.570309309161873],[110.17681985317476,-7.570305286824815],[110.17681791301447,-7.570304538770685],[110.17682166065514,-7.570289968297307],[110.17680890614974,-7.5702866699777305],[110.17682506684673,-7.5702241238481225],[110.17688993433309,-7.570240618411734],[110.17688513526554,-7.5702718972234],[110.17693798530571,-7.570280728915683]]]}},{"type":"Feature","properties":{"FID_Fisnet":0,"FID_PL":0,"NAMOBJ":"Kerban","FCODE":"BA03070040","METADATA":"TASWIL1000020230928_DATA_BATAS_DESAKELURAHAN","SRS_ID":"SRGI 2013","KDCPUM":"33.08.11","KDEPUM":"33.08.11.2002","KDPKAB":"33.08","KDPPUM":"33","WADMKC":"Tempuran","WADMKD":"Sumberarum","WADMKK":"Magelang","WADMPR":"Jawa Tengah","DUSUN":"Kerban","Toponimi":"Dusun Kerban","Shape_Leng":3646.39056914,"Shape_Le_1":0,"KETERANGAN":"2","KET_DETAIL":"Rumah","PL":"2","Shape_Le_2":64.7996983012,"Shape_Area":213.629851371},"geometry":{"type":"Polygon","coordinates":[[[110.1775282293013,-7.570182569870703],[110.17751166575927,-7.570267851269451],[110.17737172352417,-7.5702362187645456],[110.17738022607952,-7.5702002436220575],[110.1773873075505,-7.570167029897264],[110.1773895666753,-7.5701577894395555],[110.1773692602022,-7.570155219462615],[110.17737857883017,-7.570110486845889],[110.17737942704242,-7.570106293454264],[110.17739998076804,-7.570110404231924],[110.17749374775192,-7.570128975676175],[110.17748479852933,-7.570172500604273],[110.1775282293013,-7.570182569870703]]]}},{"type":"Feature","properties":{"FID_Fisnet":0,"FID_PL":0,"NAMOBJ":"Kerban","FCODE":"BA03070040","METADATA":"TASWIL1000020230928_DATA_BATAS_DESAKELURAHAN","SRS_ID":"SRGI 2013","KDCPUM":"33.08.11","KDEPUM":"33.08.11.2002","KDPKAB":"33.08","KDPPUM":"33","WADMKC":"Tempuran","WADMKD":"Sumberarum","WADMKK":"Magelang","WADMPR":"Jawa Tengah","DUSUN":"Kerban","Toponimi":"Dusun Kerban","Shape_Leng":3646.39056914,"Shape_Le_1":0,"KETERANGAN":"2","KET_DETAIL":"Rumah","PL":"2","Shape_Le_2":43.6392602296,"Shape_Area":105.420623112},"geometry":{"type":"Polygon","coordinates":[[[110.17723751392434,-7.5701704690841165],[110.17723550087045,-7.570208166851448],[110.17715501737783,-7.570202650413748],[110.17716020251262,-7.570145585514005],[110.17716505501389,-7.570107148718874],[110.17716710023826,-7.570087384198586],[110.1771700982245,-7.570087644018457],[110.17723970902706,-7.570090775606882],[110.17723096448027,-7.570149202272154],[110.17722930099038,-7.570169857524969],[110.17723751392434,-7.5701704690841165]]]}},{"type":"Feature","properties":{"FID_Fisnet":0,"FID_PL":0,"NAMOBJ":"Kerban","FCODE":"BA03070040","METADATA":"TASWIL1000020230928_DATA_BATAS_DESAKELURAHAN","SRS_ID":"SRGI 2013","KDCPUM":"33.08.11","KDEPUM":"33.08.11.2002","KDPKAB":"33.08","KDPPUM":"33","WADMKC":"Tempuran","WADMKD":"Sumberarum","WADMKK":"Magelang","WADMPR":"Jawa Tengah","DUSUN":"Kerban","Toponimi":"Dusun Kerban","Shape_Leng":3646.39056914,"Shape_Le_1":0,"KETERANGAN":"2","KET_DETAIL":"Rumah","PL":"2","Shape_Le_2":58.0184997621,"Shape_Area":181.254163379},"geometry":{"type":"Polygon","coordinates":[[[110.17716710699897,-7.57023057654139],[110.17715414175889,-7.570300170122611],[110.17715399525602,-7.570302381307051],[110.17709958730283,-7.570293893115607],[110.1770748039129,-7.570290866952081],[110.17707179546723,-7.570302335543056],[110.17704820635383,-7.570298565434578],[110.17702357557783,-7.570293452009518],[110.17702404426774,-7.570282425437645],[110.17702135946989,-7.570280483869638],[110.1769986687969,-7.570275671681833],[110.17699965089756,-7.570270663605051],[110.17701731978076,-7.570180444037458],[110.17711443592215,-7.5701981128821085],[110.1771253943549,-7.57020115997319],[110.17712115821953,-7.5702204780640265],[110.17716710699897,-7.57023057654139]]]}},{"type":"Feature","properties":{"FID_Fisnet":0,"FID_PL":0,"NAMOBJ":"Kerban","FCODE":"BA03070040","METADATA":"TASWIL1000020230928_DATA_BATAS_DESAKELURAHAN","SRS_ID":"SRGI 2013","KDCPUM":"33.08.11","KDEPUM":"33.08.11.2002","KDPKAB":"33.08","KDPPUM":"33","WADMKC":"Tempuran","WADMKD":"Sumberarum","WADMKK":"Magelang","WADMPR":"Jawa Tengah","DUSUN":"Kerban","Toponimi":"Dusun Kerban","Shape_Leng":3646.39056914,"Shape_Le_1":0,"KETERANGAN":"2","KET_DETAIL":"Rumah","PL":"2","Shape_Le_2":47.3876955161,"Shape_Area":131.183837673},"geometry":{"type":"Polygon","coordinates":[[[110.17701731978076,-7.570180444037458],[110.17699965089756,-7.570270663605051],[110.1769125065231,-7.570242902351146],[110.17691827037633,-7.57022530114388],[110.17690409142142,-7.570220803506012],[110.1769034282667,-7.570220616834547],[110.17691769964988,-7.570173039038489],[110.17692768652167,-7.570139693330446],[110.17692963987854,-7.570134439259763],[110.17692814815594,-7.5701338213941405],[110.17697171429667,-7.570144193067255],[110.1769925384515,-7.57015052668937],[110.17700220122818,-7.570153286424469],[110.17700920234942,-7.570155284985405],[110.17700454093733,-7.5701718173683545],[110.1770181920664,-7.570175985678863],[110.17701731978076,-7.570180444037458]]]}},{"type":"Feature","properties":{"FID_Fisnet":0,"FID_PL":0,"NAMOBJ":"Kerban","FCODE":"BA03070040","METADATA":"TASWIL1000020230928_DATA_BATAS_DESAKELURAHAN","SRS_ID":"SRGI 2013","KDCPUM":"33.08.11","KDEPUM":"33.08.11.2002","KDPKAB":"33.08","KDPPUM":"33","WADMKC":"Tempuran","WADMKD":"Sumberarum","WADMKK":"Magelang","WADMPR":"Jawa Tengah","DUSUN":"Kerban","Toponimi":"Dusun Kerban","Shape_Leng":3646.39056914,"Shape_Le_1":0,"KETERANGAN":"2","KET_DETAIL":"Rumah","PL":"2","Shape_Le_2":41.7837293294,"Shape_Area":94.9296138831},"geometry":{"type":"Polygon","coordinates":[[[110.17697171429667,-7.570144193067255],[110.17692814815594,-7.5701338213941405],[110.17692501443113,-7.5701329643574455],[110.17692275586418,-7.570132347757022],[110.17692059333244,-7.570131755759011],[110.17692591081902,-7.570111975713299],[110.17692646622821,-7.5701092316563],[110.17692911120935,-7.5701001456927965],[110.17694294435383,-7.570044188841212],[110.176946038062,-7.570030778487152],[110.17694736731148,-7.5700310351571405],[110.17700687201005,-7.570045304494468],[110.17699588305705,-7.570091330973921],[110.17701648293543,-7.570096434074246],[110.17700220394232,-7.570153289143039],[110.1769925384515,-7.57015052668937],[110.17697171429667,-7.570144193067255]]]}},{"type":"Feature","properties":{"FID_Fisnet":0,"FID_PL":0,"NAMOBJ":"Kerban","FCODE":"BA03070040","METADATA":"TASWIL1000020230928_DATA_BATAS_DESAKELURAHAN","SRS_ID":"SRGI 2013","KDCPUM":"33.08.11","KDEPUM":"33.08.11.2002","KDPKAB":"33.08","KDPPUM":"33","WADMKC":"Tempuran","WADMKD":"Sumberarum","WADMKK":"Magelang","WADMPR":"Jawa Tengah","DUSUN":"Kerban","Toponimi":"Dusun Kerban","Shape_Leng":3646.39056914,"Shape_Le_1":0,"KETERANGAN":"2","KET_DETAIL":"Rumah","PL":"2","Shape_Le_2":71.5364547141,"Shape_Area":213.403954375},"geometry":{"type":"Polygon","coordinates":[[[110.17670448358167,-7.569979776124367],[110.17667699092497,-7.57011814806886],[110.17667504963666,-7.570117995161852],[110.17666947286926,-7.570144957212517],[110.17664551955062,-7.5701415771320715],[110.1766325511368,-7.570212802370711],[110.17657633920582,-7.570200122952081],[110.17659163953009,-7.5701247822020035],[110.17659460138076,-7.570125455306273],[110.17659952031345,-7.570102193158315],[110.17659827922769,-7.5701013324592505],[110.1766244084444,-7.569981214030018],[110.17662581707555,-7.569980239849624],[110.17662943198592,-7.569964443552943],[110.17670448358167,-7.569979776124367]]]}},{"type":"Feature","properties":{"FID_Fisnet":0,"FID_PL":0,"NAMOBJ":"Kerban","FCODE":"BA03070040","METADATA":"TASWIL1000020230928_DATA_BATAS_DESAKELURAHAN","SRS_ID":"SRGI 2013","KDCPUM":"33.08.11","KDEPUM":"33.08.11.2002","KDPKAB":"33.08","KDPPUM":"33","WADMKC":"Tempuran","WADMKD":"Sumberarum","WADMKK":"Magelang","WADMPR":"Jawa Tengah","DUSUN":"Kerban","Toponimi":"Dusun Kerban","Shape_Leng":3646.39056914,"Shape_Le_1":0,"KETERANGAN":"2","KET_DETAIL":"Rumah","PL":"2","Shape_Le_2":73.7600385129,"Shape_Area":274.683055206},"geometry":{"type":"Polygon","coordinates":[[[110.17659092446205,-7.570048292347661],[110.17658536210386,-7.570058582090262],[110.17657910073896,-7.570078025688311],[110.17655874585864,-7.570125812669655],[110.17653740801371,-7.570180490856511],[110.17652473812599,-7.570175594467729],[110.1764881432723,-7.570161453375962],[110.17646581603482,-7.570152851160558],[110.17643248006144,-7.570140010537507],[110.17644128373499,-7.570115440615058],[110.17643151408598,-7.5701121605883515],[110.17645616906495,-7.570045283583418],[110.17646461660496,-7.570047409704473],[110.17648760281175,-7.570052669291224],[110.17648836048576,-7.570049380214051],[110.17649063322109,-7.570044440604887],[110.176502457708,-7.5700157401880475],[110.17650321422066,-7.5700106747041955],[110.17650486119436,-7.5700082935991775],[110.17652634323076,-7.569951187148842],[110.17661432059805,-7.569982255025909],[110.17659103067771,-7.570042951576619],[110.17659092446205,-7.570048292347661]]]}},{"type":"Feature","properties":{"FID_Fisnet":0,"FID_PL":0,"NAMOBJ":"Kerban","FCODE":"BA03070040","METADATA":"TASWIL1000020230928_DATA_BATAS_DESAKELURAHAN","SRS_ID":"SRGI 2013","KDCPUM":"33.08.11","KDEPUM":"33.08.11.2002","KDPKAB":"33.08","KDPPUM":"33","WADMKC":"Tempuran","WADMKD":"Sumberarum","WADMKK":"Magelang","WADMPR":"Jawa Tengah","DUSUN":"Kerban","Toponimi":"Dusun Kerban","Shape_Leng":3646.39056914,"Shape_Le_1":0,"KETERANGAN":"2","KET_DETAIL":"Rumah","PL":"2","Shape_Le_2":33.9649617873,"Shape_Area":58.1213684174},"geometry":{"type":"Polygon","coordinates":[[[110.17656327830505,-7.570196838518603],[110.17655317785761,-7.570231745138037],[110.17644986650686,-7.570200582241117],[110.17646581603482,-7.570152851160558],[110.1764881432723,-7.570161453375962],[110.17652473812599,-7.570175594467729],[110.17653740892528,-7.570180488144771],[110.17653546127396,-7.570187032016593],[110.17656327830505,-7.570196838518603]]]}},{"type":"Feature","properties":{"FID_Fisnet":0,"FID_PL":0,"NAMOBJ":"Kerban","FCODE":"BA03070040","METADATA":"TASWIL1000020230928_DATA_BATAS_DESAKELURAHAN","SRS_ID":"SRGI 2013","KDCPUM":"33.08.11","KDEPUM":"33.08.11.2002","KDPKAB":"33.08","KDPPUM":"33","WADMKC":"Tempuran","WADMKD":"Sumberarum","WADMKK":"Magelang","WADMPR":"Jawa Tengah","DUSUN":"Kerban","Toponimi":"Dusun Kerban","Shape_Leng":3646.39056914,"Shape_Le_1":0,"KETERANGAN":"2","KET_DETAIL":"Rumah","PL":"2","Shape_Le_2":61.5313922359,"Shape_Area":212.819433012},"geometry":{"type":"Polygon","coordinates":[[[110.17645616906495,-7.570045283583418],[110.17643151408598,-7.5701121605883515],[110.17634415784786,-7.57007953813646],[110.17631851259344,-7.570067847165991],[110.17635039162853,-7.5699915355931005],[110.17635482143773,-7.56999340629494],[110.17637077113605,-7.569950361343868],[110.17638965873293,-7.569957382358201],[110.17639622850928,-7.5699383011394445],[110.17645055857278,-7.569958661508103],[110.17645360829846,-7.569950284523294],[110.17648648729615,-7.569961755797257],[110.17646302981612,-7.570026674148989],[110.17645616906495,-7.570045283583418]]]}},{"type":"Feature","properties":{"FID_Fisnet":0,"FID_PL":0,"NAMOBJ":"Kerban","FCODE":"BA03070040","METADATA":"TASWIL1000020230928_DATA_BATAS_DESAKELURAHAN","SRS_ID":"SRGI 2013","KDCPUM":"33.08.11","KDEPUM":"33.08.11.2002","KDPKAB":"33.08","KDPPUM":"33","WADMKC":"Tempuran","WADMKD":"Sumberarum","WADMKK":"Magelang","WADMPR":"Jawa Tengah","DUSUN":"Kerban","Toponimi":"Dusun Kerban","Shape_Leng":3646.39056914,"Shape_Le_1":0,"KETERANGAN":"2","KET_DETAIL":"Rumah","PL":"2","Shape_Le_2":73.8784308685,"Shape_Area":205.648510317},"geometry":{"type":"Polygon","coordinates":[[[110.17624429057557,-7.569836578953922],[110.17622417072894,-7.56989376393854],[110.17618998990196,-7.569884311704514],[110.17618635922769,-7.569889782390001],[110.17618397042428,-7.569889492058127],[110.17618377663352,-7.569890826708511],[110.17619294607523,-7.569894181582136],[110.17617434622196,-7.569943293309091],[110.1761647956262,-7.569939698931033],[110.17615248866723,-7.569971863498395],[110.17616472122548,-7.569978890031861],[110.17615392582356,-7.570001223014452],[110.17613691146045,-7.569995826364389],[110.17614111550853,-7.569984359137682],[110.17606174745904,-7.569950913278493],[110.17608555858737,-7.569893110284503],[110.1761070437015,-7.5698387037468535],[110.17615196384612,-7.569854883027307],[110.17617057355577,-7.569806785244873],[110.17623594115949,-7.569829559762298],[110.17624429057557,-7.569836578953922]]]}},{"type":"Feature","properties":{"FID_Fisnet":0,"FID_PL":0,"NAMOBJ":"Kerban","FCODE":"BA03070040","METADATA":"TASWIL1000020230928_DATA_BATAS_DESAKELURAHAN","SRS_ID":"SRGI 2013","KDCPUM":"33.08.11","KDEPUM":"33.08.11.2002","KDPKAB":"33.08","KDPPUM":"33","WADMKC":"Tempuran","WADMKD":"Sumberarum","WADMKK":"Magelang","WADMPR":"Jawa Tengah","DUSUN":"Kerban","Toponimi":"Dusun Kerban","Shape_Leng":3646.39056914,"Shape_Le_1":0,"KETERANGAN":"2","KET_DETAIL":"Rumah","PL":"2","Shape_Le_2":38.4206885126,"Shape_Area":81.6687445204},"geometry":{"type":"Polygon","coordinates":[[[110.17601334172903,-7.569794566028527],[110.17600599414021,-7.569810348025225],[110.17600867864508,-7.5698124397423285],[110.17597629163781,-7.569895130547148],[110.17591217280061,-7.569868697910578],[110.17595059384362,-7.56978844072507],[110.1759666823301,-7.569794524846721],[110.17597407763964,-7.5697765251491855],[110.17601334172903,-7.569794566028527]]]}},{"type":"Feature","properties":{"FID_Fisnet":0,"FID_PL":0,"NAMOBJ":"Kerban","FCODE":"BA03070040","METADATA":"TASWIL1000020230928_DATA_BATAS_DESAKELURAHAN","SRS_ID":"SRGI 2013","KDCPUM":"33.08.11","KDEPUM":"33.08.11.2002","KDPKAB":"33.08","KDPPUM":"33","WADMKC":"Tempuran","WADMKD":"Sumberarum","WADMKK":"Magelang","WADMPR":"Jawa Tengah","DUSUN":"Kerban","Toponimi":"Dusun Kerban","Shape_Leng":3646.39056914,"Shape_Le_1":0,"KETERANGAN":"2","KET_DETAIL":"Rumah","PL":"2","Shape_Le_2":70.3695962138,"Shape_Area":276.810920048},"geometry":{"type":"Polygon","coordinates":[[[110.17634147387629,-7.569619643315092],[110.17630741909429,-7.569701389435054],[110.17627041190781,-7.569686268899949],[110.17626380953085,-7.569702945939725],[110.17625112235578,-7.569699048061124],[110.17624211677261,-7.5697230224486045],[110.17614969474273,-7.5696912704543395],[110.17617225555436,-7.5696288603666195],[110.17617146939486,-7.569627577228454],[110.17617262091468,-7.569625004342311],[110.17617434149724,-7.569624911719286],[110.17619267106184,-7.56957301638555],[110.17620182767553,-7.569548744709487],[110.176206896528,-7.569534849674831],[110.17629114566297,-7.569568766916729],[110.17634481054651,-7.569590459244163],[110.17633524316246,-7.569612906710164],[110.1763434022331,-7.56961610138629],[110.17634147387629,-7.569619643315092]]]}},{"type":"Feature","properties":{"FID_Fisnet":0,"FID_PL":0,"NAMOBJ":"Kerban","FCODE":"BA03070040","METADATA":"TASWIL1000020230928_DATA_BATAS_DESAKELURAHAN","SRS_ID":"SRGI 2013","KDCPUM":"33.08.11","KDEPUM":"33.08.11.2002","KDPKAB":"33.08","KDPPUM":"33","WADMKC":"Tempuran","WADMKD":"Sumberarum","WADMKK":"Magelang","WADMPR":"Jawa Tengah","DUSUN":"Kerban","Toponimi":"Dusun Kerban","Shape_Leng":3646.39056914,"Shape_Le_1":0,"KETERANGAN":"2","KET_DETAIL":"Rumah","PL":"2","Shape_Le_2":70.8331024635,"Shape_Area":230.653186034},"geometry":{"type":"Polygon","coordinates":[[[110.17637447883462,-7.56959481883845],[110.17636392309268,-7.569624136698596],[110.17633524316246,-7.569612906710164],[110.17634481054651,-7.569590459244163],[110.17629114747582,-7.569568766920153],[110.17620023663,-7.569532167958287],[110.17624103324923,-7.569428559670222],[110.17639170997545,-7.569491236551125],[110.1763541930535,-7.569587096922067],[110.17637447883462,-7.56959481883845]]]}},{"type":"Feature","properties":{"FID_Fisnet":0,"FID_PL":0,"NAMOBJ":"Kerban","FCODE":"BA03070040","METADATA":"TASWIL1000020230928_DATA_BATAS_DESAKELURAHAN","SRS_ID":"SRGI 2013","KDCPUM":"33.08.11","KDEPUM":"33.08.11.2002","KDPKAB":"33.08","KDPPUM":"33","WADMKC":"Tempuran","WADMKD":"Sumberarum","WADMKK":"Magelang","WADMPR":"Jawa Tengah","DUSUN":"Kerban","Toponimi":"Dusun Kerban","Shape_Leng":3646.39056914,"Shape_Le_1":0,"KETERANGAN":"2","KET_DETAIL":"Masjid","PL":"8","Shape_Le_2":100.863921593,"Shape_Area":382.215876538},"geometry":{"type":"Polygon","coordinates":[[[110.17650062842034,-7.569618850530861],[110.17646363494337,-7.569708277409596],[110.17646318189294,-7.569710100895601],[110.17645661169088,-7.569707915913141],[110.17645634341382,-7.569707901838988],[110.17645559441034,-7.569707577523319],[110.1764373116968,-7.569751991980927],[110.17647892008388,-7.569768949156926],[110.17648161292023,-7.569769995304833],[110.17650060317192,-7.569777371065028],[110.17651268313631,-7.569781697418961],[110.17651038805458,-7.569786472370371],[110.17646725707205,-7.569889771463622],[110.17639217836395,-7.569859127716143],[110.17639639864073,-7.569848657256853],[110.17632132038695,-7.569817781047153],[110.17631922682197,-7.569814283977728],[110.17632791225901,-7.569787058271992],[110.17631601838939,-7.569783542681472],[110.17632797324612,-7.569754925728318],[110.17634056599377,-7.569758908447886],[110.17635017267749,-7.5697382030905285],[110.17634177720193,-7.569735393277253],[110.17635584329793,-7.569700959060858],[110.17637263334001,-7.56970657958935],[110.17638384864604,-7.56967647517102],[110.17642358942675,-7.569589012601588],[110.17650062842034,-7.569618850530861]]]}},{"type":"Feature","properties":{"FID_Fisnet":0,"FID_PL":0,"NAMOBJ":"Kerban","FCODE":"BA03070040","METADATA":"TASWIL1000020230928_DATA_BATAS_DESAKELURAHAN","SRS_ID":"SRGI 2013","KDCPUM":"33.08.11","KDEPUM":"33.08.11.2002","KDPKAB":"33.08","KDPPUM":"33","WADMKC":"Tempuran","WADMKD":"Sumberarum","WADMKK":"Magelang","WADMPR":"Jawa Tengah","DUSUN":"Kerban","Toponimi":"Dusun Kerban","Shape_Leng":3646.39056914,"Shape_Le_1":0,"KETERANGAN":"2","KET_DETAIL":"Rumah","PL":"2","Shape_Le_2":92.5239482278,"Shape_Area":418.389562134},"geometry":{"type":"Polygon","coordinates":[[[110.17668350065189,-7.569599425822474],[110.17666398725814,-7.569651843546735],[110.1766948769066,-7.569664121462108],[110.17667878568186,-7.569703432457068],[110.17670373423266,-7.569713027306675],[110.17669317897551,-7.569742576725259],[110.17669268417836,-7.569743949700207],[110.17666854833982,-7.569810985990304],[110.17665982966716,-7.56983471852906],[110.17665811556519,-7.5698337836735226],[110.17650060317192,-7.569777371065028],[110.17648161292023,-7.569769995304833],[110.17648907671479,-7.5697483759849735],[110.17650286886526,-7.56971117714523],[110.17652030198559,-7.569662599552742],[110.17653261908615,-7.569625070501622],[110.17659545117559,-7.569646052011187],[110.17660280693835,-7.569625949302252],[110.17662263476541,-7.569575975183825],[110.1766315714209,-7.569578763401828],[110.17668350065189,-7.569599425822474]]]}},{"type":"Feature","properties":{"FID_Fisnet":0,"FID_PL":0,"NAMOBJ":"Kerban","FCODE":"BA03070040","METADATA":"TASWIL1000020230928_DATA_BATAS_DESAKELURAHAN","SRS_ID":"SRGI 2013","KDCPUM":"33.08.11","KDEPUM":"33.08.11.2002","KDPKAB":"33.08","KDPPUM":"33","WADMKC":"Tempuran","WADMKD":"Sumberarum","WADMKK":"Magelang","WADMPR":"Jawa Tengah","DUSUN":"Kerban","Toponimi":"Dusun Kerban","Shape_Leng":3646.39056914,"Shape_Le_1":0,"KETERANGAN":"2","KET_DETAIL":"Rumah","PL":"2","Shape_Le_2":40.7742328361,"Shape_Area":104.162014614},"geometry":{"type":"Polygon","coordinates":[[[110.17680372683105,-7.569736659471502],[110.17671720074239,-7.5697036533570685],[110.17672935883002,-7.569672532260299],[110.1767512677819,-7.569616840306419],[110.17683558313122,-7.569649336631381],[110.17681516368337,-7.569706819566491],[110.17680961180812,-7.569720667569032],[110.17680372683105,-7.569736659471502]]]}},{"type":"Feature","properties":{"FID_Fisnet":0,"FID_PL":0,"NAMOBJ":"Kerban","FCODE":"BA03070040","METADATA":"TASWIL1000020230928_DATA_BATAS_DESAKELURAHAN","SRS_ID":"SRGI 2013","KDCPUM":"33.08.11","KDEPUM":"33.08.11.2002","KDPKAB":"33.08","KDPPUM":"33","WADMKC":"Tempuran","WADMKD":"Sumberarum","WADMKK":"Magelang","WADMPR":"Jawa Tengah","DUSUN":"Kerban","Toponimi":"Dusun Kerban","Shape_Leng":3646.39056914,"Shape_Le_1":0,"KETERANGAN":"2","KET_DETAIL":"Rumah","PL":"2","Shape_Le_2":69.3254442202,"Shape_Area":249.019730763},"geometry":{"type":"Polygon","coordinates":[[[110.17704446742795,-7.569685261895727],[110.177029915656,-7.5697311052767144],[110.17700232129347,-7.569809896053276],[110.17700082391607,-7.5698141723349925],[110.17699706643712,-7.56982581136321],[110.17699285150128,-7.569833950987207],[110.1769462065167,-7.5698215221376515],[110.17694009386226,-7.5698457263180865],[110.17687526192285,-7.569825811984592],[110.17691303646431,-7.569717379732412],[110.17690931926893,-7.569713035716513],[110.17691964595699,-7.569677343515211],[110.17694156867279,-7.569683205262913],[110.17694932221424,-7.569655046162916],[110.17697194603775,-7.56966067768533],[110.17697801585385,-7.569659059268662],[110.17698316752825,-7.569649754630336],[110.17702047988665,-7.569661700043498],[110.17701906090979,-7.569671476634808],[110.1770227830067,-7.569677538272408],[110.17704446742795,-7.569685261895727]]]}},{"type":"Feature","properties":{"FID_Fisnet":0,"FID_PL":0,"NAMOBJ":"Kerban","FCODE":"BA03070040","METADATA":"TASWIL1000020230928_DATA_BATAS_DESAKELURAHAN","SRS_ID":"SRGI 2013","KDCPUM":"33.08.11","KDEPUM":"33.08.11.2002","KDPKAB":"33.08","KDPPUM":"33","WADMKC":"Tempuran","WADMKD":"Sumberarum","WADMKK":"Magelang","WADMPR":"Jawa Tengah","DUSUN":"Kerban","Toponimi":"Dusun Kerban","Shape_Leng":3646.39056914,"Shape_Le_1":0,"KETERANGAN":"2","KET_DETAIL":"Rumah","PL":"2","Shape_Le_2":45.4210515555,"Shape_Area":107.388989091},"geometry":{"type":"Polygon","coordinates":[[[110.17700957733818,-7.569827550791814],[110.17710577512683,-7.569857201392137],[110.17708338597275,-7.56993574331971],[110.17698577589509,-7.569905164759839],[110.17699675051259,-7.569870039986723],[110.17697466058884,-7.5698634407713605],[110.17697933013434,-7.569842139969119],[110.17700411248207,-7.569846657625917],[110.17700957733818,-7.569827550791814]]]}},{"type":"Feature","properties":{"FID_Fisnet":0,"FID_PL":0,"NAMOBJ":"Kerban","FCODE":"BA03070040","METADATA":"TASWIL1000020230928_DATA_BATAS_DESAKELURAHAN","SRS_ID":"SRGI 2013","KDCPUM":"33.08.11","KDEPUM":"33.08.11.2002","KDPKAB":"33.08","KDPPUM":"33","WADMKC":"Tempuran","WADMKD":"Sumberarum","WADMKK":"Magelang","WADMPR":"Jawa Tengah","DUSUN":"Kerban","Toponimi":"Dusun Kerban","Shape_Leng":3646.39056914,"Shape_Le_1":0,"KETERANGAN":"2","KET_DETAIL":"Rumah","PL":"2","Shape_Le_2":60.3543767694,"Shape_Area":222.914113866},"geometry":{"type":"Polygon","coordinates":[[[110.17705554020965,-7.569667196759826],[110.177144320102,-7.5696956955025945],[110.17716476556402,-7.569701438676665],[110.17715521769026,-7.569732738377416],[110.17714746283416,-7.569761596645164],[110.17714655750099,-7.569764363558596],[110.1771359606615,-7.569796735804008],[110.17712648383764,-7.569827849314183],[110.17712093455994,-7.5698460677885375],[110.17700992708211,-7.569812329002816],[110.17700232129347,-7.569809896053276],[110.177029915656,-7.5697311052767144],[110.17704446742795,-7.569685261895727],[110.1770493309301,-7.569686434244],[110.17705554020965,-7.569667196759826]]]}},{"type":"Feature","properties":{"FID_Fisnet":0,"FID_PL":0,"NAMOBJ":"Kerban","FCODE":"BA03070040","METADATA":"TASWIL1000020230928_DATA_BATAS_DESAKELURAHAN","SRS_ID":"SRGI 2013","KDCPUM":"33.08.11","KDEPUM":"33.08.11.2002","KDPKAB":"33.08","KDPPUM":"33","WADMKC":"Tempuran","WADMKD":"Sumberarum","WADMKK":"Magelang","WADMPR":"Jawa Tengah","DUSUN":"Kerban","Toponimi":"Dusun Kerban","Shape_Leng":3646.39056914,"Shape_Le_1":0,"KETERANGAN":"2","KET_DETAIL":"Rumah","PL":"2","Shape_Le_2":40.3209282526,"Shape_Area":102.686245017},"geometry":{"type":"Polygon","coordinates":[[[110.17724214530305,-7.569790644681756],[110.1772415167892,-7.569792267042429],[110.17714655750099,-7.569764363558596],[110.17714746283416,-7.569761596645164],[110.17715521769026,-7.569732738377416],[110.17717047987504,-7.569682706766418],[110.17719193887538,-7.569686937747971],[110.1772089623491,-7.5696927911381735],[110.17726190085256,-7.569708957405021],[110.17724590180846,-7.569778081267118],[110.17724214530305,-7.569790644681756]]]}},{"type":"Feature","properties":{"FID_Fisnet":0,"FID_PL":0,"NAMOBJ":"Kerban","FCODE":"BA03070040","METADATA":"TASWIL1000020230928_DATA_BATAS_DESAKELURAHAN","SRS_ID":"SRGI 2013","KDCPUM":"33.08.11","KDEPUM":"33.08.11.2002","KDPKAB":"33.08","KDPPUM":"33","WADMKC":"Tempuran","WADMKD":"Sumberarum","WADMKK":"Magelang","WADMPR":"Jawa Tengah","DUSUN":"Kerban","Toponimi":"Dusun Kerban","Shape_Leng":3646.39056914,"Shape_Le_1":0,"KETERANGAN":"2","KET_DETAIL":"Rumah","PL":"2","Shape_Le_2":54.1925429365,"Shape_Area":164.273666681},"geometry":{"type":"Polygon","coordinates":[[[110.17718807357507,-7.56990938715804],[110.17719869164812,-7.569857210390146],[110.17720211725899,-7.569858058930937],[110.17729937764835,-7.56987993384648],[110.17729466323782,-7.569905304742949],[110.17728548411706,-7.569946733544472],[110.17729504573818,-7.569949777994048],[110.17728797431607,-7.569987252756089],[110.17727841269597,-7.569984207401802],[110.17727535813077,-7.569995144976517],[110.17725296593467,-7.569990678879155],[110.1772494626793,-7.569992535500943],[110.17724523535875,-7.570006730618477],[110.17722051087385,-7.570001328498987],[110.17719648794258,-7.569995461893844],[110.1771993139484,-7.569981729940203],[110.17719742238906,-7.569979252607971],[110.17717555835648,-7.569973026475384],[110.17718807357507,-7.56990938715804]]]}},{"type":"Feature","properties":{"FID_Fisnet":0,"FID_PL":0,"NAMOBJ":"Kerban","FCODE":"BA03070040","METADATA":"TASWIL1000020230928_DATA_BATAS_DESAKELURAHAN","SRS_ID":"SRGI 2013","KDCPUM":"33.08.11","KDEPUM":"33.08.11.2002","KDPKAB":"33.08","KDPPUM":"33","WADMKC":"Tempuran","WADMKD":"Sumberarum","WADMKK":"Magelang","WADMPR":"Jawa Tengah","DUSUN":"Kerban","Toponimi":"Dusun Kerban","Shape_Leng":3646.39056914,"Shape_Le_1":0,"KETERANGAN":"2","KET_DETAIL":"Rumah","PL":"2","Shape_Le_2":100.533848431,"Shape_Area":271.52225613},"geometry":{"type":"Polygon","coordinates":[[[110.17745589724424,-7.569829926440294],[110.17744867830415,-7.569856289353202],[110.17746644438309,-7.569859153914633],[110.17747942809712,-7.5698639468529345],[110.17747444787338,-7.569891356860315],[110.17745639148626,-7.569884319370488],[110.17744205817185,-7.569882354916556],[110.17743438219202,-7.569914081455812],[110.17737362724218,-7.5698999590570955],[110.17737118040024,-7.5699154618016555],[110.17742995536425,-7.569930241641164],[110.17742478251121,-7.569950722038752],[110.17743667639922,-7.5699542366959625],[110.17742561506468,-7.57000404379432],[110.17741348466957,-7.570001925212227],[110.17741230529488,-7.5700086758572],[110.17736239262145,-7.569996706690381],[110.17735842299776,-7.569998329076203],[110.17735581323511,-7.570008446220578],[110.17731251204835,-7.569997450993075],[110.1773337311165,-7.5699116556002854],[110.17734020768522,-7.5698829079759555],[110.17735223097249,-7.569842546404007],[110.17736014477921,-7.569843157395611],[110.17736886988804,-7.569809793914815],[110.17735409134363,-7.569806487269467],[110.17736027104873,-7.569776546070856],[110.17736355769975,-7.5697761054596295],[110.17736462089174,-7.569766569691936],[110.17738074564551,-7.569768836008621],[110.17737938220422,-7.569778966359566],[110.17746252387191,-7.569800432897675],[110.17745589724424,-7.569829926440294]]]}},{"type":"Feature","properties":{"FID_Fisnet":0,"FID_PL":0,"NAMOBJ":"Kerban","FCODE":"BA03070040","METADATA":"TASWIL1000020230928_DATA_BATAS_DESAKELURAHAN","SRS_ID":"SRGI 2013","KDCPUM":"33.08.11","KDEPUM":"33.08.11.2002","KDPKAB":"33.08","KDPPUM":"33","WADMKC":"Tempuran","WADMKD":"Sumberarum","WADMKK":"Magelang","WADMPR":"Jawa Tengah","DUSUN":"Kerban","Toponimi":"Dusun Kerban","Shape_Leng":3646.39056914,"Shape_Le_1":0,"KETERANGAN":"2","KET_DETAIL":"Rumah","PL":"2","Shape_Le_2":69.5611535691,"Shape_Area":217.134472804},"geometry":{"type":"Polygon","coordinates":[[[110.17740410730963,-7.569532498863159],[110.17739260036029,-7.569571129327837],[110.17737277739681,-7.569565503113488],[110.17736432453876,-7.56959296264333],[110.17734296387361,-7.569659748252301],[110.17731800866078,-7.569653181634979],[110.17731520870333,-7.569653176349959],[110.17731003366987,-7.569675284811687],[110.17730908894252,-7.5696787508166885],[110.17730712372955,-7.569685959455486],[110.1772695390466,-7.569673737684429],[110.17727173652743,-7.569667368844596],[110.17727248481702,-7.569665201306644],[110.17727694726428,-7.569649378562447],[110.17727392230067,-7.569645181477778],[110.17724500720345,-7.569635580981219],[110.17727176481185,-7.569552040971588],[110.17725427411106,-7.569546886772243],[110.17726986820502,-7.56948911250215],[110.17731852233439,-7.569505095202915],[110.17737589460374,-7.569521036466131],[110.17740410730963,-7.569532498863159]]]}},{"type":"Feature","properties":{"FID_Fisnet":0,"FID_PL":0,"NAMOBJ":"Kerban","FCODE":"BA03070040","METADATA":"TASWIL1000020230928_DATA_BATAS_DESAKELURAHAN","SRS_ID":"SRGI 2013","KDCPUM":"33.08.11","KDEPUM":"33.08.11.2002","KDPKAB":"33.08","KDPPUM":"33","WADMKC":"Tempuran","WADMKD":"Sumberarum","WADMKK":"Magelang","WADMPR":"Jawa Tengah","DUSUN":"Kerban","Toponimi":"Dusun Kerban","Shape_Leng":3646.39056914,"Shape_Le_1":0,"KETERANGAN":"2","KET_DETAIL":"Rumah","PL":"2","Shape_Le_2":40.5769786094,"Shape_Area":86.9058636582},"geometry":{"type":"Polygon","coordinates":[[[110.17724214530305,-7.569790644681756],[110.17726033576754,-7.569795804725907],[110.17724977477981,-7.5698279165514135],[110.1772322796331,-7.569824623767901],[110.17722312613672,-7.5698530135881335],[110.17712648383764,-7.569827849314183],[110.1771359606615,-7.569796735804008],[110.17714655750099,-7.569764363558596],[110.1772415167892,-7.569792267042429],[110.17724214530305,-7.569790644681756]]]}},{"type":"Feature","properties":{"FID_Fisnet":0,"FID_PL":0,"NAMOBJ":"Kerban","FCODE":"BA03070040","METADATA":"TASWIL1000020230928_DATA_BATAS_DESAKELURAHAN","SRS_ID":"SRGI 2013","KDCPUM":"33.08.11","KDEPUM":"33.08.11.2002","KDPKAB":"33.08","KDPPUM":"33","WADMKC":"Tempuran","WADMKD":"Sumberarum","WADMKK":"Magelang","WADMPR":"Jawa Tengah","DUSUN":"Kerban","Toponimi":"Dusun Kerban","Shape_Leng":3646.39056914,"Shape_Le_1":0,"KETERANGAN":"2","KET_DETAIL":"Rumah","PL":"2","Shape_Le_2":61.6884587909,"Shape_Area":155.398046897},"geometry":{"type":"Polygon","coordinates":[[[110.17717087387443,-7.569469163578078],[110.17715871781662,-7.569512620035447],[110.17709545560736,-7.5695004827339805],[110.17709241340438,-7.569504900816936],[110.17708227463113,-7.569560530899401],[110.17699216019038,-7.56954319094791],[110.17700283941271,-7.569489364523873],[110.17701225679559,-7.569445142231028],[110.17708876989406,-7.569457394105369],[110.17709440647405,-7.569438544466362],[110.17712192688448,-7.569445581746615],[110.17711723277995,-7.5694602417908765],[110.17717087387443,-7.569469163578078]]]}},{"type":"Feature","properties":{"FID_Fisnet":0,"FID_PL":0,"NAMOBJ":"Kerban","FCODE":"BA03070040","METADATA":"TASWIL1000020230928_DATA_BATAS_DESAKELURAHAN","SRS_ID":"SRGI 2013","KDCPUM":"33.08.11","KDEPUM":"33.08.11.2002","KDPKAB":"33.08","KDPPUM":"33","WADMKC":"Tempuran","WADMKD":"Sumberarum","WADMKK":"Magelang","WADMPR":"Jawa Tengah","DUSUN":"Kerban","Toponimi":"Dusun Kerban","Shape_Leng":3646.39056914,"Shape_Le_1":0,"KETERANGAN":"2","KET_DETAIL":"Rumah","PL":"2","Shape_Le_2":65.0915704951,"Shape_Area":224.239236156},"geometry":{"type":"Polygon","coordinates":[[[110.17706133402349,-7.569283876021315],[110.1771497298571,-7.569304066352973],[110.17715677213471,-7.569281960513709],[110.17721181916848,-7.569293706030635],[110.17720779655569,-7.5693228037987375],[110.17718313027322,-7.569410072414826],[110.17714161403357,-7.5694004481248],[110.17701174123398,-7.569368558677776],[110.17701546987439,-7.569350614442921],[110.1770313953708,-7.569278218031603],[110.17706133402349,-7.569283876021315]]]}},{"type":"Feature","properties":{"FID_Fisnet":0,"FID_PL":0,"NAMOBJ":"Kerban","FCODE":"BA03070040","METADATA":"TASWIL1000020230928_DATA_BATAS_DESAKELURAHAN","SRS_ID":"SRGI 2013","KDCPUM":"33.08.11","KDEPUM":"33.08.11.2002","KDPKAB":"33.08","KDPPUM":"33","WADMKC":"Tempuran","WADMKD":"Sumberarum","WADMKK":"Magelang","WADMPR":"Jawa Tengah","DUSUN":"Kerban","Toponimi":"Dusun Kerban","Shape_Leng":3646.39056914,"Shape_Le_1":0,"KETERANGAN":"2","KET_DETAIL":"Rumah","PL":"2","Shape_Le_2":60.9559329259,"Shape_Area":202.153149976},"geometry":{"type":"Polygon","coordinates":[[[110.17707137928,-7.569153270446475],[110.17720741831366,-7.569187633512549],[110.17722995931804,-7.5691919967778105],[110.17723665633997,-7.56919326665073],[110.17721528110705,-7.569282562098045],[110.17718921566386,-7.569277364576325],[110.17714093558064,-7.569265864283983],[110.17710268168318,-7.569258108481171],[110.17703510179966,-7.569241871142045],[110.17703962477928,-7.569227110377852],[110.17705218634337,-7.569184435258143],[110.17706361648732,-7.569186319169073],[110.17707137928,-7.569153270446475]]]}},{"type":"Feature","properties":{"FID_Fisnet":0,"FID_PL":0,"NAMOBJ":"Kerban","FCODE":"BA03070040","METADATA":"TASWIL1000020230928_DATA_BATAS_DESAKELURAHAN","SRS_ID":"SRGI 2013","KDCPUM":"33.08.11","KDEPUM":"33.08.11.2002","KDPKAB":"33.08","KDPPUM":"33","WADMKC":"Tempuran","WADMKD":"Sumberarum","WADMKK":"Magelang","WADMPR":"Jawa Tengah","DUSUN":"Kerban","Toponimi":"Dusun Kerban","Shape_Leng":3646.39056914,"Shape_Le_1":0,"KETERANGAN":"2","KET_DETAIL":"Rumah","PL":"2","Shape_Le_2":37.8143714099,"Shape_Area":88.4013565247},"geometry":{"type":"Polygon","coordinates":[[[110.17684934090138,-7.569344942576989],[110.17684060422069,-7.569398252586872],[110.17683142421986,-7.569440609374232],[110.17679619883023,-7.569435653211142],[110.17675900259438,-7.569428925963055],[110.17678076527648,-7.5693299144203],[110.1768164539352,-7.569336733789188],[110.17684934090138,-7.569344942576989]]]}},{"type":"Feature","properties":{"FID_Fisnet":0,"FID_PL":0,"NAMOBJ":"Kerban","FCODE":"BA03070040","METADATA":"TASWIL1000020230928_DATA_BATAS_DESAKELURAHAN","SRS_ID":"SRGI 2013","KDCPUM":"33.08.11","KDEPUM":"33.08.11.2002","KDPKAB":"33.08","KDPPUM":"33","WADMKC":"Tempuran","WADMKD":"Sumberarum","WADMKK":"Magelang","WADMPR":"Jawa Tengah","DUSUN":"Kerban","Toponimi":"Dusun Kerban","Shape_Leng":3646.39056914,"Shape_Le_1":0,"KETERANGAN":"2","KET_DETAIL":"Rumah","PL":"2","Shape_Le_2":26.0225160185,"Shape_Area":41.693353175},"geometry":{"type":"Polygon","coordinates":[[[110.17690951081754,-7.569361127060154],[110.17690312194564,-7.569408147208244],[110.17684282794087,-7.569398601394541],[110.17684060422069,-7.569398252586872],[110.17684933908853,-7.569344942573567],[110.17691182089423,-7.569353699285434],[110.17691115573764,-7.569356002652126],[110.17690951081754,-7.569361127060154]]]}},{"type":"Feature","properties":{"FID_Fisnet":0,"FID_PL":0,"NAMOBJ":"Kerban","FCODE":"BA03070040","METADATA":"TASWIL1000020230928_DATA_BATAS_DESAKELURAHAN","SRS_ID":"SRGI 2013","KDCPUM":"33.08.11","KDEPUM":"33.08.11.2002","KDPKAB":"33.08","KDPPUM":"33","WADMKC":"Tempuran","WADMKD":"Sumberarum","WADMKK":"Magelang","WADMPR":"Jawa Tengah","DUSUN":"Kerban","Toponimi":"Dusun Kerban","Shape_Leng":3646.39056914,"Shape_Le_1":0,"KETERANGAN":"2","KET_DETAIL":"Rumah","PL":"2","Shape_Le_2":70.5247351927,"Shape_Area":214.05078059},"geometry":{"type":"Polygon","coordinates":[[[110.17675759624726,-7.569211273945385],[110.17674982971585,-7.569246758425309],[110.17677026584283,-7.56925024039009],[110.17674831134272,-7.569347160405874],[110.17673092250888,-7.569417329913738],[110.17672828207877,-7.569429751618169],[110.17672442622693,-7.569429217925987],[110.17665623583073,-7.5694122774949495],[110.17666105688853,-7.5693932969818825],[110.17668045083265,-7.569316398294007],[110.17668122079516,-7.569311407906839],[110.1766594816479,-7.569306266463486],[110.17666453383279,-7.569280124690521],[110.17667681435307,-7.569226984186823],[110.17669566666859,-7.5692310890655055],[110.17670082325023,-7.569212985629204],[110.17670541681501,-7.56919685832916],[110.17673989976994,-7.569201839325221],[110.17675909663352,-7.569205411206901],[110.17675759624726,-7.569211273945385]]]}},{"type":"Feature","properties":{"FID_Fisnet":0,"FID_PL":0,"NAMOBJ":"Kerban","FCODE":"BA03070040","METADATA":"TASWIL1000020230928_DATA_BATAS_DESAKELURAHAN","SRS_ID":"SRGI 2013","KDCPUM":"33.08.11","KDEPUM":"33.08.11.2002","KDPKAB":"33.08","KDPPUM":"33","WADMKC":"Tempuran","WADMKD":"Sumberarum","WADMKK":"Magelang","WADMPR":"Jawa Tengah","DUSUN":"Kerban","Toponimi":"Dusun Kerban","Shape_Leng":3646.39056914,"Shape_Le_1":0,"KETERANGAN":"2","KET_DETAIL":"Rumah","PL":"2","Shape_Le_2":59.525335909,"Shape_Area":192.506236745},"geometry":{"type":"Polygon","coordinates":[[[110.1766629688829,-7.569180501074573],[110.1766568835654,-7.5692017612105715],[110.1766556571921,-7.56920604704782],[110.17663186409513,-7.56929263167344],[110.17661271328461,-7.569349827560857],[110.17654775870774,-7.569328192629359],[110.17652124272621,-7.56931967838261],[110.17651785179532,-7.56931823113486],[110.17652138010995,-7.569310809282416],[110.17652609300046,-7.569298678216241],[110.17653291912852,-7.569281108868505],[110.17655244572917,-7.569223160260846],[110.17655594669644,-7.569212952548775],[110.17656049954277,-7.569197268370555],[110.17657072186766,-7.569171679960443],[110.17659230283105,-7.569178017739563],[110.17661895063746,-7.569185843918741],[110.17662322672486,-7.569171270826346],[110.1766629688829,-7.569180501074573]]]}},{"type":"Feature","properties":{"FID_Fisnet":0,"FID_PL":0,"NAMOBJ":"Kerban","FCODE":"BA03070040","METADATA":"TASWIL1000020230928_DATA_BATAS_DESAKELURAHAN","SRS_ID":"SRGI 2013","KDCPUM":"33.08.11","KDEPUM":"33.08.11.2002","KDPKAB":"33.08","KDPPUM":"33","WADMKC":"Tempuran","WADMKD":"Sumberarum","WADMKK":"Magelang","WADMPR":"Jawa Tengah","DUSUN":"Kerban","Toponimi":"Dusun Kerban","Shape_Leng":3646.39056914,"Shape_Le_1":0,"KETERANGAN":"2","KET_DETAIL":"Rumah","PL":"2","Shape_Le_2":73.7748251943,"Shape_Area":259.845524167},"geometry":{"type":"Polygon","coordinates":[[[110.17653291912852,-7.569281108868505],[110.17652609300046,-7.569298678216241],[110.17652539981283,-7.569300466878371],[110.17649796505137,-7.569289863347985],[110.17649606947242,-7.569289030355767],[110.17647481445773,-7.569350715730897],[110.1764722748994,-7.569349622839689],[110.17640338728128,-7.569323714010412],[110.17641430100865,-7.569293940964868],[110.17641520588587,-7.569293804288762],[110.1764532678176,-7.569187759554628],[110.1764391867838,-7.569182790854899],[110.17645046351655,-7.569149919734989],[110.17646190138416,-7.5691214573688335],[110.17654265970684,-7.569148259629316],[110.17656504984963,-7.569155690649251],[110.17656078520605,-7.569168053206161],[110.17656545631777,-7.569170774574981],[110.17657072186766,-7.569171679960443],[110.17656049954277,-7.569197268370555],[110.17655594669472,-7.56921295345325],[110.17655244663904,-7.5692231584536],[110.17653291912852,-7.569281108868505]]]}},{"type":"Feature","properties":{"FID_Fisnet":0,"FID_PL":0,"NAMOBJ":"Kerban","FCODE":"BA03070040","METADATA":"TASWIL1000020230928_DATA_BATAS_DESAKELURAHAN","SRS_ID":"SRGI 2013","KDCPUM":"33.08.11","KDEPUM":"33.08.11.2002","KDPKAB":"33.08","KDPPUM":"33","WADMKC":"Tempuran","WADMKD":"Sumberarum","WADMKK":"Magelang","WADMPR":"Jawa Tengah","DUSUN":"Kerban","Toponimi":"Dusun Kerban","Shape_Leng":3646.39056914,"Shape_Le_1":0,"KETERANGAN":"2","KET_DETAIL":"Rumah","PL":"2","Shape_Le_2":96.6728949172,"Shape_Area":537.13773183},"geometry":{"type":"Polygon","coordinates":[[[110.17635940877133,-7.569049712780369],[110.17641532869358,-7.56906668252648],[110.17644500529144,-7.569075721018297],[110.17644054427991,-7.569094119721897],[110.17643480199575,-7.569113252253635],[110.17646190138416,-7.5691214573688335],[110.17645046351655,-7.569149919734989],[110.1764391867838,-7.569182790854899],[110.1764532678176,-7.569187759554628],[110.17641520588587,-7.569293804288762],[110.17641430644379,-7.569293942784116],[110.17640863001047,-7.569309419519392],[110.17639249483688,-7.569303582250798],[110.17638822709434,-7.569302289820825],[110.17635813729807,-7.569293173661885],[110.1763446073447,-7.569289174701422],[110.17630533825238,-7.569276649382171],[110.17626515487956,-7.56926491827668],[110.1762718901181,-7.5692355443560695],[110.17624098601458,-7.569225652413508],[110.17622800303006,-7.569221926732823],[110.17624529515356,-7.569152124289476],[110.17624834509368,-7.569139811900963],[110.17625222722292,-7.569126498918072],[110.17625476541423,-7.569117326831431],[110.1762573094267,-7.56910556522121],[110.17626380526106,-7.56908293195892],[110.17626739036264,-7.569069470079231],[110.17626940937483,-7.569060666944767],[110.17627320748333,-7.569052460513179],[110.17627455290366,-7.569047060579354],[110.17627565882489,-7.569043677189788],[110.17628076056998,-7.569044922354565],[110.17629942888834,-7.569050448748615],[110.17630444607579,-7.5690355921486026],[110.17632748017903,-7.569041853995742],[110.17635940877133,-7.569049712780369]]]}},{"type":"Feature","properties":{"FID_Fisnet":0,"FID_PL":0,"NAMOBJ":"Kerban","FCODE":"BA03070040","METADATA":"TASWIL1000020230928_DATA_BATAS_DESAKELURAHAN","SRS_ID":"SRGI 2013","KDCPUM":"33.08.11","KDEPUM":"33.08.11.2002","KDPKAB":"33.08","KDPPUM":"33","WADMKC":"Tempuran","WADMKD":"Sumberarum","WADMKK":"Magelang","WADMPR":"Jawa Tengah","DUSUN":"Kerban","Toponimi":"Dusun Kerban","Shape_Leng":3646.39056914,"Shape_Le_1":0,"KETERANGAN":"2","KET_DETAIL":"Rumah","PL":"2","Shape_Le_2":72.8710590916,"Shape_Area":219.719944163},"geometry":{"type":"Polygon","coordinates":[[[110.17604334714098,-7.569328703750498],[110.17613606656207,-7.569357025617485],[110.1761430871487,-7.569333958293923],[110.17618133416039,-7.569346286327735],[110.17616844047562,-7.569399135312441],[110.17612836162422,-7.5693882075719445],[110.17611895518085,-7.569420414706864],[110.17610156744439,-7.569488996812987],[110.17605990246305,-7.569479910307784],[110.17605026185994,-7.569506065103061],[110.17599535064306,-7.569489156908803],[110.17600370642954,-7.56946178406116],[110.17600043961399,-7.569459417185059],[110.17600062205904,-7.569458329437145],[110.17600489501069,-7.569444943029008],[110.17600848615068,-7.569433081194368],[110.1760125912106,-7.5694188460638046],[110.17602267070087,-7.569390212007059],[110.17604334714098,-7.569328703750498]]]}},{"type":"Feature","properties":{"FID_Fisnet":0,"FID_PL":0,"NAMOBJ":"Kerban","FCODE":"BA03070040","METADATA":"TASWIL1000020230928_DATA_BATAS_DESAKELURAHAN","SRS_ID":"SRGI 2013","KDCPUM":"33.08.11","KDEPUM":"33.08.11.2002","KDPKAB":"33.08","KDPPUM":"33","WADMKC":"Tempuran","WADMKD":"Sumberarum","WADMKK":"Magelang","WADMPR":"Jawa Tengah","DUSUN":"Kerban","Toponimi":"Dusun Kerban","Shape_Leng":3646.39056914,"Shape_Le_1":0,"KETERANGAN":"2","KET_DETAIL":"Rumah","PL":"2","Shape_Le_2":57.798545953,"Shape_Area":175.353594245},"geometry":{"type":"Polygon","coordinates":[[[110.17585213315377,-7.56925981681608],[110.17595024242392,-7.569285146027983],[110.17595283938398,-7.569286081650562],[110.17594434465353,-7.569312637486781],[110.17592121699761,-7.5693976495155475],[110.17589726693734,-7.569393534964974],[110.17589021964922,-7.569410130658105],[110.17588904946842,-7.569415847490328],[110.17586022269766,-7.569408927960649],[110.17581724030151,-7.56939909003083],[110.17581317356571,-7.569397914653699],[110.17582212515639,-7.569370876691231],[110.17584502127303,-7.569282265294675],[110.17583828334497,-7.569281059541579],[110.17582904508289,-7.5692805409899755],[110.1758303714264,-7.569277075710862],[110.17583452361042,-7.569262847907312],[110.17584125161558,-7.5692640283161285],[110.17585038127305,-7.569265890723553],[110.17585213315377,-7.56925981681608]]]}},{"type":"Feature","properties":{"FID_Fisnet":0,"FID_PL":0,"NAMOBJ":"Kerban","FCODE":"BA03070040","METADATA":"TASWIL1000020230928_DATA_BATAS_DESAKELURAHAN","SRS_ID":"SRGI 2013","KDCPUM":"33.08.11","KDEPUM":"33.08.11.2002","KDPKAB":"33.08","KDPPUM":"33","WADMKC":"Tempuran","WADMKD":"Sumberarum","WADMKK":"Magelang","WADMPR":"Jawa Tengah","DUSUN":"Kerban","Toponimi":"Dusun Kerban","Shape_Leng":3646.39056914,"Shape_Le_1":0,"KETERANGAN":"2","KET_DETAIL":"Rumah","PL":"2","Shape_Le_2":56.6357018843,"Shape_Area":170.707197169},"geometry":{"type":"Polygon","coordinates":[[[110.17583452361042,-7.569262847907312],[110.1758303714264,-7.569277075710862],[110.17582904508289,-7.5692805409899755],[110.17578564557304,-7.569393932621823],[110.17574837985654,-7.5693794184659335],[110.17568046069047,-7.569354765875449],[110.175677852241,-7.56935367556299],[110.17570342850776,-7.569285686930179],[110.1757357048086,-7.569296599952533],[110.1757374470043,-7.569295626405752],[110.17575700444358,-7.569247267229854],[110.1757638846902,-7.569231762933856],[110.17583538579733,-7.569259893687794],[110.17583452361042,-7.569262847907312]]]}},{"type":"Feature","properties":{"FID_Fisnet":0,"FID_PL":0,"NAMOBJ":"Kerban","FCODE":"BA03070040","METADATA":"TASWIL1000020230928_DATA_BATAS_DESAKELURAHAN","SRS_ID":"SRGI 2013","KDCPUM":"33.08.11","KDEPUM":"33.08.11.2002","KDPKAB":"33.08","KDPPUM":"33","WADMKC":"Tempuran","WADMKD":"Sumberarum","WADMKK":"Magelang","WADMPR":"Jawa Tengah","DUSUN":"Kerban","Toponimi":"Dusun Kerban","Shape_Leng":3646.39056914,"Shape_Le_1":0,"KETERANGAN":"2","KET_DETAIL":"Rumah","PL":"2","Shape_Le_2":57.8494476437,"Shape_Area":195.905840927},"geometry":{"type":"Polygon","coordinates":[[[110.17570342850776,-7.569285686930179],[110.175677852241,-7.56935367556299],[110.17565788507763,-7.569346679614353],[110.17565329745018,-7.5693448664948075],[110.17565155922097,-7.569343751598035],[110.17553620778267,-7.56929841239549],[110.17555413144339,-7.569255041980943],[110.17557745276505,-7.5691964692792615],[110.17565547398463,-7.569226891689639],[110.17570231487348,-7.569242063429272],[110.17568901828407,-7.569280804414605],[110.17570342850776,-7.569285686930179]]]}},{"type":"Feature","properties":{"FID_Fisnet":0,"FID_PL":0,"NAMOBJ":"Kerban","FCODE":"BA03070040","METADATA":"TASWIL1000020230928_DATA_BATAS_DESAKELURAHAN","SRS_ID":"SRGI 2013","KDCPUM":"33.08.11","KDEPUM":"33.08.11.2002","KDPKAB":"33.08","KDPPUM":"33","WADMKC":"Tempuran","WADMKD":"Sumberarum","WADMKK":"Magelang","WADMPR":"Jawa Tengah","DUSUN":"Kerban","Toponimi":"Dusun Kerban","Shape_Leng":3646.39056914,"Shape_Le_1":0,"KETERANGAN":"2","KET_DETAIL":"Rumah","PL":"2","Shape_Le_2":60.0310388153,"Shape_Area":184.456987369},"geometry":{"type":"Polygon","coordinates":[[[110.17548983728724,-7.569451209394914],[110.17547795663828,-7.569490840346796],[110.17543442991493,-7.569477434974326],[110.17539494779763,-7.569463495464655],[110.17542642631535,-7.569396711937297],[110.1754704883136,-7.569287721008346],[110.17553872966194,-7.569312149926957],[110.17554231200992,-7.569314464942998],[110.17553017084714,-7.569345706327409],[110.17552636046622,-7.569356069918744],[110.17548983728724,-7.569451209394914]]]}},{"type":"Feature","properties":{"FID_Fisnet":0,"FID_PL":0,"NAMOBJ":"Kerban","FCODE":"BA03070040","METADATA":"TASWIL1000020230928_DATA_BATAS_DESAKELURAHAN","SRS_ID":"SRGI 2013","KDCPUM":"33.08.11","KDEPUM":"33.08.11.2002","KDPKAB":"33.08","KDPPUM":"33","WADMKC":"Tempuran","WADMKD":"Sumberarum","WADMKK":"Magelang","WADMPR":"Jawa Tengah","DUSUN":"Kerban","Toponimi":"Dusun Kerban","Shape_Leng":3646.39056914,"Shape_Le_1":0,"KETERANGAN":"2","KET_DETAIL":"Rumah","PL":"2","Shape_Le_2":58.1506186079,"Shape_Area":174.930413749},"geometry":{"type":"Polygon","coordinates":[[[110.17548402983005,-7.5692107199715775],[110.17543711325631,-7.569310771927616],[110.1754463974917,-7.569314763788112],[110.17543039143257,-7.569355001078407],[110.1753492235533,-7.569316699151957],[110.17535882471599,-7.56929366928907],[110.17533945647735,-7.5692872741318125],[110.17537303771046,-7.569211529353122],[110.17538764219192,-7.569217691184586],[110.17540524074177,-7.5691779860305735],[110.17548402983005,-7.5692107199715775]]]}},{"type":"Feature","properties":{"FID_Fisnet":0,"FID_PL":0,"NAMOBJ":"Kerban","FCODE":"BA03070040","METADATA":"TASWIL1000020230928_DATA_BATAS_DESAKELURAHAN","SRS_ID":"SRGI 2013","KDCPUM":"33.08.11","KDEPUM":"33.08.11.2002","KDPKAB":"33.08","KDPPUM":"33","WADMKC":"Tempuran","WADMKD":"Sumberarum","WADMKK":"Magelang","WADMPR":"Jawa Tengah","DUSUN":"Kerban","Toponimi":"Dusun Kerban","Shape_Leng":3646.39056914,"Shape_Le_1":0,"KETERANGAN":"2","KET_DETAIL":"Rumah","PL":"2","Shape_Le_2":76.4675465122,"Shape_Area":315.055771908},"geometry":{"type":"Polygon","coordinates":[[[110.17616440146998,-7.569110213237991],[110.17614674215106,-7.569193428463934],[110.17609442540625,-7.569184513582106],[110.17609237403568,-7.569190783197623],[110.17607199323166,-7.569186336223293],[110.17606706299681,-7.569187852766321],[110.1760640740516,-7.569199545697498],[110.17602219709687,-7.56919183722277],[110.176024676202,-7.569179891881954],[110.17599923021537,-7.5691735621452265],[110.17599854437117,-7.5691733917103905],[110.17603338672714,-7.56899001036551],[110.17604041786686,-7.568991462688762],[110.1761385792419,-7.569010807893122],[110.1761372205855,-7.5690179272232765],[110.17613051806632,-7.569057757929793],[110.17616533672324,-7.5690649447332525],[110.17615811771124,-7.569108505455957],[110.17616440146998,-7.569110213237991]]]}},{"type":"Feature","properties":{"FID_Fisnet":0,"FID_PL":0,"NAMOBJ":"Kerban","FCODE":"BA03070040","METADATA":"TASWIL1000020230928_DATA_BATAS_DESAKELURAHAN","SRS_ID":"SRGI 2013","KDCPUM":"33.08.11","KDEPUM":"33.08.11.2002","KDPKAB":"33.08","KDPPUM":"33","WADMKC":"Tempuran","WADMKD":"Sumberarum","WADMKK":"Magelang","WADMPR":"Jawa Tengah","DUSUN":"Kerban","Toponimi":"Dusun Kerban","Shape_Leng":3646.39056914,"Shape_Le_1":0,"KETERANGAN":"2","KET_DETAIL":"Rumah","PL":"2","Shape_Le_2":58.9396796222,"Shape_Area":190.382913687},"geometry":{"type":"Polygon","coordinates":[[[110.17592343786723,-7.56916272244381],[110.17592199148442,-7.569171645145714],[110.17590133802985,-7.569169012040707],[110.17589218272533,-7.569207866688779],[110.17589117793857,-7.569214315560427],[110.1758633003045,-7.569205438717086],[110.17582278067027,-7.569195138733213],[110.17581411860127,-7.569192390816391],[110.17584213056391,-7.569079930644325],[110.17585870870631,-7.569029099303316],[110.1759186598674,-7.56904396295645],[110.17593853344509,-7.569047730616058],[110.1759473613843,-7.569049048856432],[110.17594252839085,-7.569073347695473],[110.17594122210741,-7.569073887011084],[110.17593682683702,-7.569097751621267],[110.17592343786723,-7.56916272244381]]]}},{"type":"Feature","properties":{"FID_Fisnet":0,"FID_PL":0,"NAMOBJ":"Kerban","FCODE":"BA03070040","METADATA":"TASWIL1000020230928_DATA_BATAS_DESAKELURAHAN","SRS_ID":"SRGI 2013","KDCPUM":"33.08.11","KDEPUM":"33.08.11.2002","KDPKAB":"33.08","KDPPUM":"33","WADMKC":"Tempuran","WADMKD":"Sumberarum","WADMKK":"Magelang","WADMPR":"Jawa Tengah","DUSUN":"Kerban","Toponimi":"Dusun Kerban","Shape_Leng":3646.39056914,"Shape_Le_1":0,"KETERANGAN":"2","KET_DETAIL":"Rumah","PL":"2","Shape_Le_2":72.0530873586,"Shape_Area":301.93386348},"geometry":{"type":"Polygon","coordinates":[[[110.17574135180962,-7.56907231427866],[110.175722666694,-7.569146749533988],[110.17571524751965,-7.569145817453723],[110.17570709593807,-7.5691439369948315],[110.17570181318445,-7.569169272420759],[110.17570095699998,-7.569173838439585],[110.17558959089733,-7.569140573496084],[110.17559095096891,-7.569137008788544],[110.1755991115675,-7.569108850490018],[110.17564508947846,-7.568951765477892],[110.17565155732612,-7.568953426581922],[110.17575905683186,-7.568981774661181],[110.17576519353769,-7.568983591612965],[110.17574518686625,-7.569056589861714],[110.17574135180962,-7.56907231427866]]]}},{"type":"Feature","properties":{"FID_Fisnet":0,"FID_PL":0,"NAMOBJ":"Kerban","FCODE":"BA03070040","METADATA":"TASWIL1000020230928_DATA_BATAS_DESAKELURAHAN","SRS_ID":"SRGI 2013","KDCPUM":"33.08.11","KDEPUM":"33.08.11.2002","KDPKAB":"33.08","KDPPUM":"33","WADMKC":"Tempuran","WADMKD":"Sumberarum","WADMKK":"Magelang","WADMPR":"Jawa Tengah","DUSUN":"Kerban","Toponimi":"Dusun Kerban","Shape_Leng":3646.39056914,"Shape_Le_1":0,"KETERANGAN":"2","KET_DETAIL":"Rumah","PL":"2","Shape_Le_2":77.2639069126,"Shape_Area":251.417784574},"geometry":{"type":"Polygon","coordinates":[[[110.17546762280817,-7.5688513017697225],[110.175526517132,-7.568875177548834],[110.17553285504651,-7.568859347521385],[110.17553330734349,-7.568857922007584],[110.17561494020477,-7.568888564708042],[110.17561310182984,-7.568891976558124],[110.17558814475424,-7.568961352930954],[110.17558573009535,-7.56896036157333],[110.17553538277839,-7.56893967037009],[110.1755285414605,-7.568954721590082],[110.17554625117573,-7.5689628918138565],[110.17553019019776,-7.5690024687345145],[110.17552855644348,-7.569004093713244],[110.17551128037545,-7.568996680456435],[110.17549445748472,-7.569034138540016],[110.175466751512,-7.56902318259222],[110.17544914962154,-7.569015987601484],[110.17543122331526,-7.56900683921821],[110.17543843429368,-7.568989490408915],[110.17543604709941,-7.5689864477356465],[110.17541703151636,-7.568978598841985],[110.1754133458571,-7.568976751247386],[110.17543185518802,-7.568933316822321],[110.17544143250497,-7.568910902863474],[110.17544702431569,-7.568897996523432],[110.17544619187169,-7.568896744953622],[110.17544814807727,-7.568892859378348],[110.17545037582683,-7.568892516271069],[110.17545746198425,-7.568876457017339],[110.17546762280817,-7.5688513017697225]]]}},{"type":"Feature","properties":{"FID_Fisnet":0,"FID_PL":0,"NAMOBJ":"Kerban","FCODE":"BA03070040","METADATA":"TASWIL1000020230928_DATA_BATAS_DESAKELURAHAN","SRS_ID":"SRGI 2013","KDCPUM":"33.08.11","KDEPUM":"33.08.11.2002","KDPKAB":"33.08","KDPPUM":"33","WADMKC":"Tempuran","WADMKD":"Sumberarum","WADMKK":"Magelang","WADMPR":"Jawa Tengah","DUSUN":"Kerban","Toponimi":"Dusun Kerban","Shape_Leng":3646.39056914,"Shape_Le_1":0,"KETERANGAN":"2","KET_DETAIL":"Rumah","PL":"2","Shape_Le_2":75.9219871947,"Shape_Area":309.784404652},"geometry":{"type":"Polygon","coordinates":[[[110.17527923035652,-7.568810822516963],[110.17531557520039,-7.56882717830005],[110.17533217133156,-7.5688346463551595],[110.1753333566961,-7.568836683683811],[110.1753173178725,-7.568871749981999],[110.17530946954285,-7.568888689661527],[110.17530300788351,-7.568908102106633],[110.17528397867459,-7.568949405484667],[110.1752800812694,-7.568957864068594],[110.1752606701104,-7.568996006459901],[110.1752479361616,-7.569021509580477],[110.17522655662393,-7.569010792613678],[110.17521597038963,-7.569030846670894],[110.17514817447694,-7.5689995761396744],[110.17513914560534,-7.568995243767041],[110.17518033168093,-7.5689014309770455],[110.17518327617084,-7.56889644742237],[110.1751751269515,-7.5688928511550975],[110.17518377957342,-7.568875761951869],[110.1751859447571,-7.568872568702668],[110.17519706034771,-7.5688496502463245],[110.17521087829729,-7.56882085324307],[110.17521766888188,-7.568823917816479],[110.17523200204144,-7.568792069158085],[110.1752345534882,-7.568790718166149],[110.17527923035652,-7.568810822516963]]]}},{"type":"Feature","properties":{"FID_Fisnet":0,"FID_PL":0,"NAMOBJ":"Kerban","FCODE":"BA03070040","METADATA":"TASWIL1000020230928_DATA_BATAS_DESAKELURAHAN","SRS_ID":"SRGI 2013","KDCPUM":"33.08.11","KDEPUM":"33.08.11.2002","KDPKAB":"33.08","KDPPUM":"33","WADMKC":"Tempuran","WADMKD":"Sumberarum","WADMKK":"Magelang","WADMPR":"Jawa Tengah","DUSUN":"Kerban","Toponimi":"Dusun Kerban","Shape_Leng":3646.39056914,"Shape_Le_1":0,"KETERANGAN":"2","KET_DETAIL":"Rumah","PL":"2","Shape_Le_2":68.3683393492,"Shape_Area":211.611291954},"geometry":{"type":"Polygon","coordinates":[[[110.17536606128682,-7.56873426585582],[110.17537735086754,-7.56874094330146],[110.17538266437515,-7.5687299602703755],[110.17546755681498,-7.568764370000478],[110.17545953351546,-7.568784191939122],[110.17545509240253,-7.5687963913417775],[110.17544501997888,-7.568821296214732],[110.175428804255,-7.568860261408443],[110.17540791831175,-7.568853100906111],[110.17538741614614,-7.568843366971057],[110.17534171996832,-7.568823988810651],[110.17534376127115,-7.5688196828124354],[110.17534859681057,-7.568808848117393],[110.17533766188347,-7.56880299803903],[110.17533406912835,-7.568800915454195],[110.17531373247361,-7.568791376292999],[110.17530621777188,-7.568806853150873],[110.175276664218,-7.568794622899228],[110.17528256458208,-7.568780093598955],[110.17526181192954,-7.568771481647731],[110.1752580225954,-7.568770292319289],[110.17525899275017,-7.568766808278572],[110.17526053321883,-7.568763234868658],[110.17528509705248,-7.568706202154153],[110.17528595663704,-7.568704141559911],[110.17533758984729,-7.568723553568758],[110.17536084283675,-7.568731952266112],[110.17536606128682,-7.56873426585582]]]}},{"type":"Feature","properties":{"FID_Fisnet":0,"FID_PL":0,"NAMOBJ":"Kerban","FCODE":"BA03070040","METADATA":"TASWIL1000020230928_DATA_BATAS_DESAKELURAHAN","SRS_ID":"SRGI 2013","KDCPUM":"33.08.11","KDEPUM":"33.08.11.2002","KDPKAB":"33.08","KDPPUM":"33","WADMKC":"Tempuran","WADMKD":"Sumberarum","WADMKK":"Magelang","WADMPR":"Jawa Tengah","DUSUN":"Kerban","Toponimi":"Dusun Kerban","Shape_Leng":3646.39056914,"Shape_Le_1":0,"KETERANGAN":"2","KET_DETAIL":"Rumah","PL":"2","Shape_Le_2":63.0370941181,"Shape_Area":187.322935722},"geometry":{"type":"Polygon","coordinates":[[[110.17562001451749,-7.568601686842198],[110.17563381596099,-7.568606378265048],[110.1756350204793,-7.568602149372535],[110.17566642911729,-7.568612191545954],[110.17565952497269,-7.568640283483199],[110.17565536290127,-7.568655900552369],[110.1756700342227,-7.568660270718969],[110.17566138632186,-7.568690635941692],[110.17565371228301,-7.568713176516296],[110.1756392761086,-7.568709081756449],[110.1756330312592,-7.568733661928553],[110.17563009320165,-7.568734307599751],[110.17561598579483,-7.568776166612359],[110.17558468880435,-7.568764605114352],[110.17558709764036,-7.568756254058422],[110.17556774997921,-7.568751442701561],[110.17557531685743,-7.568718035470493],[110.1755383481631,-7.568708000863437],[110.1755490888083,-7.568671542483987],[110.17554876744124,-7.568668937870321],[110.1755501844765,-7.568666878329745],[110.1755574048416,-7.568644104447277],[110.17556495943337,-7.5686176418115245],[110.17556322074327,-7.568616771124173],[110.17557222767306,-7.568585887409776],[110.17560669667236,-7.568596270033849],[110.17560631937333,-7.568598297170683],[110.17562001451749,-7.568601686842198]]]}},{"type":"Feature","properties":{"FID_Fisnet":0,"FID_PL":0,"NAMOBJ":"Kerban","FCODE":"BA03070040","METADATA":"TASWIL1000020230928_DATA_BATAS_DESAKELURAHAN","SRS_ID":"SRGI 2013","KDCPUM":"33.08.11","KDEPUM":"33.08.11.2002","KDPKAB":"33.08","KDPPUM":"33","WADMKC":"Tempuran","WADMKD":"Sumberarum","WADMKK":"Magelang","WADMPR":"Jawa Tengah","DUSUN":"Kerban","Toponimi":"Dusun Kerban","Shape_Leng":3646.39056914,"Shape_Le_1":0,"KETERANGAN":"2","KET_DETAIL":"Rumah","PL":"2","Shape_Le_2":79.4665535213,"Shape_Area":304.606006},"geometry":{"type":"Polygon","coordinates":[[[110.17579935817555,-7.568649734730012],[110.1758008855596,-7.568644457247269],[110.17580436479436,-7.5686452226867695],[110.17581610061934,-7.568649368413382],[110.1758188219566,-7.568648289083809],[110.17583343650838,-7.568652483668045],[110.1757749995835,-7.5688335655042875],[110.17568292098319,-7.568803421348698],[110.17566825307712,-7.568797250363298],[110.17562098609517,-7.568777369081785],[110.1756203359404,-7.568776066301504],[110.17563388320887,-7.568742778917118],[110.17564312014164,-7.5687463772329755],[110.17565371228301,-7.568713176516296],[110.17566138632186,-7.568690635941692],[110.1756700342227,-7.568660270718969],[110.17567583157425,-7.568642701250238],[110.1757244143901,-7.56865700797188],[110.17572145984668,-7.568666334838462],[110.1757372179371,-7.568671681185906],[110.17574247163331,-7.568654003959059],[110.17579366108642,-7.568669400981621],[110.17579935817555,-7.568649734730012]]]}},{"type":"Feature","properties":{"FID_Fisnet":0,"FID_PL":0,"NAMOBJ":"Kerban","FCODE":"BA03070040","METADATA":"TASWIL1000020230928_DATA_BATAS_DESAKELURAHAN","SRS_ID":"SRGI 2013","KDCPUM":"33.08.11","KDEPUM":"33.08.11.2002","KDPKAB":"33.08","KDPPUM":"33","WADMKC":"Tempuran","WADMKD":"Sumberarum","WADMKK":"Magelang","WADMPR":"Jawa Tengah","DUSUN":"Kerban","Toponimi":"Dusun Kerban","Shape_Leng":3646.39056914,"Shape_Le_1":0,"KETERANGAN":"2","KET_DETAIL":"Rumah","PL":"2","Shape_Le_2":38.8694280913,"Shape_Area":89.4625772898},"geometry":{"type":"Polygon","coordinates":[[[110.17583343650838,-7.568652483668045],[110.1758188219566,-7.568648289083809],[110.17581610061934,-7.568649368413382],[110.17580436479436,-7.5686452226867695],[110.1758008855596,-7.568644457247269],[110.17579935817555,-7.568649734730012],[110.1757577761653,-7.568639006725377],[110.17577680529376,-7.568544730474918],[110.17583757975717,-7.568557031480047],[110.17583543447037,-7.5685678893582615],[110.17585321251354,-7.568573486444181],[110.17583343650838,-7.568652483668045]]]}},{"type":"Feature","properties":{"FID_Fisnet":0,"FID_PL":0,"NAMOBJ":"Kerban","FCODE":"BA03070040","METADATA":"TASWIL1000020230928_DATA_BATAS_DESAKELURAHAN","SRS_ID":"SRGI 2013","KDCPUM":"33.08.11","KDEPUM":"33.08.11.2002","KDPKAB":"33.08","KDPPUM":"33","WADMKC":"Tempuran","WADMKD":"Sumberarum","WADMKK":"Magelang","WADMPR":"Jawa Tengah","DUSUN":"Kerban","Toponimi":"Dusun Kerban","Shape_Leng":3646.39056914,"Shape_Le_1":0,"KETERANGAN":"2","KET_DETAIL":"Rumah","PL":"2","Shape_Le_2":56.7248613245,"Shape_Area":150.552113313},"geometry":{"type":"Polygon","coordinates":[[[110.17601038882866,-7.568555981546433],[110.17600150033546,-7.56859850166916],[110.17605095431956,-7.568610856318804],[110.17605946770864,-7.568612657859797],[110.17603381647028,-7.568710166895619],[110.17603295576846,-7.568715682614146],[110.1760245515402,-7.568713675056695],[110.1759375633534,-7.5686916972040565],[110.17595184811498,-7.568640432795481],[110.17596410861896,-7.568589749759743],[110.1759537823264,-7.568587017694933],[110.17595860566769,-7.568566843278155],[110.17596175891718,-7.568566957776945],[110.17596647369274,-7.568546674616827],[110.17601038882866,-7.568555981546433]]]}},{"type":"Feature","properties":{"FID_Fisnet":0,"FID_PL":0,"NAMOBJ":"Kerban","FCODE":"BA03070040","METADATA":"TASWIL1000020230928_DATA_BATAS_DESAKELURAHAN","SRS_ID":"SRGI 2013","KDCPUM":"33.08.11","KDEPUM":"33.08.11.2002","KDPKAB":"33.08","KDPPUM":"33","WADMKC":"Tempuran","WADMKD":"Sumberarum","WADMKK":"Magelang","WADMPR":"Jawa Tengah","DUSUN":"Kerban","Toponimi":"Dusun Kerban","Shape_Leng":3646.39056914,"Shape_Le_1":0,"KETERANGAN":"2","KET_DETAIL":"Rumah","PL":"2","Shape_Le_2":60.4133112035,"Shape_Area":169.561562957},"geometry":{"type":"Polygon","coordinates":[[[110.17613664976722,-7.5686023578670305],[110.17612929248078,-7.568629472117025],[110.17614916288387,-7.5686344264408225],[110.17613737203315,-7.56868075709534],[110.17611864785822,-7.568754328522963],[110.17611723667449,-7.568753784070479],[110.17611209917789,-7.568767555061348],[110.17607927533632,-7.568758595622327],[110.1760831081998,-7.568744495647674],[110.17606451614921,-7.5687393881657],[110.17605972999404,-7.568754299468304],[110.17602558770349,-7.568748469757461],[110.17603175281089,-7.56872338834319],[110.17603295576846,-7.568715682614146],[110.17603381647028,-7.568710166895619],[110.17605946770864,-7.568612657859797],[110.17606216202502,-7.568602415161557],[110.17609500740839,-7.568609570198019],[110.17609928678267,-7.5685927928930825],[110.17613664976722,-7.5686023578670305]]]}},{"type":"Feature","properties":{"FID_Fisnet":0,"FID_PL":0,"NAMOBJ":"Kerban","FCODE":"BA03070040","METADATA":"TASWIL1000020230928_DATA_BATAS_DESAKELURAHAN","SRS_ID":"SRGI 2013","KDCPUM":"33.08.11","KDEPUM":"33.08.11.2002","KDPKAB":"33.08","KDPPUM":"33","WADMKC":"Tempuran","WADMKD":"Sumberarum","WADMKK":"Magelang","WADMPR":"Jawa Tengah","DUSUN":"Kerban","Toponimi":"Dusun Kerban","Shape_Leng":3646.39056914,"Shape_Le_1":0,"KETERANGAN":"2","KET_DETAIL":"Rumah","PL":"2","Shape_Le_2":49.0912729041,"Shape_Area":109.121633766},"geometry":{"type":"Polygon","coordinates":[[[110.17610877519012,-7.568785758732456],[110.17610517338062,-7.568803723999387],[110.1760869835236,-7.568879926670205],[110.17608437392161,-7.568879921737607],[110.1760797699777,-7.568899119728958],[110.1760707462544,-7.568897800217003],[110.17601542559964,-7.568881744186263],[110.17601981324003,-7.568861894559329],[110.17602080590063,-7.56885419205083],[110.17602420273268,-7.5688410689987835],[110.17601289819531,-7.568838442719015],[110.17601925722833,-7.568811001876048],[110.17602177763028,-7.568800697344799],[110.17602245085733,-7.56878984753658],[110.17601233806477,-7.568789719882361],[110.17601388817712,-7.568774856732363],[110.1760311750443,-7.568777060168433],[110.17603027788937,-7.568791273325156],[110.17603756044923,-7.568793022793761],[110.17604515750935,-7.568768527477545],[110.17610877519012,-7.568785758732456]]]}},{"type":"Feature","properties":{"FID_Fisnet":0,"FID_PL":0,"NAMOBJ":"Kerban","FCODE":"BA03070040","METADATA":"TASWIL1000020230928_DATA_BATAS_DESAKELURAHAN","SRS_ID":"SRGI 2013","KDCPUM":"33.08.11","KDEPUM":"33.08.11.2002","KDPKAB":"33.08","KDPPUM":"33","WADMKC":"Tempuran","WADMKD":"Sumberarum","WADMKK":"Magelang","WADMPR":"Jawa Tengah","DUSUN":"Kerban","Toponimi":"Dusun Kerban","Shape_Leng":3646.39056914,"Shape_Le_1":0,"KETERANGAN":"2","KET_DETAIL":"Rumah","PL":"2","Shape_Le_2":80.5332730025,"Shape_Area":242.682067368},"geometry":{"type":"Polygon","coordinates":[[[110.17611864785822,-7.568754328522963],[110.17613737203315,-7.56868075709534],[110.1761461895953,-7.568682763622841],[110.1761467037027,-7.568676470298074],[110.17616963426123,-7.568680922085442],[110.1761737422007,-7.568665161998846],[110.17622486160965,-7.568678313913548],[110.17622126340434,-7.568693905825802],[110.1762411318223,-7.568700386004744],[110.1762402735504,-7.5687046227897055],[110.17625402900298,-7.568708718052797],[110.17627285433481,-7.568637712825765],[110.17631565015206,-7.568649831457473],[110.17629750142751,-7.568722533871019],[110.1762891778917,-7.568720992279709],[110.17628284098501,-7.568747769280024],[110.17628589797997,-7.5687484534189755],[110.17626928546534,-7.5688174286455165],[110.17615634526008,-7.568789239548183],[110.17616250881075,-7.568764497309507],[110.17611864785822,-7.568754328522963]]]}},{"type":"Feature","properties":{"FID_Fisnet":0,"FID_PL":0,"NAMOBJ":"Kerban","FCODE":"BA03070040","METADATA":"TASWIL1000020230928_DATA_BATAS_DESAKELURAHAN","SRS_ID":"SRGI 2013","KDCPUM":"33.08.11","KDEPUM":"33.08.11.2002","KDPKAB":"33.08","KDPPUM":"33","WADMKC":"Tempuran","WADMKD":"Sumberarum","WADMKK":"Magelang","WADMPR":"Jawa Tengah","DUSUN":"Kerban","Toponimi":"Dusun Kerban","Shape_Leng":3646.39056914,"Shape_Le_1":0,"KETERANGAN":"2","KET_DETAIL":"Rumah","PL":"2","Shape_Le_2":51.3941007583,"Shape_Area":133.191924731},"geometry":{"type":"Polygon","coordinates":[[[110.17488808811072,-7.568078801769042],[110.1749060716239,-7.567984868200504],[110.17491344721205,-7.567985829153242],[110.17494933983319,-7.567993512827607],[110.17495460498542,-7.567970295677675],[110.17498699624834,-7.567977411943127],[110.1749886550536,-7.567977866419224],[110.17498083614528,-7.568014621555632],[110.17497655361365,-7.568036857392888],[110.17495783034228,-7.568128948943273],[110.17488598659797,-7.568112875079146],[110.17489198779428,-7.5680844024706655],[110.17489301372068,-7.568079712861024],[110.17488808811072,-7.568078801769042]]]}},{"type":"Feature","properties":{"FID_Fisnet":0,"FID_PL":0,"NAMOBJ":"Kerban","FCODE":"BA03070040","METADATA":"TASWIL1000020230928_DATA_BATAS_DESAKELURAHAN","SRS_ID":"SRGI 2013","KDCPUM":"33.08.11","KDEPUM":"33.08.11.2002","KDPKAB":"33.08","KDPPUM":"33","WADMKC":"Tempuran","WADMKD":"Sumberarum","WADMKK":"Magelang","WADMPR":"Jawa Tengah","DUSUN":"Kerban","Toponimi":"Dusun Kerban","Shape_Leng":3646.39056914,"Shape_Le_1":0,"KETERANGAN":"2","KET_DETAIL":"Rumah","PL":"2","Shape_Le_2":58.9149692181,"Shape_Area":197.624918703},"geometry":{"type":"Polygon","coordinates":[[[110.1751406982977,-7.568089498662591],[110.17515669714994,-7.568094058583804],[110.17515581921565,-7.56810863808814],[110.17515316688335,-7.568124444331535],[110.17517277174632,-7.568129355683235],[110.17517633299072,-7.568132753327016],[110.17517407983388,-7.568156486307708],[110.17518223145349,-7.5681578584552485],[110.17518961861435,-7.568158932485922],[110.1751891920515,-7.568161602616246],[110.17517976659038,-7.568203801512444],[110.17517653339489,-7.568206168757537],[110.17516681819035,-7.568205271218175],[110.17516257068318,-7.568205263181379],[110.17516043988267,-7.568208967528663],[110.17515695801086,-7.568224856319261],[110.17515664757902,-7.56822794634923],[110.17508290031034,-7.568211871626819],[110.17505290194862,-7.568203350710833],[110.17503355625603,-7.5681979975519775],[110.17504002059987,-7.5681724020720065],[110.17506031193402,-7.5680865336112575],[110.17506308841521,-7.5680874388255335],[110.1750780331838,-7.568090518830182],[110.17508264734329,-7.568076454715513],[110.17509183145312,-7.568078266587931],[110.17510767984112,-7.568081393525555],[110.17512256233996,-7.568084329598105],[110.17512512523685,-7.568085059842689],[110.1751406982977,-7.568089498662591]]]}},{"type":"Feature","properties":{"FID_Fisnet":0,"FID_PL":0,"NAMOBJ":"Kerban","FCODE":"BA03070040","METADATA":"TASWIL1000020230928_DATA_BATAS_DESAKELURAHAN","SRS_ID":"SRGI 2013","KDCPUM":"33.08.11","KDEPUM":"33.08.11.2002","KDPKAB":"33.08","KDPPUM":"33","WADMKC":"Tempuran","WADMKD":"Sumberarum","WADMKK":"Magelang","WADMPR":"Jawa Tengah","DUSUN":"Kerban","Toponimi":"Dusun Kerban","Shape_Leng":3646.39056914,"Shape_Le_1":0,"KETERANGAN":"2","KET_DETAIL":"Rumah","PL":"2","Shape_Le_2":34.2222234528,"Shape_Area":64.4134850071},"geometry":{"type":"Polygon","coordinates":[[[110.17494611808324,-7.567765241538024],[110.1749361732679,-7.567812188883651],[110.1749256420311,-7.567810473047671],[110.17492207015648,-7.567812670511847],[110.17490219890364,-7.5678077161357615],[110.17489861381675,-7.567816864523879],[110.17487109945631,-7.567810538956762],[110.17487502542065,-7.567800881990358],[110.1748691298277,-7.567799074529289],[110.17489063925501,-7.56772139304569],[110.17491594368921,-7.56772822274785],[110.17494328731634,-7.567734717126839],[110.17493695395427,-7.567759120745695],[110.17494000384966,-7.567763534966201],[110.17494611808324,-7.567765241538024]]]}},{"type":"Feature","properties":{"FID_Fisnet":0,"FID_PL":0,"NAMOBJ":"Kerban","FCODE":"BA03070040","METADATA":"TASWIL1000020230928_DATA_BATAS_DESAKELURAHAN","SRS_ID":"SRGI 2013","KDCPUM":"33.08.11","KDEPUM":"33.08.11.2002","KDPKAB":"33.08","KDPPUM":"33","WADMKC":"Tempuran","WADMKD":"Sumberarum","WADMKK":"Magelang","WADMPR":"Jawa Tengah","DUSUN":"Kerban","Toponimi":"Dusun Kerban","Shape_Leng":3646.39056914,"Shape_Le_1":0,"KETERANGAN":"2","KET_DETAIL":"Rumah","PL":"2","Shape_Le_2":55.8710803671,"Shape_Area":190.687973512},"geometry":{"type":"Polygon","coordinates":[[[110.17507665111695,-7.5678280642843285],[110.17505381583867,-7.567908010808877],[110.17505059274065,-7.567920328286273],[110.17504423174023,-7.567947352140861],[110.17504125003553,-7.567962381713952],[110.17503096118278,-7.56796047006603],[110.17494629556609,-7.567939878480744],[110.17493236689535,-7.567936805822165],[110.17493665575067,-7.567916965971864],[110.17494520365815,-7.5678886736512165],[110.17495686445847,-7.567833080889956],[110.17496005687038,-7.567820694614679],[110.17496525092703,-7.567800544430307],[110.1750545823898,-7.567823263136808],[110.17507665111695,-7.5678280642843285]]]}},{"type":"Feature","properties":{"FID_Fisnet":0,"FID_PL":0,"NAMOBJ":"Kerban","FCODE":"BA03070040","METADATA":"TASWIL1000020230928_DATA_BATAS_DESAKELURAHAN","SRS_ID":"SRGI 2013","KDCPUM":"33.08.11","KDEPUM":"33.08.11.2002","KDPKAB":"33.08","KDPPUM":"33","WADMKC":"Tempuran","WADMKD":"Sumberarum","WADMKK":"Magelang","WADMPR":"Jawa Tengah","DUSUN":"Kerban","Toponimi":"Dusun Kerban","Shape_Leng":3646.39056914,"Shape_Le_1":0,"KETERANGAN":"2","KET_DETAIL":"Rumah","PL":"2","Shape_Le_2":86.8336207501,"Shape_Area":264.004432513},"geometry":{"type":"Polygon","coordinates":[[[110.17520487277886,-7.567860368089108],[110.1751790806865,-7.567955138022164],[110.1751575618186,-7.567950035822197],[110.17515767685002,-7.567954850601245],[110.17515306964307,-7.5679700281485305],[110.17514958698959,-7.567979651586294],[110.17514656076787,-7.5680095236372384],[110.17511551259314,-7.568005391099422],[110.1751156560102,-7.567995268400546],[110.17511870073797,-7.567975215449125],[110.17510706224694,-7.567971378318991],[110.17509958350404,-7.567969846445739],[110.17509574138788,-7.5679921428141395],[110.17506210033093,-7.567985412214545],[110.17506047547253,-7.567993804548012],[110.17505830203915,-7.567994186649308],[110.17505241621416,-7.5680397017423315],[110.17500799840138,-7.568032616990777],[110.17501669584702,-7.567983350903057],[110.17503673632534,-7.567985117293686],[110.17504125003553,-7.567962381713952],[110.17504423174023,-7.567947352140861],[110.17505059365051,-7.567920326479016],[110.17505381674854,-7.567908009001637],[110.17507665111695,-7.5678280642843285],[110.17508046378202,-7.567828896386977],[110.17512461556173,-7.567838116109397],[110.17513650955735,-7.567841531328734],[110.17514019670477,-7.567842590218533],[110.17515553297416,-7.567845706235292],[110.17520487277886,-7.567860368089108]]]}},{"type":"Feature","properties":{"FID_Fisnet":0,"FID_PL":0,"NAMOBJ":"Kerban","FCODE":"BA03070040","METADATA":"TASWIL1000020230928_DATA_BATAS_DESAKELURAHAN","SRS_ID":"SRGI 2013","KDCPUM":"33.08.11","KDEPUM":"33.08.11.2002","KDPKAB":"33.08","KDPPUM":"33","WADMKC":"Tempuran","WADMKD":"Sumberarum","WADMKK":"Magelang","WADMPR":"Jawa Tengah","DUSUN":"Kerban","Toponimi":"Dusun Kerban","Shape_Leng":3646.39056914,"Shape_Le_1":0,"KETERANGAN":"2","KET_DETAIL":"Rumah","PL":"2","Shape_Le_2":47.1473517349,"Shape_Area":130.192912365},"geometry":{"type":"Polygon","coordinates":[[[110.1754325412477,-7.567399789323144],[110.17541837448337,-7.567432356470595],[110.17539780584998,-7.567423767491981],[110.17538928653873,-7.5674379816059485],[110.17536827030965,-7.56742929861767],[110.17534712969781,-7.567420245459731],[110.17534924429484,-7.567414570212231],[110.1753530920345,-7.567406002993632],[110.1753277114257,-7.567393470410127],[110.17536603936,-7.567301063162297],[110.17545751892095,-7.567342426326861],[110.1754325412477,-7.567399789323144]]]}},{"type":"Feature","properties":{"FID_Fisnet":0,"FID_PL":0,"NAMOBJ":"Kerban","FCODE":"BA03070040","METADATA":"TASWIL1000020230928_DATA_BATAS_DESAKELURAHAN","SRS_ID":"SRGI 2013","KDCPUM":"33.08.11","KDEPUM":"33.08.11.2002","KDPKAB":"33.08","KDPPUM":"33","WADMKC":"Tempuran","WADMKD":"Sumberarum","WADMKK":"Magelang","WADMPR":"Jawa Tengah","DUSUN":"Kerban","Toponimi":"Dusun Kerban","Shape_Leng":3646.39056914,"Shape_Le_1":0,"KETERANGAN":"2","KET_DETAIL":"Rumah","PL":"2","Shape_Le_2":50.317179359,"Shape_Area":141.669819974},"geometry":{"type":"Polygon","coordinates":[[[110.1753883782337,-7.567550152031977],[110.175334992053,-7.567666761887995],[110.175316447684,-7.567659010666807],[110.17530541226196,-7.567676491532723],[110.17527987336192,-7.567664253506982],[110.17525408152999,-7.567652036709014],[110.17526256444536,-7.567630744047985],[110.17529343008773,-7.567563476359629],[110.17531671998054,-7.5675156787051225],[110.1753883782337,-7.567550152031977]]]}},{"type":"Feature","properties":{"FID_Fisnet":0,"FID_PL":0,"NAMOBJ":"Kerban","FCODE":"BA03070040","METADATA":"TASWIL1000020230928_DATA_BATAS_DESAKELURAHAN","SRS_ID":"SRGI 2013","KDCPUM":"33.08.11","KDEPUM":"33.08.11.2002","KDPKAB":"33.08","KDPPUM":"33","WADMKC":"Tempuran","WADMKD":"Sumberarum","WADMKK":"Magelang","WADMPR":"Jawa Tengah","DUSUN":"Kerban","Toponimi":"Dusun Kerban","Shape_Leng":3646.39056914,"Shape_Le_1":0,"KETERANGAN":"2","KET_DETAIL":"Rumah","PL":"2","Shape_Le_2":74.1845112024,"Shape_Area":192.383383252},"geometry":{"type":"Polygon","coordinates":[[[110.17546684606002,-7.568274868926141],[110.17546181776487,-7.568290792783541],[110.1754646895107,-7.568291652047058],[110.17553115585734,-7.568309910830468],[110.17552259482689,-7.568338444637336],[110.17544820034105,-7.568319978201399],[110.17545383516463,-7.568304941884592],[110.17542736957715,-7.568294281337558],[110.17541572278003,-7.568319144340698],[110.17538771742642,-7.568305009473951],[110.17538227896839,-7.568318309554265],[110.17533494956784,-7.568297443148458],[110.17539652273214,-7.568173184203632],[110.17543244248657,-7.568187116963332],[110.17546382840057,-7.568201945627632],[110.17549028837762,-7.568212217233806],[110.17547646587484,-7.5682491591093575],[110.17546927219604,-7.568268384755756],[110.17546684606002,-7.568274868926141]]]}},{"type":"Feature","properties":{"FID_Fisnet":0,"FID_PL":0,"NAMOBJ":"Kerban","FCODE":"BA03070040","METADATA":"TASWIL1000020230928_DATA_BATAS_DESAKELURAHAN","SRS_ID":"SRGI 2013","KDCPUM":"33.08.11","KDEPUM":"33.08.11.2002","KDPKAB":"33.08","KDPPUM":"33","WADMKC":"Tempuran","WADMKD":"Sumberarum","WADMKK":"Magelang","WADMPR":"Jawa Tengah","DUSUN":"Kerban","Toponimi":"Dusun Kerban","Shape_Leng":3646.39056914,"Shape_Le_1":0,"KETERANGAN":"2","KET_DETAIL":"Rumah","PL":"2","Shape_Le_2":68.0563173205,"Shape_Area":220.131494478},"geometry":{"type":"Polygon","coordinates":[[[110.17568203442502,-7.568244086609258],[110.17567250383308,-7.568282005309437],[110.17566702268904,-7.568302990703887],[110.17566619104845,-7.56830656636073],[110.17565139057093,-7.568370208534558],[110.1756442552425,-7.568368258543631],[110.1756008485994,-7.568357065790437],[110.17559598946148,-7.568375082038333],[110.17559425329536,-7.568377178059459],[110.17557322954355,-7.568371952899602],[110.17555245324645,-7.568366728206764],[110.17555745486645,-7.568346235755183],[110.17557223380274,-7.5682672164334015],[110.1755329269848,-7.568259344548616],[110.17554084141051,-7.5682233430130195],[110.17554721244417,-7.568194364580369],[110.17559124284584,-7.568203090183214],[110.1756648310965,-7.568218908552103],[110.17566169991953,-7.568239151287526],[110.17568203442502,-7.568244086609258]]]}},{"type":"Feature","properties":{"FID_Fisnet":0,"FID_PL":0,"NAMOBJ":"Kerban","FCODE":"BA03070040","METADATA":"TASWIL1000020230928_DATA_BATAS_DESAKELURAHAN","SRS_ID":"SRGI 2013","KDCPUM":"33.08.11","KDEPUM":"33.08.11.2002","KDPKAB":"33.08","KDPPUM":"33","WADMKC":"Tempuran","WADMKD":"Sumberarum","WADMKK":"Magelang","WADMPR":"Jawa Tengah","DUSUN":"Kerban","Toponimi":"Dusun Kerban","Shape_Leng":3646.39056914,"Shape_Le_1":0,"KETERANGAN":"2","KET_DETAIL":"Rumah","PL":"2","Shape_Le_2":51.647475542,"Shape_Area":148.614391269},"geometry":{"type":"Polygon","coordinates":[[[110.17576829777978,-7.568345084178],[110.17575639783767,-7.5684025469875476],[110.17573687307424,-7.568397448583667],[110.1757282585199,-7.568438421646531],[110.1756815063599,-7.568429074050749],[110.17568125421975,-7.5684315410030045],[110.17568084677286,-7.56843464713094],[110.17567902130112,-7.5684341299327595],[110.17565997784781,-7.568429033340038],[110.17563869430906,-7.568423617750332],[110.17564506735113,-7.568397398896914],[110.17565139057093,-7.568370208534558],[110.17566702268904,-7.568302990703887],[110.17570153035676,-7.56830922995586],[110.1757560695872,-7.56832242004329],[110.17575341923292,-7.5683419681415245],[110.17576829777978,-7.568345084178]]]}},{"type":"Feature","properties":{"FID_Fisnet":0,"FID_PL":0,"NAMOBJ":"Kerban","FCODE":"BA03070040","METADATA":"TASWIL1000020230928_DATA_BATAS_DESAKELURAHAN","SRS_ID":"SRGI 2013","KDCPUM":"33.08.11","KDEPUM":"33.08.11.2002","KDPKAB":"33.08","KDPPUM":"33","WADMKC":"Tempuran","WADMKD":"Sumberarum","WADMKK":"Magelang","WADMPR":"Jawa Tengah","DUSUN":"Kerban","Toponimi":"Dusun Kerban","Shape_Leng":3646.39056914,"Shape_Le_1":0,"KETERANGAN":"2","KET_DETAIL":"Rumah","PL":"2","Shape_Le_2":63.5987273814,"Shape_Area":170.963189613},"geometry":{"type":"Polygon","coordinates":[[[110.17579403451865,-7.568452219083138],[110.17583801163336,-7.568282320962361],[110.17584123477529,-7.568269970915981],[110.17584634089577,-7.56824933303526],[110.17587476446555,-7.568256128786107],[110.17587774485455,-7.56824321116963],[110.17590828242359,-7.5682484651536255],[110.17591202728448,-7.568249206673061],[110.17589915995562,-7.56830871088702],[110.17585453237562,-7.568467932175371],[110.17585282340818,-7.568467638605392],[110.17583326653109,-7.568462265181938],[110.17582051291255,-7.568459010256496],[110.17579403451865,-7.568452219083138]]]}},{"type":"Feature","properties":{"FID_Fisnet":0,"FID_PL":0,"NAMOBJ":"Kerban","FCODE":"BA03070040","METADATA":"TASWIL1000020230928_DATA_BATAS_DESAKELURAHAN","SRS_ID":"SRGI 2013","KDCPUM":"33.08.11","KDEPUM":"33.08.11.2002","KDPKAB":"33.08","KDPPUM":"33","WADMKC":"Tempuran","WADMKD":"Sumberarum","WADMKK":"Magelang","WADMPR":"Jawa Tengah","DUSUN":"Kerban","Toponimi":"Dusun Kerban","Shape_Leng":3646.39056914,"Shape_Le_1":0,"KETERANGAN":"2","KET_DETAIL":"Rumah","PL":"2","Shape_Le_2":63.5650417739,"Shape_Area":221.123810146},"geometry":{"type":"Polygon","coordinates":[[[110.17599993606363,-7.5684532342422],[110.17603542793597,-7.568291021725632],[110.17603703018952,-7.5682811586548615],[110.17604139355927,-7.568281729490565],[110.17604310841828,-7.568266981520554],[110.17611625821276,-7.568278863582231],[110.17613092423395,-7.56828124747805],[110.17612750321007,-7.568305210713888],[110.17612041094027,-7.568342177997611],[110.17609839694161,-7.568464196357276],[110.17608869383879,-7.568462648537333],[110.17608806139322,-7.5684668188170425],[110.17608783201909,-7.568468753976874],[110.17608608607678,-7.568468360844808],[110.17608271134591,-7.568467933881764],[110.17606409010351,-7.568463885495246],[110.17599993606363,-7.5684532342422]]]}},{"type":"Feature","properties":{"FID_Fisnet":0,"FID_PL":0,"NAMOBJ":"Kerban","FCODE":"BA03070040","METADATA":"TASWIL1000020230928_DATA_BATAS_DESAKELURAHAN","SRS_ID":"SRGI 2013","KDCPUM":"33.08.11","KDEPUM":"33.08.11.2002","KDPKAB":"33.08","KDPPUM":"33","WADMKC":"Tempuran","WADMKD":"Sumberarum","WADMKK":"Magelang","WADMPR":"Jawa Tengah","DUSUN":"Kerban","Toponimi":"Dusun Kerban","Shape_Leng":3646.39056914,"Shape_Le_1":0,"KETERANGAN":"2","KET_DETAIL":"Rumah","PL":"2","Shape_Le_2":74.7110890459,"Shape_Area":319.331656644},"geometry":{"type":"Polygon","coordinates":[[[110.17550837574942,-7.5677824620319765],[110.17551508963865,-7.567785812270907],[110.17551405857661,-7.567787960276512],[110.1755050981913,-7.56780675657226],[110.17549224649906,-7.567842262158914],[110.17550066042726,-7.567846787823069],[110.17550557804694,-7.5678490420498],[110.17548916524399,-7.567893962898221],[110.17547115913675,-7.56788676443488],[110.17546253228714,-7.56790796004839],[110.1754303160124,-7.567896520721358],[110.17542676166175,-7.567901900193357],[110.17529264147143,-7.567849752699519],[110.17529573383995,-7.567841832567271],[110.17531960562683,-7.567780702130975],[110.1753412575405,-7.567720062245439],[110.17534199648297,-7.567718523309101],[110.1754327579835,-7.567753815145028],[110.17543828525373,-7.567755311664433],[110.1754432669763,-7.5677572214050395],[110.17550837574942,-7.5677824620319765]]]}},{"type":"Feature","properties":{"FID_Fisnet":0,"FID_PL":0,"NAMOBJ":"Kerban","FCODE":"BA03070040","METADATA":"TASWIL1000020230928_DATA_BATAS_DESAKELURAHAN","SRS_ID":"SRGI 2013","KDCPUM":"33.08.11","KDEPUM":"33.08.11.2002","KDPKAB":"33.08","KDPPUM":"33","WADMKC":"Tempuran","WADMKD":"Sumberarum","WADMKK":"Magelang","WADMPR":"Jawa Tengah","DUSUN":"Kerban","Toponimi":"Dusun Kerban","Shape_Leng":3646.39056914,"Shape_Le_1":0,"KETERANGAN":"2","KET_DETAIL":"Rumah","PL":"2","Shape_Le_2":90.4859963917,"Shape_Area":330.526918895},"geometry":{"type":"Polygon","coordinates":[[[110.17566387390994,-7.56770962412843],[110.17564331227818,-7.56776511597133],[110.17560814481011,-7.567751221738093],[110.17559003617966,-7.567788939702124],[110.17556463183621,-7.567842341166941],[110.17555227229812,-7.567868322578171],[110.1755234791639,-7.567856635572046],[110.17550557804694,-7.5678490420498],[110.17550065952257,-7.567846786916861],[110.17549224649906,-7.567842262158914],[110.17550509818957,-7.5678067574767365],[110.1755162654715,-7.567783322644571],[110.17552376021769,-7.567765929142937],[110.17549464437528,-7.56775139330907],[110.1754646844168,-7.567738412491825],[110.17543134771186,-7.567724161723534],[110.17547603581117,-7.567615660372608],[110.17550839448185,-7.567627521452611],[110.175543276735,-7.56764458626989],[110.17553677237989,-7.5676583392930175],[110.17556628545793,-7.567670370457468],[110.17563222775743,-7.567694858302955],[110.17566387390994,-7.56770962412843]]]}},{"type":"Feature","properties":{"FID_Fisnet":0,"FID_PL":0,"NAMOBJ":"Kerban","FCODE":"BA03070040","METADATA":"TASWIL1000020230928_DATA_BATAS_DESAKELURAHAN","SRS_ID":"SRGI 2013","KDCPUM":"33.08.11","KDEPUM":"33.08.11.2002","KDPKAB":"33.08","KDPPUM":"33","WADMKC":"Tempuran","WADMKD":"Sumberarum","WADMKK":"Magelang","WADMPR":"Jawa Tengah","DUSUN":"Kerban","Toponimi":"Dusun Kerban","Shape_Leng":3646.39056914,"Shape_Le_1":0,"KETERANGAN":"2","KET_DETAIL":"Rumah","PL":"2","Shape_Le_2":48.3270938759,"Shape_Area":128.597863143},"geometry":{"type":"Polygon","coordinates":[[[110.17567544288246,-7.567877036830022],[110.17566823988656,-7.5678892445818535],[110.17568904897576,-7.567902488473666],[110.17567648196477,-7.567922692564928],[110.17565176755771,-7.567964085616676],[110.17563081519774,-7.567951824624803],[110.17561910150745,-7.567967535048021],[110.17559336989558,-7.5679517538145475],[110.17555905796904,-7.5679331470296205],[110.17554252427308,-7.567923364532724],[110.17554394818588,-7.567921500373138],[110.1755650572328,-7.567886099944438],[110.17557552219372,-7.567870693780795],[110.17557719363383,-7.567871654788915],[110.17559224224388,-7.567878284162435],[110.17561236866972,-7.56784243144012],[110.17561272337588,-7.567841799877385],[110.17561400476552,-7.567842434533981],[110.17564802543421,-7.567859285162268],[110.17567544288246,-7.567877036830022]]]}},{"type":"Feature","properties":{"FID_Fisnet":0,"FID_PL":0,"NAMOBJ":"Kerban","FCODE":"BA03070040","METADATA":"TASWIL1000020230928_DATA_BATAS_DESAKELURAHAN","SRS_ID":"SRGI 2013","KDCPUM":"33.08.11","KDEPUM":"33.08.11.2002","KDPKAB":"33.08","KDPPUM":"33","WADMKC":"Tempuran","WADMKD":"Sumberarum","WADMKK":"Magelang","WADMPR":"Jawa Tengah","DUSUN":"Kerban","Toponimi":"Dusun Kerban","Shape_Leng":3646.39056914,"Shape_Le_1":0,"KETERANGAN":"2","KET_DETAIL":"Rumah","PL":"2","Shape_Le_2":63.2744204368,"Shape_Area":212.673155557},"geometry":{"type":"Polygon","coordinates":[[[110.17587152053724,-7.56782349222408],[110.17586350711612,-7.5678429062717045],[110.1758509697581,-7.567873277716928],[110.17583492120147,-7.567868638132786],[110.17582034014838,-7.567902192206241],[110.17580319668197,-7.567895136486182],[110.17578794658095,-7.567933517422668],[110.1756988671693,-7.567898791422791],[110.17572036948364,-7.567843399944748],[110.1757207090312,-7.567842636298763],[110.17573627446362,-7.5678076531984955],[110.17575550966605,-7.567755670044816],[110.1758458486796,-7.56779008184293],[110.17583679107717,-7.567810915763091],[110.17587152053724,-7.56782349222408]]]}},{"type":"Feature","properties":{"FID_Fisnet":0,"FID_PL":0,"NAMOBJ":"Kerban","FCODE":"BA03070040","METADATA":"TASWIL1000020230928_DATA_BATAS_DESAKELURAHAN","SRS_ID":"SRGI 2013","KDCPUM":"33.08.11","KDEPUM":"33.08.11.2002","KDPKAB":"33.08","KDPPUM":"33","WADMKC":"Tempuran","WADMKD":"Sumberarum","WADMKK":"Magelang","WADMPR":"Jawa Tengah","DUSUN":"Kerban","Toponimi":"Dusun Kerban","Shape_Leng":3646.39056914,"Shape_Le_1":0,"KETERANGAN":"2","KET_DETAIL":"Rumah","PL":"2","Shape_Le_2":48.1794367756,"Shape_Area":126.988970086},"geometry":{"type":"Polygon","coordinates":[[[110.17589420715682,-7.568039004635851],[110.17589183489645,-7.568053400422882],[110.17585459855721,-7.568047339639259],[110.17581743684158,-7.56804112342259],[110.17582859084274,-7.567959275245265],[110.17583521125943,-7.567900623908216],[110.17585795438707,-7.5679016048524],[110.17588038194326,-7.567906476284112],[110.17587902927055,-7.567923812663432],[110.17590937277897,-7.5679295773109985],[110.17590088580512,-7.567996944336421],[110.17589728000654,-7.568020353676842],[110.17589709378886,-7.568021519203211],[110.17589669480644,-7.568023510120233],[110.17589420715682,-7.568039004635851]]]}},{"type":"Feature","properties":{"FID_Fisnet":0,"FID_PL":0,"NAMOBJ":"Kerban","FCODE":"BA03070040","METADATA":"TASWIL1000020230928_DATA_BATAS_DESAKELURAHAN","SRS_ID":"SRGI 2013","KDCPUM":"33.08.11","KDEPUM":"33.08.11.2002","KDPKAB":"33.08","KDPPUM":"33","WADMKC":"Tempuran","WADMKD":"Sumberarum","WADMKK":"Magelang","WADMPR":"Jawa Tengah","DUSUN":"Kerban","Toponimi":"Dusun Kerban","Shape_Leng":3646.39056914,"Shape_Le_1":0,"KETERANGAN":"2","KET_DETAIL":"Rumah","PL":"2","Shape_Le_2":56.4747523749,"Shape_Area":161.966914738},"geometry":{"type":"Polygon","coordinates":[[[110.17604524388396,-7.568014418659827],[110.1760468718765,-7.5680115282960365],[110.17604056757287,-7.568009191859525],[110.1759928459472,-7.567995348093347],[110.17599574293745,-7.56798816112126],[110.17598357243335,-7.56798380926181],[110.17599826643597,-7.567937067130526],[110.17600459877073,-7.567938483761405],[110.17600611620033,-7.567934149634103],[110.17601017155884,-7.5679212566597736],[110.17601109732892,-7.567921572265147],[110.17601667868571,-7.5679227514063845],[110.17601858222137,-7.567917001588563],[110.17602927574508,-7.567920135934762],[110.17604251705737,-7.567886118034278],[110.17604867015713,-7.567870218000617],[110.17612211987863,-7.5678921476175445],[110.17611759054441,-7.5679073850217495],[110.17611989608325,-7.567908080403843],[110.17608627685561,-7.568016390199595],[110.17608038171988,-7.568015291869535],[110.17607467019478,-7.568033980354322],[110.1760406332859,-7.568023757776215],[110.17604524388396,-7.568014418659827]]]}},{"type":"Feature","properties":{"FID_Fisnet":0,"FID_PL":0,"NAMOBJ":"Kerban","FCODE":"BA03070040","METADATA":"TASWIL1000020230928_DATA_BATAS_DESAKELURAHAN","SRS_ID":"SRGI 2013","KDCPUM":"33.08.11","KDEPUM":"33.08.11.2002","KDPKAB":"33.08","KDPPUM":"33","WADMKC":"Tempuran","WADMKD":"Sumberarum","WADMKK":"Magelang","WADMPR":"Jawa Tengah","DUSUN":"Kerban","Toponimi":"Dusun Kerban","Shape_Leng":3646.39056914,"Shape_Le_1":0,"KETERANGAN":"2","KET_DETAIL":"Rumah","PL":"2","Shape_Le_2":50.8801655774,"Shape_Area":149.087366158},"geometry":{"type":"Polygon","coordinates":[[[110.17623225269548,-7.5680019863055845],[110.17622035443222,-7.568040454093335],[110.17619221506146,-7.568031972042272],[110.17618647010559,-7.568047740794944],[110.1761637661716,-7.5680385210062004],[110.17614238286531,-7.568030754502734],[110.17614748225401,-7.568014609170359],[110.17612145778682,-7.56800458715949],[110.17613617221214,-7.567965703208257],[110.17614664403096,-7.567936645681283],[110.1761513175583,-7.567922325694887],[110.17615811243735,-7.567902110679646],[110.17625490466618,-7.567934461519524],[110.17624414135793,-7.567968576367669],[110.17623225269548,-7.5680019863055845]]]}},{"type":"Feature","properties":{"FID_Fisnet":0,"FID_PL":0,"NAMOBJ":"Kerban","FCODE":"BA03070040","METADATA":"TASWIL1000020230928_DATA_BATAS_DESAKELURAHAN","SRS_ID":"SRGI 2013","KDCPUM":"33.08.11","KDEPUM":"33.08.11.2002","KDPKAB":"33.08","KDPPUM":"33","WADMKC":"Tempuran","WADMKD":"Sumberarum","WADMKK":"Magelang","WADMPR":"Jawa Tengah","DUSUN":"Kerban","Toponimi":"Dusun Kerban","Shape_Leng":3646.39056914,"Shape_Le_1":0,"KETERANGAN":"2","KET_DETAIL":"Rumah","PL":"2","Shape_Le_2":56.7166300098,"Shape_Area":181.443740945},"geometry":{"type":"Polygon","coordinates":[[[110.17610856233675,-7.567552166663887],[110.17609101655066,-7.567586115833398],[110.17608763514532,-7.56759446234281],[110.1760943549084,-7.567597584654414],[110.17609750394855,-7.567598958183759],[110.17607439671937,-7.567655143503708],[110.1760577127578,-7.567694440698252],[110.17605208620795,-7.567691762744242],[110.1760506044343,-7.567695936845806],[110.17596338852408,-7.567651730921408],[110.17598989904937,-7.567599073193265],[110.17599702429197,-7.567584365296824],[110.17602842115676,-7.567512233334323],[110.17610856233675,-7.567552166663887]]]}},{"type":"Feature","properties":{"FID_Fisnet":0,"FID_PL":0,"NAMOBJ":"Kerban","FCODE":"BA03070040","METADATA":"TASWIL1000020230928_DATA_BATAS_DESAKELURAHAN","SRS_ID":"SRGI 2013","KDCPUM":"33.08.11","KDEPUM":"33.08.11.2002","KDPKAB":"33.08","KDPPUM":"33","WADMKC":"Tempuran","WADMKD":"Sumberarum","WADMKK":"Magelang","WADMPR":"Jawa Tengah","DUSUN":"Kerban","Toponimi":"Dusun Kerban","Shape_Leng":3646.39056914,"Shape_Le_1":0,"KETERANGAN":"2","KET_DETAIL":"Rumah","PL":"2","Shape_Le_2":42.4247589834,"Shape_Area":108.830514217},"geometry":{"type":"Polygon","coordinates":[[[110.1760577127578,-7.567694440698252],[110.17607439671937,-7.567655143503708],[110.17609750394855,-7.567598958183759],[110.17609985519461,-7.567593240868252],[110.176121096811,-7.567601147298683],[110.17615584334357,-7.567614277312034],[110.17616357455357,-7.567620332058686],[110.1761440406367,-7.567676905827338],[110.17612792574756,-7.567711993732498],[110.17611760871979,-7.567733045069483],[110.17611014740872,-7.5677333122630746],[110.1760862350884,-7.567722731655088],[110.17605402664425,-7.56770764008661],[110.1760577127578,-7.567694440698252]]]}},{"type":"Feature","properties":{"FID_Fisnet":0,"FID_PL":0,"NAMOBJ":"Kerban","FCODE":"BA03070040","METADATA":"TASWIL1000020230928_DATA_BATAS_DESAKELURAHAN","SRS_ID":"SRGI 2013","KDCPUM":"33.08.11","KDEPUM":"33.08.11.2002","KDPKAB":"33.08","KDPPUM":"33","WADMKC":"Tempuran","WADMKD":"Sumberarum","WADMKK":"Magelang","WADMPR":"Jawa Tengah","DUSUN":"Kerban","Toponimi":"Dusun Kerban","Shape_Leng":3646.39056914,"Shape_Le_1":0,"KETERANGAN":"2","KET_DETAIL":"Rumah","PL":"2","Shape_Le_2":44.0686141534,"Shape_Area":119.924335112},"geometry":{"type":"Polygon","coordinates":[[[110.17626756602479,-7.567762783827632],[110.17624205637448,-7.567814402406146],[110.17615536606044,-7.567773107230521],[110.17618538449894,-7.5677185114797725],[110.17620503218477,-7.567680796393308],[110.17628985821138,-7.567722439879211],[110.17626756602479,-7.567762783827632]]]}},{"type":"Feature","properties":{"FID_Fisnet":0,"FID_PL":0,"NAMOBJ":"Kerban","FCODE":"BA03070040","METADATA":"TASWIL1000020230928_DATA_BATAS_DESAKELURAHAN","SRS_ID":"SRGI 2013","KDCPUM":"33.08.11","KDEPUM":"33.08.11.2002","KDPKAB":"33.08","KDPPUM":"33","WADMKC":"Tempuran","WADMKD":"Sumberarum","WADMKK":"Magelang","WADMPR":"Jawa Tengah","DUSUN":"Kerban","Toponimi":"Dusun Kerban","Shape_Leng":3646.39056914,"Shape_Le_1":0,"KETERANGAN":"2","KET_DETAIL":"Rumah","PL":"2","Shape_Le_2":51.2172546494,"Shape_Area":163.108890889},"geometry":{"type":"Polygon","coordinates":[[[110.17622595819877,-7.568360813540343],[110.17622475561353,-7.568367848144899],[110.17622303422195,-7.568377921736117],[110.17620504928261,-7.568483247345345],[110.17609839694161,-7.568464196357276],[110.17612041094027,-7.568342177997611],[110.17622595819877,-7.568360813540343]]]}},{"type":"Feature","properties":{"FID_Fisnet":0,"FID_PL":0,"NAMOBJ":"Kerban","FCODE":"BA03070040","METADATA":"TASWIL1000020230928_DATA_BATAS_DESAKELURAHAN","SRS_ID":"SRGI 2013","KDCPUM":"33.08.11","KDEPUM":"33.08.11.2002","KDPKAB":"33.08","KDPPUM":"33","WADMKC":"Tempuran","WADMKD":"Sumberarum","WADMKK":"Magelang","WADMPR":"Jawa Tengah","DUSUN":"Kerban","Toponimi":"Dusun Kerban","Shape_Leng":3646.39056914,"Shape_Le_1":0,"KETERANGAN":"2","KET_DETAIL":"Rumah","PL":"2","Shape_Le_2":56.2604966841,"Shape_Area":160.363741727},"geometry":{"type":"Polygon","coordinates":[[[110.17622475561353,-7.568367848144899],[110.17622595819877,-7.568360813540343],[110.17612041094027,-7.568342177997611],[110.17612750321007,-7.568305210713888],[110.17613092151639,-7.56828124656843],[110.17613449416,-7.568256198239576],[110.17628238496414,-7.5682897699222735],[110.1762795266871,-7.568312381117054],[110.17629191133754,-7.568314230669816],[110.17628892189704,-7.568331923943133],[110.17627625614595,-7.568329653274514],[110.17626885028218,-7.56837473046774],[110.17622475561353,-7.568367848144899]]]}},{"type":"Feature","properties":{"FID_Fisnet":0,"FID_PL":0,"NAMOBJ":"Kerban","FCODE":"BA03070040","METADATA":"TASWIL1000020230928_DATA_BATAS_DESAKELURAHAN","SRS_ID":"SRGI 2013","KDCPUM":"33.08.11","KDEPUM":"33.08.11.2002","KDPKAB":"33.08","KDPPUM":"33","WADMKC":"Tempuran","WADMKD":"Sumberarum","WADMKK":"Magelang","WADMPR":"Jawa Tengah","DUSUN":"Kerban","Toponimi":"Dusun Kerban","Shape_Leng":3646.39056914,"Shape_Le_1":0,"KETERANGAN":"2","KET_DETAIL":"Rumah","PL":"2","Shape_Le_2":54.7680125617,"Shape_Area":169.978292518},"geometry":{"type":"Polygon","coordinates":[[[110.17635389750848,-7.568402098918549],[110.17634810257624,-7.568441815573638],[110.17634076194093,-7.5684854800893495],[110.1763121718515,-7.5684823535392125],[110.17631060233397,-7.568498373488645],[110.17625650851346,-7.568489271666595],[110.17625318621286,-7.568501337521996],[110.17622900098696,-7.568496024110139],[110.17620393229035,-7.568492464628743],[110.17620504928261,-7.568483247345345],[110.17622303422195,-7.568377921736117],[110.17635389750848,-7.568402098918549]]]}},{"type":"Feature","properties":{"FID_Fisnet":0,"FID_PL":0,"NAMOBJ":"Kerban","FCODE":"BA03070040","METADATA":"TASWIL1000020230928_DATA_BATAS_DESAKELURAHAN","SRS_ID":"SRGI 2013","KDCPUM":"33.08.11","KDEPUM":"33.08.11.2002","KDPKAB":"33.08","KDPPUM":"33","WADMKC":"Tempuran","WADMKD":"Sumberarum","WADMKK":"Magelang","WADMPR":"Jawa Tengah","DUSUN":"Kerban","Toponimi":"Dusun Kerban","Shape_Leng":3646.39056914,"Shape_Le_1":0,"KETERANGAN":"2","KET_DETAIL":"Rumah","PL":"2","Shape_Le_2":51.5000594415,"Shape_Area":159.134186342},"geometry":{"type":"Polygon","coordinates":[[[110.17629700079566,-7.568131361976592],[110.17634867317115,-7.568141116773196],[110.17633164361071,-7.568238822120358],[110.17627701495526,-7.5682311917917895],[110.17622402115167,-7.568222311837101],[110.17622645872807,-7.568212659279179],[110.17619853534883,-7.568206899224661],[110.17621473339216,-7.568132303662003],[110.17624024883904,-7.568132571666972],[110.17624268724857,-7.568122479531706],[110.17629700079566,-7.568131361976592]]]}},{"type":"Feature","properties":{"FID_Fisnet":0,"FID_PL":0,"NAMOBJ":"Kerban","FCODE":"BA03070040","METADATA":"TASWIL1000020230928_DATA_BATAS_DESAKELURAHAN","SRS_ID":"SRGI 2013","KDCPUM":"33.08.11","KDEPUM":"33.08.11.2002","KDPKAB":"33.08","KDPPUM":"33","WADMKC":"Tempuran","WADMKD":"Sumberarum","WADMKK":"Magelang","WADMPR":"Jawa Tengah","DUSUN":"Kerban","Toponimi":"Dusun Kerban","Shape_Leng":3646.39056914,"Shape_Le_1":0,"KETERANGAN":"2","KET_DETAIL":"Rumah","PL":"2","Shape_Le_2":50.8871519643,"Shape_Area":139.809397188},"geometry":{"type":"Polygon","coordinates":[[[110.17652166828893,-7.568491993159948],[110.17652220766415,-7.568488144699317],[110.17650905830023,-7.568487082417009],[110.17650485866261,-7.568486684651281],[110.17649408723607,-7.568484947594012],[110.1765079172719,-7.568395264385491],[110.17652738529945,-7.568397308209546],[110.17653097862225,-7.568376160044936],[110.17653757225966,-7.568376971158933],[110.17660782235495,-7.568390325589073],[110.1765896509361,-7.568471201791911],[110.17658428718343,-7.568496264833231],[110.17659004993106,-7.568497393659624],[110.17658592137278,-7.568515908768281],[110.17658520463668,-7.56851912194696],[110.176520036922,-7.568507651200926],[110.17652166828893,-7.568491993159948]]]}},{"type":"Feature","properties":{"FID_Fisnet":0,"FID_PL":0,"NAMOBJ":"Kerban","FCODE":"BA03070040","METADATA":"TASWIL1000020230928_DATA_BATAS_DESAKELURAHAN","SRS_ID":"SRGI 2013","KDCPUM":"33.08.11","KDEPUM":"33.08.11.2002","KDPKAB":"33.08","KDPPUM":"33","WADMKC":"Tempuran","WADMKD":"Sumberarum","WADMKK":"Magelang","WADMPR":"Jawa Tengah","DUSUN":"Kerban","Toponimi":"Dusun Kerban","Shape_Leng":3646.39056914,"Shape_Le_1":0,"KETERANGAN":"2","KET_DETAIL":"Rumah","PL":"2","Shape_Le_2":51.7898247896,"Shape_Area":163.654348839},"geometry":{"type":"Polygon","coordinates":[[[110.17672066619988,-7.568404771664936],[110.17669442166982,-7.568519348136056],[110.17663839179164,-7.56850350882772],[110.17663603830506,-7.5685084962241085],[110.17660755250044,-7.568501997977317],[110.17659004993106,-7.568497393659624],[110.17658428718343,-7.568496264833231],[110.1765896509361,-7.568471201791911],[110.17660782235495,-7.568390325589073],[110.1766108499393,-7.568377843110915],[110.17672066619988,-7.568404771664936]]]}},{"type":"Feature","properties":{"FID_Fisnet":0,"FID_PL":0,"NAMOBJ":"Kerban","FCODE":"BA03070040","METADATA":"TASWIL1000020230928_DATA_BATAS_DESAKELURAHAN","SRS_ID":"SRGI 2013","KDCPUM":"33.08.11","KDEPUM":"33.08.11.2002","KDPKAB":"33.08","KDPPUM":"33","WADMKC":"Tempuran","WADMKD":"Sumberarum","WADMKK":"Magelang","WADMPR":"Jawa Tengah","DUSUN":"Kerban","Toponimi":"Dusun Kerban","Shape_Leng":3646.39056914,"Shape_Le_1":0,"KETERANGAN":"2","KET_DETAIL":"Rumah","PL":"2","Shape_Le_2":43.3937672102,"Shape_Area":107.089075408},"geometry":{"type":"Polygon","coordinates":[[[110.17656064741378,-7.568646341741836],[110.17657435551541,-7.568581750467646],[110.17657818966714,-7.568555972709244],[110.1766802315217,-7.568580035661671],[110.176678130059,-7.5685893044523675],[110.17667376942477,-7.568608792347464],[110.17666247386042,-7.568653042742333],[110.17663413751437,-7.568645637582116],[110.17663106371761,-7.568660022100608],[110.1765846393762,-7.568648420340341],[110.17658350872733,-7.568653372962379],[110.17656064741378,-7.568646341741836]]]}},{"type":"Feature","properties":{"FID_Fisnet":0,"FID_PL":0,"NAMOBJ":"Kerban","FCODE":"BA03070040","METADATA":"TASWIL1000020230928_DATA_BATAS_DESAKELURAHAN","SRS_ID":"SRGI 2013","KDCPUM":"33.08.11","KDEPUM":"33.08.11.2002","KDPKAB":"33.08","KDPPUM":"33","WADMKC":"Tempuran","WADMKD":"Sumberarum","WADMKK":"Magelang","WADMPR":"Jawa Tengah","DUSUN":"Kerban","Toponimi":"Dusun Kerban","Shape_Leng":3646.39056914,"Shape_Le_1":0,"KETERANGAN":"2","KET_DETAIL":"Rumah","PL":"2","Shape_Le_2":36.7818032742,"Shape_Area":59.8680158019},"geometry":{"type":"Polygon","coordinates":[[[110.176678130059,-7.5685893044523675],[110.1766802315217,-7.568580035661671],[110.17657818966714,-7.568555972709244],[110.17657889751283,-7.5685512345554775],[110.17658520463668,-7.56851912194696],[110.17658592137278,-7.568515908768281],[110.1766172331753,-7.568522538077609],[110.176700164983,-7.568541714185561],[110.17668725715579,-7.568591556668512],[110.176678130059,-7.5685893044523675]]]}},{"type":"Feature","properties":{"FID_Fisnet":0,"FID_PL":0,"NAMOBJ":"Kerban","FCODE":"BA03070040","METADATA":"TASWIL1000020230928_DATA_BATAS_DESAKELURAHAN","SRS_ID":"SRGI 2013","KDCPUM":"33.08.11","KDEPUM":"33.08.11.2002","KDPKAB":"33.08","KDPPUM":"33","WADMKC":"Tempuran","WADMKD":"Sumberarum","WADMKK":"Magelang","WADMPR":"Jawa Tengah","DUSUN":"Kerban","Toponimi":"Dusun Kerban","Shape_Leng":3646.39056914,"Shape_Le_1":0,"KETERANGAN":"2","KET_DETAIL":"Rumah","PL":"2","Shape_Le_2":60.4078798933,"Shape_Area":193.647447051},"geometry":{"type":"Polygon","coordinates":[[[110.1768247145798,-7.568489206282261],[110.17684568983493,-7.568496119962196],[110.17685312855438,-7.568499169454039],[110.17682715979826,-7.5686002615188634],[110.17680614747673,-7.5685947280086765],[110.17680690695617,-7.568590483799543],[110.17679665098957,-7.568587467879287],[110.1767956422446,-7.568591710713182],[110.17670742472914,-7.5685674378265775],[110.17673320221661,-7.568466842875921],[110.1767346298373,-7.568466845572102],[110.17674427058179,-7.568426242542021],[110.17680783118305,-7.568440587379583],[110.17680038463983,-7.568482288075254],[110.1768247145798,-7.568489206282261]]]}},{"type":"Feature","properties":{"FID_Fisnet":0,"FID_PL":0,"NAMOBJ":"Kerban","FCODE":"BA03070040","METADATA":"TASWIL1000020230928_DATA_BATAS_DESAKELURAHAN","SRS_ID":"SRGI 2013","KDCPUM":"33.08.11","KDEPUM":"33.08.11.2002","KDPKAB":"33.08","KDPPUM":"33","WADMKC":"Tempuran","WADMKD":"Sumberarum","WADMKK":"Magelang","WADMPR":"Jawa Tengah","DUSUN":"Kerban","Toponimi":"Dusun Kerban","Shape_Leng":3646.39056914,"Shape_Le_1":0,"KETERANGAN":"1","KET_DETAIL":"Gudang","PL":"2","Shape_Le_2":59.9969029706,"Shape_Area":209.339390628},"geometry":{"type":"Polygon","coordinates":[[[110.17704759154584,-7.568796795889933],[110.1770454669439,-7.568804886097889],[110.1770094556198,-7.568795683734225],[110.17698062246599,-7.568788313836334],[110.17697149099381,-7.568785975691597],[110.17694800436439,-7.568779828798257],[110.17691995272362,-7.56877093631824],[110.17687840226792,-7.568759315751255],[110.17688168297624,-7.568751011556048],[110.17691173648913,-7.568662144053871],[110.17700308771649,-7.5686901619518165],[110.17707025996968,-7.5687047813017845],[110.17706381642714,-7.568730934928432],[110.17704759154584,-7.568796795889933]]]}},{"type":"Feature","properties":{"FID_Fisnet":0,"FID_PL":0,"NAMOBJ":"Kerban","FCODE":"BA03070040","METADATA":"TASWIL1000020230928_DATA_BATAS_DESAKELURAHAN","SRS_ID":"SRGI 2013","KDCPUM":"33.08.11","KDEPUM":"33.08.11.2002","KDPKAB":"33.08","KDPPUM":"33","WADMKC":"Tempuran","WADMKD":"Sumberarum","WADMKK":"Magelang","WADMPR":"Jawa Tengah","DUSUN":"Kerban","Toponimi":"Dusun Kerban","Shape_Leng":3646.39056914,"Shape_Le_1":0,"KETERANGAN":"2","KET_DETAIL":"Rumah","PL":"2","Shape_Le_2":56.6652674596,"Shape_Area":167.245610511},"geometry":{"type":"Polygon","coordinates":[[[110.17717701208048,-7.568720040657675],[110.17717151701198,-7.568758923058792],[110.17716149547068,-7.568757995135978],[110.17715780763673,-7.568780718739504],[110.17713940794448,-7.568777410681902],[110.17713609586849,-7.5687941346535235],[110.17708818295343,-7.568785497743004],[110.17709702465481,-7.568736051872223],[110.17707091942432,-7.56873225622061],[110.17706381642714,-7.568730934928432],[110.17707025996968,-7.5687047813017845],[110.1770844222491,-7.568633907417235],[110.17708918761438,-7.568635201683831],[110.1771862558154,-7.568650728570931],[110.17717701208048,-7.568720040657675]]]}},{"type":"Feature","properties":{"FID_Fisnet":0,"FID_PL":0,"NAMOBJ":"Kerban","FCODE":"BA03070040","METADATA":"TASWIL1000020230928_DATA_BATAS_DESAKELURAHAN","SRS_ID":"SRGI 2013","KDCPUM":"33.08.11","KDEPUM":"33.08.11.2002","KDPKAB":"33.08","KDPPUM":"33","WADMKC":"Tempuran","WADMKD":"Sumberarum","WADMKK":"Magelang","WADMPR":"Jawa Tengah","DUSUN":"Kerban","Toponimi":"Dusun Kerban","Shape_Leng":3646.39056914,"Shape_Le_1":0,"KETERANGAN":"2","KET_DETAIL":"Rumah","PL":"2","Shape_Le_2":55.1498686487,"Shape_Area":165.470310881},"geometry":{"type":"Polygon","coordinates":[[[110.17729439708825,-7.569021013716762],[110.17729370988805,-7.569023949276433],[110.17724637915168,-7.569014208200847],[110.17719380836301,-7.569002066680088],[110.17718791647776,-7.569000678934892],[110.1771885649564,-7.56899856547751],[110.17719267280054,-7.568980448294777],[110.17715980965636,-7.568974026838557],[110.1771684498578,-7.56893476416117],[110.17718169253025,-7.568886138821814],[110.17725470728429,-7.568903830851069],[110.1772501209024,-7.568920007015256],[110.17731078102177,-7.56893339570208],[110.17729439708825,-7.569021013716762]]]}},{"type":"Feature","properties":{"FID_Fisnet":0,"FID_PL":0,"NAMOBJ":"Kerban","FCODE":"BA03070040","METADATA":"TASWIL1000020230928_DATA_BATAS_DESAKELURAHAN","SRS_ID":"SRGI 2013","KDCPUM":"33.08.11","KDEPUM":"33.08.11.2002","KDPKAB":"33.08","KDPPUM":"33","WADMKC":"Tempuran","WADMKD":"Sumberarum","WADMKK":"Magelang","WADMPR":"Jawa Tengah","DUSUN":"Kerban","Toponimi":"Dusun Kerban","Shape_Leng":3646.39056914,"Shape_Le_1":0,"KETERANGAN":"2","KET_DETAIL":"Rumah","PL":"2","Shape_Le_2":77.0804969238,"Shape_Area":279.748172767},"geometry":{"type":"Polygon","coordinates":[[[110.1775032209538,-7.5689361231846775],[110.17750043754465,-7.568962304529449],[110.17750589731389,-7.56896595175856],[110.17750569444544,-7.568976862156305],[110.17750860766513,-7.568978322062309],[110.17752900790651,-7.5689839981993305],[110.1775306403966,-7.568987820007636],[110.17754812397551,-7.5689938533381875],[110.17754205250029,-7.569024574411787],[110.17752584185169,-7.569019816090601],[110.17752213301185,-7.569053632240773],[110.17752045296902,-7.569074903419426],[110.17751238881097,-7.569127330137182],[110.17750796116894,-7.569126708542792],[110.17747206672081,-7.569123731087304],[110.17747443598431,-7.56909463290795],[110.1774576392997,-7.569091084581136],[110.1773681426099,-7.569079750745084],[110.17737494353776,-7.569021895653221],[110.17737993553267,-7.5689844440958405],[110.1773860342464,-7.568939357171116],[110.17746747920147,-7.568948240033684],[110.17746841842131,-7.568933329592013],[110.1775032209538,-7.5689361231846775]]]}},{"type":"Feature","properties":{"FID_Fisnet":0,"FID_PL":0,"NAMOBJ":"Kerban","FCODE":"BA03070040","METADATA":"TASWIL1000020230928_DATA_BATAS_DESAKELURAHAN","SRS_ID":"SRGI 2013","KDCPUM":"33.08.11","KDEPUM":"33.08.11.2002","KDPKAB":"33.08","KDPPUM":"33","WADMKC":"Tempuran","WADMKD":"Sumberarum","WADMKK":"Magelang","WADMPR":"Jawa Tengah","DUSUN":"Kerban","Toponimi":"Dusun Kerban","Shape_Leng":3646.39056914,"Shape_Le_1":0,"KETERANGAN":"2","KET_DETAIL":"Rumah","PL":"2","Shape_Le_2":62.6718631444,"Shape_Area":226.18907006},"geometry":{"type":"Polygon","coordinates":[[[110.1777260611111,-7.568956365361997],[110.17772101092284,-7.569024548443225],[110.177718588338,-7.569053093885945],[110.17769526212112,-7.569052686278938],[110.1776943235989,-7.56906723221639],[110.17769267125075,-7.569073412146441],[110.17768046236382,-7.569073025511568],[110.1776644290808,-7.569070812745554],[110.17766005625803,-7.569070440893527],[110.1776584099845,-7.56907389291351],[110.17765730352257,-7.56908043747548],[110.17765110774738,-7.569080607587518],[110.1776285092636,-7.56908074675312],[110.17761757675339,-7.569079817121212],[110.17756910584615,-7.569077179548025],[110.17756246906097,-7.5690771272283275],[110.17756575321772,-7.569019164193099],[110.1775689423575,-7.568971162051698],[110.17759171992671,-7.568972659436583],[110.17759286131799,-7.568947203101591],[110.17762857687946,-7.568948907600336],[110.1777260611111,-7.568956365361997]]]}},{"type":"Feature","properties":{"FID_Fisnet":0,"FID_PL":0,"NAMOBJ":"Kerban","FCODE":"BA03070040","METADATA":"TASWIL1000020230928_DATA_BATAS_DESAKELURAHAN","SRS_ID":"SRGI 2013","KDCPUM":"33.08.11","KDEPUM":"33.08.11.2002","KDPKAB":"33.08","KDPPUM":"33","WADMKC":"Tempuran","WADMKD":"Sumberarum","WADMKK":"Magelang","WADMPR":"Jawa Tengah","DUSUN":"Kerban","Toponimi":"Dusun Kerban","Shape_Leng":3646.39056914,"Shape_Le_1":0,"KETERANGAN":"2","KET_DETAIL":"Gudang","PL":"2","Shape_Le_2":53.1891553178,"Shape_Area":145.404771938},"geometry":{"type":"Polygon","coordinates":[[[110.1773608797506,-7.569423388168281],[110.17741880649974,-7.5694365907920185],[110.17742264860374,-7.569428596985158],[110.17747874861219,-7.569444341369269],[110.17746351539031,-7.569501593539828],[110.17745805090038,-7.569522433372844],[110.17744835125859,-7.569520477664879],[110.17740372146511,-7.569511301572786],[110.17739787468365,-7.569519110699239],[110.17730736564943,-7.569491879544974],[110.17731836883617,-7.569449313630594],[110.17732162578328,-7.569435851119931],[110.17732459021657,-7.5694365947734195],[110.1773537303946,-7.569445560741219],[110.1773608797506,-7.569423388168281]]]}},{"type":"Feature","properties":{"FID_Fisnet":0,"FID_PL":0,"NAMOBJ":"Kerban","FCODE":"BA03070040","METADATA":"TASWIL1000020230928_DATA_BATAS_DESAKELURAHAN","SRS_ID":"SRGI 2013","KDCPUM":"33.08.11","KDEPUM":"33.08.11.2002","KDPKAB":"33.08","KDPPUM":"33","WADMKC":"Tempuran","WADMKD":"Sumberarum","WADMKK":"Magelang","WADMPR":"Jawa Tengah","DUSUN":"Kerban","Toponimi":"Dusun Kerban","Shape_Leng":3646.39056914,"Shape_Le_1":0,"KETERANGAN":"2","KET_DETAIL":"Rumah","PL":"2","Shape_Le_2":80.3163676935,"Shape_Area":251.564881186},"geometry":{"type":"Polygon","coordinates":[[[110.17759397186875,-7.568745717996811],[110.17758864470194,-7.568780202222018],[110.17759575802565,-7.568782772616677],[110.17758457909366,-7.568821962681122],[110.17756949408765,-7.568818240310324],[110.17756032184573,-7.568850330348865],[110.17758337241538,-7.568857477650675],[110.17757934610775,-7.568878496574965],[110.17759699250843,-7.568882791793684],[110.17759297212415,-7.568900684835364],[110.1775810127273,-7.568900662271189],[110.17757274764033,-7.568904624594079],[110.17756732640952,-7.568910297233346],[110.1775590212398,-7.568939717064155],[110.1775005140498,-7.5689219339717555],[110.17750913229236,-7.568893763824434],[110.17745595117306,-7.568877479555929],[110.17743390689863,-7.56887216301142],[110.1774487736054,-7.568817455362365],[110.17746031919435,-7.568783290398597],[110.17746472324772,-7.568767659290425],[110.17748438366911,-7.568774856277654],[110.17748530752023,-7.568771881366758],[110.17749117496511,-7.568753161496],[110.17750862799105,-7.568757136165753],[110.17751141436905,-7.568747562946373],[110.17755166494007,-7.568760185882905],[110.17755790641296,-7.568736375380721],[110.17759397186875,-7.568745717996811]]]}},{"type":"Feature","properties":{"FID_Fisnet":0,"FID_PL":0,"NAMOBJ":"Kerban","FCODE":"BA03070040","METADATA":"TASWIL1000020230928_DATA_BATAS_DESAKELURAHAN","SRS_ID":"SRGI 2013","KDCPUM":"33.08.11","KDEPUM":"33.08.11.2002","KDPKAB":"33.08","KDPPUM":"33","WADMKC":"Tempuran","WADMKD":"Sumberarum","WADMKK":"Magelang","WADMPR":"Jawa Tengah","DUSUN":"Kerban","Toponimi":"Dusun Kerban","Shape_Leng":3646.39056914,"Shape_Le_1":0,"KETERANGAN":"2","KET_DETAIL":"Rumah","PL":"2","Shape_Le_2":78.857804667,"Shape_Area":211.448854827},"geometry":{"type":"Polygon","coordinates":[[[110.17734245823995,-7.568844817948612],[110.17737418285955,-7.568743657110932],[110.17737744879138,-7.568734057663191],[110.17738610425513,-7.568709684609067],[110.17741397327374,-7.568717373752464],[110.17742552368715,-7.568680662678447],[110.17746067610862,-7.5686910943885914],[110.17744948732489,-7.568729260555136],[110.17746879543701,-7.568734389229505],[110.17747438653525,-7.568715130670023],[110.17749233767184,-7.568720285726259],[110.17749327437811,-7.568718658519522],[110.17749998491648,-7.568720445777612],[110.17749778323615,-7.568728079079283],[110.17751508633349,-7.568733203968402],[110.17751141436905,-7.568747562946373],[110.17750862799105,-7.568757136165753],[110.17749117496511,-7.568753161496],[110.17748530752023,-7.568771881366758],[110.17748438366911,-7.568774856277654],[110.17746472324772,-7.568767659290425],[110.17746031919435,-7.568783290398597],[110.1774487736054,-7.568817455362365],[110.17743390689863,-7.56887216301142],[110.17738054290307,-7.568856242895891],[110.17737521892761,-7.568876599095587],[110.17733624187048,-7.568865897858961],[110.17734245823995,-7.568844817948612]]]}},{"type":"Feature","properties":{"FID_Fisnet":0,"FID_PL":0,"NAMOBJ":"Kerban","FCODE":"BA03070040","METADATA":"TASWIL1000020230928_DATA_BATAS_DESAKELURAHAN","SRS_ID":"SRGI 2013","KDCPUM":"33.08.11","KDEPUM":"33.08.11.2002","KDPKAB":"33.08","KDPPUM":"33","WADMKC":"Tempuran","WADMKD":"Sumberarum","WADMKK":"Magelang","WADMPR":"Jawa Tengah","DUSUN":"Kerban","Toponimi":"Dusun Kerban","Shape_Leng":3646.39056914,"Shape_Le_1":0,"KETERANGAN":"2","KET_DETAIL":"Rumah","PL":"2","Shape_Le_2":47.9636007685,"Shape_Area":115.743279769},"geometry":{"type":"Polygon","coordinates":[[[110.17739924136232,-7.568651697659346],[110.17740787536182,-7.568655387963112],[110.17738610425513,-7.568709684609067],[110.17737744879138,-7.568734057663191],[110.17737418285785,-7.568743658015411],[110.17737316055829,-7.568746924888276],[110.17734632513653,-7.568736703331013],[110.17726624856397,-7.56870410658067],[110.1772606538644,-7.568701829386344],[110.17726088418127,-7.568701307029797],[110.17728878870979,-7.568638136325293],[110.17736163272136,-7.568665551204574],[110.17737278797294,-7.568638862868838],[110.17739924136232,-7.568651697659346]]]}},{"type":"Feature","properties":{"FID_Fisnet":0,"FID_PL":0,"NAMOBJ":"Kerban","FCODE":"BA03070040","METADATA":"TASWIL1000020230928_DATA_BATAS_DESAKELURAHAN","SRS_ID":"SRGI 2013","KDCPUM":"33.08.11","KDEPUM":"33.08.11.2002","KDPKAB":"33.08","KDPPUM":"33","WADMKC":"Tempuran","WADMKD":"Sumberarum","WADMKK":"Magelang","WADMPR":"Jawa Tengah","DUSUN":"Kerban","Toponimi":"Dusun Kerban","Shape_Leng":3646.39056914,"Shape_Le_1":0,"KETERANGAN":"2","KET_DETAIL":"Rumah","PL":"2","Shape_Le_2":72.4643180378,"Shape_Area":270.569488352},"geometry":{"type":"Polygon","coordinates":[[[110.17749283070691,-7.5685524272399185],[110.17748045370479,-7.5686225863543495],[110.17744060576915,-7.5686137024014695],[110.17744348606787,-7.56859666013766],[110.17739538436227,-7.568585771647653],[110.17739307706532,-7.568600826938286],[110.17734582258156,-7.5685939179586095],[110.17735590236666,-7.568533984219442],[110.17733518448533,-7.5685299608724215],[110.17734461240057,-7.568486842958535],[110.17735523677031,-7.568441349415816],[110.17735978104129,-7.568441647426134],[110.17750836830758,-7.568467500259434],[110.17749283070691,-7.5685524272399185]]]}},{"type":"Feature","properties":{"FID_Fisnet":0,"FID_PL":0,"NAMOBJ":"Kerban","FCODE":"BA03070040","METADATA":"TASWIL1000020230928_DATA_BATAS_DESAKELURAHAN","SRS_ID":"SRGI 2013","KDCPUM":"33.08.11","KDEPUM":"33.08.11.2002","KDPKAB":"33.08","KDPPUM":"33","WADMKC":"Tempuran","WADMKD":"Sumberarum","WADMKK":"Magelang","WADMPR":"Jawa Tengah","DUSUN":"Kerban","Toponimi":"Dusun Kerban","Shape_Leng":3646.39056914,"Shape_Le_1":0,"KETERANGAN":"2","KET_DETAIL":"Rumah","PL":"2","Shape_Le_2":42.6578618909,"Shape_Area":109.54696869},"geometry":{"type":"Polygon","coordinates":[[[110.17718424745708,-7.56850808779181],[110.17718186942119,-7.568560933156425],[110.1771004423412,-7.568555096581458],[110.17711061588687,-7.568445723981613],[110.17711122922535,-7.568439674147417],[110.17718924039457,-7.568451493757759],[110.17718424745708,-7.56850808779181]]]}},{"type":"Feature","properties":{"FID_Fisnet":0,"FID_PL":0,"NAMOBJ":"Kerban","FCODE":"BA03070040","METADATA":"TASWIL1000020230928_DATA_BATAS_DESAKELURAHAN","SRS_ID":"SRGI 2013","KDCPUM":"33.08.11","KDEPUM":"33.08.11.2002","KDPKAB":"33.08","KDPPUM":"33","WADMKC":"Tempuran","WADMKD":"Sumberarum","WADMKK":"Magelang","WADMPR":"Jawa Tengah","DUSUN":"Kerban","Toponimi":"Dusun Kerban","Shape_Leng":3646.39056914,"Shape_Le_1":0,"KETERANGAN":"2","KET_DETAIL":"Rumah","PL":"2","Shape_Le_2":40.7694957996,"Shape_Area":103.713827069},"geometry":{"type":"Polygon","coordinates":[[[110.17742609945873,-7.5683051024510135],[110.17741766207163,-7.568399988523273],[110.17732894042152,-7.568389663750735],[110.17733784712313,-7.56829442310596],[110.17742609945873,-7.5683051024510135]]]}},{"type":"Feature","properties":{"FID_Fisnet":0,"FID_PL":0,"NAMOBJ":"Kerban","FCODE":"BA03070040","METADATA":"TASWIL1000020230928_DATA_BATAS_DESAKELURAHAN","SRS_ID":"SRGI 2013","KDCPUM":"33.08.11","KDEPUM":"33.08.11.2002","KDPKAB":"33.08","KDPPUM":"33","WADMKC":"Tempuran","WADMKD":"Sumberarum","WADMKK":"Magelang","WADMPR":"Jawa Tengah","DUSUN":"Kerban","Toponimi":"Dusun Kerban","Shape_Leng":3646.39056914,"Shape_Le_1":0,"KETERANGAN":"2","KET_DETAIL":"Rumah","PL":"2","Shape_Le_2":53.2417689793,"Shape_Area":137.856443456},"geometry":{"type":"Polygon","coordinates":[[[110.17728432907508,-7.568286650279661],[110.17727769828893,-7.568329826835993],[110.17724382253546,-7.568324932056406],[110.17724152099062,-7.56833742947853],[110.17725518198156,-7.56834114917106],[110.1772502939046,-7.568365860374318],[110.1772349219751,-7.568363842403028],[110.17722861619508,-7.5683857090440405],[110.17714443650439,-7.568370691304045],[110.1771630638405,-7.56826681582543],[110.17728432907508,-7.568286650279661]]]}},{"type":"Feature","properties":{"FID_Fisnet":0,"FID_PL":0,"NAMOBJ":"Kerban","FCODE":"BA03070040","METADATA":"TASWIL1000020230928_DATA_BATAS_DESAKELURAHAN","SRS_ID":"SRGI 2013","KDCPUM":"33.08.11","KDEPUM":"33.08.11.2002","KDPKAB":"33.08","KDPPUM":"33","WADMKC":"Tempuran","WADMKD":"Sumberarum","WADMKK":"Magelang","WADMPR":"Jawa Tengah","DUSUN":"Kerban","Toponimi":"Dusun Kerban","Shape_Leng":3646.39056914,"Shape_Le_1":0,"KETERANGAN":"2","KET_DETAIL":"Rumah","PL":"2","Shape_Le_2":48.2844198622,"Shape_Area":123.189052139},"geometry":{"type":"Polygon","coordinates":[[[110.17707546281285,-7.568212379669673],[110.1770710049338,-7.568237274387833],[110.17709729935468,-7.5682426224865305],[110.17710160341628,-7.568243400326389],[110.17710043777365,-7.568249602880202],[110.17708031680797,-7.568356730769813],[110.17700288808145,-7.568344650846026],[110.17703253296544,-7.568204506505342],[110.17707546281285,-7.568212379669673]]]}},{"type":"Feature","properties":{"FID_Fisnet":0,"FID_PL":0,"NAMOBJ":"Kerban","FCODE":"BA03070040","METADATA":"TASWIL1000020230928_DATA_BATAS_DESAKELURAHAN","SRS_ID":"SRGI 2013","KDCPUM":"33.08.11","KDEPUM":"33.08.11.2002","KDPKAB":"33.08","KDPPUM":"33","WADMKC":"Tempuran","WADMKD":"Sumberarum","WADMKK":"Magelang","WADMPR":"Jawa Tengah","DUSUN":"Kerban","Toponimi":"Dusun Kerban","Shape_Leng":3646.39056914,"Shape_Le_1":0,"KETERANGAN":"2","KET_DETAIL":"Rumah","PL":"2","Shape_Le_2":75.0667111918,"Shape_Area":286.154588083},"geometry":{"type":"Polygon","coordinates":[[[110.17716408666512,-7.568256099630975],[110.17716171334872,-7.568258641271241],[110.1771407596762,-7.568256601907412],[110.17711834963504,-7.568253468082355],[110.17710043777365,-7.568249602880202],[110.17710160341628,-7.568243400326389],[110.17709729844997,-7.5682426215803416],[110.1770710049338,-7.568237274387833],[110.17707546280943,-7.568212381478649],[110.17711232218741,-7.568034323056095],[110.17711220606338,-7.568033420162736],[110.17711864257777,-7.568003792400172],[110.17721082078882,-7.568021059307492],[110.17719572774458,-7.568100495092031],[110.17717966507706,-7.568201310121883],[110.17717913052326,-7.568203574843159],[110.17717508154588,-7.568224115248533],[110.17717378124854,-7.568238234489353],[110.17717359333322,-7.568240297260683],[110.17716703090265,-7.568241193879454],[110.17716408666512,-7.568256099630975]]]}},{"type":"Feature","properties":{"FID_Fisnet":0,"FID_PL":0,"NAMOBJ":"Kerban","FCODE":"BA03070040","METADATA":"TASWIL1000020230928_DATA_BATAS_DESAKELURAHAN","SRS_ID":"SRGI 2013","KDCPUM":"33.08.11","KDEPUM":"33.08.11.2002","KDPKAB":"33.08","KDPPUM":"33","WADMKC":"Tempuran","WADMKD":"Sumberarum","WADMKK":"Magelang","WADMPR":"Jawa Tengah","DUSUN":"Kerban","Toponimi":"Dusun Kerban","Shape_Leng":3646.39056914,"Shape_Le_1":0,"KETERANGAN":"2","KET_DETAIL":"Rumah","PL":"2","Shape_Le_2":58.8727561461,"Shape_Area":155.50711641},"geometry":{"type":"Polygon","coordinates":[[[110.17731900429509,-7.568152375548964],[110.17730980101113,-7.568200366338177],[110.17728138291513,-7.568194493262058],[110.17726908306074,-7.568242113698985],[110.17721680290315,-7.5682301952417586],[110.17721604656127,-7.568244741521073],[110.17720220120648,-7.568242169268772],[110.17718525837726,-7.568239228471867],[110.17717378216011,-7.5682382317776105],[110.17717508154588,-7.568224115248533],[110.17717913052326,-7.568203574843159],[110.17717966507706,-7.568201310121883],[110.17719572774458,-7.568100495092031],[110.17720829399813,-7.568103612142193],[110.17724016989317,-7.568112947778527],[110.17723447774894,-7.568135303999338],[110.17731900429509,-7.568152375548964]]]}},{"type":"Feature","properties":{"FID_Fisnet":0,"FID_PL":0,"NAMOBJ":"Kerban","FCODE":"BA03070040","METADATA":"TASWIL1000020230928_DATA_BATAS_DESAKELURAHAN","SRS_ID":"SRGI 2013","KDCPUM":"33.08.11","KDEPUM":"33.08.11.2002","KDPKAB":"33.08","KDPPUM":"33","WADMKC":"Tempuran","WADMKD":"Sumberarum","WADMKK":"Magelang","WADMPR":"Jawa Tengah","DUSUN":"Kerban","Toponimi":"Dusun Kerban","Shape_Leng":3646.39056914,"Shape_Le_1":0,"KETERANGAN":"2","KET_DETAIL":"Rumah","PL":"2","Shape_Le_2":58.9924336514,"Shape_Area":172.649598024},"geometry":{"type":"Polygon","coordinates":[[[110.17665079884212,-7.568121304976256],[110.17665324782713,-7.568122357897454],[110.17666082762248,-7.5681231862479486],[110.1766691791231,-7.568124793911194],[110.1766682759206,-7.568127871970069],[110.17665998202028,-7.568177135254221],[110.17664326767704,-7.5682458425860935],[110.17663242011002,-7.568296193661154],[110.17663039233102,-7.568308191416184],[110.17662960845985,-7.568309524952552],[110.17662783336964,-7.568312551617855],[110.17659504604606,-7.568303942323907],[110.1765948586797,-7.568306669890728],[110.17655590582335,-7.568297108285766],[110.17656892693269,-7.568239155521647],[110.17657500782833,-7.568212095831627],[110.17659002634835,-7.568145249439628],[110.17659539147392,-7.568121370368192],[110.17660357249363,-7.568122538131937],[110.17660600571432,-7.56811135427292],[110.17662165513462,-7.568114733131724],[110.17662888105157,-7.568117190692775],[110.17665079884212,-7.568121304976256]]]}},{"type":"Feature","properties":{"FID_Fisnet":0,"FID_PL":0,"NAMOBJ":"Kerban","FCODE":"BA03070040","METADATA":"TASWIL1000020230928_DATA_BATAS_DESAKELURAHAN","SRS_ID":"SRGI 2013","KDCPUM":"33.08.11","KDEPUM":"33.08.11.2002","KDPKAB":"33.08","KDPPUM":"33","WADMKC":"Tempuran","WADMKD":"Sumberarum","WADMKK":"Magelang","WADMPR":"Jawa Tengah","DUSUN":"Kerban","Toponimi":"Dusun Kerban","Shape_Leng":3646.39056914,"Shape_Le_1":0,"KETERANGAN":"2","KET_DETAIL":"Rumah","PL":"2","Shape_Le_2":75.6719231389,"Shape_Area":246.869190211},"geometry":{"type":"Polygon","coordinates":[[[110.17676318398237,-7.568148169624394],[110.1767601508642,-7.5681482796703445],[110.17675342919654,-7.5681872556228305],[110.17674600932176,-7.568213462573853],[110.17672921465595,-7.568210305868018],[110.17670271139087,-7.5683241492222315],[110.17668139609715,-7.5683206538400825],[110.17662960845985,-7.568309524952552],[110.17663039233102,-7.568308191416184],[110.17663242011002,-7.568296193661154],[110.17664326767704,-7.5682458425860935],[110.17665998202028,-7.568177135254221],[110.1766682759206,-7.568127871970069],[110.1766691791231,-7.568124793911194],[110.17667309662771,-7.568111454758436],[110.17667357798248,-7.5681033089889],[110.17667746860565,-7.568081203535768],[110.17678508112874,-7.568102472171848],[110.17677837356753,-7.568133533925053],[110.1767648497844,-7.568130598664569],[110.17676318398237,-7.568148169624394]]]}},{"type":"Feature","properties":{"FID_Fisnet":0,"FID_PL":0,"NAMOBJ":"Kerban","FCODE":"BA03070040","METADATA":"TASWIL1000020230928_DATA_BATAS_DESAKELURAHAN","SRS_ID":"SRGI 2013","KDCPUM":"33.08.11","KDEPUM":"33.08.11.2002","KDPKAB":"33.08","KDPPUM":"33","WADMKC":"Tempuran","WADMKD":"Sumberarum","WADMKK":"Magelang","WADMPR":"Jawa Tengah","DUSUN":"Kerban","Toponimi":"Dusun Kerban","Shape_Leng":3646.39056914,"Shape_Le_1":0,"KETERANGAN":"2","KET_DETAIL":"Rumah","PL":"2","Shape_Le_2":34.124134011,"Shape_Area":62.9318474147},"geometry":{"type":"Polygon","coordinates":[[[110.17659675787782,-7.568113983322883],[110.17659539147392,-7.568121370368192],[110.17659002634835,-7.568145249439628],[110.17657500782833,-7.568212095831627],[110.17652143436821,-7.568201059434834],[110.17652767795404,-7.568176158149435],[110.17653136098333,-7.568155979759634],[110.17654146599185,-7.568112901137276],[110.17657334661114,-7.568118780800294],[110.17657518599107,-7.568110055109153],[110.1765886645803,-7.568112443982234],[110.17659675787782,-7.568113983322883]]]}},{"type":"Feature","properties":{"FID_Fisnet":0,"FID_PL":0,"NAMOBJ":"Kerban","FCODE":"BA03070040","METADATA":"TASWIL1000020230928_DATA_BATAS_DESAKELURAHAN","SRS_ID":"SRGI 2013","KDCPUM":"33.08.11","KDEPUM":"33.08.11.2002","KDPKAB":"33.08","KDPPUM":"33","WADMKC":"Tempuran","WADMKD":"Sumberarum","WADMKK":"Magelang","WADMPR":"Jawa Tengah","DUSUN":"Kerban","Toponimi":"Dusun Kerban","Shape_Leng":3646.39056914,"Shape_Le_1":0,"KETERANGAN":"1","KET_DETAIL":"Gudang","PL":"6","Shape_Le_2":27.9495722645,"Shape_Area":45.6071324112},"geometry":{"type":"Polygon","coordinates":[[[110.17667746860565,-7.568081203535768],[110.17667357798248,-7.5681033089889],[110.17667309662771,-7.568111454758436],[110.1766691791231,-7.568124793911194],[110.17666082762248,-7.5681231862479486],[110.17665324782713,-7.568122357897454],[110.17665079884212,-7.568121304976256],[110.17662888105157,-7.568117190692775],[110.17662165513462,-7.568114733131724],[110.17660600571432,-7.56811135427292],[110.17661148530033,-7.568092120842076],[110.17660858174945,-7.568085568709868],[110.17661812499688,-7.568050490080339],[110.17665929711929,-7.5680574780924745],[110.1766563518304,-7.568072930144722],[110.1766714629875,-7.568080049831325],[110.17667746860565,-7.568081203535768]]]}},{"type":"Feature","properties":{"FID_Fisnet":0,"FID_PL":0,"NAMOBJ":"Kerban","FCODE":"BA03070040","METADATA":"TASWIL1000020230928_DATA_BATAS_DESAKELURAHAN","SRS_ID":"SRGI 2013","KDCPUM":"33.08.11","KDEPUM":"33.08.11.2002","KDPKAB":"33.08","KDPPUM":"33","WADMKC":"Tempuran","WADMKD":"Sumberarum","WADMKK":"Magelang","WADMPR":"Jawa Tengah","DUSUN":"Kerban","Toponimi":"Dusun Kerban","Shape_Leng":3646.39056914,"Shape_Le_1":0,"KETERANGAN":"1","KET_DETAIL":"Gudang","PL":"6","Shape_Le_2":59.9492759033,"Shape_Area":182.499877262},"geometry":{"type":"Polygon","coordinates":[[[110.17289199002995,-7.570280650411332],[110.17285741824114,-7.570342242438081],[110.17268321844398,-7.570267050516732],[110.17270898538787,-7.570215804442972],[110.17270643781897,-7.570214162494499],[110.17271631947482,-7.570192905120577],[110.17275346904084,-7.570206977924218],[110.17275783701172,-7.570209895934056],[110.17275801192416,-7.570213714989391],[110.17283394255668,-7.570247136814406],[110.17289199002995,-7.570280650411332]]]}},{"type":"Feature","properties":{"FID_Fisnet":0,"FID_PL":0,"NAMOBJ":"Kerban","FCODE":"BA03070040","METADATA":"TASWIL1000020230928_DATA_BATAS_DESAKELURAHAN","SRS_ID":"SRGI 2013","KDCPUM":"33.08.11","KDEPUM":"33.08.11.2002","KDPKAB":"33.08","KDPPUM":"33","WADMKC":"Tempuran","WADMKD":"Sumberarum","WADMKK":"Magelang","WADMPR":"Jawa Tengah","DUSUN":"Kerban","Toponimi":"Dusun Kerban","Shape_Leng":3646.39056914,"Shape_Le_1":0,"KETERANGAN":"1","KET_DETAIL":"Gudang","PL":"6","Shape_Le_2":58.4836320431,"Shape_Area":168.869522685},"geometry":{"type":"Polygon","coordinates":[[[110.17393789672671,-7.570549651777708],[110.173925000971,-7.570621514683807],[110.17387430549381,-7.570615585578401],[110.17373625297203,-7.570599437527813],[110.17374484237652,-7.570527532095557],[110.17387444261405,-7.570543562816557],[110.17387606384102,-7.570543763066983],[110.17393789672671,-7.570549651777708]]]}},{"type":"Feature","properties":{"FID_Fisnet":0,"FID_PL":0,"NAMOBJ":"Kerban","FCODE":"BA03070040","METADATA":"TASWIL1000020230928_DATA_BATAS_DESAKELURAHAN","SRS_ID":"SRGI 2013","KDCPUM":"33.08.11","KDEPUM":"33.08.11.2002","KDPKAB":"33.08","KDPPUM":"33","WADMKC":"Tempuran","WADMKD":"Sumberarum","WADMKK":"Magelang","WADMPR":"Jawa Tengah","DUSUN":"Kerban","Toponimi":"Dusun Kerban","Shape_Leng":3646.39056914,"Shape_Le_1":0,"KETERANGAN":"1","KET_DETAIL":"Gudang","PL":"7","Shape_Le_2":73.8563385203,"Shape_Area":280.614347429},"geometry":{"type":"Polygon","coordinates":[[[110.17445306231264,-7.565196421433731],[110.1744011293665,-7.565366362239082],[110.17429172988223,-7.565339075807694],[110.17433305635458,-7.565133152709004],[110.17435618671107,-7.565135860201943],[110.17437975199043,-7.56514389591982],[110.1743725620756,-7.56518117503168],[110.17445306231264,-7.565196421433731]]]}},{"type":"Feature","properties":{"FID_Fisnet":0,"FID_PL":0,"NAMOBJ":"Kerban","FCODE":"BA03070040","METADATA":"TASWIL1000020230928_DATA_BATAS_DESAKELURAHAN","SRS_ID":"SRGI 2013","KDCPUM":"33.08.11","KDEPUM":"33.08.11.2002","KDPKAB":"33.08","KDPPUM":"33","WADMKC":"Tempuran","WADMKD":"Sumberarum","WADMKK":"Magelang","WADMPR":"Jawa Tengah","DUSUN":"Kerban","Toponimi":"Dusun Kerban","Shape_Leng":3646.39056914,"Shape_Le_1":0,"KETERANGAN":"2","KET_DETAIL":"Pembuatan Batu Bata","PL":"34","Shape_Le_2":64.3369755754,"Shape_Area":209.764288266},"geometry":{"type":"Polygon","coordinates":[[[110.1733317118189,-7.5648750285311825],[110.17334466674671,-7.564878171742583],[110.1733462105084,-7.564873819585884],[110.17341478850383,-7.56489810105857],[110.17339644598879,-7.564960576882993],[110.17339178793317,-7.5649591263091835],[110.17339062840199,-7.564958765031894],[110.17338398047312,-7.564979841343666],[110.17332239151938,-7.564959558262702],[110.17332126753847,-7.564961472730367],[110.17332082922461,-7.564962218097507],[110.17324081134456,-7.564937906782418],[110.17319505992926,-7.564924005887977],[110.17321914610943,-7.564845050440483],[110.17324071398296,-7.564853358296628],[110.17326815031362,-7.564861038711816],[110.17330913890805,-7.5648680510767345],[110.1733317118189,-7.5648750285311825]]]}},{"type":"Feature","properties":{"FID_Fisnet":0,"FID_PL":0,"NAMOBJ":"Kerban","FCODE":"BA03070040","METADATA":"TASWIL1000020230928_DATA_BATAS_DESAKELURAHAN","SRS_ID":"SRGI 2013","KDCPUM":"33.08.11","KDEPUM":"33.08.11.2002","KDPKAB":"33.08","KDPPUM":"33","WADMKC":"Tempuran","WADMKD":"Sumberarum","WADMKK":"Magelang","WADMPR":"Jawa Tengah","DUSUN":"Kerban","Toponimi":"Dusun Kerban","Shape_Leng":3646.39056914,"Shape_Le_1":0,"KETERANGAN":"1","KET_DETAIL":"Gudang","PL":"7","Shape_Le_2":145.11414602,"Shape_Area":1172.68734054},"geometry":{"type":"Polygon","coordinates":[[[110.17237664434337,-7.564961625758239],[110.17235833499868,-7.564997108218844],[110.17228808100292,-7.56497477618082],[110.1721466837777,-7.564929668093288],[110.17222355425255,-7.564748676977778],[110.17229851919338,-7.564545897770213],[110.17230670827553,-7.564527571316689],[110.17252014654156,-7.564593244666376],[110.17250980311056,-7.564616696355999],[110.17237664434337,-7.564961625758239]]]}},{"type":"Feature","properties":{"FID_Fisnet":0,"FID_PL":0,"NAMOBJ":"Kerban","FCODE":"BA03070040","METADATA":"TASWIL1000020230928_DATA_BATAS_DESAKELURAHAN","SRS_ID":"SRGI 2013","KDCPUM":"33.08.11","KDEPUM":"33.08.11.2002","KDPKAB":"33.08","KDPPUM":"33","WADMKC":"Tempuran","WADMKD":"Sumberarum","WADMKK":"Magelang","WADMPR":"Jawa Tengah","DUSUN":"Kerban","Toponimi":"Dusun Kerban","Shape_Leng":3646.39056914,"Shape_Le_1":0,"KETERANGAN":"2","KET_DETAIL":"Pembuatan Batu Bata","PL":"7","Shape_Le_2":62.5475552809,"Shape_Area":200.578700691},"geometry":{"type":"Polygon","coordinates":[[[110.17169961520467,-7.564493503760323],[110.17177249459154,-7.564518892590339],[110.1717725666459,-7.564520083930097],[110.17186899375521,-7.5645522151515125],[110.1718423558364,-7.564633996684641],[110.17174763040022,-7.564602163548483],[110.17174845590998,-7.564599437198237],[110.17167191156696,-7.564572299369931],[110.17167391832653,-7.564565199379096],[110.171659113028,-7.564560362128978],[110.17167870070782,-7.564500986617222],[110.17168072618456,-7.5644954785502865],[110.17169654036903,-7.5645012439051795],[110.17169961520467,-7.564493503760323]]]}},{"type":"Feature","properties":{"FID_Fisnet":0,"FID_PL":0,"NAMOBJ":"Kerban","FCODE":"BA03070040","METADATA":"TASWIL1000020230928_DATA_BATAS_DESAKELURAHAN","SRS_ID":"SRGI 2013","KDCPUM":"33.08.11","KDEPUM":"33.08.11.2002","KDPKAB":"33.08","KDPPUM":"33","WADMKC":"Tempuran","WADMKD":"Sumberarum","WADMKK":"Magelang","WADMPR":"Jawa Tengah","DUSUN":"Kerban","Toponimi":"Dusun Kerban","Shape_Leng":3646.39056914,"Shape_Le_1":0,"KETERANGAN":"2","KET_DETAIL":"Rumah","PL":"2","Shape_Le_2":56.2975244084,"Shape_Area":182.559863162},"geometry":{"type":"Polygon","coordinates":[[[110.17149384544477,-7.564278174525322],[110.1715789095008,-7.5642994304334215],[110.1715722901046,-7.5643306957544345],[110.1715678813995,-7.5643486901912],[110.17155522781074,-7.564390491215262],[110.17154697140133,-7.564419389109915],[110.1715451283442,-7.564430478176799],[110.17153583707376,-7.564428824319936],[110.17153036458008,-7.564431905444404],[110.17153006367803,-7.564432365254183],[110.17144512143594,-7.564409012071776],[110.17145650040199,-7.564366845028972],[110.17146476215427,-7.5643346738261865],[110.17145019619629,-7.564327917713804],[110.17145628624361,-7.5642881049392985],[110.17146047473597,-7.5642895673031285],[110.17146267371174,-7.564283389345761],[110.17148562740692,-7.564287433473213],[110.17148764558178,-7.564280527064183],[110.17149110704996,-7.56428107904222],[110.17149384544477,-7.564278174525322]]]}},{"type":"Feature","properties":{"FID_Fisnet":0,"FID_PL":0,"NAMOBJ":"Kerban","FCODE":"BA03070040","METADATA":"TASWIL1000020230928_DATA_BATAS_DESAKELURAHAN","SRS_ID":"SRGI 2013","KDCPUM":"33.08.11","KDEPUM":"33.08.11.2002","KDPKAB":"33.08","KDPPUM":"33","WADMKC":"Tempuran","WADMKD":"Sumberarum","WADMKK":"Magelang","WADMPR":"Jawa Tengah","DUSUN":"Kerban","Toponimi":"Dusun Kerban","Shape_Leng":3646.39056914,"Shape_Le_1":0,"KETERANGAN":"2","KET_DETAIL":"Rumah","PL":"2","Shape_Le_2":36.5318160309,"Shape_Area":79.6387809655},"geometry":{"type":"Polygon","coordinates":[[[110.17125132684384,-7.564317977694587],[110.171255769544,-7.564318274666089],[110.17133941451104,-7.564318433594781],[110.17134066659577,-7.564385246441068],[110.1712550861728,-7.564389011998843],[110.1712549150884,-7.564383192236697],[110.17123651113901,-7.564382248261604],[110.17124605517519,-7.564346442579306],[110.17125132684384,-7.564317977694587]]]}},{"type":"Feature","properties":{"FID_Fisnet":0,"FID_PL":0,"NAMOBJ":"Kerban","FCODE":"BA03070040","METADATA":"TASWIL1000020230928_DATA_BATAS_DESAKELURAHAN","SRS_ID":"SRGI 2013","KDCPUM":"33.08.11","KDEPUM":"33.08.11.2002","KDPKAB":"33.08","KDPPUM":"33","WADMKC":"Tempuran","WADMKD":"Sumberarum","WADMKK":"Magelang","WADMPR":"Jawa Tengah","DUSUN":"Kerban","Toponimi":"Dusun Kerban","Shape_Leng":3646.39056914,"Shape_Le_1":0,"KETERANGAN":"1","KET_DETAIL":"Gudang","PL":"7","Shape_Le_2":92.334184139,"Shape_Area":523.68255933},"geometry":{"type":"Polygon","coordinates":[[[110.17173217740023,-7.564848523258462],[110.17169580043094,-7.565026040177501],[110.17146498545551,-7.56497587783171],[110.17150080920881,-7.564797612788036],[110.17173217740023,-7.564848523258462]]]}},{"type":"Feature","properties":{"FID_Fisnet":0,"FID_PL":0,"NAMOBJ":"Kerban","FCODE":"BA03070040","METADATA":"TASWIL1000020230928_DATA_BATAS_DESAKELURAHAN","SRS_ID":"SRGI 2013","KDCPUM":"33.08.11","KDEPUM":"33.08.11.2002","KDPKAB":"33.08","KDPPUM":"33","WADMKC":"Tempuran","WADMKD":"Sumberarum","WADMKK":"Magelang","WADMPR":"Jawa Tengah","DUSUN":"Kerban","Toponimi":"Dusun Kerban","Shape_Leng":3646.39056914,"Shape_Le_1":0,"KETERANGAN":"2","KET_DETAIL":"Pabrik","PL":"7","Shape_Le_2":83.0843293293,"Shape_Area":172.689315944},"geometry":{"type":"Polygon","coordinates":[[[110.17154619475544,-7.565208969691743],[110.17154762209111,-7.565224793602559],[110.17154980997111,-7.565224434157084],[110.17155424107895,-7.565289725372839],[110.17152610407739,-7.565291558669849],[110.17152615956019,-7.565298584791459],[110.17153202099173,-7.565378606404632],[110.17152946664794,-7.565380056863529],[110.17153371035698,-7.565448075640586],[110.17152660139658,-7.565448971139499],[110.17152475555505,-7.565461515511533],[110.17152584036906,-7.565465881698085],[110.17153349451259,-7.565465714438442],[110.17153615749135,-7.565502816826642],[110.17153309664526,-7.565504168639172],[110.1715318272332,-7.5655043896345955],[110.17153137258686,-7.565507517374093],[110.17152263896037,-7.5655076500214395],[110.1715227198776,-7.565504670811472],[110.17151420956876,-7.565505101457509],[110.17149741184238,-7.565506484154123],[110.17148827839057,-7.565381251219641],[110.17148572772982,-7.565381246373731],[110.17148149366547,-7.565301050574125],[110.1714809178895,-7.565294503744052],[110.17148917460075,-7.565293965887569],[110.17148328230147,-7.56523012630322],[110.17148638286582,-7.565228859587611],[110.1714855244069,-7.565212748227841],[110.17154619475544,-7.565208969691743]]]}},{"type":"Feature","properties":{"FID_Fisnet":0,"FID_PL":0,"NAMOBJ":"Kerban","FCODE":"BA03070040","METADATA":"TASWIL1000020230928_DATA_BATAS_DESAKELURAHAN","SRS_ID":"SRGI 2013","KDCPUM":"33.08.11","KDEPUM":"33.08.11.2002","KDPKAB":"33.08","KDPPUM":"33","WADMKC":"Tempuran","WADMKD":"Sumberarum","WADMKK":"Magelang","WADMPR":"Jawa Tengah","DUSUN":"Kerban","Toponimi":"Dusun Kerban","Shape_Leng":3646.39056914,"Shape_Le_1":0,"KETERANGAN":"1","KET_DETAIL":"Pabrik","PL":"7","Shape_Le_2":185.541703122,"Shape_Area":1571.72563728},"geometry":{"type":"Polygon","coordinates":[[[110.17196494012936,-7.565323237682457],[110.1720593405798,-7.5653473350407126],[110.17206150723639,-7.56534622211879],[110.17206411925093,-7.565346375412865],[110.17206456418118,-7.5653478659396285],[110.17210992212745,-7.565361806908066],[110.17209452829617,-7.565409861762396],[110.1720530030432,-7.565396689642504],[110.1719889937355,-7.565598512733959],[110.17198719057863,-7.565604840684841],[110.17198554743726,-7.565605210211496],[110.17188938241931,-7.565575260195552],[110.17188661467827,-7.565573587074696],[110.1718847054933,-7.5655727730332165],[110.17188028890516,-7.565583966656521],[110.17187928322613,-7.565585156854101],[110.1715535768516,-7.565481570171245],[110.1715526854277,-7.565481310700397],[110.17157037592156,-7.565429597082833],[110.17160301889575,-7.5653260126897495],[110.17162134550986,-7.5652682131127555],[110.17155841510173,-7.565244615026003],[110.17157519519327,-7.565195931500856],[110.17163875279614,-7.565218601872887],[110.17196494012936,-7.565323237682457]]]}},{"type":"Feature","properties":{"FID_Fisnet":0,"FID_PL":0,"NAMOBJ":"Kerban","FCODE":"BA03070040","METADATA":"TASWIL1000020230928_DATA_BATAS_DESAKELURAHAN","SRS_ID":"SRGI 2013","KDCPUM":"33.08.11","KDEPUM":"33.08.11.2002","KDPKAB":"33.08","KDPPUM":"33","WADMKC":"Tempuran","WADMKD":"Sumberarum","WADMKK":"Magelang","WADMPR":"Jawa Tengah","DUSUN":"Kerban","Toponimi":"Dusun Kerban","Shape_Leng":3646.39056914,"Shape_Le_1":0,"KETERANGAN":"1","KET_DETAIL":"Pabrik","PL":"7","Shape_Le_2":77.9241008747,"Shape_Area":224.933361462},"geometry":{"type":"Polygon","coordinates":[[[110.17169493589343,-7.565572401765669],[110.17180640595761,-7.565603709574565],[110.17180914678711,-7.565599532454901],[110.17184575721078,-7.565609967347565],[110.17184739449509,-7.56561124306318],[110.17184666018488,-7.56561415138744],[110.1719517483383,-7.565647265050449],[110.17195284737498,-7.5656441756176225],[110.17197033245418,-7.565649301053153],[110.17195144823972,-7.565709093066743],[110.17194543206968,-7.565710172448101],[110.17186419635334,-7.565688014847389],[110.1717840579509,-7.565663676801281],[110.17167829452424,-7.5656338903099885],[110.17169493589343,-7.565572401765669]]]}},{"type":"Feature","properties":{"FID_Fisnet":0,"FID_PL":0,"NAMOBJ":"Kerban","FCODE":"BA03070040","METADATA":"TASWIL1000020230928_DATA_BATAS_DESAKELURAHAN","SRS_ID":"SRGI 2013","KDCPUM":"33.08.11","KDEPUM":"33.08.11.2002","KDPKAB":"33.08","KDPPUM":"33","WADMKC":"Tempuran","WADMKD":"Sumberarum","WADMKK":"Magelang","WADMPR":"Jawa Tengah","DUSUN":"Kerban","Toponimi":"Dusun Kerban","Shape_Leng":3646.39056914,"Shape_Le_1":0,"KETERANGAN":"1","KET_DETAIL":"Gudang","PL":"7","Shape_Le_2":92.7069189515,"Shape_Area":371.960027671},"geometry":{"type":"Polygon","coordinates":[[[110.17215626736194,-7.5657174829945415],[110.17214032317601,-7.565764187316814],[110.17210844594112,-7.565756671151903],[110.1720895064534,-7.565749906751855],[110.17207999582612,-7.565748238015283],[110.17207693586124,-7.565747701274634],[110.17205777022185,-7.565741650080317],[110.17206459403963,-7.565721542831846],[110.17205736773367,-7.565718851844725],[110.172137793286,-7.565466134850421],[110.17216321385074,-7.56541908400953],[110.17221873670815,-7.565450467303612],[110.1722185364909,-7.565459923284426],[110.17223656640476,-7.565465958747644],[110.17218101430329,-7.565641518199813],[110.17215626736194,-7.5657174829945415]]]}},{"type":"Feature","properties":{"FID_Fisnet":0,"FID_PL":0,"NAMOBJ":"Kerban","FCODE":"BA03070040","METADATA":"TASWIL1000020230928_DATA_BATAS_DESAKELURAHAN","SRS_ID":"SRGI 2013","KDCPUM":"33.08.11","KDEPUM":"33.08.11.2002","KDPKAB":"33.08","KDPPUM":"33","WADMKC":"Tempuran","WADMKD":"Sumberarum","WADMKK":"Magelang","WADMPR":"Jawa Tengah","DUSUN":"Kerban","Toponimi":"Dusun Kerban","Shape_Leng":3646.39056914,"Shape_Le_1":0,"KETERANGAN":"2","KET_DETAIL":"Rumah","PL":"2","Shape_Le_2":62.6018409304,"Shape_Area":194.378510045},"geometry":{"type":"Polygon","coordinates":[[[110.17194330105845,-7.565901722328777],[110.17194042527665,-7.565916775589787],[110.17198765674314,-7.565935050794433],[110.17197620942767,-7.565965999428292],[110.1719435645283,-7.566069178639082],[110.1719165209945,-7.566062261359633],[110.17191088521118,-7.566082036201971],[110.17186996563167,-7.566072066170956],[110.17187150227304,-7.5660614776044905],[110.1718443380026,-7.566055607481632],[110.171895101935,-7.565904150685587],[110.17191538031719,-7.5659099091395055],[110.17192509917308,-7.565890322042341],[110.17193592000719,-7.565890342590808],[110.17194445451685,-7.565894336709574],[110.17194330105845,-7.565901722328777]]]}},{"type":"Feature","properties":{"FID_Fisnet":0,"FID_PL":0,"NAMOBJ":"Kerban","FCODE":"BA03070040","METADATA":"TASWIL1000020230928_DATA_BATAS_DESAKELURAHAN","SRS_ID":"SRGI 2013","KDCPUM":"33.08.11","KDEPUM":"33.08.11.2002","KDPKAB":"33.08","KDPPUM":"33","WADMKC":"Tempuran","WADMKD":"Sumberarum","WADMKK":"Magelang","WADMPR":"Jawa Tengah","DUSUN":"Kerban","Toponimi":"Dusun Kerban","Shape_Leng":3646.39056914,"Shape_Le_1":0,"KETERANGAN":"2","KET_DETAIL":"Rumah","PL":"2","Shape_Le_2":57.7575810749,"Shape_Area":168.760879725},"geometry":{"type":"Polygon","coordinates":[[[110.17165829832585,-7.566153003292022],[110.17171653119384,-7.566165031365827],[110.17169884663905,-7.566253055427594],[110.17169590609315,-7.56626404020254],[110.17167004199078,-7.566257503220908],[110.171663608008,-7.566290860052679],[110.17166240995768,-7.566293109032443],[110.17162333598677,-7.566284965014134],[110.17158271006338,-7.566277853675846],[110.17158773684152,-7.566251379089232],[110.17158732813344,-7.566248482161454],[110.17156955862748,-7.566246573410609],[110.17157964442819,-7.566202377875415],[110.17159463579506,-7.566204260544627],[110.1715975571425,-7.56620333900063],[110.17160492208224,-7.5661685268182435],[110.17163357543816,-7.566174010858],[110.17163838486111,-7.566156937947626],[110.17165377353659,-7.566159615504633],[110.17165484329055,-7.5661552479842955],[110.17165829832585,-7.566153003292022]]]}},{"type":"Feature","properties":{"FID_Fisnet":0,"FID_PL":0,"NAMOBJ":"Kerban","FCODE":"BA03070040","METADATA":"TASWIL1000020230928_DATA_BATAS_DESAKELURAHAN","SRS_ID":"SRGI 2013","KDCPUM":"33.08.11","KDEPUM":"33.08.11.2002","KDPKAB":"33.08","KDPPUM":"33","WADMKC":"Tempuran","WADMKD":"Sumberarum","WADMKK":"Magelang","WADMPR":"Jawa Tengah","DUSUN":"Kerban","Toponimi":"Dusun Kerban","Shape_Leng":3646.39056914,"Shape_Le_1":0,"KETERANGAN":"2","KET_DETAIL":"Rumah","PL":"2","Shape_Le_2":27.0650535708,"Shape_Area":46.2794534897},"geometry":{"type":"Polygon","coordinates":[[[110.1715871192202,-7.5661793513024085],[110.17156164015863,-7.566179567908966],[110.17156058202517,-7.56617784466942],[110.1715246263879,-7.5661743329932785],[110.17152450137692,-7.566170493229813],[110.17151577805427,-7.566169969241271],[110.17151873827457,-7.566130624473211],[110.17152724507221,-7.566123489801392],[110.17153255635046,-7.56612177866335],[110.17159080588297,-7.566125067679909],[110.1715871192202,-7.5661793513024085]]]}},{"type":"Feature","properties":{"FID_Fisnet":0,"FID_PL":0,"NAMOBJ":"Kerban","FCODE":"BA03070040","METADATA":"TASWIL1000020230928_DATA_BATAS_DESAKELURAHAN","SRS_ID":"SRGI 2013","KDCPUM":"33.08.11","KDEPUM":"33.08.11.2002","KDPKAB":"33.08","KDPPUM":"33","WADMKC":"Tempuran","WADMKD":"Sumberarum","WADMKK":"Magelang","WADMPR":"Jawa Tengah","DUSUN":"Kerban","Toponimi":"Dusun Kerban","Shape_Leng":3646.39056914,"Shape_Le_1":0,"KETERANGAN":"1","KET_DETAIL":"Sekolah","PL":"5","Shape_Le_2":130.294272944,"Shape_Area":661.278916006},"geometry":{"type":"Polygon","coordinates":[[[110.1711032987201,-7.566688755899997],[110.17114814104602,-7.566697452717714],[110.17114792597108,-7.566701383187028],[110.17116513093299,-7.566703691569133],[110.17115212991969,-7.56678022129521],[110.17123815379419,-7.566793212178073],[110.17124170848727,-7.5667777016436455],[110.17141344475071,-7.566800671745804],[110.17139627691819,-7.566932778500236],[110.17126062625779,-7.56690839272277],[110.17101490638902,-7.566864220133027],[110.17105446015793,-7.5666804367895715],[110.17105470791003,-7.566679331079311],[110.1711032987201,-7.566688755899997]]]}},{"type":"Feature","properties":{"FID_Fisnet":0,"FID_PL":0,"NAMOBJ":"Kerban","FCODE":"BA03070040","METADATA":"TASWIL1000020230928_DATA_BATAS_DESAKELURAHAN","SRS_ID":"SRGI 2013","KDCPUM":"33.08.11","KDEPUM":"33.08.11.2002","KDPKAB":"33.08","KDPPUM":"33","WADMKC":"Tempuran","WADMKD":"Sumberarum","WADMKK":"Magelang","WADMPR":"Jawa Tengah","DUSUN":"Kerban","Toponimi":"Dusun Kerban","Shape_Leng":3646.39056914,"Shape_Le_1":0,"KETERANGAN":"1","KET_DETAIL":"Sekolah","PL":"5","Shape_Le_2":158.706319659,"Shape_Area":654.406004534},"geometry":{"type":"Polygon","coordinates":[[[110.17141026859485,-7.566065474757334],[110.17140691978643,-7.566089950911154],[110.1714083243751,-7.566095367809106],[110.17141351138908,-7.566097025631647],[110.17140423081372,-7.566139146001254],[110.1714021021304,-7.566141731488036],[110.1713870101851,-7.566138407781663],[110.17138487836544,-7.566143111559091],[110.17138156324216,-7.566149461053949],[110.17133651992734,-7.5661406652950705],[110.17130280052316,-7.566132362287725],[110.17129572409755,-7.566131877604049],[110.17129265048248,-7.566135167694769],[110.17128788853375,-7.566158229264911],[110.17132278674983,-7.566167240914203],[110.17132324550863,-7.566173832745822],[110.17130209014576,-7.566257126077764],[110.17129210703044,-7.566296421315451],[110.17132487747043,-7.566307548122925],[110.17130918747606,-7.566370607726742],[110.17128159909696,-7.56636325793371],[110.17127640803726,-7.566363718398252],[110.17124976974877,-7.566476899857568],[110.17123978033355,-7.566519489203697],[110.17123623357904,-7.566523719959969],[110.17118482845284,-7.566510910661862],[110.17118213331962,-7.566510136729249],[110.17115181737627,-7.56650143044675],[110.17113941682182,-7.566499411587255],[110.17118887152182,-7.566306042346772],[110.1711924464286,-7.566306531230691],[110.17122370855006,-7.566178540435939],[110.17123159972019,-7.566144903280677],[110.17123577554231,-7.566145888962314],[110.1712647772508,-7.56603012246046],[110.17141026859485,-7.566065474757334]]]}},{"type":"Feature","properties":{"FID_Fisnet":0,"FID_PL":0,"NAMOBJ":"Kerban","FCODE":"BA03070040","METADATA":"TASWIL1000020230928_DATA_BATAS_DESAKELURAHAN","SRS_ID":"SRGI 2013","KDCPUM":"33.08.11","KDEPUM":"33.08.11.2002","KDPKAB":"33.08","KDPPUM":"33","WADMKC":"Tempuran","WADMKD":"Sumberarum","WADMKK":"Magelang","WADMPR":"Jawa Tengah","DUSUN":"Kerban","Toponimi":"Dusun Kerban","Shape_Leng":3646.39056914,"Shape_Le_1":0,"KETERANGAN":"2","KET_DETAIL":"Rumah","PL":"2","Shape_Le_2":41.4482415674,"Shape_Area":107.672703374},"geometry":{"type":"Polygon","coordinates":[[[110.17692501443113,-7.5701329643574455],[110.17692815087351,-7.570133822303752],[110.17692963987854,-7.570134439259763],[110.17692768652167,-7.570139693330446],[110.17691769964988,-7.570173039038489],[110.1769034282667,-7.570220616834547],[110.17681020697702,-7.570194398891069],[110.17681848351324,-7.5701614813943365],[110.17682614964863,-7.570134971006273],[110.17683441459243,-7.570108163269547],[110.17692501443113,-7.5701329643574455]]]}},{"type":"Feature","properties":{"FID_Fisnet":0,"FID_PL":0,"NAMOBJ":"Kerban","FCODE":"BA03070040","METADATA":"TASWIL1000020230928_DATA_BATAS_DESAKELURAHAN","SRS_ID":"SRGI 2013","KDCPUM":"33.08.11","KDEPUM":"33.08.11.2002","KDPKAB":"33.08","KDPPUM":"33","WADMKC":"Tempuran","WADMKD":"Sumberarum","WADMKK":"Magelang","WADMPR":"Jawa Tengah","DUSUN":"Kerban","Toponimi":"Dusun Kerban","Shape_Leng":3646.39056914,"Shape_Le_1":0,"KETERANGAN":"2","KET_DETAIL":"Rumah","PL":"2","Shape_Le_2":44.1598817248,"Shape_Area":99.5796180819},"geometry":{"type":"Polygon","coordinates":[[[110.17654373228535,-7.570427396792263],[110.17662585388965,-7.570472953377855],[110.1766276562573,-7.570470365439537],[110.17663961738478,-7.570478096041191],[110.17664480614019,-7.570480787636105],[110.1766445251403,-7.570481268290124],[110.17663269136963,-7.570501481929066],[110.1766250334745,-7.570514562564564],[110.17662167187554,-7.570521059445563],[110.17661636257323,-7.570518363100172],[110.17660268780324,-7.570510887037732],[110.17659435904413,-7.570527843018795],[110.17656866344196,-7.570514961665134],[110.17656075296745,-7.570530263232023],[110.17650231693011,-7.57050117680025],[110.17654373228535,-7.570427396792263]]]}},{"type":"Feature","properties":{"FID_Fisnet":0,"FID_PL":0,"NAMOBJ":"Kerban","FCODE":"BA03070040","METADATA":"TASWIL1000020230928_DATA_BATAS_DESAKELURAHAN","SRS_ID":"SRGI 2013","KDCPUM":"33.08.11","KDEPUM":"33.08.11.2002","KDPKAB":"33.08","KDPPUM":"33","WADMKC":"Tempuran","WADMKD":"Sumberarum","WADMKK":"Magelang","WADMPR":"Jawa Tengah","DUSUN":"Kerban","Toponimi":"Dusun Kerban","Shape_Leng":3646.39056914,"Shape_Le_1":0,"KETERANGAN":"2","KET_DETAIL":"Rumah","PL":"2","Shape_Le_2":45.1153044763,"Shape_Area":120.425557534},"geometry":{"type":"Polygon","coordinates":[[[110.17711071157169,-7.570192280979239],[110.17710953562356,-7.570197221758702],[110.17701731978076,-7.570180444037458],[110.1770181920664,-7.570175985678863],[110.17703863426637,-7.5700716152822505],[110.17703971471,-7.570068760060536],[110.17708059426059,-7.570078134431483],[110.1771081138037,-7.57008517171502],[110.17710456197925,-7.570112640490085],[110.177125785838,-7.570118036007173],[110.17711071157169,-7.570192280979239]]]}},{"type":"Feature","properties":{"FID_Fisnet":0,"FID_PL":0,"NAMOBJ":"Kerban","FCODE":"BA03070040","METADATA":"TASWIL1000020230928_DATA_BATAS_DESAKELURAHAN","SRS_ID":"SRGI 2013","KDCPUM":"33.08.11","KDEPUM":"33.08.11.2002","KDPKAB":"33.08","KDPPUM":"33","WADMKC":"Tempuran","WADMKD":"Sumberarum","WADMKK":"Magelang","WADMPR":"Jawa Tengah","DUSUN":"Kerban","Toponimi":"Dusun Kerban","Shape_Leng":3646.39056914,"Shape_Le_1":0,"KETERANGAN":"2","KET_DETAIL":"Rumah","PL":"2","Shape_Le_2":55.350820317,"Shape_Area":186.272089005},"geometry":{"type":"Polygon","coordinates":[[[110.1716334523457,-7.5659810258232865],[110.17162796797582,-7.56610529484879],[110.17152777873227,-7.566095104553168],[110.17150279785211,-7.566091707793391],[110.17150537583755,-7.566042242954861],[110.17150074765928,-7.5660422341613645],[110.17150205568123,-7.56601227929933],[110.17150705864051,-7.566012538441874],[110.17150939708253,-7.56597507833714],[110.1716334523457,-7.5659810258232865]]]}},{"type":"Feature","properties":{"FID_Fisnet":0,"FID_PL":0,"NAMOBJ":"Kerban","FCODE":"BA03070040","METADATA":"TASWIL1000020230928_DATA_BATAS_DESAKELURAHAN","SRS_ID":"SRGI 2013","KDCPUM":"33.08.11","KDEPUM":"33.08.11.2002","KDPKAB":"33.08","KDPPUM":"33","WADMKC":"Tempuran","WADMKD":"Sumberarum","WADMKK":"Magelang","WADMPR":"Jawa Tengah","DUSUN":"Kerban","Toponimi":"Dusun Kerban","Shape_Leng":3646.39056914,"Shape_Le_1":0,"KETERANGAN":"2","KET_DETAIL":"Rumah","PL":"2","Shape_Le_2":78.4285214116,"Shape_Area":251.52563194},"geometry":{"type":"Polygon","coordinates":[[[110.17166999633858,-7.565853823770975],[110.17166874418335,-7.565895362442221],[110.17167166810127,-7.565899269027336],[110.17167086779249,-7.565909214095763],[110.17173047931718,-7.5659103032642205],[110.17173013561701,-7.565988316899196],[110.1716334523457,-7.5659810258232865],[110.17150939708253,-7.56597507833714],[110.17150937439511,-7.5659736673021465],[110.17150529188206,-7.565973659545518],[110.1715083970681,-7.565933870951939],[110.17153562905266,-7.565934173232044],[110.17153562066876,-7.565938567189568],[110.17154754945291,-7.56593842975948],[110.17155069294475,-7.565893289417964],[110.17156207666426,-7.565893311045113],[110.17156354338914,-7.5658661621868335],[110.17156385069303,-7.56586044734897],[110.17161916046065,-7.565862892318251],[110.17162015916261,-7.565851581859075],[110.17166999633858,-7.565853823770975]]]}},{"type":"Feature","properties":{"FID_Fisnet":0,"FID_PL":0,"NAMOBJ":"Kerban","FCODE":"BA03070040","METADATA":"TASWIL1000020230928_DATA_BATAS_DESAKELURAHAN","SRS_ID":"SRGI 2013","KDCPUM":"33.08.11","KDEPUM":"33.08.11.2002","KDPKAB":"33.08","KDPPUM":"33","WADMKC":"Tempuran","WADMKD":"Sumberarum","WADMKK":"Magelang","WADMPR":"Jawa Tengah","DUSUN":"Kerban","Toponimi":"Dusun Kerban","Shape_Leng":3646.39056914,"Shape_Le_1":0,"KETERANGAN":"2","KET_DETAIL":"Rumah","PL":"2","Shape_Le_2":68.8294195564,"Shape_Area":139.587717179},"geometry":{"type":"Polygon","coordinates":[[[110.17166999633858,-7.565853823770975],[110.17162015916261,-7.565851581859075],[110.17161916046065,-7.565862892318251],[110.17156385069303,-7.56586044734897],[110.17156354338914,-7.5658661621868335],[110.17152497555793,-7.565866403673366],[110.17152538844643,-7.565846682228228],[110.17149499244087,-7.5658457507484815],[110.17149631899362,-7.565806558446982],[110.1715323386657,-7.565809747343852],[110.17159725569223,-7.5658126175845135],[110.17159954438831,-7.56579314933943],[110.17165232808979,-7.565795995617243],[110.17165533157852,-7.565795252411524],[110.17165687809107,-7.565771414107889],[110.17168289137285,-7.565774334347113],[110.17171240467736,-7.565778509418152],[110.17170876064752,-7.5658199594300255],[110.17167300174391,-7.565815015443257],[110.17166999633858,-7.565853823770975]]]}},{"type":"Feature","properties":{"FID_Fisnet":0,"FID_PL":0,"NAMOBJ":"Kerban","FCODE":"BA03070040","METADATA":"TASWIL1000020230928_DATA_BATAS_DESAKELURAHAN","SRS_ID":"SRGI 2013","KDCPUM":"33.08.11","KDEPUM":"33.08.11.2002","KDPKAB":"33.08","KDPPUM":"33","WADMKC":"Tempuran","WADMKD":"Sumberarum","WADMKK":"Magelang","WADMPR":"Jawa Tengah","DUSUN":"Kerban","Toponimi":"Dusun Kerban","Shape_Leng":3646.39056914,"Shape_Le_1":0,"KETERANGAN":"2","KET_DETAIL":"Rumah","PL":"2","Shape_Le_2":64.2969289223,"Shape_Area":215.69980272},"geometry":{"type":"Polygon","coordinates":[[[110.17727176481185,-7.569552040971588],[110.17724500720345,-7.569635580981219],[110.17722564607926,-7.569630187179558],[110.17720512516291,-7.5696245614489515],[110.17720115595975,-7.569625485573506],[110.17719810100546,-7.569637585407924],[110.17719733262349,-7.569640788540923],[110.17719522664456,-7.569649572522837],[110.17715485187586,-7.56963644551471],[110.17715657898269,-7.569630521697757],[110.1771594716895,-7.5696117274782],[110.17713151720163,-7.569601761568007],[110.17715302947158,-7.5695329565478655],[110.17715871781662,-7.569512620035447],[110.17717087387443,-7.569469163578078],[110.17717346936043,-7.569459883054572],[110.17726861810759,-7.569488702220581],[110.17726986820502,-7.56948911250215],[110.17725427411106,-7.569546886772243],[110.17727176481185,-7.569552040971588]]]}},{"type":"Feature","properties":{"FID_Fisnet":0,"FID_PL":0,"NAMOBJ":"Kerban","FCODE":"BA03070040","METADATA":"TASWIL1000020230928_DATA_BATAS_DESAKELURAHAN","SRS_ID":"SRGI 2013","KDCPUM":"33.08.11","KDEPUM":"33.08.11.2002","KDPKAB":"33.08","KDPPUM":"33","WADMKC":"Tempuran","WADMKD":"Sumberarum","WADMKK":"Magelang","WADMPR":"Jawa Tengah","DUSUN":"Kerban","Toponimi":"Dusun Kerban","Shape_Leng":3646.39056914,"Shape_Le_1":0,"KETERANGAN":"2","KET_DETAIL":"Gudang","PL":"6","Shape_Le_2":23.8491130503,"Shape_Area":32.8230740946},"geometry":{"type":"Polygon","coordinates":[[[110.17607300028986,-7.569857136969585],[110.17604732560376,-7.56991967954782],[110.17600999522188,-7.5699057767170785],[110.17603790841228,-7.5698415279964],[110.17607300028986,-7.569857136969585]]]}},{"type":"Feature","properties":{"FID_Fisnet":0,"FID_PL":0,"NAMOBJ":"Kerban","FCODE":"BA03070040","METADATA":"TASWIL1000020230928_DATA_BATAS_DESAKELURAHAN","SRS_ID":"SRGI 2013","KDCPUM":"33.08.11","KDEPUM":"33.08.11.2002","KDPKAB":"33.08","KDPPUM":"33","WADMKC":"Tempuran","WADMKD":"Sumberarum","WADMKK":"Magelang","WADMPR":"Jawa Tengah","DUSUN":"Kerban","Toponimi":"Dusun Kerban","Shape_Leng":3646.39056914,"Shape_Le_1":0,"KETERANGAN":"2","KET_DETAIL":"Pembuatan Batu Bata","PL":"6","Shape_Le_2":80.9369581448,"Shape_Area":300.913248082},"geometry":{"type":"Polygon","coordinates":[[[110.17458027828077,-7.566885886695276],[110.17456094339083,-7.566967372013239],[110.17428756599725,-7.56692325650093],[110.17430728724854,-7.566831193103875],[110.17458027828077,-7.566885886695276]]]}},{"type":"Feature","properties":{"FID_Fisnet":0,"FID_PL":0,"NAMOBJ":"Kerban","FCODE":"BA03070040","METADATA":"TASWIL1000020230928_DATA_BATAS_DESAKELURAHAN","SRS_ID":"SRGI 2013","KDCPUM":"33.08.11","KDEPUM":"33.08.11.2002","KDPKAB":"33.08","KDPPUM":"33","WADMKC":"Tempuran","WADMKD":"Sumberarum","WADMKK":"Magelang","WADMPR":"Jawa Tengah","DUSUN":"Kerban","Toponimi":"Dusun Kerban","Shape_Leng":3646.39056914,"Shape_Le_1":0,"KETERANGAN":"2","KET_DETAIL":"Pembuatan Batu Bata","PL":"6","Shape_Le_2":66.4065800275,"Shape_Area":159.686873907},"geometry":{"type":"Polygon","coordinates":[[[110.17329895278212,-7.56660228085283],[110.17325492554029,-7.5667062553533215],[110.17319130460307,-7.566679549266108],[110.17326817597426,-7.566512829795757],[110.17324864744998,-7.566503583328992],[110.17326064900524,-7.566473808818789],[110.17328452328596,-7.566481438169783],[110.17327578444021,-7.566509052631809],[110.17332135709427,-7.566526475250166],[110.17329895278212,-7.56660228085283]]]}},{"type":"Feature","properties":{"FID_Fisnet":0,"FID_PL":0,"NAMOBJ":"Kerban","FCODE":"BA03070040","METADATA":"TASWIL1000020230928_DATA_BATAS_DESAKELURAHAN","SRS_ID":"SRGI 2013","KDCPUM":"33.08.11","KDEPUM":"33.08.11.2002","KDPKAB":"33.08","KDPPUM":"33","WADMKC":"Tempuran","WADMKD":"Sumberarum","WADMKK":"Magelang","WADMPR":"Jawa Tengah","DUSUN":"Kerban","Toponimi":"Dusun Kerban","Shape_Leng":3646.39056914,"Shape_Le_1":0,"KETERANGAN":null,"KET_DETAIL":"Pembuatan Batu Bata","PL":"6","Shape_Le_2":90.7841071965,"Shape_Area":507.458837845},"geometry":{"type":"Polygon","coordinates":[[[110.17611347365872,-7.5668585153154995],[110.17605532992077,-7.56687531746438],[110.17601400252254,-7.566687060784632],[110.17600875921181,-7.566666813070026],[110.17612324403709,-7.566628280454669],[110.17617926794355,-7.566608914600719],[110.1762476767199,-7.566828682164947],[110.17622529565098,-7.566834208781542],[110.17617929293739,-7.566845569904713],[110.17611347365872,-7.5668585153154995]]]}},{"type":"Feature","properties":{"FID_Fisnet":0,"FID_PL":0,"NAMOBJ":"Kerban","FCODE":"BA03070040","METADATA":"TASWIL1000020230928_DATA_BATAS_DESAKELURAHAN","SRS_ID":"SRGI 2013","KDCPUM":"33.08.11","KDEPUM":"33.08.11.2002","KDPKAB":"33.08","KDPPUM":"33","WADMKC":"Tempuran","WADMKD":"Sumberarum","WADMKK":"Magelang","WADMPR":"Jawa Tengah","DUSUN":"Kerban","Toponimi":"Dusun Kerban","Shape_Leng":3646.39056914,"Shape_Le_1":0,"KETERANGAN":"2","KET_DETAIL":"Pembuatan Batu Bata","PL":"6","Shape_Le_2":62.8093928367,"Shape_Area":198.119811882},"geometry":{"type":"Polygon","coordinates":[[[110.17629043987024,-7.566611410263693],[110.17633435935154,-7.566690475401926],[110.17632330682399,-7.5667031525597634],[110.17633174646012,-7.566725177288005],[110.17629523488696,-7.566743732522577],[110.17628338373626,-7.566730165500695],[110.17626046489974,-7.566737741566684],[110.17619559615585,-7.566612326408382],[110.17620557419303,-7.566605580632193],[110.17618869201414,-7.566560683666287],[110.17624727831232,-7.566533705992273],[110.17629043987024,-7.566611410263693]]]}},{"type":"Feature","properties":{"FID_Fisnet":0,"FID_PL":0,"NAMOBJ":"Kerban","FCODE":"BA03070040","METADATA":"TASWIL1000020230928_DATA_BATAS_DESAKELURAHAN","SRS_ID":"SRGI 2013","KDCPUM":"33.08.11","KDEPUM":"33.08.11.2002","KDPKAB":"33.08","KDPPUM":"33","WADMKC":"Tempuran","WADMKD":"Sumberarum","WADMKK":"Magelang","WADMPR":"Jawa Tengah","DUSUN":"Kerban","Toponimi":"Dusun Kerban","Shape_Leng":3646.39056914,"Shape_Le_1":0,"KETERANGAN":"2","KET_DETAIL":"Rumah","PL":"2","Shape_Le_2":37.9672387179,"Shape_Area":87.6609158697},"geometry":{"type":"Polygon","coordinates":[[[110.17680270727726,-7.569739430690689],[110.17677719700286,-7.56980375908407],[110.1766924297846,-7.569769584980329],[110.17668440471218,-7.5697669459158625],[110.17669268417836,-7.569743949700207],[110.17669317897551,-7.569742576725259],[110.17670373423266,-7.569713027306675],[110.17670854473933,-7.569701998987799],[110.176709040055,-7.569700830426942],[110.17671720255524,-7.5697036533604924],[110.17680372683105,-7.569736659471502],[110.17680270727726,-7.569739430690689]]]}},{"type":"Feature","properties":{"FID_Fisnet":0,"FID_PL":0,"NAMOBJ":"Kerban","FCODE":"BA03070040","METADATA":"TASWIL1000020230928_DATA_BATAS_DESAKELURAHAN","SRS_ID":"SRGI 2013","KDCPUM":"33.08.11","KDEPUM":"33.08.11.2002","KDPKAB":"33.08","KDPPUM":"33","WADMKC":"Tempuran","WADMKD":"Sumberarum","WADMKK":"Magelang","WADMPR":"Jawa Tengah","DUSUN":"Kerban","Toponimi":"Dusun Kerban","Shape_Leng":3646.39056914,"Shape_Le_1":0,"KETERANGAN":"2","KET_DETAIL":"Rumah","PL":"2","Shape_Le_2":64.8522525617,"Shape_Area":233.688928835},"geometry":{"type":"Polygon","coordinates":[[[110.1757749995835,-7.5688335655042875],[110.17583343650838,-7.568652483668045],[110.17583632009776,-7.568653313103872],[110.1759270816224,-7.568680124429272],[110.17591591100478,-7.5687162925739875],[110.17591851854665,-7.5687173819785265],[110.17591709347755,-7.568723673580451],[110.17591481031398,-7.5687231265743895],[110.17587541522178,-7.56885337450283],[110.17587394833528,-7.568853523682587],[110.1758703085178,-7.5688647676627365],[110.1757749995835,-7.5688335655042875]]]}},{"type":"Feature","properties":{"FID_Fisnet":0,"FID_PL":0,"NAMOBJ":"Kerban","FCODE":"BA03070040","METADATA":"TASWIL1000020230928_DATA_BATAS_DESAKELURAHAN","SRS_ID":"SRGI 2013","KDCPUM":"33.08.11","KDEPUM":"33.08.11.2002","KDPKAB":"33.08","KDPPUM":"33","WADMKC":"Tempuran","WADMKD":"Sumberarum","WADMKK":"Magelang","WADMPR":"Jawa Tengah","DUSUN":"Kerban","Toponimi":"Dusun Kerban","Shape_Leng":3646.39056914,"Shape_Le_1":0,"KETERANGAN":"2","KET_DETAIL":"Rumah","PL":"2","Shape_Le_2":72.135494106,"Shape_Area":242.657995272},"geometry":{"type":"Polygon","coordinates":[[[110.17633657806722,-7.56780993014824],[110.1763847727389,-7.567826695345106],[110.17639832481336,-7.567786048157272],[110.1765622768873,-7.567832308313269],[110.17655934918828,-7.567844221156023],[110.1765361742422,-7.567938513150361],[110.17631855975367,-7.567851671459719],[110.17632197021976,-7.5678437727223224],[110.17633657806722,-7.56780993014824]]]}},{"type":"Feature","properties":{"FID_Fisnet":4,"FID_PL":0,"NAMOBJ":"Kerban","FCODE":"BA03070040","METADATA":"TASWIL1000020230928_DATA_BATAS_DESAKELURAHAN","SRS_ID":"SRGI 2013","KDCPUM":"33.08.11","KDEPUM":"33.08.11.2002","KDPKAB":"33.08","KDPPUM":"33","WADMKC":"Tempuran","WADMKD":"Sumberarum","WADMKK":"Magelang","WADMPR":"Jawa Tengah","DUSUN":"Kerban","Toponimi":"Dusun Kerban","Shape_Leng":3646.39056914,"Shape_Le_1":12240.1679469,"KETERANGAN":null,"KET_DETAIL":null,"PL":"3","Shape_Le_2":551.418746519,"Shape_Area":1971.6365471},"geometry":{"type":"Polygon","coordinates":[[[110.17622097351078,-7.569359061090975],[110.17687103273346,-7.569568587119987],[110.17688444393217,-7.569574989957065],[110.17689054016938,-7.5695809466366875],[110.17689410040278,-7.569588236257397],[110.17689631755249,-7.569597306982205],[110.17689358034033,-7.569614878631454],[110.17678428574688,-7.56991677043655],[110.17678157613595,-7.5699202656676965],[110.17677914209675,-7.569922318768989],[110.17677560556108,-7.569923561180034],[110.17677185008728,-7.569923627349635],[110.17676569800818,-7.569923215043276],[110.17655647333657,-7.569881761697732],[110.17647455348428,-7.569872290741965],[110.17651038714472,-7.569786474177616],[110.17651268313631,-7.569781697418961],[110.17665811375406,-7.56983378276562],[110.17665982966716,-7.56983471852906],[110.17666854833982,-7.569810985990304],[110.17668440562375,-7.569766943204121],[110.1766924306893,-7.569769585886518],[110.17677719700286,-7.56980375908407],[110.17680270727726,-7.569739430690689],[110.17680372683105,-7.569736659471502],[110.17680961180812,-7.569720667569032],[110.17681516368337,-7.569706819566491],[110.17683558313122,-7.569649336631381],[110.1767512677819,-7.569616840306419],[110.17672935883002,-7.569672532260299],[110.17671720345996,-7.569703654266699],[110.176709040055,-7.569700830426942],[110.17670854382946,-7.5697020007950435],[110.17670373423266,-7.569713027306675],[110.17667878568186,-7.569703432457068],[110.1766948769066,-7.569664121462108],[110.17666398725814,-7.569651843546735],[110.17668350065189,-7.569599425822474],[110.1766315723256,-7.569578764308019],[110.17662263476541,-7.569575975183825],[110.17660280602848,-7.569625951109496],[110.17659545117559,-7.569646052011187],[110.17653261908615,-7.569625070501622],[110.17652030198559,-7.569662599552742],[110.17650286886526,-7.56971117714523],[110.17648907671479,-7.5697483759849735],[110.17648161292023,-7.569769995304833],[110.17647892008388,-7.569768949156926],[110.17643730988569,-7.569751991073022],[110.17645559169279,-7.569707576613702],[110.17645634341382,-7.569707901838988],[110.17645661169088,-7.569707915913141],[110.17646318189294,-7.569710100895601],[110.17646363494508,-7.56970827650512],[110.17650062842034,-7.569618850530861],[110.17642358942675,-7.569589012601588],[110.17638384864604,-7.56967647517102],[110.17637263334001,-7.56970657958935],[110.17635584329793,-7.569700959060858],[110.17634177720193,-7.569735393277253],[110.17635017267749,-7.5697382030905285],[110.17634056599377,-7.569758908447886],[110.17632797324612,-7.569754925728318],[110.17631601838939,-7.569783542681472],[110.17632791225901,-7.569787058271992],[110.17631922682197,-7.569814283977728],[110.17632132038695,-7.569817781047153],[110.17639639864073,-7.569848657256853],[110.17639217836395,-7.569859127716143],[110.17627647324842,-7.569818054465288],[110.17623758806056,-7.569805251280195],[110.1761777154799,-7.569788562561301],[110.17615220226493,-7.56978133816904],[110.17614229900714,-7.569777299927665],[110.17613433518267,-7.569767228833664],[110.17612938714502,-7.569753768916162],[110.1761291333692,-7.5697494585757115],[110.17613085010494,-7.5697413657949175],[110.17614297471619,-7.569694000143939],[110.17616955307902,-7.569542168717078],[110.17620893363295,-7.569368483850372],[110.17621129119158,-7.569364221860453],[110.17621359893087,-7.56936089682061],[110.17621716877416,-7.569359296301514],[110.17622097351078,-7.569359061090975]],[[110.17614969474273,-7.5696912704543395],[110.17624211677261,-7.5697230224486045],[110.17625112235578,-7.569699048061124],[110.17626380953085,-7.569702945939725],[110.17627041190781,-7.569686268899949],[110.17630741909429,-7.569701389435054],[110.17634147296643,-7.569619645122336],[110.1763434022331,-7.56961610138629],[110.17636392309268,-7.569624136698596],[110.17637447883462,-7.56959481883845],[110.1763541930535,-7.569587096922067],[110.17639170997545,-7.569491236551125],[110.17624103324923,-7.569428559670222],[110.17620023663,-7.569532167958287],[110.176206896528,-7.569534849674831],[110.17620182676565,-7.5695487465167295],[110.17619267106184,-7.56957301638555],[110.17617434149724,-7.569624911719286],[110.17617262091468,-7.569625004342311],[110.17617146939486,-7.569627577228454],[110.17617225555436,-7.5696288603666195],[110.17614969474273,-7.5696912704543395]]]}},{"type":"Feature","properties":{"FID_Fisnet":4,"FID_PL":0,"NAMOBJ":"Kerban","FCODE":"BA03070040","METADATA":"TASWIL1000020230928_DATA_BATAS_DESAKELURAHAN","SRS_ID":"SRGI 2013","KDCPUM":"33.08.11","KDEPUM":"33.08.11.2002","KDPKAB":"33.08","KDPPUM":"33","WADMKC":"Tempuran","WADMKD":"Sumberarum","WADMKK":"Magelang","WADMPR":"Jawa Tengah","DUSUN":"Kerban","Toponimi":"Dusun Kerban","Shape_Leng":3646.39056914,"Shape_Le_1":12240.1679469,"KETERANGAN":null,"KET_DETAIL":null,"PL":"3","Shape_Le_2":945.592745215,"Shape_Area":4237.70744422},"geometry":{"type":"Polygon","coordinates":[[[110.17546927648573,-7.569093975804367],[110.17544919232859,-7.569079388302957],[110.17543571197822,-7.5690636030954],[110.1754245235751,-7.569043265439351],[110.1754169541568,-7.569021225156984],[110.17541350241996,-7.568995966374325],[110.1754133458571,-7.568976751247386],[110.17541703151636,-7.568978598841985],[110.17543604709941,-7.5689864477356465],[110.17543843429368,-7.568989490408915],[110.17543122331526,-7.56900683921821],[110.17544914962154,-7.569015987601484],[110.17546674969915,-7.569023182588793],[110.17549445748472,-7.569034138540016],[110.17551128037715,-7.5689966795519545],[110.17552855644348,-7.569004093713244],[110.17553019019776,-7.5690024687345145],[110.17554625117573,-7.5689628918138565],[110.17552854055064,-7.568954723397338],[110.17553538277839,-7.56893967037009],[110.1755857282825,-7.568960361569901],[110.17558814475424,-7.568961352930954],[110.1756131009217,-7.5688919774608845],[110.17561494020477,-7.568888564708042],[110.17553330734349,-7.568857922007584],[110.17553285413665,-7.568859349328628],[110.175526517132,-7.568875177548834],[110.17546762280817,-7.5688513017697225],[110.17547378482705,-7.568836929436755],[110.1754874661457,-7.568792727918761],[110.17549222928875,-7.568757017095991],[110.17549519507904,-7.568737001075811],[110.17549641322402,-7.568723691202908],[110.17549632530223,-7.5687131927054185],[110.17549439177598,-7.568703231597667],[110.17549203217219,-7.568689482614742],[110.17548987904719,-7.568680603757452],[110.17548037805236,-7.568658074115361],[110.17547042355164,-7.56864190122451],[110.17541799063446,-7.5685539089338505],[110.17540374959775,-7.56852344253315],[110.1753971998606,-7.568509066957558],[110.17539303275323,-7.568494410072494],[110.1753898188432,-7.568479945836435],[110.17538765005825,-7.568467860557997],[110.17538662373293,-7.56845606325724],[110.17538673540632,-7.568447856192216],[110.17538990219819,-7.568423665460708],[110.17539181865034,-7.568414462356249],[110.1753922207561,-7.5684136915931175],[110.17539253647996,-7.568413063574848],[110.17539319713346,-7.568412179335982],[110.17539428770583,-7.568411152097603],[110.1753956927511,-7.568410155302022],[110.17539770055029,-7.568408215366656],[110.17539982243284,-7.568406819241208],[110.17540228823029,-7.568405223875625],[110.17540449537005,-7.568403799872459],[110.17540661600503,-7.568403060399077],[110.17540923572217,-7.568402987569042],[110.17550974262045,-7.568432427744939],[110.17596647369274,-7.568546674616827],[110.17596175891718,-7.568566957776945],[110.17595860566769,-7.568566843278155],[110.1759537823264,-7.568587017694933],[110.17596410861896,-7.568589749759743],[110.17595184811498,-7.568640432795481],[110.1759375633534,-7.5686916972040565],[110.1760245515402,-7.568713675056695],[110.17603295576846,-7.568715682614146],[110.17603175281089,-7.56872338834319],[110.17602558770349,-7.568748469757461],[110.17605972999404,-7.568754299468304],[110.17606451614921,-7.5687393881657],[110.1760831081998,-7.568744495647674],[110.17607927533632,-7.568758595622327],[110.17611209917789,-7.568767555061348],[110.17611723667449,-7.568753784070479],[110.17611864785822,-7.568754328522963],[110.17616250881075,-7.568764497309507],[110.17615634526008,-7.568789239548183],[110.17626928546534,-7.5688174286455165],[110.17628589797997,-7.5687484534189755],[110.17628284098501,-7.568747769280024],[110.1762891778917,-7.568720992279709],[110.17629750142751,-7.568722533871019],[110.17631565015206,-7.568649831457473],[110.17627285433481,-7.568637712825765],[110.17625402900298,-7.568708718052797],[110.1762402735504,-7.5687046227897055],[110.1762411318223,-7.568700386004744],[110.17622126340434,-7.568693905825802],[110.17622486160965,-7.568678313913548],[110.1761737422007,-7.568665161998846],[110.17616963426123,-7.568680922085442],[110.1761467037027,-7.568676470298074],[110.1761461895953,-7.568682763622841],[110.17613737203315,-7.56868075709534],[110.17614916288387,-7.5686344264408225],[110.17612929248078,-7.568629472117025],[110.17613664976722,-7.5686023578670305],[110.17609928678267,-7.5685927928930825],[110.17609500740839,-7.568609570198019],[110.17606216202502,-7.568602415161557],[110.17605946770864,-7.568612657859797],[110.17605095431956,-7.568610856318804],[110.17600150033546,-7.56859850166916],[110.17601038882866,-7.568555981546433],[110.17629134529031,-7.568626834276489],[110.1762975023719,-7.568629376654321],[110.17630087630623,-7.568630224198898],[110.17630483824358,-7.568632169087842],[110.17630979565332,-7.568634957026921],[110.17631585281073,-7.568639046785989],[110.17631843982771,-7.568643787546985],[110.17632110115237,-7.568652837405036],[110.1763229384086,-7.568661475070702],[110.17632104926751,-7.568680178016915],[110.1763147907149,-7.568721074144518],[110.17630978971988,-7.568751282564483],[110.17630458907927,-7.568777791271901],[110.1762981450499,-7.56880799786918],[110.17628983021335,-7.568847244855627],[110.17628399890218,-7.568880330674856],[110.17627941098011,-7.568909717699484],[110.17627130085249,-7.56894999346893],[110.1762658947113,-7.568975884929464],[110.1762600042645,-7.569002396854332],[110.1762538934877,-7.569020824998974],[110.17624650247524,-7.569047081736932],[110.17624350087881,-7.56906210042973],[110.17624132183883,-7.569072119791085],[110.17623838204553,-7.569084185463952],[110.17623566460304,-7.569093718100414],[110.17623304479355,-7.569107208938484],[110.17618430069749,-7.56927667931502],[110.17617391438196,-7.56929457568099],[110.17616561503463,-7.569302251716876],[110.17615594351305,-7.569306022315426],[110.17614754081696,-7.569307498830004],[110.17613307709418,-7.569304532826585],[110.17583768063142,-7.569214678409496],[110.17570095699998,-7.569173838439585],[110.17570181318615,-7.569169271516281],[110.17570709593807,-7.5691439369948315],[110.1757152457068,-7.569145817450297],[110.175722666694,-7.569146749533988],[110.17574135181133,-7.569072313374179],[110.1757451859564,-7.569056591668956],[110.17576519353769,-7.568983591612965],[110.17575905501901,-7.568981774657753],[110.17565155823083,-7.568953427488111],[110.17564508947846,-7.568951765477892],[110.17559911065763,-7.569108852297263],[110.17559095097063,-7.569137007884065],[110.17558959089733,-7.569140573496084],[110.17552075032734,-7.5691200110225205],[110.17546927648573,-7.569093975804367]],[[110.17595783000748,-7.568996396089812],[110.1759473613843,-7.569049048856432],[110.17593853344509,-7.569047730616058],[110.1759186598674,-7.56904396295645],[110.17585870870631,-7.569029099303316],[110.17584213056563,-7.569079929739829],[110.17581411860127,-7.569192390816391],[110.175822781575,-7.5691951396394055],[110.17586329849165,-7.5692054387136585],[110.17589117793857,-7.569214315560427],[110.17589218272704,-7.569207865784301],[110.17590133802985,-7.569169012040707],[110.1759219923943,-7.5691716433384695],[110.17592081474255,-7.569178908631426],[110.17592173073508,-7.569179123821159],[110.17594796482146,-7.569182371670346],[110.17599521752226,-7.569191665019231],[110.17599724239105,-7.569180257891708],[110.17599854437117,-7.5691733917103905],[110.17599923021537,-7.5691735621452265],[110.176024676202,-7.569179891881954],[110.17602219709687,-7.56919183722277],[110.1760640740516,-7.569199545697498],[110.17606706299681,-7.569187852766321],[110.17607199323166,-7.569186336223293],[110.17609237403568,-7.569190783197623],[110.17609442540625,-7.569184513582106],[110.17614674215106,-7.569193428463934],[110.17616440146998,-7.569110213237991],[110.17615811771124,-7.569108505455957],[110.17616533672324,-7.5690649447332525],[110.17613051806632,-7.569057757929793],[110.17613721967565,-7.569017929030539],[110.1761385792419,-7.569010807893122],[110.17604041605401,-7.568991462685337],[110.17596653738505,-7.568976233538892],[110.17596231346435,-7.568975733515017],[110.17595783000748,-7.568996396089812]],[[110.1760869835236,-7.568879926670205],[110.17610517338062,-7.568803723999387],[110.17610877519012,-7.568785758732456],[110.17604515750935,-7.568768527477545],[110.17603756044923,-7.568793022793761],[110.17603027788937,-7.568791273325156],[110.1760311750443,-7.568777060168433],[110.17601388817712,-7.568774856732363],[110.17601233806477,-7.568789719882361],[110.17602245085733,-7.56878984753658],[110.17602177763028,-7.568800697344799],[110.17601925722833,-7.568811001876048],[110.17601289819531,-7.568838442719015],[110.17602420273268,-7.5688410689987835],[110.17602080590063,-7.56885419205083],[110.17601981324003,-7.568861894559329],[110.17601542559964,-7.568881744186263],[110.1760707462544,-7.568897800217003],[110.1760797699777,-7.568899119728958],[110.17608437392161,-7.568879921737607],[110.1760869835236,-7.568879926670205]],[[110.17587541522178,-7.56885337450283],[110.17591481031398,-7.5687231265743895],[110.17591709347755,-7.568723673580451],[110.17591851854665,-7.5687173819785265],[110.17591591100478,-7.5687162925739875],[110.1759270816224,-7.568680124429272],[110.17583632009776,-7.568653313103872],[110.17583343650838,-7.568652483668045],[110.17585321251354,-7.568573486444181],[110.17583543447037,-7.5685678893582615],[110.17583757975717,-7.568557031480047],[110.17577680529376,-7.568544730474918],[110.1757577761653,-7.568639006725377],[110.17579935817555,-7.568649734730012],[110.17579366108642,-7.568669400981621],[110.17574247163331,-7.568654003959059],[110.1757372179371,-7.568671681185906],[110.17572145984668,-7.568666334838462],[110.1757244143901,-7.56865700797188],[110.17567583157425,-7.568642701250238],[110.1756700342227,-7.568660270718969],[110.17565536290127,-7.568655900552369],[110.17565952497269,-7.568640283483199],[110.17566642911729,-7.568612191545954],[110.1756350204793,-7.568602149372535],[110.17563381596099,-7.568606378265048],[110.17562001451749,-7.568601686842198],[110.17560631937333,-7.568598297170683],[110.17560669667236,-7.568596270033849],[110.17557222767306,-7.568585887409776],[110.17556322074327,-7.568616771124173],[110.17556495943337,-7.5686176418115245],[110.1755574048416,-7.568644104447277],[110.1755501844765,-7.568666878329745],[110.17554876744124,-7.568668937870321],[110.1755490888083,-7.568671542483987],[110.1755383481631,-7.568708000863437],[110.17557531685743,-7.568718035470493],[110.17556774997921,-7.568751442701561],[110.17558709764036,-7.568756254058422],[110.17558468880435,-7.568764605114352],[110.17561598579483,-7.568776166612359],[110.17563009320165,-7.568734307599751],[110.1756330312592,-7.568733661928553],[110.1756392761086,-7.568709081756449],[110.17565371228301,-7.568713176516296],[110.17564312014164,-7.5687463772329755],[110.17563388320887,-7.568742778917118],[110.1756203359404,-7.568776066301504],[110.17562098609517,-7.568777369081785],[110.17566825307712,-7.568797250363298],[110.17568292098319,-7.568803421348698],[110.1757749995835,-7.5688335655042875],[110.1758703085178,-7.5688647676627365],[110.17587394833528,-7.568853523682587],[110.17587541522178,-7.56885337450283]]]}},{"type":"Feature","properties":{"FID_Fisnet":4,"FID_PL":0,"NAMOBJ":"Kerban","FCODE":"BA03070040","METADATA":"TASWIL1000020230928_DATA_BATAS_DESAKELURAHAN","SRS_ID":"SRGI 2013","KDCPUM":"33.08.11","KDEPUM":"33.08.11.2002","KDPKAB":"33.08","KDPPUM":"33","WADMKC":"Tempuran","WADMKD":"Sumberarum","WADMKK":"Magelang","WADMPR":"Jawa Tengah","DUSUN":"Kerban","Toponimi":"Dusun Kerban","Shape_Leng":3646.39056914,"Shape_Le_1":12240.1679469,"KETERANGAN":null,"KET_DETAIL":null,"PL":"3","Shape_Le_2":228.023690572,"Shape_Area":611.277656565},"geometry":{"type":"Polygon","coordinates":[[[110.17664518370518,-7.569923971468753],[110.1767605110996,-7.569956344597481],[110.17676877382875,-7.56996080664306],[110.17677405971573,-7.5699643757678725],[110.17677715711704,-7.569969089452282],[110.17678028405507,-7.569979257224823],[110.17676728156681,-7.570175966755334],[110.17676591342007,-7.570236826829564],[110.17676327621463,-7.570236555930035],[110.1766325511368,-7.570212802370711],[110.17664551955062,-7.5701415771320715],[110.17666947286926,-7.570144957212517],[110.17667504963666,-7.570117995161852],[110.17667699092497,-7.57011814806886],[110.17670448358167,-7.569979776124367],[110.17662943198592,-7.569964443552943],[110.17662581707555,-7.569980239849624],[110.1766244084444,-7.569981214030018],[110.17659827922769,-7.5701013324592505],[110.17659952031345,-7.570102193158315],[110.17659460138076,-7.570125455306273],[110.17659163953009,-7.5701247822020035],[110.17657633920582,-7.570200122952081],[110.17656327558748,-7.570196837608988],[110.1765354603658,-7.570187032919356],[110.17653740892528,-7.570180488144771],[110.17655874585864,-7.570125812669655],[110.17657910073896,-7.570078025688311],[110.17658536210386,-7.570058582090262],[110.17659092446205,-7.570048292347661],[110.17659103067771,-7.570042951576619],[110.17661432059805,-7.569982255025909],[110.17652634323076,-7.569951187148842],[110.17650486119436,-7.5700082935991775],[110.17650321422066,-7.5700106747041955],[110.176502457708,-7.5700157401880475],[110.17649063322109,-7.570044440604887],[110.17648836048576,-7.570049380214051],[110.17648760281175,-7.570052669291224],[110.17646461660496,-7.570047409704473],[110.17645616906495,-7.570045283583418],[110.17646302981612,-7.570026674148989],[110.17648648729615,-7.569961755797257],[110.17645360829846,-7.569950284523294],[110.17645055857278,-7.569958661508103],[110.17641532160805,-7.56994545821342],[110.17643167405527,-7.56991132950824],[110.17643868135241,-7.569898606725624],[110.1764393708183,-7.569897824746254],[110.17644453709866,-7.569899458959767],[110.17645580827997,-7.569902005573872],[110.17646798376278,-7.569903286715873],[110.17650096415531,-7.569905269249762],[110.17651313056005,-7.5699056024752664],[110.17653346267006,-7.56990754844559],[110.1765471516976,-7.569909411314187],[110.17656728536319,-7.569910368308183],[110.17658897327291,-7.569911476572864],[110.17664518370518,-7.569923971468753]]]}},{"type":"Feature","properties":{"FID_Fisnet":2,"FID_PL":0,"NAMOBJ":"Kerban","FCODE":"BA03070040","METADATA":"TASWIL1000020230928_DATA_BATAS_DESAKELURAHAN","SRS_ID":"SRGI 2013","KDCPUM":"33.08.11","KDEPUM":"33.08.11.2002","KDPKAB":"33.08","KDPPUM":"33","WADMKC":"Tempuran","WADMKD":"Sumberarum","WADMKK":"Magelang","WADMPR":"Jawa Tengah","DUSUN":"Kerban","Toponimi":"Dusun Kerban","Shape_Leng":3646.39056914,"Shape_Le_1":12240.1679469,"KETERANGAN":null,"KET_DETAIL":null,"PL":"3","Shape_Le_2":23.1291458351,"Shape_Area":26.9810912176},"geometry":{"type":"Polygon","coordinates":[[[110.17727173652743,-7.569667368844596],[110.1772695390466,-7.569673737684429],[110.17719522664456,-7.569649572522837],[110.17719733262349,-7.569640788540923],[110.17719810100716,-7.569637584503446],[110.17720115595975,-7.569625485573506],[110.17720512516291,-7.5696245614489515],[110.17722564607926,-7.569630187179558],[110.17724500720345,-7.569635580981219],[110.17727392230067,-7.569645181477778],[110.17727694726428,-7.569649378562447],[110.17727248481874,-7.569665200402151],[110.17727173652743,-7.569667368844596]]]}},{"type":"Feature","properties":{"FID_Fisnet":4,"FID_PL":0,"NAMOBJ":"Kerban","FCODE":"BA03070040","METADATA":"TASWIL1000020230928_DATA_BATAS_DESAKELURAHAN","SRS_ID":"SRGI 2013","KDCPUM":"33.08.11","KDEPUM":"33.08.11.2002","KDPKAB":"33.08","KDPPUM":"33","WADMKC":"Tempuran","WADMKD":"Sumberarum","WADMKK":"Magelang","WADMPR":"Jawa Tengah","DUSUN":"Kerban","Toponimi":"Dusun Kerban","Shape_Leng":3646.39056914,"Shape_Le_1":12240.1679469,"KETERANGAN":null,"KET_DETAIL":null,"PL":"3","Shape_Le_2":238.280557912,"Shape_Area":468.292121965},"geometry":{"type":"Polygon","coordinates":[[[110.17707137928,-7.569153270446475],[110.17706361648732,-7.569186319169073],[110.17705218634337,-7.569184435258143],[110.177039624781,-7.569227109473369],[110.17703510179966,-7.569241871142045],[110.17710268168318,-7.569258108481171],[110.17714093558064,-7.569265864283983],[110.17718921566386,-7.569277364576325],[110.17721528110705,-7.569282562098045],[110.1772118182569,-7.569293708742362],[110.17715677213471,-7.569281960513709],[110.1771497298571,-7.569304066352973],[110.17706133311877,-7.569283875115126],[110.1770313980901,-7.569278218036738],[110.17701546987439,-7.569350614442921],[110.17701174123398,-7.569368558677776],[110.17714161403357,-7.5694004481248],[110.17718313027322,-7.569410072414826],[110.17717346844886,-7.569459885766295],[110.17717087387443,-7.569469163578078],[110.17711723277995,-7.5694602417908765],[110.17712192688448,-7.569445581746615],[110.17709440647405,-7.569438544466362],[110.17708876989406,-7.569457394105369],[110.17701225679559,-7.569445142231028],[110.17700283941271,-7.569489364523873],[110.17699216019038,-7.56954319094791],[110.17708227463113,-7.569560530899401],[110.17709241340438,-7.569504900816936],[110.17709545560736,-7.5695004827339805],[110.17715871781662,-7.569512620035447],[110.17715302947158,-7.5695329565478655],[110.17713151720163,-7.569601761568007],[110.1771594716895,-7.5696117274782],[110.17715657898441,-7.569630520793282],[110.17715485187586,-7.56963644551471],[110.1769791886055,-7.569579329494826],[110.1769639122904,-7.569573235185204],[110.17695949373112,-7.569572124276689],[110.17695122765987,-7.569560345865701],[110.17694773561009,-7.569556295327844],[110.17694681955925,-7.5695537203438015],[110.17694828832158,-7.569539200737814],[110.17701708330995,-7.569274139829172],[110.17705451100154,-7.569149238070626],[110.17707137928,-7.569153270446475]]]}},{"type":"Feature","properties":{"FID_Fisnet":0,"FID_PL":0,"NAMOBJ":"Kerban","FCODE":"BA03070040","METADATA":"TASWIL1000020230928_DATA_BATAS_DESAKELURAHAN","SRS_ID":"SRGI 2013","KDCPUM":"33.08.11","KDEPUM":"33.08.11.2002","KDPKAB":"33.08","KDPPUM":"33","WADMKC":"Tempuran","WADMKD":"Sumberarum","WADMKK":"Magelang","WADMPR":"Jawa Tengah","DUSUN":"Kerban","Toponimi":"Dusun Kerban","Shape_Leng":3646.39056914,"Shape_Le_1":0,"KETERANGAN":"2","KET_DETAIL":"Rumah","PL":"2","Shape_Le_2":33.0062701312,"Shape_Area":42.5294330116},"geometry":{"type":"Polygon","coordinates":[[[110.17640783223392,-7.570377911698778],[110.17645561599626,-7.57028656058666],[110.17646535305592,-7.57029125335394],[110.1764605530003,-7.570302021197155],[110.17649158720202,-7.570317435246252],[110.17648212485403,-7.570336590594593],[110.17647155283223,-7.570331014378984],[110.17643620543848,-7.570390786362315],[110.17643380816044,-7.570394004504597],[110.17640726658405,-7.570378885662351],[110.17640783223392,-7.570377911698778]]]}},{"type":"Feature","properties":{"FID_Fisnet":0,"FID_PL":0,"NAMOBJ":"Kerban","FCODE":"BA03070040","METADATA":"TASWIL1000020230928_DATA_BATAS_DESAKELURAHAN","SRS_ID":"SRGI 2013","KDCPUM":"33.08.11","KDEPUM":"33.08.11.2002","KDPKAB":"33.08","KDPPUM":"33","WADMKC":"Tempuran","WADMKD":"Sumberarum","WADMKK":"Magelang","WADMPR":"Jawa Tengah","DUSUN":"Kerban","Toponimi":"Dusun Kerban","Shape_Leng":3646.39056914,"Shape_Le_1":0,"KETERANGAN":"2","KET_DETAIL":"Rumah","PL":"2","Shape_Le_2":27.5619722924,"Shape_Area":46.8295747379},"geometry":{"type":"Polygon","coordinates":[[[110.17719869164812,-7.569857210390146],[110.17718807357507,-7.56990938715804],[110.17711750713305,-7.569893979925142],[110.17713074058166,-7.569842594997902],[110.17713190628322,-7.569840667031917],[110.17719869164812,-7.569857210390146]]]}},{"type":"Feature","properties":{"FID_Fisnet":0,"FID_PL":0,"NAMOBJ":"Kerban","FCODE":"BA03070040","METADATA":"TASWIL1000020230928_DATA_BATAS_DESAKELURAHAN","SRS_ID":"SRGI 2013","KDCPUM":"33.08.11","KDEPUM":"33.08.11.2002","KDPKAB":"33.08","KDPPUM":"33","WADMKC":"Tempuran","WADMKD":"Sumberarum","WADMKK":"Magelang","WADMPR":"Jawa Tengah","DUSUN":"Kerban","Toponimi":"Dusun Kerban","Shape_Leng":3646.39056914,"Shape_Le_1":0,"KETERANGAN":"2","KET_DETAIL":"Rumah","PL":"2","Shape_Le_2":44.8567297642,"Shape_Area":126.025310828},"geometry":{"type":"Polygon","coordinates":[[[110.17548983728724,-7.569451209394914],[110.17552636046622,-7.569356069918744],[110.1755381770731,-7.5693630287485725],[110.17561932179045,-7.569407813026426],[110.1755947926204,-7.569462340406804],[110.17557371852237,-7.569498383075411],[110.17549275848687,-7.569452283114961],[110.17548983728724,-7.569451209394914]]]}},{"type":"Feature","properties":{"FID_Fisnet":0,"FID_PL":0,"NAMOBJ":"Kerban","FCODE":"BA03070040","METADATA":"TASWIL1000020230928_DATA_BATAS_DESAKELURAHAN","SRS_ID":"SRGI 2013","KDCPUM":"33.08.11","KDEPUM":"33.08.11.2002","KDPKAB":"33.08","KDPPUM":"33","WADMKC":"Tempuran","WADMKD":"Sumberarum","WADMKK":"Magelang","WADMPR":"Jawa Tengah","DUSUN":"Kerban","Toponimi":"Dusun Kerban","Shape_Leng":3646.39056914,"Shape_Le_1":0,"KETERANGAN":"2","KET_DETAIL":"Rumah","PL":"2","Shape_Le_2":62.0191533711,"Shape_Area":186.497226078},"geometry":{"type":"Polygon","coordinates":[[[110.17603338672714,-7.56899001036551],[110.17599724239105,-7.569180257891708],[110.17599521661067,-7.569191667730952],[110.17594796391504,-7.5691823716686315],[110.17592172983036,-7.569179122914966],[110.17592081474255,-7.569178908631426],[110.17592199239257,-7.569171644242951],[110.1759234378655,-7.569162723348289],[110.17593682683702,-7.569097751621267],[110.17594122210741,-7.569073887011084],[110.17594252839085,-7.569073347695473],[110.1759473613843,-7.569049048856432],[110.17595783091733,-7.568996394282553],[110.17596231346435,-7.568975733515017],[110.17596653647863,-7.568976233537179],[110.17603338672714,-7.56899001036551]]]}},{"type":"Feature","properties":{"FID_Fisnet":0,"FID_PL":0,"NAMOBJ":"Kerban","FCODE":"BA03070040","METADATA":"TASWIL1000020230928_DATA_BATAS_DESAKELURAHAN","SRS_ID":"SRGI 2013","KDCPUM":"33.08.11","KDEPUM":"33.08.11.2002","KDPKAB":"33.08","KDPPUM":"33","WADMKC":"Tempuran","WADMKD":"Sumberarum","WADMKK":"Magelang","WADMPR":"Jawa Tengah","DUSUN":"Kerban","Toponimi":"Dusun Kerban","Shape_Leng":3646.39056914,"Shape_Le_1":0,"KETERANGAN":"2","KET_DETAIL":"Rumah","PL":"2","Shape_Le_2":45.8832734489,"Shape_Area":84.3096202497},"geometry":{"type":"Polygon","coordinates":[[[110.1749060716239,-7.567984868200504],[110.17488808811072,-7.568078801769042],[110.17487467210495,-7.568076400300164],[110.17486490458846,-7.568121143753345],[110.17483202652389,-7.56811786427625],[110.17484560087674,-7.568051273016131],[110.17485043141679,-7.5680239957275095],[110.17486178698535,-7.567972103535995],[110.17486452916705,-7.5679581498457935],[110.17486708181478,-7.567958549031722],[110.17490869491063,-7.5679657487844665],[110.1749060716239,-7.567984868200504]]]}},{"type":"Feature","properties":{"FID_Fisnet":0,"FID_PL":0,"NAMOBJ":"Kerban","FCODE":"BA03070040","METADATA":"TASWIL1000020230928_DATA_BATAS_DESAKELURAHAN","SRS_ID":"SRGI 2013","KDCPUM":"33.08.11","KDEPUM":"33.08.11.2002","KDPKAB":"33.08","KDPPUM":"33","WADMKC":"Tempuran","WADMKD":"Sumberarum","WADMKK":"Magelang","WADMPR":"Jawa Tengah","DUSUN":"Kerban","Toponimi":"Dusun Kerban","Shape_Leng":3646.39056914,"Shape_Le_1":0,"KETERANGAN":"2","KET_DETAIL":"Rumah","PL":"2","Shape_Le_2":52.6339153131,"Shape_Area":113.713045779},"geometry":{"type":"Polygon","coordinates":[[[110.17583801163336,-7.568282320962361],[110.17579403451865,-7.568452219083138],[110.17579371366728,-7.5684550703108115],[110.17577574509492,-7.568451479910163],[110.1757743826968,-7.5684600907240025],[110.17574412057952,-7.568453452486943],[110.17575639783767,-7.5684025469875476],[110.17576829777978,-7.568345084178],[110.17578620568293,-7.568271308621027],[110.17583801163336,-7.568282320962361]]]}},{"type":"Feature","properties":{"FID_Fisnet":0,"FID_PL":0,"NAMOBJ":"Kerban","FCODE":"BA03070040","METADATA":"TASWIL1000020230928_DATA_BATAS_DESAKELURAHAN","SRS_ID":"SRGI 2013","KDCPUM":"33.08.11","KDEPUM":"33.08.11.2002","KDPKAB":"33.08","KDPPUM":"33","WADMKC":"Tempuran","WADMKD":"Sumberarum","WADMKK":"Magelang","WADMPR":"Jawa Tengah","DUSUN":"Kerban","Toponimi":"Dusun Kerban","Shape_Leng":3646.39056914,"Shape_Le_1":0,"KETERANGAN":"2","KET_DETAIL":"Rumah","PL":"2","Shape_Le_2":57.5629023342,"Shape_Area":175.090174025},"geometry":{"type":"Polygon","coordinates":[[[110.17603542793597,-7.568291021725632],[110.17599993606363,-7.5684532342422],[110.17599871455982,-7.568459727929165],[110.17597809747274,-7.568455621497427],[110.17596614349861,-7.568452751588456],[110.17593822099414,-7.568446048142077],[110.17591694955229,-7.568440941921506],[110.17591167377186,-7.568439224284257],[110.17591654276228,-7.56842126412815],[110.17592142863128,-7.568399665269349],[110.1759369299607,-7.568331132963924],[110.17593769506436,-7.56832774983542],[110.1759421622619,-7.56830609772461],[110.17594421329093,-7.568306690420123],[110.1759663056466,-7.568310524678645],[110.17597566264136,-7.568275705304066],[110.17602012434152,-7.568287869620004],[110.17603102894611,-7.568290115259398],[110.17603542793597,-7.568291021725632]]]}},{"type":"Feature","properties":{"FID_Fisnet":0,"FID_PL":0,"NAMOBJ":"Kerban","FCODE":"BA03070040","METADATA":"TASWIL1000020230928_DATA_BATAS_DESAKELURAHAN","SRS_ID":"SRGI 2013","KDCPUM":"33.08.11","KDEPUM":"33.08.11.2002","KDPKAB":"33.08","KDPPUM":"33","WADMKC":"Tempuran","WADMKD":"Sumberarum","WADMKK":"Magelang","WADMPR":"Jawa Tengah","DUSUN":"Kerban","Toponimi":"Dusun Kerban","Shape_Leng":3646.39056914,"Shape_Le_1":0,"KETERANGAN":"2","KET_DETAIL":"Rumah","PL":"2","Shape_Le_2":46.5628217976,"Shape_Area":135.114754863},"geometry":{"type":"Polygon","coordinates":[[[110.1765079172719,-7.568395264385491],[110.17649408723607,-7.568484947594012],[110.1763969478125,-7.568469258522148],[110.17640584268895,-7.568419530574111],[110.17641701513568,-7.568355620113333],[110.17651004146946,-7.568373057914228],[110.17651035931195,-7.568374656736078],[110.1765079172719,-7.568395264385491]]]}},{"type":"Feature","properties":{"FID_Fisnet":0,"FID_PL":0,"NAMOBJ":"Kerban","FCODE":"BA03070040","METADATA":"TASWIL1000020230928_DATA_BATAS_DESAKELURAHAN","SRS_ID":"SRGI 2013","KDCPUM":"33.08.11","KDEPUM":"33.08.11.2002","KDPKAB":"33.08","KDPPUM":"33","WADMKC":"Tempuran","WADMKD":"Sumberarum","WADMKK":"Magelang","WADMPR":"Jawa Tengah","DUSUN":"Kerban","Toponimi":"Dusun Kerban","Shape_Leng":3646.39056914,"Shape_Le_1":0,"KETERANGAN":"2","KET_DETAIL":"Rumah","PL":"2","Shape_Le_2":52.003155058,"Shape_Area":167.893853678},"geometry":{"type":"Polygon","coordinates":[[[110.17734632332366,-7.568736703327589],[110.17737316055829,-7.568746924888276],[110.17734245823995,-7.568844817948612],[110.17724321354575,-7.56881452220063],[110.17722585064324,-7.56880890967145],[110.17721409877639,-7.568804129907989],[110.17721491978187,-7.568802333345252],[110.17726065477596,-7.568701826674622],[110.17726624856397,-7.56870410658067],[110.17734632332366,-7.568736703327589]]]}},{"type":"Feature","properties":{"FID_Fisnet":2,"FID_PL":0,"NAMOBJ":"Kerban","FCODE":"BA03070040","METADATA":"TASWIL1000020230928_DATA_BATAS_DESAKELURAHAN","SRS_ID":"SRGI 2013","KDCPUM":"33.08.11","KDEPUM":"33.08.11.2002","KDPKAB":"33.08","KDPPUM":"33","WADMKC":"Tempuran","WADMKD":"Sumberarum","WADMKK":"Magelang","WADMPR":"Jawa Tengah","DUSUN":"Kerban","Toponimi":"Dusun Kerban","Shape_Leng":3646.39056914,"Shape_Le_1":12240.1679469,"KETERANGAN":null,"KET_DETAIL":null,"PL":"26","Shape_Le_2":202.123536948,"Shape_Area":1981.27757466},"geometry":{"type":"Polygon","coordinates":[[[110.17288281074975,-7.565629180440642],[110.17286459298239,-7.56570557192577],[110.17274409915362,-7.566163912239529],[110.17273021427962,-7.566224000499965],[110.17271465156104,-7.56626175662334],[110.17269656462804,-7.566269450203362],[110.17266215368784,-7.56626251537142],[110.17246860821929,-7.566216634555043],[110.17246087268036,-7.566211467039398],[110.17248336550375,-7.566149680229198],[110.17268209915215,-7.565568655248314],[110.1726856349375,-7.56556303426774],[110.1727004448374,-7.565560248519959],[110.17275716915307,-7.565574777194675],[110.17286815186264,-7.5656031279676546],[110.17288259533343,-7.565608079364697],[110.17288434937109,-7.565612303910473],[110.17288281074975,-7.565629180440642]]]}},{"type":"Feature","properties":{"FID_Fisnet":2,"FID_PL":0,"NAMOBJ":"Kerban","FCODE":"BA03070040","METADATA":"TASWIL1000020230928_DATA_BATAS_DESAKELURAHAN","SRS_ID":"SRGI 2013","KDCPUM":"33.08.11","KDEPUM":"33.08.11.2002","KDPKAB":"33.08","KDPPUM":"33","WADMKC":"Tempuran","WADMKD":"Sumberarum","WADMKK":"Magelang","WADMPR":"Jawa Tengah","DUSUN":"Kerban","Toponimi":"Dusun Kerban","Shape_Leng":3646.39056914,"Shape_Le_1":12240.1679469,"KETERANGAN":null,"KET_DETAIL":null,"PL":"23","Shape_Le_2":205.175848816,"Shape_Area":1913.78282332},"geometry":{"type":"Polygon","coordinates":[[[110.17268210186968,-7.565568656157953],[110.17248336550375,-7.566149680229198],[110.17246087359196,-7.566211464327685],[110.17244929472774,-7.566235353243406],[110.1724421593424,-7.56624059474271],[110.1724269797963,-7.5662399472676185],[110.17224812926062,-7.566196944269595],[110.17223831368217,-7.566187869056872],[110.17223684547528,-7.566164468221634],[110.17228322435336,-7.566038511249081],[110.17248532350331,-7.565517537721857],[110.1724896963075,-7.565509334225742],[110.17250228837565,-7.565505976261243],[110.17268210186968,-7.565568656157953]]]}},{"type":"Feature","properties":{"FID_Fisnet":2,"FID_PL":0,"NAMOBJ":"Kerban","FCODE":"BA03070040","METADATA":"TASWIL1000020230928_DATA_BATAS_DESAKELURAHAN","SRS_ID":"SRGI 2013","KDCPUM":"33.08.11","KDEPUM":"33.08.11.2002","KDPKAB":"33.08","KDPPUM":"33","WADMKC":"Tempuran","WADMKD":"Sumberarum","WADMKK":"Magelang","WADMPR":"Jawa Tengah","DUSUN":"Kerban","Toponimi":"Dusun Kerban","Shape_Leng":3646.39056914,"Shape_Le_1":12240.1679469,"KETERANGAN":null,"KET_DETAIL":null,"PL":"32","Shape_Le_2":157.668386237,"Shape_Area":1550.26559047},"geometry":{"type":"Polygon","coordinates":[[[110.17377641904052,-7.565844018464702],[110.17377494413772,-7.565865534212807],[110.17376692009687,-7.565896698329197],[110.17374963606133,-7.565964526185967],[110.17373361214527,-7.5660146267638195],[110.17366405600198,-7.566207482568603],[110.1736610277814,-7.5661983596469105],[110.17360675074269,-7.566179515908345],[110.17359863982128,-7.566173928924708],[110.17339980804685,-7.566097069019787],[110.1733556790825,-7.566080270530025],[110.17334807865483,-7.566073164979624],[110.17332579750529,-7.5660452646821845],[110.17331516500893,-7.566031062241306],[110.17331314909396,-7.5660234607675685],[110.17339054752335,-7.565895460430391],[110.17344358327847,-7.565766400875481],[110.17345120780774,-7.565760843715865],[110.17345678845885,-7.565762373824139],[110.1737464651465,-7.565847003483759],[110.17376778124567,-7.5658485634034776],[110.17377641904052,-7.565844018464702]]]}},{"type":"Feature","properties":{"FID_Fisnet":2,"FID_PL":0,"NAMOBJ":"Kerban","FCODE":"BA03070040","METADATA":"TASWIL1000020230928_DATA_BATAS_DESAKELURAHAN","SRS_ID":"SRGI 2013","KDCPUM":"33.08.11","KDEPUM":"33.08.11.2002","KDPKAB":"33.08","KDPPUM":"33","WADMKC":"Tempuran","WADMKD":"Sumberarum","WADMKK":"Magelang","WADMPR":"Jawa Tengah","DUSUN":"Kerban","Toponimi":"Dusun Kerban","Shape_Leng":3646.39056914,"Shape_Le_1":12240.1679469,"KETERANGAN":null,"KET_DETAIL":null,"PL":"32","Shape_Le_2":1596.7790844,"Shape_Area":12970.3317511},"geometry":{"type":"Polygon","coordinates":[[[110.17189156650669,-7.564835895460576],[110.17187422131484,-7.5648719830177],[110.17187190449872,-7.564874837686323],[110.17186990217918,-7.5648781840858845],[110.17185865946307,-7.5648750576503145],[110.17184519933328,-7.564872093428506],[110.17184366450248,-7.564871754951126],[110.17184197112631,-7.564871375470985],[110.17184046532758,-7.564871498334596],[110.17183902099875,-7.564872183902779],[110.17183870188626,-7.564875063167787],[110.17182476223104,-7.564935326759406],[110.17182598362774,-7.564937468178949],[110.17182950217577,-7.5649394620077155],[110.17183930041504,-7.564941926333753],[110.1720643359239,-7.565024032865953],[110.17218977451549,-7.564657945759712],[110.1722494208921,-7.564678708297385],[110.17222355425255,-7.564748676977778],[110.1721466837777,-7.564929668093288],[110.17222742576485,-7.564955426339442],[110.17221209418956,-7.564991761039959],[110.17214710047884,-7.5651138033607275],[110.17214239261216,-7.565115185517376],[110.17212026606938,-7.565113230534337],[110.17211200531182,-7.565113515140538],[110.1721104801158,-7.565114778520159],[110.17210895274704,-7.565117181543123],[110.17210494653085,-7.565124701942643],[110.17205698813318,-7.5653042229566765],[110.17205872487548,-7.565307530327136],[110.17206759771761,-7.565315198186719],[110.17207524559382,-7.565322120236264],[110.17208259261118,-7.565329479483855],[110.17209655609581,-7.565335627528173],[110.17238417897272,-7.565407959510691],[110.17240780547658,-7.565409535637108],[110.17241245268397,-7.565409544456372],[110.17241895981611,-7.5654086297109835],[110.17242678650854,-7.565405912123171],[110.1724684853276,-7.565290443651411],[110.17247854266057,-7.565285379545955],[110.17249085526228,-7.565275510587775],[110.17249959688223,-7.56526642537065],[110.17250357452707,-7.565260101542716],[110.17252389069421,-7.565182283166631],[110.17270945884663,-7.564688814136504],[110.17272349384994,-7.564661697245538],[110.17280535306378,-7.564690037990562],[110.17342810436382,-7.564849722013929],[110.17341478759225,-7.5648981037702985],[110.1733462105084,-7.564873819585884],[110.17334466674671,-7.564878171742583],[110.1733317118189,-7.5648750285311825],[110.17330913890805,-7.5648680510767345],[110.17326815031362,-7.564861038711816],[110.17324071398296,-7.564853358296628],[110.17321914610943,-7.564845050440483],[110.17319505992926,-7.564924005887977],[110.17321051000619,-7.564928696880758],[110.17318736877736,-7.564985983624927],[110.17317648528262,-7.5650203107095075],[110.17316986727258,-7.565030428365003],[110.17315919333238,-7.565038005779891],[110.17314548851667,-7.565044051586246],[110.17314132366684,-7.5650477782974725],[110.17314041112296,-7.565050993811084],[110.17306505805318,-7.565305887823612],[110.17304030948816,-7.565360427307518],[110.17302649833091,-7.565416117228871],[110.17299590535737,-7.565530510597017],[110.17299099849247,-7.565548330446864],[110.17299130076451,-7.565560000650954],[110.17299551171007,-7.565566816675233],[110.17300946361469,-7.565574297877389],[110.17317865701264,-7.565627283096162],[110.17318534583535,-7.565631868841217],[110.17318813288708,-7.565649109036871],[110.173178171128,-7.565697279159812],[110.1731687932659,-7.565738699333056],[110.17287448769085,-7.565664068625485],[110.1728828107532,-7.5656291786316725],[110.17288434937109,-7.565612303910473],[110.17288259533343,-7.565608079364697],[110.17286815186264,-7.5656031279676546],[110.17275716915307,-7.565574777194675],[110.1727004448374,-7.565560248519959],[110.1726856349375,-7.56556303426774],[110.17268210186968,-7.565568656157953],[110.17250228837565,-7.565505976261243],[110.1724896963075,-7.565509334225742],[110.17248532350331,-7.565517537721857],[110.17228322435336,-7.566038511249081],[110.17223684547528,-7.566164468221634],[110.17223831368217,-7.566187869056872],[110.17224812926062,-7.566196944269595],[110.1724269797963,-7.5662399472676185],[110.1724421593424,-7.56624059474271],[110.17244929472774,-7.566235353243406],[110.17246087359196,-7.566211464327685],[110.17246860821929,-7.566216634555043],[110.17266215368784,-7.56626251537142],[110.17269656462804,-7.566269450203362],[110.17271465156104,-7.56626175662334],[110.17273021427962,-7.566224000499965],[110.17274409734078,-7.56616391223609],[110.17305924603352,-7.5662273263102096],[110.17359732854295,-7.5663304380780545],[110.17360496917686,-7.566340235440817],[110.17361358292202,-7.5663469033296105],[110.17363806403603,-7.5663619243372],[110.1739016105558,-7.566436658218893],[110.17397372693964,-7.566453616409092],[110.17393922860678,-7.566563096545329],[110.1739190323956,-7.566611775517918],[110.1739070257827,-7.5666427991311584],[110.17350143226453,-7.566501986773807],[110.17322282621173,-7.566427389619025],[110.1729774948256,-7.566378627727018],[110.17289381104298,-7.566365787250907],[110.17247764042746,-7.566283848390693],[110.17213042543949,-7.566218451901195],[110.17224434561575,-7.565797685105943],[110.17214032317601,-7.565764187316814],[110.17215626736194,-7.5657174829945415],[110.17218101430329,-7.565641518199813],[110.17223656640476,-7.565465958747644],[110.1722185364909,-7.565459923284426],[110.17221873670815,-7.565450467303612],[110.17216321385074,-7.56541908400953],[110.17217447806418,-7.56538241597889],[110.17210992212745,-7.565361806908066],[110.17206456418118,-7.5653478659396285],[110.17206411925093,-7.565346375412865],[110.17206150723639,-7.56534622211879],[110.1720593405798,-7.5653473350407126],[110.17196494012936,-7.565323237682457],[110.17163875279614,-7.565218601872887],[110.17157519519327,-7.565195931500856],[110.17145140046047,-7.5651514201182],[110.17144643228919,-7.565008944815838],[110.17144423737463,-7.5649735618324785],[110.17146498545551,-7.56497587783171],[110.17169580043094,-7.565026040177501],[110.17173217740023,-7.564848523258462],[110.17181182180119,-7.564623735241002],[110.1718423558364,-7.564633996684641],[110.17188511410471,-7.564648879724536],[110.17182393894028,-7.564806661714756],[110.17182617306999,-7.56481151759918],[110.17184747110166,-7.564820139768602],[110.17189156650669,-7.564835895460576]],[[110.1727214767299,-7.564983039695259],[110.17270852877465,-7.564982899359896],[110.17270317245665,-7.564984472043087],[110.17269900272042,-7.564987431739503],[110.17269681697894,-7.564989999940771],[110.17268821998036,-7.564998351902216],[110.17262469707764,-7.56518009021368],[110.17262366834193,-7.56518910142757],[110.1726246478998,-7.565195434661762],[110.1726282117198,-7.565198409029323],[110.17264815675045,-7.565208328337279],[110.17296628085998,-7.565322965266942],[110.17297565751934,-7.565321204837028],[110.17297973150094,-7.565318074913878],[110.17303323375278,-7.5651739620916185],[110.17305458578355,-7.565098088472308],[110.17305530963614,-7.565092575215987],[110.17305531491023,-7.565089805701035],[110.17305277084498,-7.565085861856352],[110.1727214767299,-7.564983039695259]]]}},{"type":"Feature","properties":{"FID_Fisnet":2,"FID_PL":0,"NAMOBJ":"Kerban","FCODE":"BA03070040","METADATA":"TASWIL1000020230928_DATA_BATAS_DESAKELURAHAN","SRS_ID":"SRGI 2013","KDCPUM":"33.08.11","KDEPUM":"33.08.11.2002","KDPKAB":"33.08","KDPPUM":"33","WADMKC":"Tempuran","WADMKD":"Sumberarum","WADMKK":"Magelang","WADMPR":"Jawa Tengah","DUSUN":"Kerban","Toponimi":"Dusun Kerban","Shape_Leng":3646.39056914,"Shape_Le_1":12240.1679469,"KETERANGAN":null,"KET_DETAIL":null,"PL":"23","Shape_Le_2":307.928214703,"Shape_Area":5855.91612147},"geometry":{"type":"Polygon","coordinates":[[[110.17281983160858,-7.567433715603365],[110.1727565617683,-7.5674106162817125],[110.1727047706565,-7.56740477454574],[110.1726117961284,-7.567476904222936],[110.17237622103156,-7.5674504903084525],[110.17219590438685,-7.567430271976826],[110.17199158077041,-7.567407364177906],[110.17218326165556,-7.566784695597742],[110.17222377263892,-7.566755617434579],[110.17226197919976,-7.566755689968525],[110.17244392405644,-7.566809860167177],[110.17289997176617,-7.5669116458363845],[110.17290441116674,-7.566940809338509],[110.17288633738511,-7.566990113653756],[110.17281983160858,-7.567433715603365]]]}},{"type":"Feature","properties":{"FID_Fisnet":2,"FID_PL":0,"NAMOBJ":"Kerban","FCODE":"BA03070040","METADATA":"TASWIL1000020230928_DATA_BATAS_DESAKELURAHAN","SRS_ID":"SRGI 2013","KDCPUM":"33.08.11","KDEPUM":"33.08.11.2002","KDPKAB":"33.08","KDPPUM":"33","WADMKC":"Tempuran","WADMKD":"Sumberarum","WADMKK":"Magelang","WADMPR":"Jawa Tengah","DUSUN":"Kerban","Toponimi":"Dusun Kerban","Shape_Leng":3646.39056914,"Shape_Le_1":12240.1679469,"KETERANGAN":null,"KET_DETAIL":null,"PL":"26","Shape_Le_2":203.351261791,"Shape_Area":2315.95344019},"geometry":{"type":"Polygon","coordinates":[[[110.17300772915078,-7.569361929755538],[110.17294183200919,-7.5693936262115535],[110.17292212473352,-7.569384892220499],[110.17291062106834,-7.569375463777215],[110.17264853089978,-7.5689154198121615],[110.17260286531459,-7.568832046613023],[110.17260945289786,-7.568810829113338],[110.17277167918179,-7.568703354395779],[110.17279131870116,-7.568703391665882],[110.17314564107211,-7.569131928322236],[110.17317664891746,-7.569177713240613],[110.17316674248565,-7.569223420546849],[110.17308966443953,-7.569306560855492],[110.17300772915078,-7.569361929755538]]]}},{"type":"Feature","properties":{"FID_Fisnet":2,"FID_PL":0,"NAMOBJ":"Kerban","FCODE":"BA03070040","METADATA":"TASWIL1000020230928_DATA_BATAS_DESAKELURAHAN","SRS_ID":"SRGI 2013","KDCPUM":"33.08.11","KDEPUM":"33.08.11.2002","KDPKAB":"33.08","KDPPUM":"33","WADMKC":"Tempuran","WADMKD":"Sumberarum","WADMKK":"Magelang","WADMPR":"Jawa Tengah","DUSUN":"Kerban","Toponimi":"Dusun Kerban","Shape_Leng":3646.39056914,"Shape_Le_1":12240.1679469,"KETERANGAN":null,"KET_DETAIL":null,"PL":"29","Shape_Le_2":174.05314666,"Shape_Area":1776.07117374},"geometry":{"type":"Polygon","coordinates":[[[110.1730306779425,-7.5689928884899125],[110.17282691006235,-7.568746442911019],[110.17292589743072,-7.568680373802588],[110.17293464621947,-7.568662329702078],[110.17293669836396,-7.568640929024911],[110.17294409635224,-7.568628233277722],[110.1729884065189,-7.568592866166406],[110.17300855470464,-7.568572836644714],[110.17300858274322,-7.568558120772526],[110.17299386961787,-7.5685400321587295],[110.1729778324579,-7.56851324624524],[110.17297920619939,-7.568495856563389],[110.17298998035623,-7.568470459245323],[110.17303430707116,-7.568426395561922],[110.1730517523759,-7.568417732964381],[110.17306917474289,-7.5684211098853655],[110.17312809029197,-7.568482259721852],[110.17327127099765,-7.5686476671402465],[110.17330155066588,-7.568697892579772],[110.17329519076935,-7.568737597238448],[110.17328989173032,-7.568769986647386],[110.17327623359628,-7.568791909814457],[110.17322143670829,-7.568862615988701],[110.1730306779425,-7.5689928884899125]]]}},{"type":"Feature","properties":{"FID_Fisnet":2,"FID_PL":0,"NAMOBJ":"Kerban","FCODE":"BA03070040","METADATA":"TASWIL1000020230928_DATA_BATAS_DESAKELURAHAN","SRS_ID":"SRGI 2013","KDCPUM":"33.08.11","KDEPUM":"33.08.11.2002","KDPKAB":"33.08","KDPPUM":"33","WADMKC":"Tempuran","WADMKD":"Sumberarum","WADMKK":"Magelang","WADMPR":"Jawa Tengah","DUSUN":"Kerban","Toponimi":"Dusun Kerban","Shape_Leng":3646.39056914,"Shape_Le_1":12240.1679469,"KETERANGAN":null,"KET_DETAIL":null,"PL":"23","Shape_Le_2":124.861353872,"Shape_Area":899.541022707},"geometry":{"type":"Polygon","coordinates":[[[110.17297783426558,-7.5685132489621125],[110.17299386961787,-7.5685400321587295],[110.17300858274322,-7.568558120772526],[110.17300855470464,-7.568572836644714],[110.1729884065189,-7.568592866166406],[110.17294409635224,-7.568628233277722],[110.17293669836396,-7.568640929024911],[110.17293464621947,-7.568662329702078],[110.17292589743072,-7.568680373802588],[110.17282691006235,-7.568746442911019],[110.17279131870116,-7.568703391665882],[110.17277168098946,-7.568703357112666],[110.17266988670251,-7.568513898324967],[110.17267142817329,-7.568505529363989],[110.17269968416721,-7.568486556304347],[110.17278443128384,-7.568441053446944],[110.17279511767194,-7.5684365069953],[110.17279056288831,-7.568425082882763],[110.17276698116707,-7.56839231215976],[110.1727692887461,-7.568382422408491],[110.17283647258806,-7.568347541008509],[110.17284638796765,-7.5683475598227945],[110.17297783426558,-7.5685132489621125]]]}},{"type":"Feature","properties":{"FID_Fisnet":2,"FID_PL":0,"NAMOBJ":"Kerban","FCODE":"BA03070040","METADATA":"TASWIL1000020230928_DATA_BATAS_DESAKELURAHAN","SRS_ID":"SRGI 2013","KDCPUM":"33.08.11","KDEPUM":"33.08.11.2002","KDPKAB":"33.08","KDPPUM":"33","WADMKC":"Tempuran","WADMKD":"Sumberarum","WADMKK":"Magelang","WADMPR":"Jawa Tengah","DUSUN":"Kerban","Toponimi":"Dusun Kerban","Shape_Leng":3646.39056914,"Shape_Le_1":12240.1679469,"KETERANGAN":null,"KET_DETAIL":null,"PL":"23","Shape_Le_2":448.206535212,"Shape_Area":7390.25072602},"geometry":{"type":"Polygon","coordinates":[[[110.17364154240556,-7.568829633820209],[110.17361537418846,-7.568909406584373],[110.17360800385325,-7.568934720829597],[110.17361141087753,-7.56894008544212],[110.17362106099351,-7.568946133016454],[110.17377292643468,-7.568989704001454],[110.17377573104909,-7.568993449352126],[110.1737707098698,-7.56900559788621],[110.17377101012417,-7.569012145098589],[110.1737747528557,-7.569014957897232],[110.1738687211229,-7.569048491505453],[110.17387318738261,-7.569049772577022],[110.17387120889806,-7.569055354910346],[110.17386586966614,-7.569070306738224],[110.17368779342041,-7.569474011393873],[110.173657919133,-7.5695416896274414],[110.1736632362527,-7.569553116083793],[110.17367314006998,-7.569559222930675],[110.17404160683003,-7.569642592840191],[110.17406542550363,-7.569650961928492],[110.1740716402239,-7.5696727500233365],[110.17402669953162,-7.569804588136072],[110.1739372389458,-7.569847154474898],[110.17385156562216,-7.5698562820246655],[110.17371567386819,-7.569835585829103],[110.173496059085,-7.569777569275046],[110.17330995871438,-7.569721473992475],[110.17316481994301,-7.56966731505502],[110.17309716171177,-7.569630432159984],[110.17307124568201,-7.56962201110404],[110.17306669088175,-7.5696105869928765],[110.17311189638241,-7.569502600704426],[110.17312417356318,-7.569463809951776],[110.1731196202137,-7.569451624269858],[110.17295340959848,-7.569420865856929],[110.17294275944523,-7.569406385692098],[110.17294183200919,-7.5693936262115535],[110.17300772915078,-7.569361929755538],[110.17308966443953,-7.569306560855492],[110.17316674248565,-7.569223420546849],[110.17330797727149,-7.569067642640948],[110.17331257266194,-7.5690577581297],[110.17326534909881,-7.569024181013643],[110.17326460328407,-7.569015047041919],[110.17337176042207,-7.568816612398624],[110.17338701955345,-7.568813596848189],[110.17347688174581,-7.5688375424703755],[110.1734853693163,-7.568834332275641],[110.17350224472268,-7.568784133848775],[110.1735114055995,-7.568779584487247],[110.17362804668511,-7.568807204208044],[110.17363946585586,-7.568818642232224],[110.17364154240556,-7.568829633820209]]]}},{"type":"Feature","properties":{"FID_Fisnet":2,"FID_PL":0,"NAMOBJ":"Kerban","FCODE":"BA03070040","METADATA":"TASWIL1000020230928_DATA_BATAS_DESAKELURAHAN","SRS_ID":"SRGI 2013","KDCPUM":"33.08.11","KDEPUM":"33.08.11.2002","KDPKAB":"33.08","KDPPUM":"33","WADMKC":"Tempuran","WADMKD":"Sumberarum","WADMKK":"Magelang","WADMPR":"Jawa Tengah","DUSUN":"Kerban","Toponimi":"Dusun Kerban","Shape_Leng":3646.39056914,"Shape_Le_1":12240.1679469,"KETERANGAN":null,"KET_DETAIL":null,"PL":"26","Shape_Le_2":54.1526569693,"Shape_Area":185.329430403},"geometry":{"type":"Polygon","coordinates":[[[110.17387318738261,-7.569049772577022],[110.17386871930832,-7.569048492406497],[110.1737747528557,-7.569014957897232],[110.17377101012417,-7.569012145098589],[110.1737707098698,-7.56900559788621],[110.1737757301375,-7.5689934520638396],[110.17381650702347,-7.568897610808941],[110.17382335911228,-7.568887882521118],[110.17382970685694,-7.568886919520376],[110.17390776369365,-7.568909472391518],[110.17392041831403,-7.568913303340435],[110.17392013636771,-7.568917137811431],[110.17388224145914,-7.569024188363455],[110.17387318738261,-7.569049772577022]]]}},{"type":"Feature","properties":{"FID_Fisnet":2,"FID_PL":0,"NAMOBJ":"Kerban","FCODE":"BA03070040","METADATA":"TASWIL1000020230928_DATA_BATAS_DESAKELURAHAN","SRS_ID":"SRGI 2013","KDCPUM":"33.08.11","KDEPUM":"33.08.11.2002","KDPKAB":"33.08","KDPPUM":"33","WADMKC":"Tempuran","WADMKD":"Sumberarum","WADMKK":"Magelang","WADMPR":"Jawa Tengah","DUSUN":"Kerban","Toponimi":"Dusun Kerban","Shape_Leng":3646.39056914,"Shape_Le_1":12240.1679469,"KETERANGAN":null,"KET_DETAIL":null,"PL":"24","Shape_Le_2":191.191367333,"Shape_Area":2116.5893579},"geometry":{"type":"Polygon","coordinates":[[[110.1738712079882,-7.569055356717585],[110.17388224145914,-7.569024188363455],[110.17413976167435,-7.569101870313209],[110.1741502056018,-7.569117567495037],[110.1741491319186,-7.569131152595804],[110.17398094739927,-7.56962886994617],[110.17367314006998,-7.569559222930675],[110.1736632362527,-7.569553116083793],[110.173657919133,-7.5695416896274414],[110.17368779342041,-7.569474011393873],[110.17386586966614,-7.569070306738224],[110.1738712079882,-7.569055356717585]]]}},{"type":"Feature","properties":{"FID_Fisnet":2,"FID_PL":0,"NAMOBJ":"Kerban","FCODE":"BA03070040","METADATA":"TASWIL1000020230928_DATA_BATAS_DESAKELURAHAN","SRS_ID":"SRGI 2013","KDCPUM":"33.08.11","KDEPUM":"33.08.11.2002","KDPKAB":"33.08","KDPPUM":"33","WADMKC":"Tempuran","WADMKD":"Sumberarum","WADMKK":"Magelang","WADMPR":"Jawa Tengah","DUSUN":"Kerban","Toponimi":"Dusun Kerban","Shape_Leng":3646.39056914,"Shape_Le_1":12240.1679469,"KETERANGAN":null,"KET_DETAIL":null,"PL":"23","Shape_Le_2":187.079637146,"Shape_Area":1674.80529911},"geometry":{"type":"Polygon","coordinates":[[[110.17432063672676,-7.569295944981316],[110.1743251558837,-7.569298963659653],[110.17446858526003,-7.5692735082362255],[110.17447505055702,-7.569281751272009],[110.17455525596777,-7.569550576081578],[110.17460615126258,-7.569741153769363],[110.17460613001724,-7.5697523240880695],[110.17459963899321,-7.569757603018086],[110.17448649622278,-7.569769147006334],[110.17446588281379,-7.569764992567602],[110.17442939381601,-7.569744346476018],[110.17441056471839,-7.569731377615135],[110.17439524720484,-7.569730760686486],[110.17424556533032,-7.569747525713918],[110.17423437185187,-7.569747504506545],[110.17422672596021,-7.569740435057435],[110.17421263826235,-7.569712777332592],[110.17420504606979,-7.5696774881335065],[110.17420507067966,-7.569664554986026],[110.17421628408009,-7.569654581700919],[110.17426584795686,-7.569615873307889],[110.17427298073281,-7.569582964564841],[110.1742848850967,-7.569519493354623],[110.17426913165897,-7.569438332339628],[110.17423905792988,-7.569254536992879],[110.17424147358659,-7.569253097110882],[110.1742464405616,-7.56924990013048],[110.1742932086132,-7.5692447219278645],[110.17430489646267,-7.569245496598268],[110.1743124262904,-7.569251154832855],[110.17432063672676,-7.569295944981316]]]}},{"type":"Feature","properties":{"FID_Fisnet":2,"FID_PL":0,"NAMOBJ":"Kerban","FCODE":"BA03070040","METADATA":"TASWIL1000020230928_DATA_BATAS_DESAKELURAHAN","SRS_ID":"SRGI 2013","KDCPUM":"33.08.11","KDEPUM":"33.08.11.2002","KDPKAB":"33.08","KDPPUM":"33","WADMKC":"Tempuran","WADMKD":"Sumberarum","WADMKK":"Magelang","WADMPR":"Jawa Tengah","DUSUN":"Kerban","Toponimi":"Dusun Kerban","Shape_Leng":3646.39056914,"Shape_Le_1":12240.1679469,"KETERANGAN":null,"KET_DETAIL":null,"PL":"26","Shape_Le_2":71.015817499,"Shape_Area":306.942497361},"geometry":{"type":"Polygon","coordinates":[[[110.17445452086916,-7.5692760060089865],[110.1743251558837,-7.569298963659653],[110.17432063672676,-7.569295944981316],[110.1743124262904,-7.569251154832855],[110.17430489646267,-7.569245496598268],[110.1742932086132,-7.5692447219278645],[110.17428780424096,-7.569245322215597],[110.17426893578026,-7.569120134138526],[110.17427497683032,-7.5691160066709084],[110.17437732748027,-7.569104459463241],[110.17439757193961,-7.569109090770787],[110.17445452086916,-7.5692760060089865]]]}},{"type":"Feature","properties":{"FID_Fisnet":2,"FID_PL":0,"NAMOBJ":"Kerban","FCODE":"BA03070040","METADATA":"TASWIL1000020230928_DATA_BATAS_DESAKELURAHAN","SRS_ID":"SRGI 2013","KDCPUM":"33.08.11","KDEPUM":"33.08.11.2002","KDPKAB":"33.08","KDPPUM":"33","WADMKC":"Tempuran","WADMKD":"Sumberarum","WADMKK":"Magelang","WADMPR":"Jawa Tengah","DUSUN":"Kerban","Toponimi":"Dusun Kerban","Shape_Leng":3646.39056914,"Shape_Le_1":12240.1679469,"KETERANGAN":null,"KET_DETAIL":null,"PL":"3","Shape_Le_2":582.098525583,"Shape_Area":2424.08101397},"geometry":{"type":"Polygon","coordinates":[[[110.17646410915786,-7.56832525062068],[110.17688499423745,-7.568405397648296],[110.17711122922535,-7.568439674147417],[110.17711061588345,-7.568445725790568],[110.1771004423412,-7.568555096581458],[110.17718186942119,-7.568560933156425],[110.17718424745708,-7.56850808779181],[110.17718924039457,-7.568451493757759],[110.17728935824442,-7.5684701278470765],[110.17729242684446,-7.5684799925047885],[110.17729363777369,-7.568492936135069],[110.17723983867054,-7.568690323061484],[110.17719039118852,-7.568780177860091],[110.17716259520446,-7.568814767998641],[110.17715985446948,-7.5688189080710675],[110.1771558908414,-7.568823110957799],[110.17714995428865,-7.568825204483491],[110.17714520508758,-7.568826379486695],[110.17713314186702,-7.568824705128326],[110.17711370230222,-7.56882197849804],[110.17704999328177,-7.56880603881448],[110.1770454669439,-7.568804886097889],[110.17704759154755,-7.568796794985454],[110.17706381642714,-7.568730934928432],[110.17707091942432,-7.56873225622061],[110.17709702465481,-7.568736051872223],[110.17708818295343,-7.568785497743004],[110.17713609586849,-7.5687941346535235],[110.17713940794448,-7.568777410681902],[110.17715780763673,-7.568780718739504],[110.17716149547068,-7.568757995135978],[110.17717151701198,-7.568758923058792],[110.17717701208048,-7.568720040657675],[110.1771862558154,-7.568650728570931],[110.17708918761438,-7.568635201683831],[110.1770844222491,-7.568633907417235],[110.17707025996968,-7.5687047813017845],[110.17700308771649,-7.5686901619518165],[110.17691173648913,-7.568662144053871],[110.17688168297624,-7.568751011556048],[110.17687840226792,-7.568759315751255],[110.17687630137647,-7.568758725679077],[110.1768503576876,-7.5687514815255375],[110.17681020656443,-7.568740921840045],[110.17676717067783,-7.568730151385367],[110.17674019924173,-7.568721877791942],[110.17671240308637,-7.568714013274593],[110.17668069207525,-7.568706142265838],[110.1766590696966,-7.568701579010733],[110.17661623814567,-7.568692041738199],[110.17658103068455,-7.568681491370848],[110.17655323440832,-7.568673216208418],[110.17652481812688,-7.568666378905474],[110.17650114220247,-7.568658728381088],[110.17647416597032,-7.5686525106528855],[110.17644801926865,-7.568643827060802],[110.1764255756859,-7.568637823210822],[110.17639551425762,-7.568629543759299],[110.17638686749233,-7.568626854674931],[110.17638089674792,-7.568624993726026],[110.17637657544802,-7.568622312814119],[110.17636994953861,-7.568617966917039],[110.1763669878844,-7.568614329822101],[110.17636344585227,-7.568608443085982],[110.17636157672284,-7.568604182153118],[110.17636124043266,-7.568601796396209],[110.17636107493487,-7.568598730790825],[110.17636108398347,-7.5685939623738685],[110.1763609223013,-7.56858936367711],[110.17636075868137,-7.568585786137942],[110.17636076611487,-7.568581868836376],[110.17636047238821,-7.568577592790522],[110.17636044833209,-7.56856973007489],[110.1763931337375,-7.568354039181886],[110.17639754303664,-7.568333749105994],[110.17640022901827,-7.568323116556615],[110.17640174559034,-7.568317800157602],[110.17640603605466,-7.568316189239104],[110.1764109026528,-7.568316198433534],[110.1764226009332,-7.568319111262356],[110.17643256374822,-7.568320886590528],[110.17643745141592,-7.568321256713171],[110.17646410915786,-7.56832525062068]],[[110.17656064832191,-7.568646340839068],[110.17658350872733,-7.568653372962379],[110.1765846393762,-7.568648420340341],[110.17663106371761,-7.568660022100608],[110.17663413751437,-7.568645637582116],[110.17666247386042,-7.568653042742333],[110.17667376942477,-7.568608792347464],[110.176678130059,-7.5685893044523675],[110.17668725715579,-7.568591556668512],[110.176700164983,-7.568541714185561],[110.1766172331753,-7.568522538077609],[110.17658592137278,-7.568515908768281],[110.17659004993106,-7.568497393659624],[110.17660755250044,-7.568501997977317],[110.17663603830506,-7.5685084962241085],[110.17663839179164,-7.56850350882772],[110.17669442166982,-7.568519348136056],[110.17672066619988,-7.568404771664936],[110.1766108499393,-7.568377843110915],[110.17660782235495,-7.568390325589073],[110.17653757316609,-7.568376971160644],[110.17653097862225,-7.568376160044936],[110.17652738529603,-7.56839731001852],[110.17650791545391,-7.568395267095504],[110.17651035931195,-7.568374656736078],[110.17651004146946,-7.568373057914228],[110.17641701513568,-7.568355620113333],[110.17640584268895,-7.568419530574111],[110.1763969478125,-7.568469258522148],[110.17649408814763,-7.568484944882271],[110.17650485866261,-7.568486684651281],[110.17650906011309,-7.568487082420434],[110.17652220766415,-7.568488144699317],[110.17652166829235,-7.568491991350975],[110.176520036922,-7.568507651200926],[110.17658520463668,-7.56851912194696],[110.17657889751283,-7.5685512345554775],[110.17657818966714,-7.568555972709244],[110.17657435551371,-7.568581751372125],[110.17656064832191,-7.568646340839068]],[[110.17673320221661,-7.568466842875921],[110.17670742472914,-7.5685674378265775],[110.1767956422446,-7.568591710713182],[110.17679665098957,-7.568587467879287],[110.17680690695617,-7.568590483799543],[110.17680614747673,-7.5685947280086765],[110.17682715979826,-7.5686002615188634],[110.17685312855438,-7.568499169454039],[110.17684568893023,-7.568496119056006],[110.17682471639264,-7.568489206285683],[110.17680038463983,-7.568482288075254],[110.17680783118305,-7.568440587379583],[110.17674427058179,-7.568426242542021],[110.1767346298373,-7.568466845572102],[110.17673320221661,-7.568466842875921]]]}},{"type":"Feature","properties":{"FID_Fisnet":2,"FID_PL":0,"NAMOBJ":"Kerban","FCODE":"BA03070040","METADATA":"TASWIL1000020230928_DATA_BATAS_DESAKELURAHAN","SRS_ID":"SRGI 2013","KDCPUM":"33.08.11","KDEPUM":"33.08.11.2002","KDPKAB":"33.08","KDPPUM":"33","WADMKC":"Tempuran","WADMKD":"Sumberarum","WADMKK":"Magelang","WADMPR":"Jawa Tengah","DUSUN":"Kerban","Toponimi":"Dusun Kerban","Shape_Leng":3646.39056914,"Shape_Le_1":12240.1679469,"KETERANGAN":null,"KET_DETAIL":null,"PL":"3","Shape_Le_2":69.5815951459,"Shape_Area":284.650759843},"geometry":{"type":"Polygon","coordinates":[[[110.1766270559669,-7.566598178517077],[110.17663207845723,-7.566614912798011],[110.17663206836251,-7.566620235661854],[110.17654355389921,-7.56665333267849],[110.17653688716544,-7.566653320087791],[110.17653202845426,-7.566647250875158],[110.17645444205318,-7.56647428385907],[110.17645584383651,-7.566467356357568],[110.17647252648239,-7.566459764883185],[110.17656539066313,-7.566424849940109],[110.1766270559669,-7.566598178517077]]]}},{"type":"Feature","properties":{"FID_Fisnet":2,"FID_PL":0,"NAMOBJ":"Kerban","FCODE":"BA03070040","METADATA":"TASWIL1000020230928_DATA_BATAS_DESAKELURAHAN","SRS_ID":"SRGI 2013","KDCPUM":"33.08.11","KDEPUM":"33.08.11.2002","KDPKAB":"33.08","KDPPUM":"33","WADMKC":"Tempuran","WADMKD":"Sumberarum","WADMKK":"Magelang","WADMPR":"Jawa Tengah","DUSUN":"Kerban","Toponimi":"Dusun Kerban","Shape_Leng":3646.39056914,"Shape_Le_1":12240.1679469,"KETERANGAN":null,"KET_DETAIL":null,"PL":"23","Shape_Le_2":176.690424734,"Shape_Area":1417.92627178},"geometry":{"type":"Polygon","coordinates":[[[110.1760933012889,-7.567403871364383],[110.17593676570564,-7.56744457753473],[110.17592808748215,-7.567437464558625],[110.1758707508787,-7.567254424515568],[110.17576868851846,-7.566855598842918],[110.17576819710598,-7.5668480282967225],[110.17577439749196,-7.5668387274621836],[110.1759281801887,-7.566790305407653],[110.17594036572201,-7.566797227834118],[110.1759466467,-7.566818529424074],[110.17609653232273,-7.567366818091292],[110.17609887418584,-7.567381804372151],[110.1760933012889,-7.567403871364383]]]}},{"type":"Feature","properties":{"FID_Fisnet":2,"FID_PL":0,"NAMOBJ":"Kerban","FCODE":"BA03070040","METADATA":"TASWIL1000020230928_DATA_BATAS_DESAKELURAHAN","SRS_ID":"SRGI 2013","KDCPUM":"33.08.11","KDEPUM":"33.08.11.2002","KDPKAB":"33.08","KDPPUM":"33","WADMKC":"Tempuran","WADMKD":"Sumberarum","WADMKK":"Magelang","WADMPR":"Jawa Tengah","DUSUN":"Kerban","Toponimi":"Dusun Kerban","Shape_Leng":3646.39056914,"Shape_Le_1":12240.1679469,"KETERANGAN":null,"KET_DETAIL":null,"PL":"27","Shape_Le_2":366.666796797,"Shape_Area":4632.44274801},"geometry":{"type":"Polygon","coordinates":[[[110.17472195638774,-7.570443504750627],[110.17493055108837,-7.57051308267834],[110.1749479591769,-7.570499711203959],[110.17497008062797,-7.570502118305122],[110.17535545301692,-7.570630584158599],[110.17549201542833,-7.570704961287044],[110.17551092972813,-7.570731805938278],[110.1755464431365,-7.570755528061462],[110.17557722191033,-7.570776087294072],[110.1755945898587,-7.570784794139342],[110.17566094047945,-7.570798324087495],[110.17570119693865,-7.570821266462536],[110.17570667495914,-7.570849663109486],[110.17568130138561,-7.57089534756819],[110.17569312482122,-7.570911139588966],[110.17577122011255,-7.570981463404778],[110.17576801445374,-7.571005112277892],[110.1757220621627,-7.571068894501725],[110.17569361173649,-7.571070417199015],[110.17557277788897,-7.571035494466227],[110.17556410260225,-7.571026804969315],[110.1755776977097,-7.570941672741807],[110.17557776512541,-7.5709061909186435],[110.17556117259807,-7.570905370819169],[110.17549792634715,-7.570921020816021],[110.17537701613617,-7.570926312092409],[110.17514870846331,-7.57089512850354],[110.17492201913689,-7.570844233761319],[110.17488094486268,-7.5709548945007805],[110.17486569994004,-7.570959933450646],[110.17482679151843,-7.570945502021365],[110.17474307756503,-7.570902268421598],[110.1747269892507,-7.570905616196189],[110.17470918614067,-7.5709207850221105],[110.1746905692516,-7.570918216309114],[110.1746677452432,-7.570902970541428],[110.17455274788898,-7.570841941662201],[110.17450137099603,-7.57081919791144],[110.17450141618768,-7.570795443574752],[110.17451055126926,-7.5707730260965365],[110.17470128075001,-7.570449651352846],[110.17472195638774,-7.570443504750627]]]}},{"type":"Feature","properties":{"FID_Fisnet":4,"FID_PL":0,"NAMOBJ":"Kerban","FCODE":"BA03070040","METADATA":"TASWIL1000020230928_DATA_BATAS_DESAKELURAHAN","SRS_ID":"SRGI 2013","KDCPUM":"33.08.11","KDEPUM":"33.08.11.2002","KDPKAB":"33.08","KDPPUM":"33","WADMKC":"Tempuran","WADMKD":"Sumberarum","WADMKK":"Magelang","WADMPR":"Jawa Tengah","DUSUN":"Kerban","Toponimi":"Dusun Kerban","Shape_Leng":3646.39056914,"Shape_Le_1":12240.1679469,"KETERANGAN":null,"KET_DETAIL":null,"PL":"34","Shape_Le_2":75.4155354152,"Shape_Area":343.447704292},"geometry":{"type":"Polygon","coordinates":[[[110.17718466278309,-7.567433985896999],[110.1771798603519,-7.567457035727179],[110.17717729966226,-7.567469965003611],[110.17717559132807,-7.567479381067082],[110.17717446000626,-7.5674813470872735],[110.1771717793403,-7.5674834503782025],[110.17717008646133,-7.567484712555109],[110.17716881704223,-7.567485412942696],[110.17716337156959,-7.567487145604222],[110.17714003326023,-7.567485990850499],[110.1770844554475,-7.567483245762368],[110.17705794131281,-7.567481935770067],[110.17705998088724,-7.5674187605682155],[110.17705811279775,-7.5673919544931305],[110.17705053337819,-7.567342162861169],[110.17705398475924,-7.567266768947624],[110.17710967016401,-7.567276337660714],[110.17722117741667,-7.567314357314684],[110.17720591792678,-7.567353943071091],[110.17719817429308,-7.567390304056755],[110.17718467577848,-7.567426651467527],[110.17718466278309,-7.567433985896999]]]}},{"type":"Feature","properties":{"FID_Fisnet":3,"FID_PL":0,"NAMOBJ":"Kerban","FCODE":"BA03070040","METADATA":"TASWIL1000020230928_DATA_BATAS_DESAKELURAHAN","SRS_ID":"SRGI 2013","KDCPUM":"33.08.11","KDEPUM":"33.08.11.2002","KDPKAB":"33.08","KDPPUM":"33","WADMKC":"Tempuran","WADMKD":"Sumberarum","WADMKK":"Magelang","WADMPR":"Jawa Tengah","DUSUN":"Kerban","Toponimi":"Dusun Kerban","Shape_Leng":3646.39056914,"Shape_Le_1":12240.1679469,"KETERANGAN":null,"KET_DETAIL":null,"PL":"34","Shape_Le_2":136.100952098,"Shape_Area":1180.32422069},"geometry":{"type":"Polygon","coordinates":[[[110.17139231907893,-7.5650825192979845],[110.17111885235042,-7.56503671040419],[110.17110328827314,-7.565031449299006],[110.17104029766524,-7.564991940288227],[110.1711251055984,-7.564718142045605],[110.17138000101873,-7.564764148082372],[110.171381288709,-7.564801850242816],[110.17138134772482,-7.564802273652521],[110.17139231907893,-7.5650825192979845]]]}},{"type":"Feature","properties":{"FID_Fisnet":3,"FID_PL":0,"NAMOBJ":"Kerban","FCODE":"BA03070040","METADATA":"TASWIL1000020230928_DATA_BATAS_DESAKELURAHAN","SRS_ID":"SRGI 2013","KDCPUM":"33.08.11","KDEPUM":"33.08.11.2002","KDPKAB":"33.08","KDPPUM":"33","WADMKC":"Tempuran","WADMKD":"Sumberarum","WADMKK":"Magelang","WADMPR":"Jawa Tengah","DUSUN":"Kerban","Toponimi":"Dusun Kerban","Shape_Leng":3646.39056914,"Shape_Le_1":12240.1679469,"KETERANGAN":null,"KET_DETAIL":null,"PL":"23","Shape_Le_2":117.418950691,"Shape_Area":800.606549343},"geometry":{"type":"Polygon","coordinates":[[[110.17136826137788,-7.564443808000937],[110.17137322321805,-7.56451453797121],[110.17137591725316,-7.564644618454804],[110.17138000101873,-7.564764148082372],[110.17112510468681,-7.564718144757314],[110.17122736560935,-7.5643987458195685],[110.17136826137788,-7.564443808000937]]]}},{"type":"Feature","properties":{"FID_Fisnet":2,"FID_PL":0,"NAMOBJ":"Kerban","FCODE":"BA03070040","METADATA":"TASWIL1000020230928_DATA_BATAS_DESAKELURAHAN","SRS_ID":"SRGI 2013","KDCPUM":"33.08.11","KDEPUM":"33.08.11.2002","KDPKAB":"33.08","KDPPUM":"33","WADMKC":"Tempuran","WADMKD":"Sumberarum","WADMKK":"Magelang","WADMPR":"Jawa Tengah","DUSUN":"Kerban","Toponimi":"Dusun Kerban","Shape_Leng":3646.39056914,"Shape_Le_1":12240.1679469,"KETERANGAN":null,"KET_DETAIL":null,"PL":"3","Shape_Le_2":699.459879919,"Shape_Area":3167.56867046},"geometry":{"type":"Polygon","coordinates":[[[110.17205777022185,-7.565741650080317],[110.17195144823972,-7.565709093066743],[110.17197033245418,-7.565649301053153],[110.17195284737498,-7.5656441756176225],[110.1719517483383,-7.565647265050449],[110.17184666018488,-7.56561415138744],[110.17184739449509,-7.56561124306318],[110.17184575721078,-7.565609967347565],[110.17180914678711,-7.565599532454901],[110.17180640595761,-7.565603709574565],[110.17169493589343,-7.565572401765669],[110.17167829452424,-7.5656338903099885],[110.1717840579509,-7.565663676801281],[110.17186419635334,-7.565688014847389],[110.17194543206968,-7.565710172448101],[110.17195144823972,-7.565709093066743],[110.1718951010234,-7.565904153397298],[110.1718443380026,-7.566055607481632],[110.17187150227304,-7.5660614776044905],[110.17186996563167,-7.566072066170956],[110.17191088521118,-7.566082036201971],[110.1719165209945,-7.566062261359633],[110.17194356543989,-7.566069175927375],[110.17191307522593,-7.566172284153501],[110.17185779396715,-7.566158670727073],[110.17162796797582,-7.56610529484879],[110.1716334523457,-7.5659810258232865],[110.17173013561701,-7.565988316899196],[110.17173047931718,-7.5659103032642205],[110.17167086779249,-7.565909214095763],[110.17167166810127,-7.565899269027336],[110.17166874418335,-7.565895362442221],[110.17166999633858,-7.565853823770975],[110.17167300174391,-7.565815015443257],[110.17170876064752,-7.5658199594300255],[110.17171240467736,-7.565778509418152],[110.17168289137285,-7.565774334347113],[110.17165687809107,-7.565771414107889],[110.17165533157852,-7.565795252411524],[110.17165232808979,-7.565795995617243],[110.17159954438831,-7.56579314933943],[110.17159725569223,-7.5658126175845135],[110.1715323386657,-7.565809747343852],[110.17149631899362,-7.565806558446982],[110.17149499244087,-7.5658457507484815],[110.17152538844643,-7.565846682228228],[110.17152497555793,-7.565866403673366],[110.17156354338914,-7.5658661621868335],[110.17156207666426,-7.565893311045113],[110.17155069294475,-7.565893289417964],[110.17154754945291,-7.56593842975948],[110.17153562066876,-7.565938567189568],[110.17153562905266,-7.565934173232044],[110.1715083970681,-7.565933870951939],[110.17150529188206,-7.565973659545518],[110.17150937439511,-7.5659736673021465],[110.17150939708253,-7.56597507833714],[110.17150705864051,-7.566012538441874],[110.17150205568123,-7.56601227929933],[110.17150074765928,-7.5660422341613645],[110.17150537583755,-7.566042242954861],[110.17150279785211,-7.566091707793391],[110.17150050069507,-7.566092330234779],[110.17149621560371,-7.566092080596367],[110.17149465957628,-7.5660919229734604],[110.17149384124643,-7.566091358830827],[110.17149311612874,-7.566089922944705],[110.17149194428096,-7.566086040490546],[110.1714725278121,-7.565756845425835],[110.17145140046047,-7.5651514201182],[110.17157519519327,-7.565195931500856],[110.17155841510173,-7.565244615026003],[110.17162134550986,-7.5652682131127555],[110.17160301889575,-7.5653260126897495],[110.17157037592156,-7.565429597082833],[110.1715526854277,-7.565481310700397],[110.1715535768516,-7.565481570171245],[110.17187928322613,-7.565585156854101],[110.17188028890516,-7.565583966656521],[110.1718847054933,-7.5655727730332165],[110.17188661467827,-7.565573587074696],[110.17188938241931,-7.565575260195552],[110.17198554743726,-7.565605210211496],[110.17198719057863,-7.565604840684841],[110.1719889937355,-7.565598512733959],[110.1720530030432,-7.565396689642504],[110.17209452829617,-7.565409861762396],[110.17210992212745,-7.565361806908066],[110.17217447806418,-7.56538241597889],[110.17216321385074,-7.56541908400953],[110.172137793286,-7.565466134850421],[110.17205736773367,-7.565718851844725],[110.17206459403963,-7.565721542831846],[110.17205777022185,-7.565741650080317]],[[110.17153615749135,-7.565502816826642],[110.17153349451259,-7.565465714438442],[110.17152584036906,-7.565465881698085],[110.17152475555505,-7.565461515511533],[110.17152660139658,-7.565448971139499],[110.17153371035698,-7.565448075640586],[110.17152946664794,-7.565380056863529],[110.17153202099173,-7.565378606404632],[110.17152615956019,-7.565298584791459],[110.17152610407739,-7.565291558669849],[110.17155424107895,-7.565289725372839],[110.17154980997111,-7.565224434157084],[110.17154762209111,-7.565224793602559],[110.17154619475544,-7.565208969691743],[110.1714855244069,-7.565212748227841],[110.17148638286582,-7.565228859587611],[110.17148328230147,-7.56523012630322],[110.17148917460075,-7.565293965887569],[110.1714809178895,-7.565294503744052],[110.17148149366547,-7.565301050574125],[110.17148572772982,-7.565381246373731],[110.17148827839057,-7.565381251219641],[110.17149741184238,-7.565506484154123],[110.17151420956876,-7.565505101457509],[110.1715227198776,-7.565504670811472],[110.17152263896037,-7.5655076500214395],[110.17153137258686,-7.565507517374093],[110.1715318272332,-7.5655043896345955],[110.17153309664526,-7.565504168639172],[110.17153615749135,-7.565502816826642]]]}},{"type":"Feature","properties":{"FID_Fisnet":2,"FID_PL":0,"NAMOBJ":"Kerban","FCODE":"BA03070040","METADATA":"TASWIL1000020230928_DATA_BATAS_DESAKELURAHAN","SRS_ID":"SRGI 2013","KDCPUM":"33.08.11","KDEPUM":"33.08.11.2002","KDPKAB":"33.08","KDPPUM":"33","WADMKC":"Tempuran","WADMKD":"Sumberarum","WADMKK":"Magelang","WADMPR":"Jawa Tengah","DUSUN":"Kerban","Toponimi":"Dusun Kerban","Shape_Leng":3646.39056914,"Shape_Le_1":12240.1679469,"KETERANGAN":null,"KET_DETAIL":null,"PL":"3","Shape_Le_2":365.462072127,"Shape_Area":2458.02682358},"geometry":{"type":"Polygon","coordinates":[[[110.17145062361895,-7.5642530644977075],[110.171645286546,-7.564306577094034],[110.17197463306455,-7.564419735431785],[110.17196819361692,-7.564434600128546],[110.17188511410471,-7.564648879724536],[110.1718423558364,-7.564633996684641],[110.17186899375521,-7.5645522151515125],[110.1717725666459,-7.564520083930097],[110.17177249459154,-7.564518892590339],[110.17169961520467,-7.564493503760323],[110.17169654036903,-7.5645012439051795],[110.17168072618456,-7.5644954785502865],[110.17167870070782,-7.564500986617222],[110.171659113028,-7.564560362128978],[110.17167391832653,-7.564565199379096],[110.17167191156696,-7.564572299369931],[110.17174845590998,-7.564599437198237],[110.17174763040022,-7.564602163548483],[110.17181182180119,-7.564623735241002],[110.17173217740023,-7.564848523258462],[110.17150080920881,-7.564797612788036],[110.17146498545551,-7.56497587783171],[110.17144423737463,-7.5649735618324785],[110.17142130237987,-7.56460340512852],[110.17141565690928,-7.564274803323575],[110.17141678737794,-7.564269966492384],[110.17141945963056,-7.564265147966383],[110.1714234125823,-7.564261316854273],[110.1714290431556,-7.56425709457497],[110.17143407973965,-7.5642544467748625],[110.17143911391598,-7.564252585869472],[110.17144365162162,-7.5642524959011785],[110.17145062361895,-7.5642530644977075]],[[110.17149384544477,-7.564278174525322],[110.17149110704996,-7.56428107904222],[110.17148764558178,-7.564280527064183],[110.17148562740692,-7.564287433473213],[110.17146267371174,-7.564283389345761],[110.17146047473597,-7.5642895673031285],[110.17145628624361,-7.5642881049392985],[110.17145019619629,-7.564327917713804],[110.17146476215427,-7.5643346738261865],[110.17145650040199,-7.564366845028972],[110.17144512143594,-7.564409012071776],[110.17153006367803,-7.564432365254183],[110.17153036458008,-7.564431905444404],[110.17153583707376,-7.564428824319936],[110.1715451283442,-7.564430478176799],[110.17154697140133,-7.564419389109915],[110.17155522781074,-7.564390491215262],[110.1715678813995,-7.5643486901912],[110.1715722901046,-7.5643306957544345],[110.1715789095008,-7.5642994304334215],[110.17149384544477,-7.564278174525322]]]}},{"type":"Feature","properties":{"FID_Fisnet":4,"FID_PL":0,"NAMOBJ":"Kerban","FCODE":"BA03070040","METADATA":"TASWIL1000020230928_DATA_BATAS_DESAKELURAHAN","SRS_ID":"SRGI 2013","KDCPUM":"33.08.11","KDEPUM":"33.08.11.2002","KDPKAB":"33.08","KDPPUM":"33","WADMKC":"Tempuran","WADMKD":"Sumberarum","WADMKK":"Magelang","WADMPR":"Jawa Tengah","DUSUN":"Kerban","Toponimi":"Dusun Kerban","Shape_Leng":3646.39056914,"Shape_Le_1":12240.1679469,"KETERANGAN":null,"KET_DETAIL":null,"PL":"34","Shape_Le_2":52.4412581418,"Shape_Area":176.264750353},"geometry":{"type":"Polygon","coordinates":[[[110.1773803386071,-7.569681832104808],[110.17741245916687,-7.569615709888436],[110.17743874486702,-7.56957405649288],[110.17744649426783,-7.569563845935879],[110.17745891698821,-7.5695532842138356],[110.17752696900268,-7.56957870922016],[110.1775308672963,-7.5695917646503785],[110.17750260084614,-7.5696713085403475],[110.17749141820873,-7.569707171901532],[110.17746722686755,-7.569706473211403],[110.1774450041264,-7.569702516669012],[110.1773803386071,-7.569681832104808]]]}},{"type":"Feature","properties":{"FID_Fisnet":4,"FID_PL":0,"NAMOBJ":"Kerban","FCODE":"BA03070040","METADATA":"TASWIL1000020230928_DATA_BATAS_DESAKELURAHAN","SRS_ID":"SRGI 2013","KDCPUM":"33.08.11","KDEPUM":"33.08.11.2002","KDPKAB":"33.08","KDPPUM":"33","WADMKC":"Tempuran","WADMKD":"Sumberarum","WADMKK":"Magelang","WADMPR":"Jawa Tengah","DUSUN":"Kerban","Toponimi":"Dusun Kerban","Shape_Leng":3646.39056914,"Shape_Le_1":12240.1679469,"KETERANGAN":null,"KET_DETAIL":null,"PL":"23","Shape_Le_2":157.709608966,"Shape_Area":1099.52664212},"geometry":{"type":"Polygon","coordinates":[[[110.17760279179012,-7.569525727474594],[110.17771356565285,-7.5695311074043925],[110.1777294595305,-7.5695289259279805],[110.17772841166713,-7.569547120344183],[110.17768008049634,-7.569950028879467],[110.17767180124562,-7.569954758177047],[110.17764962115365,-7.569955552069662],[110.1776102960426,-7.569950049159589],[110.17760693514786,-7.569957141201623],[110.17758946728362,-7.570066195239903],[110.17758031078003,-7.5700674831305665],[110.17746241814909,-7.570038893343384],[110.17752088898787,-7.569753106519454],[110.17756884644393,-7.5695278486549125],[110.17760279179012,-7.569525727474594]]]}},{"type":"Feature","properties":{"FID_Fisnet":4,"FID_PL":0,"NAMOBJ":"Kerban","FCODE":"BA03070040","METADATA":"TASWIL1000020230928_DATA_BATAS_DESAKELURAHAN","SRS_ID":"SRGI 2013","KDCPUM":"33.08.11","KDEPUM":"33.08.11.2002","KDPKAB":"33.08","KDPPUM":"33","WADMKC":"Tempuran","WADMKD":"Sumberarum","WADMKK":"Magelang","WADMPR":"Jawa Tengah","DUSUN":"Kerban","Toponimi":"Dusun Kerban","Shape_Leng":3646.39056914,"Shape_Le_1":12240.1679469,"KETERANGAN":null,"KET_DETAIL":null,"PL":"3","Shape_Le_2":618.941415902,"Shape_Area":1644.43700391},"geometry":{"type":"Polygon","coordinates":[[[110.17756884644393,-7.5695278486549125],[110.17752088898787,-7.569753106519454],[110.17746241906067,-7.57003889063166],[110.17745196902524,-7.570079419791968],[110.17717778913133,-7.5700456670081495],[110.17682687214287,-7.569945707497788],[110.17682446439672,-7.569942978647439],[110.17682314407706,-7.569940403804093],[110.17682248712163,-7.569936949247242],[110.1768229193907,-7.569932700802608],[110.17692966555492,-7.5696219547112245],[110.17693454604681,-7.569611778544267],[110.17693665200093,-7.569607311661557],[110.17693970970882,-7.569603322334201],[110.1769432414969,-7.569601236029853],[110.17694657841534,-7.569600576631686],[110.1769526781395,-7.569601349724905],[110.17697070781017,-7.569605256767356],[110.17725634402221,-7.5696943485584045],[110.17729348929822,-7.569702155623792],[110.17731741592684,-7.569705262462347],[110.17734298600979,-7.569704494882553],[110.17736775383963,-7.569695152191592],[110.17737500371074,-7.5696902491049265],[110.1773803386071,-7.569681832104808],[110.1774450041264,-7.569702516669012],[110.17746722686755,-7.569706473211403],[110.17749141820873,-7.569707171901532],[110.17750260084614,-7.5696713085403475],[110.1775308672963,-7.5695917646503785],[110.17752696900268,-7.56957870922016],[110.17745891698821,-7.5695532842138356],[110.17747457916558,-7.569543268581162],[110.17748179278226,-7.569538840277527],[110.17748801309324,-7.569535292874819],[110.17749422948718,-7.569533812208609],[110.17750240039537,-7.569532678934235],[110.17752091261052,-7.569530200309189],[110.17754330743341,-7.569529443909829],[110.17756884644393,-7.5695278486549125]],[[110.17726190085256,-7.569708957405021],[110.1772089623491,-7.5696927911381735],[110.17719193887538,-7.569686937747971],[110.17717047987504,-7.569682706766418],[110.17716476556402,-7.569701438676665],[110.17714431828915,-7.569695695499169],[110.17705554020965,-7.569667196759826],[110.1770493309301,-7.569686434244],[110.17704446742795,-7.569685261895727],[110.1770227830067,-7.569677538272408],[110.17701906090979,-7.569671476634808],[110.17702047988665,-7.569661700043498],[110.17698316752825,-7.569649754630336],[110.17697801585385,-7.569659059268662],[110.17697194603775,-7.56966067768533],[110.17694932221424,-7.569655046162916],[110.17694156867279,-7.569683205262913],[110.17691964595699,-7.569677343515211],[110.17690931926893,-7.569713035716513],[110.17691303646431,-7.569717379732412],[110.17687526192285,-7.569825811984592],[110.17694009386226,-7.5698457263180865],[110.1769462065167,-7.5698215221376515],[110.17699285150128,-7.569833950987207],[110.17699706643712,-7.56982581136321],[110.17700082391607,-7.5698141723349925],[110.17700232129347,-7.569809896053276],[110.17700992708211,-7.569812329002816],[110.17712093455994,-7.5698460677885375],[110.17712648383764,-7.569827849314183],[110.17722312613672,-7.5698530135881335],[110.1772322796331,-7.569824623767901],[110.17724977477981,-7.5698279165514135],[110.17726033576754,-7.569795804725907],[110.17724214530305,-7.569790644681756],[110.17724590180846,-7.569778081267118],[110.17726190085256,-7.569708957405021]],[[110.17736886988804,-7.569809793914815],[110.17736014477921,-7.569843157395611],[110.17735223097249,-7.569842546404007],[110.17734020768522,-7.5698829079759555],[110.1773337311165,-7.5699116556002854],[110.17731251204835,-7.569997450993075],[110.17735581323511,-7.570008446220578],[110.17735842299776,-7.569998329076203],[110.17736239262145,-7.569996706690381],[110.17741230529488,-7.5700086758572],[110.17741348466957,-7.570001925212227],[110.17742561506468,-7.57000404379432],[110.17743667639922,-7.5699542366959625],[110.17742478251121,-7.569950722038752],[110.17742995536425,-7.569930241641164],[110.17737118040024,-7.5699154618016555],[110.17737362724218,-7.5698999590570955],[110.17743438219202,-7.569914081455812],[110.17744205817185,-7.569882354916556],[110.17745639148626,-7.569884319370488],[110.17747444787338,-7.569891356860315],[110.17747942809712,-7.5698639468529345],[110.17746644438309,-7.569859153914633],[110.17744867830415,-7.569856289353202],[110.17745589724424,-7.569829926440294],[110.17746252387191,-7.569800432897675],[110.17737938220422,-7.569778966359566],[110.17738074564551,-7.569768836008621],[110.17736462089174,-7.569766569691936],[110.17736355769975,-7.5697761054596295],[110.17736027104873,-7.569776546070856],[110.17735409134363,-7.569806487269467],[110.17736886988804,-7.569809793914815]],[[110.17724523535875,-7.570006730618477],[110.1772494626793,-7.569992535500943],[110.17725296593467,-7.569990678879155],[110.17727535813077,-7.569995144976517],[110.17727841269597,-7.569984207401802],[110.17728797431607,-7.569987252756089],[110.17729504573818,-7.569949777994048],[110.17728548411706,-7.569946733544472],[110.17729466323782,-7.569905304742949],[110.17729937764835,-7.56987993384648],[110.17720211816368,-7.5698580598371255],[110.17713190628322,-7.569840667031917],[110.17713073967178,-7.569842596805165],[110.17711750713305,-7.569893979925142],[110.17718807448665,-7.569909384446315],[110.17717555835648,-7.569973026475384],[110.17719742238906,-7.569979252607971],[110.1771993139484,-7.569981729940203],[110.17719648794258,-7.569995461893844],[110.17722051087385,-7.570001328498987],[110.17724523535875,-7.570006730618477]],[[110.17710577512683,-7.569857201392137],[110.17700957733818,-7.569827550791814],[110.17700411248207,-7.569846657625917],[110.17697933013434,-7.569842139969119],[110.17697466058884,-7.5698634407713605],[110.17699675051259,-7.569870039986723],[110.17698577589509,-7.569905164759839],[110.17708338597275,-7.56993574331971],[110.17710577512683,-7.569857201392137]]]}},{"type":"Feature","properties":{"FID_Fisnet":4,"FID_PL":0,"NAMOBJ":"Kerban","FCODE":"BA03070040","METADATA":"TASWIL1000020230928_DATA_BATAS_DESAKELURAHAN","SRS_ID":"SRGI 2013","KDCPUM":"33.08.11","KDEPUM":"33.08.11.2002","KDPKAB":"33.08","KDPPUM":"33","WADMKC":"Tempuran","WADMKD":"Sumberarum","WADMKK":"Magelang","WADMPR":"Jawa Tengah","DUSUN":"Kerban","Toponimi":"Dusun Kerban","Shape_Leng":3646.39056914,"Shape_Le_1":12240.1679469,"KETERANGAN":null,"KET_DETAIL":null,"PL":"3","Shape_Le_2":51.3211065931,"Shape_Area":56.4371358097},"geometry":{"type":"Polygon","coordinates":[[[110.17743789017288,-7.569545803349082],[110.17742889506269,-7.569553766627845],[110.17741267530867,-7.569574366372492],[110.17738791547158,-7.569607710446164],[110.17734323921654,-7.569680421638013],[110.17733520181832,-7.569689542651383],[110.177329305782,-7.56969081769755],[110.17731862470563,-7.569689694971802],[110.17730712372955,-7.569685959455486],[110.17730908894252,-7.5696787508166885],[110.17731003367157,-7.569675283907211],[110.17731520870333,-7.569653176349959],[110.17731800866078,-7.569653181634979],[110.17734296387361,-7.569659748252301],[110.17736432453876,-7.56959296264333],[110.17737277739681,-7.569565503113488],[110.17739260036029,-7.569571129327837],[110.17740410459206,-7.569532497953547],[110.17743789017288,-7.569545803349082]]]}},{"type":"Feature","properties":{"FID_Fisnet":4,"FID_PL":0,"NAMOBJ":"Kerban","FCODE":"BA03070040","METADATA":"TASWIL1000020230928_DATA_BATAS_DESAKELURAHAN","SRS_ID":"SRGI 2013","KDCPUM":"33.08.11","KDEPUM":"33.08.11.2002","KDPKAB":"33.08","KDPPUM":"33","WADMKC":"Tempuran","WADMKD":"Sumberarum","WADMKK":"Magelang","WADMPR":"Jawa Tengah","DUSUN":"Kerban","Toponimi":"Dusun Kerban","Shape_Leng":3646.39056914,"Shape_Le_1":12240.1679469,"KETERANGAN":null,"KET_DETAIL":null,"PL":"3","Shape_Le_2":477.833198423,"Shape_Area":1576.7289437},"geometry":{"type":"Polygon","coordinates":[[[110.17697830679766,-7.570018487804681],[110.17714704390004,-7.570070497621785],[110.17738080379902,-7.570100615899004],[110.17737942704242,-7.570106293454264],[110.17737857792031,-7.570110488653132],[110.1773692602022,-7.570155219462615],[110.17738956667702,-7.570157788535075],[110.17738730754708,-7.570167031706221],[110.17738022607952,-7.5702002436220575],[110.17737172352761,-7.570236216955594],[110.17734294617348,-7.570445596598564],[110.17734132869057,-7.570466847993169],[110.1773377737248,-7.570469203792341],[110.17732689860885,-7.57047049476386],[110.17708752626501,-7.570444000052654],[110.1770915972413,-7.5704123562606735],[110.17711528688415,-7.570417130533454],[110.17712749062112,-7.570326563268788],[110.17699883614335,-7.570300705374139],[110.1769900095496,-7.5703531451021915],[110.17698714020467,-7.570370127683353],[110.17698170962076,-7.570398878178371],[110.17698078039801,-7.570405158962488],[110.17691782562856,-7.570395741983406],[110.17693798530571,-7.570280728915683],[110.17688513526554,-7.5702718972234],[110.17688993433309,-7.570240618411734],[110.17682506684673,-7.5702241238481225],[110.17680890614974,-7.5702866699777305],[110.17682166065514,-7.570289968297307],[110.17681791301447,-7.570304538770685],[110.17681985317476,-7.570305286824815],[110.17681894908227,-7.570309309161873],[110.17682536972454,-7.570310065678856],[110.17682297358996,-7.570313638383131],[110.17683476568531,-7.570316342448235],[110.17682918475909,-7.570359834824408],[110.17676679853913,-7.570348399187965],[110.17678320210807,-7.570312642496125],[110.17680873419266,-7.569986451854947],[110.17681095956607,-7.569982585775515],[110.17681510564915,-7.569980641732238],[110.17682108873426,-7.569980308424824],[110.1768276652444,-7.569980604853834],[110.17697830679766,-7.570018487804681]],[[110.17692911120935,-7.5701001456927965],[110.17692646622821,-7.5701092316563],[110.17692591082074,-7.570111974808819],[110.17692059333244,-7.570131755759011],[110.17683441459243,-7.570108163269547],[110.17682614964863,-7.570134971006273],[110.17681848351324,-7.5701614813943365],[110.17681020697702,-7.570194398891069],[110.1769034282667,-7.570220616834547],[110.17690409142142,-7.570220803506012],[110.17691827037633,-7.57022530114388],[110.1769125065231,-7.570242902351146],[110.17699965089756,-7.570270663605051],[110.1769986687969,-7.570275671681833],[110.17702135946989,-7.570280483869638],[110.17702404426774,-7.570282425437645],[110.17702357557783,-7.570293452009518],[110.17704820635383,-7.570298565434578],[110.17707179546723,-7.570302335543056],[110.1770748039129,-7.570290866952081],[110.17709958548997,-7.570293893112182],[110.17715399525602,-7.570302381307051],[110.1771541417606,-7.570300169218134],[110.17716710699897,-7.57023057654139],[110.17712115821953,-7.5702204780640265],[110.1771253943549,-7.57020115997319],[110.17711443592215,-7.5701981128821085],[110.17710953562356,-7.570197221758702],[110.17711071156997,-7.5701922818837195],[110.177125785838,-7.570118036007173],[110.17710456197925,-7.570112640490085],[110.1771081138037,-7.57008517171502],[110.1770805951653,-7.570078135337676],[110.17703971471,-7.570068760060536],[110.1770386333565,-7.570071617089495],[110.1770181920664,-7.570175985678863],[110.17700454093733,-7.5701718173683545],[110.17700920234942,-7.570155284985405],[110.17700220031661,-7.570153289136193],[110.17701648293713,-7.570096433169768],[110.17699588305705,-7.570091330973921],[110.17700687201005,-7.570045304494468],[110.1769473682162,-7.57003103606333],[110.176946038062,-7.570030778487152],[110.17694294435383,-7.570044188841212],[110.17692911120935,-7.5701001456927965]],[[110.17715501737783,-7.570202650413748],[110.17723550087045,-7.570208166851448],[110.17723751392434,-7.5701704690841165],[110.17722930099038,-7.570169857524969],[110.17723096448027,-7.570149202272154],[110.17723970902706,-7.570090775606882],[110.17717009913093,-7.570087644020168],[110.17716710023826,-7.570087384198586],[110.17716505501046,-7.570107150527834],[110.17716020251262,-7.570145585514005],[110.17715501737783,-7.570202650413748]]]}},{"type":"Feature","properties":{"FID_Fisnet":4,"FID_PL":0,"NAMOBJ":"Kerban","FCODE":"BA03070040","METADATA":"TASWIL1000020230928_DATA_BATAS_DESAKELURAHAN","SRS_ID":"SRGI 2013","KDCPUM":"33.08.11","KDEPUM":"33.08.11.2002","KDPKAB":"33.08","KDPPUM":"33","WADMKC":"Tempuran","WADMKD":"Sumberarum","WADMKK":"Magelang","WADMPR":"Jawa Tengah","DUSUN":"Kerban","Toponimi":"Dusun Kerban","Shape_Leng":3646.39056914,"Shape_Le_1":12240.1679469,"KETERANGAN":null,"KET_DETAIL":null,"PL":"3","Shape_Le_2":156.573325886,"Shape_Area":416.962711621},"geometry":{"type":"Polygon","coordinates":[[[110.17615089190674,-7.567657064469653],[110.17620503218477,-7.567680796393308],[110.17618538449894,-7.5677185114797725],[110.17615536606044,-7.567773107230521],[110.17624205637448,-7.567814402406146],[110.17626756602479,-7.567762783827632],[110.17628985821138,-7.567722439879211],[110.17640588203966,-7.56776819256395],[110.17639832481336,-7.567786048157272],[110.1763847727389,-7.567826695345106],[110.17633657987835,-7.567809931056143],[110.17632197021976,-7.5678437727223224],[110.17631855975367,-7.567851671459719],[110.17630797604421,-7.567872348746371],[110.17624376664018,-7.567843624959277],[110.17593515606093,-7.567713790205286],[110.17596338852408,-7.567651730921408],[110.1760506044343,-7.567695936845806],[110.17605208620795,-7.567691762744242],[110.1760577127578,-7.567694440698252],[110.17605402664425,-7.56770764008661],[110.1760862350884,-7.567722731655088],[110.17611014740872,-7.5677333122630746],[110.17611760871979,-7.567733045069483],[110.17612792574756,-7.567711993732498],[110.1761440406367,-7.567676905827338],[110.17615089190674,-7.567657064469653]]]}},{"type":"Feature","properties":{"FID_Fisnet":4,"FID_PL":0,"NAMOBJ":"Kerban","FCODE":"BA03070040","METADATA":"TASWIL1000020230928_DATA_BATAS_DESAKELURAHAN","SRS_ID":"SRGI 2013","KDCPUM":"33.08.11","KDEPUM":"33.08.11.2002","KDPKAB":"33.08","KDPPUM":"33","WADMKC":"Tempuran","WADMKD":"Sumberarum","WADMKK":"Magelang","WADMPR":"Jawa Tengah","DUSUN":"Kerban","Toponimi":"Dusun Kerban","Shape_Leng":3646.39056914,"Shape_Le_1":12240.1679469,"KETERANGAN":null,"KET_DETAIL":null,"PL":"3","Shape_Le_2":235.985220512,"Shape_Area":872.051261348},"geometry":{"type":"Polygon","coordinates":[[[110.17653617152465,-7.567938512240744],[110.17667969238234,-7.567975427540563],[110.17670016879057,-7.567980101687151],[110.17670015648869,-7.567986587711787],[110.17669850973935,-7.567997935863954],[110.17669196260532,-7.568022788642431],[110.17669194620142,-7.5680314372782265],[110.17670222840262,-7.56803686279191],[110.17676824109412,-7.568053938372131],[110.1767699656481,-7.568058439623],[110.17676925386303,-7.5680681243878425],[110.17676245428217,-7.568098000189745],[110.17667746860565,-7.568081203535768],[110.1766714629875,-7.568080049831325],[110.1766563518304,-7.568072930144722],[110.17665929711929,-7.5680574780924745],[110.17661812499688,-7.568050490080339],[110.17660858174945,-7.568085568709868],[110.17661148530033,-7.568092120842076],[110.17660600571432,-7.56811135427292],[110.17660357249363,-7.568122538131937],[110.17659539147392,-7.568121370368192],[110.17659675787782,-7.568113983322883],[110.1765886645803,-7.568112443982234],[110.17657518599107,-7.568110055109153],[110.17657334661114,-7.568118780800294],[110.17654146599185,-7.568112901137276],[110.17653136098333,-7.568155979759634],[110.17652767795404,-7.568176158149435],[110.17652143436821,-7.568201059434834],[110.17657500782833,-7.568212095831627],[110.17656892693269,-7.568239155521647],[110.17655590582335,-7.568297108285766],[110.1765948586797,-7.568306669890728],[110.17659504604606,-7.568303942323907],[110.17662783336964,-7.568312551617855],[110.17662960845985,-7.568309524952552],[110.17668139609715,-7.5683206538400825],[110.17670271139087,-7.5683241492222315],[110.17669819272612,-7.568340936937923],[110.1764960039363,-7.5683045638435225],[110.17645450158662,-7.568294850887258],[110.17643133372825,-7.568290310029024],[110.17641975208022,-7.568287076329411],[110.17641299957128,-7.568283529757179],[110.17640882009027,-7.5682806311334145],[110.17640689315212,-7.568278174535092],[110.17640543839494,-7.568276231670672],[110.17640555034923,-7.568274076499298],[110.17640555270039,-7.568272837362082],[110.17640555505156,-7.568271598224864],[110.17640577168666,-7.568270643500148],[110.17642741258557,-7.5681278457215395],[110.17645182345305,-7.568018998418575],[110.17646236033144,-7.567960894438289],[110.17645789418683,-7.567946175490047],[110.17644193005636,-7.567927129481847],[110.17642018811229,-7.567914900499979],[110.17639071432913,-7.567903632847104],[110.17630797604421,-7.567872348746371],[110.17631855975367,-7.567851671459719],[110.17653617152465,-7.567938512240744]]]}},{"type":"Feature","properties":{"FID_Fisnet":4,"FID_PL":0,"NAMOBJ":"Kerban","FCODE":"BA03070040","METADATA":"TASWIL1000020230928_DATA_BATAS_DESAKELURAHAN","SRS_ID":"SRGI 2013","KDCPUM":"33.08.11","KDEPUM":"33.08.11.2002","KDPKAB":"33.08","KDPPUM":"33","WADMKC":"Tempuran","WADMKD":"Sumberarum","WADMKK":"Magelang","WADMPR":"Jawa Tengah","DUSUN":"Kerban","Toponimi":"Dusun Kerban","Shape_Leng":3646.39056914,"Shape_Le_1":12240.1679469,"KETERANGAN":null,"KET_DETAIL":null,"PL":"23","Shape_Le_2":97.2105131864,"Shape_Area":560.262722175},"geometry":{"type":"Polygon","coordinates":[[[110.17689135388855,-7.568375685629754],[110.17669819272612,-7.568340936937923],[110.17670271139087,-7.5683241492222315],[110.17672921465595,-7.568210305868018],[110.17674600932176,-7.568213462573853],[110.17675342919654,-7.5681872556228305],[110.1767601508642,-7.5681482796703445],[110.17676318398237,-7.568148169624394],[110.1767648497844,-7.568130598664569],[110.17677837356753,-7.568133533925053],[110.17678507841117,-7.568102471262233],[110.17692632410572,-7.56812701609944],[110.17693280756203,-7.568136217888662],[110.1769300233166,-7.568176212491678],[110.17690119979854,-7.568360720554206],[110.17689135388855,-7.568375685629754]]]}},{"type":"Feature","properties":{"FID_Fisnet":3,"FID_PL":0,"NAMOBJ":"Kerban","FCODE":"BA03070040","METADATA":"TASWIL1000020230928_DATA_BATAS_DESAKELURAHAN","SRS_ID":"SRGI 2013","KDCPUM":"33.08.11","KDEPUM":"33.08.11.2002","KDPKAB":"33.08","KDPPUM":"33","WADMKC":"Tempuran","WADMKD":"Sumberarum","WADMKK":"Magelang","WADMPR":"Jawa Tengah","DUSUN":"Kerban","Toponimi":"Dusun Kerban","Shape_Leng":3646.39056914,"Shape_Le_1":12240.1679469,"KETERANGAN":null,"KET_DETAIL":null,"PL":"3","Shape_Le_2":400.836123744,"Shape_Area":2419.88397862},"geometry":{"type":"Polygon","coordinates":[[[110.1712647772508,-7.56603012246046],[110.17123577554231,-7.566145888962314],[110.17123159972019,-7.566144903280677],[110.17122370855006,-7.566178540435939],[110.1711924464286,-7.566306531230691],[110.17118887152182,-7.566306042346772],[110.17113941682182,-7.566499411587255],[110.17115181737627,-7.56650143044675],[110.17118213331962,-7.566510136729249],[110.17118482845284,-7.566510910661862],[110.17123623357904,-7.566523719959969],[110.17123978033355,-7.566519489203697],[110.17124976974877,-7.566476899857568],[110.17127640803726,-7.566363718398252],[110.17128159909696,-7.56636325793371],[110.17130918747606,-7.566370607726742],[110.17132487747043,-7.566307548122925],[110.17129210703044,-7.566296421315451],[110.17130209014576,-7.566257126077764],[110.17132324550863,-7.566173832745822],[110.17132278674983,-7.566167240914203],[110.17128788853375,-7.566158229264911],[110.17129265048248,-7.566135167694769],[110.17129572409755,-7.566131877604049],[110.17130280052316,-7.566132362287725],[110.17133651992734,-7.5661406652950705],[110.17138156324216,-7.566149461053949],[110.17138487836544,-7.566143111559091],[110.1713870101851,-7.566138407781663],[110.1714021021304,-7.566141731488036],[110.17140423081372,-7.566139146001254],[110.17141351138908,-7.566097025631647],[110.1714083243751,-7.566095367809106],[110.17140691978643,-7.566089950911154],[110.17141026859485,-7.566065474757334],[110.17143782373316,-7.566065536161784],[110.17144311110393,-7.5661860747598535],[110.17145581948584,-7.566476590469582],[110.17146667465353,-7.566695637729019],[110.17147660502359,-7.566944259788812],[110.17146435778112,-7.566942641913911],[110.17141458766547,-7.566936070337959],[110.17139627691819,-7.566932778500236],[110.17141344475071,-7.566800671745804],[110.17124170848727,-7.5667777016436455],[110.17123815379419,-7.566793212178073],[110.17115212991969,-7.56678022129521],[110.17116513093299,-7.566703691569133],[110.17114792597108,-7.566701383187028],[110.17114814104602,-7.566697452717714],[110.1711032987201,-7.566688755899997],[110.17105470791003,-7.566679331079311],[110.17109039845896,-7.5665202354511205],[110.17115983860704,-7.566210696376472],[110.17116109563428,-7.566205093691611],[110.17116214239266,-7.566200429459265],[110.17116298986458,-7.566196648526892],[110.17116358865967,-7.566193983252487],[110.17116465828221,-7.566189212334722],[110.17116565293256,-7.566184779550662],[110.17116636509573,-7.566181605268438],[110.17116739905877,-7.566176996185128],[110.17116759561556,-7.566176118306825],[110.17116773457064,-7.566175500809823],[110.17116789547319,-7.566174782052574],[110.17116809842499,-7.566173877956441],[110.17116831143372,-7.566172928655355],[110.17116850798361,-7.566172054394958],[110.17116867254117,-7.566171320268456],[110.17116880967649,-7.566170706385916],[110.17116906016443,-7.56616959163588],[110.17116933808148,-7.5661683530239525],[110.17117050734795,-7.5661631400039076],[110.17117639572726,-7.566136890469176],[110.17117853404278,-7.566127360389985],[110.17118689716622,-7.566090079070748],[110.17118967999738,-7.56607767396405],[110.17120480089145,-7.566010271769639],[110.1712647772508,-7.56603012246046]]]}},{"type":"Feature","properties":{"FID_Fisnet":3,"FID_PL":0,"NAMOBJ":"Kerban","FCODE":"BA03070040","METADATA":"TASWIL1000020230928_DATA_BATAS_DESAKELURAHAN","SRS_ID":"SRGI 2013","KDCPUM":"33.08.11","KDEPUM":"33.08.11.2002","KDPKAB":"33.08","KDPPUM":"33","WADMKC":"Tempuran","WADMKD":"Sumberarum","WADMKK":"Magelang","WADMPR":"Jawa Tengah","DUSUN":"Kerban","Toponimi":"Dusun Kerban","Shape_Leng":3646.39056914,"Shape_Le_1":12240.1679469,"KETERANGAN":null,"KET_DETAIL":null,"PL":null,"Shape_Le_2":98.5088490124,"Shape_Area":221.291673118},"geometry":{"type":"Polygon","coordinates":[[[110.17125577045041,-7.564318274667811],[110.17125132684384,-7.564317977694587],[110.17127757071887,-7.564176257244846],[110.17132311203326,-7.564194726465458],[110.17133150398925,-7.564197879153279],[110.17133562832181,-7.564199713138372],[110.17133829922483,-7.564201777718406],[110.171341063207,-7.564203515052763],[110.17134429699247,-7.564205581606673],[110.1713463115484,-7.564207223451045],[110.1713503838484,-7.564212100014638],[110.17135211713212,-7.564213414806593],[110.17135342776032,-7.564214868085792],[110.17135439084821,-7.564216521499688],[110.17135501626281,-7.564218429335971],[110.17135552727956,-7.564220911300989],[110.17135613050817,-7.564224470679279],[110.17135650076298,-7.564227092571592],[110.17135715210718,-7.564230137391012],[110.17135728867206,-7.5642321971560085],[110.17135761116683,-7.564235147284551],[110.17135794864498,-7.564241170871409],[110.17135809717523,-7.5642440853946304],[110.1713585979998,-7.56425000889432],[110.17135808155476,-7.564298827329458],[110.17136826137788,-7.564443808000937],[110.17122736379135,-7.56439874852957],[110.17123651113901,-7.564382248261604],[110.1712549150884,-7.564383192236697],[110.1712550861728,-7.564389011998843],[110.17134066659577,-7.564385246441068],[110.17133941451104,-7.564318433594781],[110.17125577045041,-7.564318274667811]]]}},{"type":"Feature","properties":{"FID_Fisnet":4,"FID_PL":0,"NAMOBJ":"Kerban","FCODE":"BA03070040","METADATA":"TASWIL1000020230928_DATA_BATAS_DESAKELURAHAN","SRS_ID":"SRGI 2013","KDCPUM":"33.08.11","KDEPUM":"33.08.11.2002","KDPKAB":"33.08","KDPPUM":"33","WADMKC":"Tempuran","WADMKD":"Sumberarum","WADMKK":"Magelang","WADMPR":"Jawa Tengah","DUSUN":"Kerban","Toponimi":"Dusun Kerban","Shape_Leng":3646.39056914,"Shape_Le_1":12240.1679469,"KETERANGAN":null,"KET_DETAIL":null,"PL":"3","Shape_Le_2":99.5320270348,"Shape_Area":205.051921264},"geometry":{"type":"Polygon","coordinates":[[[110.17671432125579,-7.570339931780776],[110.17670269563186,-7.570342170121704],[110.17669524119431,-7.570345956676691],[110.17669248853234,-7.570351119692065],[110.17669277924755,-7.570358417609634],[110.1766964040553,-7.570375148346952],[110.17670187905652,-7.570380326905457],[110.17671193268082,-7.570381562427444],[110.17675093680779,-7.570357986592645],[110.17675715300032,-7.57035423025903],[110.17677148958954,-7.5703578182898745],[110.17677383202341,-7.570364874063768],[110.17677846173356,-7.570407582545031],[110.17678235552638,-7.570424434086325],[110.17677838444594,-7.570448322120363],[110.1767771453098,-7.570480834132922],[110.17677869220877,-7.570492980643105],[110.17677198992344,-7.570507853963032],[110.17676320008482,-7.57051319099358],[110.17674415434398,-7.570504944119293],[110.17673047836479,-7.570499537515361],[110.17675393588314,-7.570455618529795],[110.17668210256215,-7.570417080292697],[110.17664480614019,-7.570480787636105],[110.17663961557365,-7.570478095133288],[110.1766276562573,-7.570470365439537],[110.17667218827866,-7.570393044827393],[110.17658889297962,-7.570346943344168],[110.17659477082137,-7.570337587624455],[110.17661164314151,-7.570315625190733],[110.17662516477709,-7.57030157336487],[110.17664295345861,-7.570301606972308],[110.17671432125579,-7.570339931780776]]]}},{"type":"Feature","properties":{"FID_Fisnet":4,"FID_PL":0,"NAMOBJ":"Kerban","FCODE":"BA03070040","METADATA":"TASWIL1000020230928_DATA_BATAS_DESAKELURAHAN","SRS_ID":"SRGI 2013","KDCPUM":"33.08.11","KDEPUM":"33.08.11.2002","KDPKAB":"33.08","KDPPUM":"33","WADMKC":"Tempuran","WADMKD":"Sumberarum","WADMKK":"Magelang","WADMPR":"Jawa Tengah","DUSUN":"Kerban","Toponimi":"Dusun Kerban","Shape_Leng":3646.39056914,"Shape_Le_1":12240.1679469,"KETERANGAN":null,"KET_DETAIL":null,"PL":"3","Shape_Le_2":89.3359159551,"Shape_Area":191.569545101},"geometry":{"type":"Polygon","coordinates":[[[110.17617057265105,-7.5698067843386845],[110.17615196384612,-7.569854883027307],[110.1761070437015,-7.5698387037468535],[110.17608555858737,-7.569893110284503],[110.17607057872674,-7.569929481972685],[110.17604732560376,-7.56991967954782],[110.17607300028986,-7.569857136969585],[110.17603790841228,-7.5698415279964],[110.17600999522188,-7.5699057767170785],[110.17597629163781,-7.569895130547148],[110.17600867864508,-7.5698124397423285],[110.17600599414021,-7.569810348025225],[110.17601334172903,-7.569794566028527],[110.17597407763964,-7.5697765251491855],[110.17598902864384,-7.569748668210978],[110.17599248902071,-7.5697498225418585],[110.17610961258158,-7.56978902174295],[110.17617057265105,-7.5698067843386845]]]}},{"type":"Feature","properties":{"FID_Fisnet":4,"FID_PL":0,"NAMOBJ":"Kerban","FCODE":"BA03070040","METADATA":"TASWIL1000020230928_DATA_BATAS_DESAKELURAHAN","SRS_ID":"SRGI 2013","KDCPUM":"33.08.11","KDEPUM":"33.08.11.2002","KDPKAB":"33.08","KDPPUM":"33","WADMKC":"Tempuran","WADMKD":"Sumberarum","WADMKK":"Magelang","WADMPR":"Jawa Tengah","DUSUN":"Kerban","Toponimi":"Dusun Kerban","Shape_Leng":3646.39056914,"Shape_Le_1":12240.1679469,"KETERANGAN":null,"KET_DETAIL":null,"PL":null,"Shape_Le_2":629.253157308,"Shape_Area":1537.92632305},"geometry":{"type":"Polygon","coordinates":[[[110.17533766007236,-7.568802997131123],[110.17534859681057,-7.568808848117393],[110.17534376127287,-7.568819681907939],[110.17534171996832,-7.568823988810651],[110.17538741705084,-7.568843367877254],[110.17540791831175,-7.568853100906111],[110.175428804255,-7.568860261408443],[110.17544501997888,-7.568821296214732],[110.17545509240253,-7.5687963913417775],[110.17545953351546,-7.568784191939122],[110.17546755681498,-7.568764370000478],[110.17538266437515,-7.5687299602703755],[110.17537735086754,-7.56874094330146],[110.17536605947569,-7.5687342649478975],[110.1753608410239,-7.568731952262683],[110.175337590752,-7.568723554474951],[110.1752987191085,-7.568708939565549],[110.17531656419774,-7.568673046369441],[110.17547538487284,-7.568743782499871],[110.17547005335712,-7.568777128833876],[110.17543898793791,-7.56886792355156],[110.17541177567263,-7.56891963019355],[110.17540283903543,-7.56893879103476],[110.17539784810951,-7.5689617563585],[110.17539524827362,-7.5689985946389085],[110.17539356013647,-7.569015484468854],[110.17539351684661,-7.569038269210839],[110.17539481952579,-7.569053462462314],[110.17539954597378,-7.569069990875956],[110.17540636734216,-7.569085003721743],[110.17541490474295,-7.569098501187348],[110.17542364475827,-7.569105543742999],[110.17545254592761,-7.569117181221381],[110.17550911045035,-7.569138833902892],[110.17555632671213,-7.569158710581502],[110.175824795756,-7.569231367079379],[110.1761430871487,-7.569333958293923],[110.17613606565222,-7.569357027424729],[110.17604334714098,-7.569328703750498],[110.17602267070087,-7.569390212007059],[110.1760125912106,-7.5694188460638046],[110.17600848615068,-7.569433081194368],[110.17600489772825,-7.5694449439386275],[110.17593767230358,-7.569427744731079],[110.17592790324241,-7.569427029809385],[110.17591317844943,-7.5694632156520125],[110.175903400548,-7.569466678519036],[110.17580363535717,-7.569446990134023],[110.17564003195474,-7.569384412526123],[110.17563488454063,-7.569385258431389],[110.17561932179045,-7.569407813026426],[110.1755381770731,-7.5693630287485725],[110.17552635955292,-7.569356073534959],[110.17553017084714,-7.569345706327409],[110.17554231200992,-7.569314464942998],[110.17553872785079,-7.569312149019052],[110.1754704883136,-7.569287721008346],[110.17544114066926,-7.56936031444636],[110.17543039143257,-7.569355001078407],[110.1754463974917,-7.569314763788112],[110.17543711325631,-7.569310771927616],[110.17548402983005,-7.5692107199715775],[110.17540524074177,-7.5691779860305735],[110.17538764219192,-7.569217691184586],[110.17537303771046,-7.569211529353122],[110.17533945647735,-7.5692872741318125],[110.17535882471599,-7.56929366928907],[110.1753492235533,-7.569316699151957],[110.17529027049572,-7.5692879326950955],[110.17529307949432,-7.569278885042884],[110.175355440355,-7.569149469350913],[110.17537575803124,-7.569108418949636],[110.1753743793363,-7.569099362469509],[110.17536043979379,-7.5690895866786665],[110.17521597038963,-7.569030846670894],[110.17522655662393,-7.569010792613678],[110.1752479361616,-7.569021509580477],[110.17525408432161,-7.56900918859224],[110.1752606701104,-7.568996006459901],[110.1752800812694,-7.568957864068594],[110.17528397867459,-7.568949405484667],[110.17530300788351,-7.568908102106633],[110.17530946954285,-7.568888689661527],[110.1753173178725,-7.568871749981999],[110.1753333566961,-7.568836683683811],[110.17533217133156,-7.5688346463551595],[110.17531557520039,-7.56882717830005],[110.17527923035652,-7.568810822516963],[110.1752345534882,-7.568790718166149],[110.17526975808957,-7.568697331814764],[110.17528595663704,-7.568704141559911],[110.1752850961426,-7.568706203961411],[110.17526053321883,-7.568763234868658],[110.1752589927519,-7.568766807374096],[110.1752580225954,-7.568770292319289],[110.17526181283425,-7.568771482553924],[110.17528256458208,-7.568780093598955],[110.175276664218,-7.568794622899228],[110.17530621777188,-7.568806853150873],[110.17531373247361,-7.568791376292999],[110.17533406731722,-7.5688009145462845],[110.17533766007236,-7.568802997131123]],[[110.17555413144339,-7.569255041980943],[110.17553620778267,-7.56929841239549],[110.17565155922097,-7.569343751598035],[110.17565329745018,-7.5693448664948075],[110.17565788507763,-7.569346679614353],[110.175677852241,-7.56935367556299],[110.17568046069047,-7.569354765875449],[110.17574837985654,-7.5693794184659335],[110.17578564557304,-7.569393932621823],[110.17582904508289,-7.5692805409899755],[110.17583828334497,-7.569281059541579],[110.1758450221846,-7.569282262582938],[110.17582212515639,-7.569370876691231],[110.17581317356571,-7.569397914653699],[110.17581724030151,-7.56939909003083],[110.17586022269766,-7.569408927960649],[110.17588904946842,-7.569415847490328],[110.17589021965094,-7.569410129753629],[110.17589726693734,-7.569393534964974],[110.17592121608604,-7.569397652227283],[110.17594434465353,-7.569312637486781],[110.17595283938398,-7.569286081650562],[110.17595024061106,-7.569285146024557],[110.17585213315377,-7.56925981681608],[110.17585038127305,-7.569265890723553],[110.17584125161558,-7.5692640283161285],[110.17583452361042,-7.569262847907312],[110.17583538579733,-7.569259893687794],[110.1757638846902,-7.569231762933856],[110.17575700444358,-7.569247267229854],[110.1757374470043,-7.569295626405752],[110.1757357048086,-7.569296599952533],[110.17570342850776,-7.569285686930179],[110.17568901828407,-7.569280804414605],[110.17570231487348,-7.569242063429272],[110.17565547398463,-7.569226891689639],[110.17557745276505,-7.5691964692792615],[110.17555413144339,-7.569255041980943]]]}},{"type":"Feature","properties":{"FID_Fisnet":4,"FID_PL":0,"NAMOBJ":"Kerban","FCODE":"BA03070040","METADATA":"TASWIL1000020230928_DATA_BATAS_DESAKELURAHAN","SRS_ID":"SRGI 2013","KDCPUM":"33.08.11","KDEPUM":"33.08.11.2002","KDPKAB":"33.08","KDPPUM":"33","WADMKC":"Tempuran","WADMKD":"Sumberarum","WADMKK":"Magelang","WADMPR":"Jawa Tengah","DUSUN":"Kerban","Toponimi":"Dusun Kerban","Shape_Leng":3646.39056914,"Shape_Le_1":12240.1679469,"KETERANGAN":null,"KET_DETAIL":null,"PL":"3","Shape_Le_2":109.214134266,"Shape_Area":261.961333746},"geometry":{"type":"Polygon","coordinates":[[[110.17734582258156,-7.5685939179586095],[110.17739307706532,-7.568600826938286],[110.17739538436227,-7.568585771647653],[110.17744348606787,-7.56859666013766],[110.17744060576915,-7.5686137024014695],[110.17748045370479,-7.5686225863543495],[110.17752471083367,-7.56863608606048],[110.17751481975556,-7.568676328658027],[110.17756871255679,-7.568687747235758],[110.17755790550139,-7.56873637809244],[110.17755166494007,-7.568760185882905],[110.17751141436905,-7.568747562946373],[110.17751508633349,-7.568733203968402],[110.17749778323615,-7.568728079079283],[110.17749998491648,-7.568720445777612],[110.17749327437811,-7.568718658519522],[110.17749233767184,-7.568720285726259],[110.17747438653525,-7.568715130670023],[110.17746879543701,-7.568734389229505],[110.17744948732489,-7.568729260555136],[110.17746067610862,-7.5686910943885914],[110.17742552368715,-7.568680662678447],[110.17741397327374,-7.568717373752464],[110.17738610425513,-7.568709684609067],[110.1774078744571,-7.568655387056924],[110.17739924317517,-7.568651697662767],[110.17737278797294,-7.568638862868838],[110.17736163272136,-7.568665551204574],[110.17728878870979,-7.568638136325293],[110.17730046009811,-7.568583035532366],[110.17734582258156,-7.5685939179586095]]]}},{"type":"Feature","properties":{"FID_Fisnet":4,"FID_PL":0,"NAMOBJ":"Kerban","FCODE":"BA03070040","METADATA":"TASWIL1000020230928_DATA_BATAS_DESAKELURAHAN","SRS_ID":"SRGI 2013","KDCPUM":"33.08.11","KDEPUM":"33.08.11.2002","KDPKAB":"33.08","KDPPUM":"33","WADMKC":"Tempuran","WADMKD":"Sumberarum","WADMKK":"Magelang","WADMPR":"Jawa Tengah","DUSUN":"Kerban","Toponimi":"Dusun Kerban","Shape_Leng":3646.39056914,"Shape_Le_1":12240.1679469,"KETERANGAN":null,"KET_DETAIL":null,"PL":"3","Shape_Le_2":206.720783879,"Shape_Area":437.361905664},"geometry":{"type":"Polygon","coordinates":[[[110.17733624187048,-7.568865897858961],[110.17737521892761,-7.568876599095587],[110.17738054290307,-7.568856242895891],[110.17743390689863,-7.56887216301142],[110.17745595117306,-7.568877479555929],[110.17750913229236,-7.568893763824434],[110.17750051676909,-7.568921933976889],[110.1775590212398,-7.568939717064155],[110.17759286131799,-7.568947203101591],[110.17759171992671,-7.568972659436583],[110.1775689423575,-7.568971162051698],[110.17756575321772,-7.569019164193099],[110.17756246906097,-7.5690771272283275],[110.17761757675339,-7.569079817121212],[110.1776285092636,-7.56908074675312],[110.17765110774738,-7.569080607587518],[110.17765730352257,-7.56908043747548],[110.1776584099845,-7.56907389291351],[110.17766005625803,-7.569070440893527],[110.17768046236382,-7.569073025511568],[110.17769267125075,-7.569073412146441],[110.17773159267169,-7.5690785696713805],[110.17773551386024,-7.569083369925054],[110.17773097084869,-7.569176175804905],[110.17772484799484,-7.569181393071774],[110.17758075381255,-7.569174585421116],[110.17757595973721,-7.569169782614684],[110.17757723806496,-7.569114635973447],[110.17756951880762,-7.569111815701814],[110.17755684272404,-7.569118328484044],[110.17751424998677,-7.569115228046368],[110.17752045297074,-7.5690749025149495],[110.17752213301185,-7.569053632240773],[110.17752584185169,-7.569019816090601],[110.17754205250029,-7.569024574411787],[110.17754812397551,-7.5689938533381875],[110.1775306403966,-7.568987820007636],[110.17752900790651,-7.5689839981993305],[110.17750860766513,-7.568978322062309],[110.17750569444544,-7.568976862156305],[110.17750589731389,-7.56896595175856],[110.17750043754465,-7.568962304529449],[110.1775032209538,-7.5689361231846775],[110.17746841842131,-7.568933329592013],[110.17746747920147,-7.568948240033684],[110.17741192922425,-7.568942184611668],[110.17741477459361,-7.568918705076101],[110.177438749172,-7.568924229677632],[110.177443558702,-7.568920397413567],[110.17744471567082,-7.568916379169166],[110.17744559872442,-7.568907191286601],[110.17744330619655,-7.568902017839162],[110.17731239780824,-7.5688723361925705],[110.17722801720663,-7.56883940840931],[110.17721391772503,-7.56883030440318],[110.17720962672779,-7.568825500734124],[110.1772096353404,-7.568820957531691],[110.17721409968796,-7.5688041271962625],[110.17722585154796,-7.568808910577638],[110.17724321354575,-7.56881452220063],[110.1773424591515,-7.568844815236887],[110.17733624187048,-7.568865897858961]]]}},{"type":"Feature","properties":{"FID_Fisnet":4,"FID_PL":0,"NAMOBJ":"Kerban","FCODE":"BA03070040","METADATA":"TASWIL1000020230928_DATA_BATAS_DESAKELURAHAN","SRS_ID":"SRGI 2013","KDCPUM":"33.08.11","KDEPUM":"33.08.11.2002","KDPKAB":"33.08","KDPPUM":"33","WADMKC":"Tempuran","WADMKD":"Sumberarum","WADMKK":"Magelang","WADMPR":"Jawa Tengah","DUSUN":"Kerban","Toponimi":"Dusun Kerban","Shape_Leng":3646.39056914,"Shape_Le_1":12240.1679469,"KETERANGAN":null,"KET_DETAIL":null,"PL":"32","Shape_Le_2":1152.87173581,"Shape_Area":9728.66486993},"geometry":{"type":"Polygon","coordinates":[[[110.17507762827516,-7.565197085936712],[110.17509232322566,-7.565354999345115],[110.17510755724355,-7.565598932799042],[110.17511976024997,-7.565785576910259],[110.17513283676085,-7.566043464258632],[110.17514912135084,-7.566324601072029],[110.1751715334959,-7.566735445066217],[110.17516546966138,-7.566719622331988],[110.17512160771759,-7.5667143928469045],[110.17515042662009,-7.566693388295318],[110.17513319929677,-7.566672296632842],[110.17511601198855,-7.566630145069361],[110.17511222876173,-7.566601420584969],[110.17511138669784,-7.566571839692719],[110.17509740892025,-7.566393788432376],[110.17512565631132,-7.566391623174582],[110.17512614477559,-7.566302458379461],[110.17500417603735,-7.566305001677324],[110.17500800409266,-7.566396948685211],[110.17500489095895,-7.566396720292272],[110.17501415581638,-7.566538718093384],[110.17500095131756,-7.566539039526383],[110.17500478407321,-7.566577471013264],[110.17502005629835,-7.566643365245803],[110.17501804646017,-7.566691221241698],[110.17507172733741,-7.566712384592152],[110.17498168109337,-7.566712950467084],[110.17496297908868,-7.566702795726689],[110.17495519321388,-7.566694997920383],[110.17494897115742,-7.566685645553877],[110.17495500434636,-7.566392288002593],[110.17496078252017,-7.566358092303802],[110.17494367459939,-7.566340957069241],[110.17472390632122,-7.566324896337782],[110.17472830142728,-7.566289207438671],[110.17476270513878,-7.566130199373286],[110.1750610848771,-7.566144281460174],[110.17507378535117,-7.566138733873671],[110.1750744393053,-7.56611179509199],[110.17506697726213,-7.5658648571819835],[110.17506322969844,-7.565750093841593],[110.17505769140985,-7.565742960562702],[110.17504341379514,-7.565743724975007],[110.17499658829762,-7.56576025625871],[110.17495928772388,-7.565772848446248],[110.1748942280417,-7.565785388106859],[110.17475700520887,-7.5657922512403815],[110.17469753194078,-7.56578659872875],[110.1746570904809,-7.5657825650756125],[110.17426297387128,-7.56571074109592],[110.17426842595258,-7.565685029743815],[110.17426113819194,-7.5656717480887785],[110.17424586384764,-7.565663758814145],[110.17389544088891,-7.56559418530067],[110.17385630302876,-7.565591988335953],[110.17384480941745,-7.565594938690869],[110.17383323159537,-7.565595937917161],[110.17377945433171,-7.565582666765781],[110.17370692226524,-7.565554164765955],[110.17369120128878,-7.565546537324545],[110.17369020152154,-7.565538431267185],[110.17370710057845,-7.565460460719159],[110.17371167664024,-7.565456417308303],[110.17381875403578,-7.565469789448683],[110.17383550369334,-7.565470327691443],[110.17384160928377,-7.565462741605374],[110.17386362858275,-7.565361481278258],[110.17386263748519,-7.565348816645459],[110.17385350560346,-7.565346266794805],[110.17379109172595,-7.565335511837422],[110.17377740016907,-7.565328394754797],[110.17376118895226,-7.565311649204195],[110.17375257912315,-7.565301502687686],[110.1737541260006,-7.565288842863522],[110.17377385268101,-7.565208693341813],[110.17381497302603,-7.565055963446814],[110.17384254210701,-7.564972441488553],[110.17384447676609,-7.564962248921937],[110.17399001607916,-7.565004762127585],[110.17398325175878,-7.565025570504194],[110.17398320077386,-7.5650523738437325],[110.17397929380806,-7.56508874111414],[110.17399651737364,-7.565111747593542],[110.17401951490416,-7.565125192869405],[110.17403483505714,-7.565140538393176],[110.17403479135884,-7.5651635121675564],[110.1739906487244,-7.565171085909848],[110.17394842497477,-7.565178664186692],[110.17393877043678,-7.565211191894519],[110.173959860008,-7.565218890095614],[110.17399822504215,-7.565222791437863],[110.17401352972544,-7.565245794282617],[110.1740096163788,-7.5652859920245925],[110.17399422065147,-7.565310850605788],[110.17398649866088,-7.565335724625746],[110.17401522646999,-7.565362581570238],[110.17404206816687,-7.56537220545264],[110.17406705743142,-7.56534736413497],[110.17409008774864,-7.565343579077683],[110.17412269339546,-7.5653493842922],[110.17417452071302,-7.565336080721851],[110.17421295767085,-7.565301692720908],[110.17421684187178,-7.565276811428317],[110.17421691104707,-7.565240435982567],[110.17423230402646,-7.565217491271818],[110.17424388835295,-7.56517922374464],[110.17423817992501,-7.565154324287778],[110.17424781259611,-7.565133283458492],[110.1742593532338,-7.565117988801624],[110.17427091935268,-7.565089293378104],[110.17427299466976,-7.565082347263071],[110.17442794233028,-7.565101234968261],[110.1745492781656,-7.565110066276701],[110.17476807751704,-7.565127685430396],[110.17503793440113,-7.565147385498051],[110.17505316659282,-7.565158001283037],[110.17507762827516,-7.565197085936712]],[[110.17429172988223,-7.565339075807694],[110.1744011293665,-7.565366362239082],[110.17445306231264,-7.565196421433731],[110.1743725620756,-7.56518117503168],[110.17437975199043,-7.56514389591982],[110.17435618671107,-7.565135860201943],[110.17433305635458,-7.565133152709004],[110.17429172988223,-7.565339075807694]],[[110.17449297358922,-7.565353914051423],[110.1745006045624,-7.565376902356043],[110.17449863835836,-7.565401787283395],[110.17447368915037,-7.565405568729814],[110.1744391655095,-7.565399759909653],[110.17442569960734,-7.565418879601215],[110.17441797399923,-7.565445667509525],[110.17441598230916,-7.565483954106855],[110.17441592770895,-7.565512671327145],[110.17441778835907,-7.565543306058556],[110.17442924528302,-7.565572045072134],[110.17442147234851,-7.565623722443517],[110.1744233439188,-7.5656486137308345],[110.17446746021562,-7.565654440714174],[110.17449625723079,-7.565644923088907],[110.17452690762197,-7.565669869759031],[110.17455952695424,-7.565668016715241],[110.17456535914592,-7.565627823500575],[110.17456929882908,-7.565574224983778],[110.17458281658699,-7.56552830285096],[110.1745924674498,-7.565497689003338],[110.17459638802319,-7.565453663493977],[110.17460799052397,-7.565405822944506],[110.17462148643646,-7.565371387697904],[110.174631126375,-7.565346517292928],[110.17463885196794,-7.565319729379108],[110.17464273614516,-7.565294848080112],[110.17463702405348,-7.565271863408955],[110.17461020054004,-7.56525266745652],[110.17457185732715,-7.565237279278544],[110.17454693814928,-7.565225745181969],[110.17452585857602,-7.565212303562104],[110.1744872999767,-7.565203891244453],[110.17447980159655,-7.565217959845418],[110.1744778435781,-7.565239016113192],[110.17448162585383,-7.565267740597348],[110.17448733065841,-7.565294553930967],[110.17446619011466,-7.5653136590965255],[110.1744623050208,-7.565338540391084],[110.17449297358922,-7.565353914051423]]]}},{"type":"Feature","properties":{"FID_Fisnet":4,"FID_PL":0,"NAMOBJ":"Kerban","FCODE":"BA03070040","METADATA":"TASWIL1000020230928_DATA_BATAS_DESAKELURAHAN","SRS_ID":"SRGI 2013","KDCPUM":"33.08.11","KDEPUM":"33.08.11.2002","KDPKAB":"33.08","KDPPUM":"33","WADMKC":"Tempuran","WADMKD":"Sumberarum","WADMKK":"Magelang","WADMPR":"Jawa Tengah","DUSUN":"Kerban","Toponimi":"Dusun Kerban","Shape_Leng":3646.39056914,"Shape_Le_1":12240.1679469,"KETERANGAN":null,"KET_DETAIL":null,"PL":"32","Shape_Le_2":2437.35518282,"Shape_Area":28763.450891},"geometry":{"type":"Polygon","coordinates":[[[110.17600875921181,-7.566666813070026],[110.17601400251912,-7.566687062593591],[110.17605532992077,-7.56687531746438],[110.17611347365872,-7.5668585153154995],[110.17617929293739,-7.566845569904713],[110.17622529565098,-7.566834208781542],[110.1762476767199,-7.566828682164947],[110.17617926884824,-7.566608915506909],[110.1761232449435,-7.566628280456381],[110.17600875921181,-7.566666813070026],[110.17607972912776,-7.566627409520367],[110.17617270344526,-7.566555979994123],[110.17618258258356,-7.566549285587012],[110.17623106919636,-7.566523420341062],[110.1763958411358,-7.566431092646411],[110.1764524045585,-7.566403004937756],[110.17649010950325,-7.566386070060019],[110.17658120496668,-7.566358942083936],[110.17670557633325,-7.566318345850748],[110.17672912001336,-7.566565371174215],[110.17679317440513,-7.567237449794708],[110.17685119637706,-7.5672375566314765],[110.17684918511787,-7.567286262867063],[110.17685295031212,-7.5673245594589025],[110.17685291038093,-7.56734561846348],[110.17685668192883,-7.567380086390324],[110.17687584278565,-7.567393524292416],[110.17689883690447,-7.567408884221547],[110.17689877156441,-7.567443344904477],[110.17694478885193,-7.567458747393223],[110.17700232498414,-7.56747034294495],[110.17705794131281,-7.567481935770067],[110.1770844554475,-7.567483245762368],[110.17714003326023,-7.567485990850499],[110.17716337157131,-7.567487144699746],[110.17716881704223,-7.567485412942696],[110.17717008646133,-7.567484712555109],[110.1771717793403,-7.5674834503782025],[110.17717446000626,-7.5674813470872735],[110.17717559132807,-7.567479381067082],[110.17717729966226,-7.567469965003611],[110.1771798603519,-7.567457035727179],[110.17718466187668,-7.567433985895287],[110.17718467577333,-7.567426654180965],[110.17719817429308,-7.567390304056755],[110.17720591792678,-7.567353943071091],[110.17722117741667,-7.567314357314684],[110.17734928060416,-7.567358041378747],[110.17736372152366,-7.567362969117131],[110.17739357067019,-7.567376572787174],[110.17761298939851,-7.567476597473885],[110.17757974803175,-7.567482797410604],[110.17755081309048,-7.567494743510377],[110.1775068369137,-7.567512898548262],[110.17744443684713,-7.56753671254274],[110.17735870202371,-7.567558925881533],[110.17733402770173,-7.5675548661301955],[110.17720352386482,-7.567533378969242],[110.17719654564357,-7.567532231577435],[110.17717049762234,-7.5675279394858785],[110.17715946080104,-7.567525634835371],[110.17714225728449,-7.567522038701871],[110.17713285912146,-7.56752029792311],[110.17712365638656,-7.567516834472628],[110.17711579987477,-7.567511842272953],[110.17711196897179,-7.567508197210977],[110.17710219864284,-7.567500520510742],[110.17708742905288,-7.567492532276695],[110.17708924226092,-7.567551637341189],[110.17712650031267,-7.567633264911317],[110.17722702510923,-7.567702990399653],[110.17725104649233,-7.567719651994075],[110.17734915681282,-7.567834706503395],[110.17735816938368,-7.567845729261634],[110.17752176760497,-7.568045818385643],[110.17755046308679,-7.568105259083084],[110.17762358052123,-7.56825672068485],[110.17771958345199,-7.568455589617997],[110.17773915621677,-7.56849613472476],[110.177747623238,-7.568515239814821],[110.17789915328811,-7.568857179699992],[110.17800332823344,-7.569092259617355],[110.17807218375896,-7.5692476376870195],[110.17805685377566,-7.569255518485296],[110.1780148123661,-7.569275263668533],[110.1779699245123,-7.5692989678291935],[110.177939235198,-7.569318734413631],[110.1778966082818,-7.56934754049757],[110.1778789914109,-7.569358268811116],[110.17783351127126,-7.569395566221751],[110.17782492975866,-7.569430667500288],[110.17780954056292,-7.569464056412807],[110.1777884924812,-7.5694883717276555],[110.1777595202751,-7.569500778138354],[110.17773850454857,-7.569507535683342],[110.17760217334649,-7.569514861655796],[110.17755298608682,-7.56951473356936],[110.17752931253789,-7.569515359119718],[110.17752138025412,-7.569515891363625],[110.17750380774106,-7.569517076542179],[110.17749605763184,-7.569518096645811],[110.17748836732932,-7.569519604378595],[110.17748171419622,-7.569521478575199],[110.17747615920874,-7.569523111538091],[110.17746028735455,-7.569530889988396],[110.17743789017288,-7.569545803349082],[110.17740410459206,-7.569532497953547],[110.17737589460374,-7.569521036466131],[110.17731852233439,-7.569505095202915],[110.17726986820502,-7.56948911250215],[110.17726861810759,-7.569488702220581],[110.17717346844886,-7.569459885766295],[110.17718313027322,-7.569410072414826],[110.17720779655569,-7.5693228037987375],[110.1772118182569,-7.569293708742362],[110.17721528110705,-7.569282562098045],[110.17723665633997,-7.56919326665073],[110.17722995750519,-7.569191996774391],[110.17720741831366,-7.569187633512549],[110.17707137928,-7.569153270446475],[110.17705451100154,-7.569149238070626],[110.17712158705655,-7.5689253938902175],[110.17716845257536,-7.568934765070787],[110.17715980965636,-7.568974026838557],[110.17719267371038,-7.568980446487532],[110.1771885649564,-7.56899856547751],[110.17718791647776,-7.569000678934892],[110.17719380926773,-7.569002067586281],[110.17724637733883,-7.569014208197425],[110.17729370988805,-7.569023949276433],[110.17729439708995,-7.569021012812287],[110.17731078011019,-7.568933398413807],[110.17731965457224,-7.56889678540505],[110.17741477459361,-7.568918705076101],[110.17741192922425,-7.568942184611668],[110.1773860342464,-7.568939357171116],[110.17737993553267,-7.5689844440958405],[110.17737494353776,-7.569021895653221],[110.17736814261505,-7.5690797480316325],[110.17736645682552,-7.56911361141229],[110.17747206672081,-7.569123731087304],[110.17751238881097,-7.569127330137182],[110.17751424998677,-7.569115228046368],[110.17755684272404,-7.569118328484044],[110.17756951880762,-7.569111815701814],[110.17757723806496,-7.569114635973447],[110.17757595973721,-7.569169782614684],[110.17758075381255,-7.569174585421116],[110.17772484799484,-7.569181393071774],[110.17773097084869,-7.569176175804905],[110.17773551386024,-7.569083369925054],[110.17773159267169,-7.5690785696713805],[110.17769267125075,-7.569073412146441],[110.1776943235989,-7.56906723221639],[110.17769526212112,-7.569052686278938],[110.177718588338,-7.569053093885945],[110.17772101092284,-7.569024548443225],[110.1777260611111,-7.568956365361997],[110.17762857687946,-7.568948907600336],[110.17759286131799,-7.568947203101591],[110.1775590212398,-7.568939717064155],[110.17756732640952,-7.568910297233346],[110.17757274764033,-7.568904624594079],[110.1775810127273,-7.568900662271189],[110.17759297212415,-7.568900684835364],[110.17759699250843,-7.568882791793684],[110.17757934610775,-7.568878496574965],[110.17758337241538,-7.568857477650675],[110.17756032184573,-7.568850330348865],[110.17756949408765,-7.568818240310324],[110.17758457909366,-7.568821962681122],[110.17759575802565,-7.568782772616677],[110.17758864470194,-7.568780202222018],[110.17759397186875,-7.568745717996811],[110.17755790550139,-7.56873637809244],[110.17756871255679,-7.568687747235758],[110.17751481975556,-7.568676328658027],[110.17752471083367,-7.56863608606048],[110.17748045370479,-7.5686225863543495],[110.17749283070691,-7.5685524272399185],[110.17750836830758,-7.568467500259434],[110.17735978194771,-7.5684416474278455],[110.17735523677031,-7.568441349415816],[110.17734461149072,-7.568486844765785],[110.17733518448533,-7.5685299608724215],[110.17735590236666,-7.568533984219442],[110.17734582258156,-7.5685939179586095],[110.17730046009811,-7.568583035532366],[110.1773258057894,-7.568463418436588],[110.1773208832883,-7.56845416532884],[110.17731071892385,-7.568451120650046],[110.17689135388855,-7.568375685629754],[110.17690119979854,-7.568360720554206],[110.1769300233166,-7.568176212491678],[110.17693280756203,-7.568136217888662],[110.17692632410572,-7.56812701609944],[110.17678507841117,-7.568102471262233],[110.17676245428217,-7.568098000189745],[110.17676925386303,-7.5680681243878425],[110.1767699656481,-7.568058439623],[110.17676824109412,-7.568053938372131],[110.17670222840262,-7.56803686279191],[110.17669194620142,-7.5680314372782265],[110.17669196260532,-7.568022788642431],[110.17669850973935,-7.567997935863954],[110.17670015648869,-7.567986587711787],[110.17670016879057,-7.567980101687151],[110.17667969238234,-7.567975427540563],[110.17653617152465,-7.567938512240744],[110.17655934918828,-7.567844221156023],[110.1765622768873,-7.567832308313269],[110.17639832481336,-7.567786048157272],[110.17640588203966,-7.56776819256395],[110.17628985821138,-7.567722439879211],[110.17620503218477,-7.567680796393308],[110.17615089190674,-7.567657064469653],[110.17616357455357,-7.567620332058686],[110.17615584334357,-7.567614277312034],[110.176121096811,-7.567601147298683],[110.17609985519461,-7.567593240868252],[110.17609750394855,-7.567598958183759],[110.1760943549084,-7.567597584654414],[110.17608763514532,-7.56759446234281],[110.17609101655066,-7.567586115833398],[110.17610856143205,-7.567552165757695],[110.17602842296961,-7.567512233337749],[110.17599702429197,-7.567584365296824],[110.17598989904937,-7.567599073193265],[110.17596338852408,-7.567651730921408],[110.17593515606093,-7.567713790205286],[110.1754405115474,-7.567505681342852],[110.17538250725454,-7.567477172684571],[110.17526576972095,-7.567434576850091],[110.17526203736189,-7.567432507568919],[110.17526115986597,-7.5674311157189615],[110.17525984477297,-7.567429137840879],[110.17525926053894,-7.567427967239487],[110.17525816452203,-7.567426136302035],[110.17525568561702,-7.567418889419333],[110.17525524919792,-7.567417206255844],[110.17525320261144,-7.56740855281581],[110.17521298705681,-7.56704269306312],[110.17521129725587,-7.567027543398362],[110.17520218454304,-7.566980529235972],[110.17520150773701,-7.56697703484325],[110.17520529602251,-7.566973519953843],[110.17540174008745,-7.5669435208047515],[110.17540357522398,-7.566943241172362],[110.1755299276638,-7.566910608500651],[110.1756105712051,-7.566882091594758],[110.17570804885105,-7.566844514636976],[110.17582240313165,-7.566776901832432],[110.1759634088067,-7.566697451744691],[110.17600875921181,-7.566666813070026]],[[110.1758707508787,-7.567254424515568],[110.17592808748215,-7.567437464558625],[110.17593676570564,-7.56744457753473],[110.1760933012889,-7.567403871364383],[110.17609887418584,-7.567381804372151],[110.17609653232273,-7.567366818091292],[110.1759466467,-7.566818529424074],[110.17594036572201,-7.566797227834118],[110.1759281801887,-7.566790305407653],[110.17577439749196,-7.5668387274621836],[110.17576819710598,-7.5668480282967225],[110.17576868851846,-7.566855598842918],[110.1758707508787,-7.567254424515568]],[[110.17636736264399,-7.567419367436077],[110.17635194425274,-7.567455712995526],[110.17631731143278,-7.5675073387673315],[110.17629996777262,-7.5675475111719495],[110.17629984426132,-7.567612602959739],[110.17631126502741,-7.567660487062798],[110.17634768416835,-7.567679701965611],[110.17638408879328,-7.567704658496221],[110.17642624013244,-7.567735369347406],[110.1764377880408,-7.56771624687554],[110.17645512443193,-7.567679904032401],[110.1764878746727,-7.56760912950188],[110.1764994661566,-7.5675670332414855],[110.17651489181078,-7.567526855395296],[110.17653415707063,-7.567484774532311],[110.17655532034424,-7.56745418328286],[110.17652082464582,-7.567433058145203],[110.17647292570781,-7.5673985068673595],[110.17643231702563,-7.567398431063316],[110.17638661066076,-7.567386856882398],[110.17636736264399,-7.567419367436077]],[[110.17538928562887,-7.567437983413209],[110.17539780584998,-7.567423767491981],[110.17541837448337,-7.567432356470595],[110.1754325412477,-7.567399789323144],[110.17545751892095,-7.567342426326861],[110.17536603936,-7.567301063162297],[110.17532770961286,-7.567393470406701],[110.1753530920345,-7.567406002993632],[110.17534924429484,-7.567414570212231],[110.17534712969781,-7.567420245459731],[110.17536827030965,-7.56742929861767],[110.17538928562887,-7.567437983413209]],[[110.17696959273546,-7.5681416934346695],[110.17697129119198,-7.568142271892535],[110.17698378354412,-7.5681422954774185],[110.17701252261658,-7.568163408813894],[110.17703253296544,-7.568204506505342],[110.17700288808145,-7.568344650846026],[110.17708031680797,-7.568356730769813],[110.17710043777365,-7.568249602880202],[110.17711834963504,-7.568253468082355],[110.1771407596762,-7.568256601907412],[110.17716171334872,-7.568258641271241],[110.17716408666512,-7.568256099630975],[110.17716703090265,-7.568241193879454],[110.17717359333322,-7.568240297260683],[110.17717378216011,-7.5682382317776105],[110.17718525837726,-7.568239228471867],[110.17720220120648,-7.568242169268772],[110.17721604656127,-7.568244741521073],[110.17721680290315,-7.5682301952417586],[110.17726908306074,-7.568242113698985],[110.17728138291513,-7.568194493262058],[110.17730980101113,-7.568200366338177],[110.17731900429509,-7.568152375548964],[110.17723447774894,-7.568135303999338],[110.17724016989317,-7.568112947778527],[110.17720829399813,-7.568103612142193],[110.17719572683302,-7.568100497803752],[110.17721082078882,-7.568021059307492],[110.17711864348246,-7.568003793306362],[110.1771190937089,-7.567990068624708],[110.17711925068014,-7.567987115783592],[110.17711901215162,-7.567985754086228],[110.1771183731342,-7.567984312038407],[110.17711652765311,-7.5679843085549034],[110.17711420086037,-7.567984304162869],[110.17710617612984,-7.567984368609883],[110.17709927627496,-7.567983955804043],[110.17709344227289,-7.56798359927902],[110.17700327112524,-7.56798342905894],[110.1769380493371,-7.567977562457626],[110.17693603968218,-7.568025421195049],[110.17693977494004,-7.56807903153299],[110.17693559447756,-7.568123974640552],[110.17693659856349,-7.5681260116232405],[110.17693836154763,-7.568127455793379],[110.17694068651794,-7.5681284216485105],[110.17694332963244,-7.568130828041368],[110.17694493172317,-7.568132512500193],[110.17694773755082,-7.5681337189511755],[110.17695094310349,-7.568135886717862],[110.17695310672593,-7.568137332548844],[110.17695495099338,-7.568137976404834],[110.17695823919192,-7.568139103267475],[110.17696040418129,-7.568139828227971],[110.17696369192791,-7.5681407154017055],[110.17696630700839,-7.568141175293908],[110.17696959273546,-7.5681416934346695]],[[110.1771630638405,-7.56826681582543],[110.17714443650439,-7.568370691304045],[110.17722861619508,-7.5683857090440405],[110.1772349219751,-7.568363842403028],[110.1772502939046,-7.568365860374318],[110.17725518198156,-7.56834114917106],[110.17724152099062,-7.56833742947853],[110.17724382253546,-7.568324932056406],[110.17727769828893,-7.568329826835993],[110.17728432907508,-7.568286650279661],[110.1771630638405,-7.56826681582543]],[[110.17733784712313,-7.56829442310596],[110.17732894042152,-7.568389663750735],[110.17741766207163,-7.568399988523273],[110.17742609945873,-7.5683051024510135],[110.17733784712313,-7.56829442310596]],[[110.1773608797506,-7.569423388168281],[110.1773537303946,-7.569445560741219],[110.17732459112128,-7.569436595679608],[110.17732162578328,-7.569435851119931],[110.1773183679263,-7.56944931543784],[110.17730736564943,-7.569491879544974],[110.17739787468365,-7.569519110699239],[110.17740372146511,-7.569511301572786],[110.17744834944574,-7.569520477661456],[110.17745805090038,-7.569522433372844],[110.17746351539202,-7.569501592635346],[110.17747874861219,-7.569444341369269],[110.17742264860374,-7.569428596985158],[110.17741880649974,-7.5694365907920185],[110.1773608797506,-7.569423388168281]],[[110.17633435935154,-7.566690475401926],[110.17629043987024,-7.566611410263693],[110.17624727831232,-7.566533705992273],[110.17618869201414,-7.566560683666287],[110.17620557419303,-7.566605580632193],[110.17619559615585,-7.566612326408382],[110.17626046489974,-7.566737741566684],[110.17628338373626,-7.566730165500695],[110.17629523488696,-7.566743732522577],[110.17633174646012,-7.566725177288005],[110.17632330682399,-7.5667031525597634],[110.17633435935154,-7.566690475401926]],[[110.17653202845426,-7.566647250875158],[110.17653688716544,-7.566653320087791],[110.17654355389921,-7.56665333267849],[110.17663206836251,-7.566620235661854],[110.17663207845723,-7.566614912798011],[110.1766270559669,-7.566598178517077],[110.17656539066313,-7.566424849940109],[110.17647252648239,-7.566459764883185],[110.17645584383651,-7.566467356357568],[110.17645444205318,-7.56647428385907],[110.17653202845426,-7.566647250875158]]]}},{"type":"Feature","properties":{"FID_Fisnet":2,"FID_PL":0,"NAMOBJ":"Kerban","FCODE":"BA03070040","METADATA":"TASWIL1000020230928_DATA_BATAS_DESAKELURAHAN","SRS_ID":"SRGI 2013","KDCPUM":"33.08.11","KDEPUM":"33.08.11.2002","KDPKAB":"33.08","KDPPUM":"33","WADMKC":"Tempuran","WADMKD":"Sumberarum","WADMKK":"Magelang","WADMPR":"Jawa Tengah","DUSUN":"Kerban","Toponimi":"Dusun Kerban","Shape_Leng":3646.39056914,"Shape_Le_1":12240.1679469,"KETERANGAN":null,"KET_DETAIL":null,"PL":null,"Shape_Le_2":3333.64362757,"Shape_Area":7341.31738332},"geometry":{"type":"Polygon","coordinates":[[[110.17150969200416,-7.567353327578972],[110.1715363778049,-7.567356321473271],[110.17151334326468,-7.567947848664406],[110.17151467280728,-7.568164503546824],[110.17212059760122,-7.5682429896976275],[110.17216596722092,-7.568248112917712],[110.17216914525685,-7.568253288067598],[110.17216953194813,-7.568259651832986],[110.1721699154577,-7.568267208604097],[110.17216830300235,-7.5682771476084545],[110.1721184868252,-7.568277053004082],[110.17151487060192,-7.568196695337448],[110.17151630514878,-7.568430513865222],[110.17153475745066,-7.568563879511967],[110.1715717935008,-7.568761279805275],[110.17164594710694,-7.569113414323911],[110.17169090132788,-7.569362828323768],[110.17178528120765,-7.56961900318001],[110.1718824131133,-7.569833850240014],[110.17196188672202,-7.570078252054136],[110.17197136147675,-7.5701353473860955],[110.17199862293232,-7.57055405762277],[110.17201018040029,-7.570799408536326],[110.17200307421481,-7.57102205767061],[110.17199098015276,-7.571173804035431],[110.17195387776921,-7.571346815182513],[110.17193686048702,-7.5714099247227615],[110.17191623567521,-7.571519057391218],[110.17188693043768,-7.5716393194897265],[110.17185503832906,-7.571724381470952],[110.17201124707161,-7.57164072884644],[110.1721971343985,-7.571558416906372],[110.17246724933077,-7.571450932113999],[110.17258626354368,-7.571401824956915],[110.17271196321084,-7.571350064948334],[110.17275072838625,-7.571342138399406],[110.17280151572952,-7.571335568779834],[110.17283489500974,-7.571348965112579],[110.17287492164672,-7.5713797066503155],[110.1729015357539,-7.5714370895714245],[110.17287290944336,-7.571734363808965],[110.17283785596595,-7.571898294331218],[110.17279259207243,-7.571890284234645],[110.17284493891025,-7.571687644867113],[110.17286525554279,-7.571543685369837],[110.17286678988252,-7.571439690936353],[110.17284413917126,-7.571406315063685],[110.17281477575146,-7.571388925830396],[110.1727586787666,-7.57137681957533],[110.17253807460814,-7.571447066088993],[110.1722112394901,-7.571579762340679],[110.17202541529875,-7.571666035132021],[110.17184354423011,-7.571755037839494],[110.17183449909339,-7.571779163076568],[110.17176219795341,-7.571912250393159],[110.17163082694012,-7.572134663263368],[110.1713905589181,-7.572419907746548],[110.17127507307917,-7.572570076263687],[110.17119682520334,-7.572688081664892],[110.17117485032229,-7.5728565719216245],[110.17117631397186,-7.573223888306399],[110.17115202814904,-7.5734679978632755],[110.1711217133374,-7.573467940184743],[110.17110660960778,-7.573439822771383],[110.17110674586175,-7.573368520938634],[110.17112649019103,-7.573234597546354],[110.17112070068123,-7.572865111224946],[110.17115355156307,-7.572670713794042],[110.17123393357319,-7.5725325841265025],[110.17135548468546,-7.572379407091628],[110.17158947862855,-7.572095918960436],[110.17162030541061,-7.572046644421537],[110.17174896907753,-7.571842643463285],[110.17182011811393,-7.571697217730539],[110.17186568255559,-7.571571013342433],[110.1718846844636,-7.571472064772897],[110.17190184799836,-7.571355603748072],[110.17192966566708,-7.571203561656851],[110.17193817778104,-7.5711575984969866],[110.17193638845981,-7.5710013476645805],[110.17195590935593,-7.570618059008094],[110.17195003552631,-7.570413884578258],[110.17193573920946,-7.570247193963572],[110.17190469732328,-7.57010338748431],[110.17182627565239,-7.569843076921016],[110.17173580469283,-7.569638908159668],[110.1716507706205,-7.5693867515804],[110.17159513457565,-7.56913331675449],[110.17152768935898,-7.568766528808216],[110.17149734222104,-7.568565141607631],[110.17148245494977,-7.56845644886128],[110.17100600280925,-7.568397669776409],[110.17036497322617,-7.5683139244461906],[110.16995675593118,-7.568246884131206],[110.16948047854186,-7.568165310825055],[110.16911175431537,-7.568133942657962],[110.16901032975618,-7.56813391485209],[110.16899908019315,-7.56812676157252],[110.16899516497932,-7.568114164633568],[110.16897936327521,-7.567767098592195],[110.16898584849847,-7.567543745668749],[110.16900019741371,-7.567360866991018],[110.16901697011859,-7.567047749421148],[110.16902344329442,-7.566842966371071],[110.16903583993188,-7.5667201116781735],[110.16904195304468,-7.566703436551361],[110.16904963430858,-7.5667000014982],[110.16905401775747,-7.566700009852066],[110.16905999041785,-7.566703202295603],[110.16906059386888,-7.566719896554322],[110.16904776818774,-7.566841967150115],[110.16904430172039,-7.5669875096882455],[110.16904219446864,-7.567047555095495],[110.16903248145461,-7.567300780514127],[110.16911952628291,-7.567318336873596],[110.16975847419778,-7.567471982747443],[110.17027286897509,-7.567633158388159],[110.17102562038048,-7.5678054659817695],[110.17147610715791,-7.567884736415096],[110.17150969200416,-7.567353327578972]],[[110.16975035127176,-7.56752245362798],[110.16902992062813,-7.567347278638225],[110.16900966058871,-7.567689430644053],[110.16902425035401,-7.568009547165208],[110.16902385584778,-7.568095831219152],[110.16903100140883,-7.568106143264306],[110.16904230636001,-7.568108037994144],[110.1691224820493,-7.568113963213068],[110.16947785742657,-7.568138639909837],[110.16995604640714,-7.56822354896558],[110.17036479192058,-7.568288326366721],[110.1710073280235,-7.568374880260644],[110.17147889247566,-7.568430442759124],[110.1714727033142,-7.568173102286035],[110.17147247602958,-7.5679421894392975],[110.17147371163892,-7.567922640507195],[110.17102523259754,-7.567849519838896],[110.17061947541553,-7.567768345998976],[110.17026541877652,-7.567681202935648],[110.16975035127176,-7.56752245362798]]]}},{"type":"Feature","properties":{"FID_Fisnet":2,"FID_PL":0,"NAMOBJ":"Kerban","FCODE":"BA03070040","METADATA":"TASWIL1000020230928_DATA_BATAS_DESAKELURAHAN","SRS_ID":"SRGI 2013","KDCPUM":"33.08.11","KDEPUM":"33.08.11.2002","KDPKAB":"33.08","KDPPUM":"33","WADMKC":"Tempuran","WADMKD":"Sumberarum","WADMKK":"Magelang","WADMPR":"Jawa Tengah","DUSUN":"Kerban","Toponimi":"Dusun Kerban","Shape_Leng":3646.39056914,"Shape_Le_1":12240.1679469,"KETERANGAN":null,"KET_DETAIL":null,"PL":null,"Shape_Le_2":606.476539489,"Shape_Area":1586.56052619},"geometry":{"type":"Polygon","coordinates":[[[110.17140811051802,-7.564182873715365],[110.17138041139468,-7.564172827471215],[110.17135544095845,-7.564164965306761],[110.17135188879227,-7.56400909821759],[110.1713419239896,-7.563754746177985],[110.17133357413326,-7.563522872678535],[110.17131924169772,-7.5631827936705],[110.17131593573968,-7.563105961589829],[110.17126946263525,-7.562360644311652],[110.17122276105927,-7.5614970556044625],[110.1712843662746,-7.561489489949381],[110.17131352026458,-7.562349972805983],[110.171360408031,-7.563062796453091],[110.17135984493359,-7.563186440793673],[110.17138068609285,-7.563521922023119],[110.17138952940127,-7.563755995257588],[110.1714006630876,-7.564006293822217],[110.17140811051802,-7.564182873715365]]]}},{"type":"Feature","properties":{"FID_Fisnet":2,"FID_PL":0,"NAMOBJ":"Kerban","FCODE":"BA03070040","METADATA":"TASWIL1000020230928_DATA_BATAS_DESAKELURAHAN","SRS_ID":"SRGI 2013","KDCPUM":"33.08.11","KDEPUM":"33.08.11.2002","KDPKAB":"33.08","KDPPUM":"33","WADMKC":"Tempuran","WADMKD":"Sumberarum","WADMKK":"Magelang","WADMPR":"Jawa Tengah","DUSUN":"Kerban","Toponimi":"Dusun Kerban","Shape_Leng":3646.39056914,"Shape_Le_1":12240.1679469,"KETERANGAN":null,"KET_DETAIL":null,"PL":null,"Shape_Le_2":1483.43342046,"Shape_Area":3193.14913645},"geometry":{"type":"Polygon","coordinates":[[[110.17055391973425,-7.5638567075726435],[110.17052282913036,-7.563885901200291],[110.1704861279878,-7.563868959199779],[110.17042897399539,-7.563846076553504],[110.1700489514569,-7.563658477741225],[110.16974095420619,-7.563468442479724],[110.1696130173797,-7.563400479500175],[110.16936636587819,-7.563273011624042],[110.16876560233646,-7.562981582944827],[110.16853020358799,-7.5628560165040515],[110.16840001184907,-7.562818432247886],[110.16790287167149,-7.5626321849839755],[110.16723121909509,-7.562395822366436],[110.16704838910576,-7.562347074540828],[110.16685724466014,-7.562298310764635],[110.16629213144324,-7.562149268052752],[110.16587118140207,-7.561978288963115],[110.16551945029963,-7.561817499726375],[110.16497718853236,-7.561612575992929],[110.16464657384711,-7.561487634917482],[110.164367515932,-7.561350978935014],[110.16438922223276,-7.561322931862097],[110.1646531905535,-7.56142498878578],[110.16498204203677,-7.561566061508314],[110.1655272801877,-7.5617810107613375],[110.16587343393465,-7.561932919986401],[110.16629967793912,-7.56209794503862],[110.16685586066737,-7.562252414751282],[110.16704847461719,-7.56230247835765],[110.16723025507201,-7.562356841910397],[110.16751153394465,-7.562465412699174],[110.16790968857877,-7.5626001332197195],[110.16840518259485,-7.562786895602294],[110.16853502923233,-7.562823875004641],[110.16879028838277,-7.56295184088595],[110.16936788201399,-7.563233827845496],[110.16963395226416,-7.563372360125398],[110.16976076918561,-7.56343393351711],[110.1700637152056,-7.563623839760708],[110.17044281699663,-7.563816557078305],[110.17055391973425,-7.5638567075726435]]]}},{"type":"Feature","properties":{"FID_Fisnet":2,"FID_PL":0,"NAMOBJ":"Kerban","FCODE":"BA03070040","METADATA":"TASWIL1000020230928_DATA_BATAS_DESAKELURAHAN","SRS_ID":"SRGI 2013","KDCPUM":"33.08.11","KDEPUM":"33.08.11.2002","KDPKAB":"33.08","KDPPUM":"33","WADMKC":"Tempuran","WADMKD":"Sumberarum","WADMKK":"Magelang","WADMPR":"Jawa Tengah","DUSUN":"Kerban","Toponimi":"Dusun Kerban","Shape_Leng":3646.39056914,"Shape_Le_1":12240.1679469,"KETERANGAN":null,"KET_DETAIL":null,"PL":null,"Shape_Le_2":371.629376489,"Shape_Area":387.74017322},"geometry":{"type":"Polygon","coordinates":[[[110.17807878498911,-7.569269337835262],[110.1780759960543,-7.5692601629245875],[110.17807218285766,-7.569247634971874],[110.17816720073662,-7.569215861455103],[110.17818956385938,-7.569208382840918],[110.17826193122939,-7.5691932027573285],[110.1783624088366,-7.569175146933365],[110.17846551387741,-7.569159645776101],[110.17849792963352,-7.569160138310005],[110.17850405456622,-7.569161480348728],[110.17851156226999,-7.569164492860799],[110.17853537295127,-7.569178567177468],[110.17855988991687,-7.569193029038433],[110.17867137762524,-7.569260873687488],[110.17871851668706,-7.569290513793172],[110.17872605068668,-7.569294481485986],[110.17873505388474,-7.569298516165252],[110.1787974196468,-7.5693068364303855],[110.17889099228613,-7.569307355515431],[110.17906435841644,-7.569300507711617],[110.17930086566257,-7.569277835399245],[110.17953616389734,-7.569260342466707],[110.17968497823442,-7.569245922893345],[110.17968331655615,-7.569266164823441],[110.17953409035377,-7.569281722365075],[110.17930444384436,-7.569298183971803],[110.17906314790217,-7.569319902080446],[110.17889277637777,-7.569325916163656],[110.17879754322982,-7.5693267931859864],[110.17873399390434,-7.56931834677627],[110.1787222439839,-7.569313478414666],[110.17870973157142,-7.569306312132636],[110.17865432431265,-7.569271261202007],[110.17855525726716,-7.569207812229341],[110.17852573263556,-7.569190283776515],[110.17850139652748,-7.5691750914320455],[110.17849340727369,-7.569175076374624],[110.17846823623768,-7.569178616114638],[110.17836755450605,-7.569191978214487],[110.17826566224707,-7.569211316643094],[110.1781973292563,-7.5692275291130535],[110.17817295074215,-7.569234258633342],[110.17813508294533,-7.569247092400924],[110.17807878498911,-7.569269337835262]]]}},{"type":"Feature","properties":{"FID_Fisnet":2,"FID_PL":0,"NAMOBJ":"Kerban","FCODE":"BA03070040","METADATA":"TASWIL1000020230928_DATA_BATAS_DESAKELURAHAN","SRS_ID":"SRGI 2013","KDCPUM":"33.08.11","KDEPUM":"33.08.11.2002","KDPKAB":"33.08","KDPPUM":"33","WADMKC":"Tempuran","WADMKD":"Sumberarum","WADMKK":"Magelang","WADMPR":"Jawa Tengah","DUSUN":"Kerban","Toponimi":"Dusun Kerban","Shape_Leng":3646.39056914,"Shape_Le_1":12240.1679469,"KETERANGAN":null,"KET_DETAIL":null,"PL":null,"Shape_Le_2":1902.77367313,"Shape_Area":2552.90468174},"geometry":{"type":"Polygon","coordinates":[[[110.17670557632809,-7.5663183485642],[110.17670426100399,-7.56630454005056],[110.17679949815869,-7.5662906587650705],[110.17688689988341,-7.566281712903524],[110.17689991352945,-7.566278308573563],[110.17690079091928,-7.566269717639853],[110.17687408031537,-7.566132065483474],[110.17687294147022,-7.565993607765889],[110.17687403584546,-7.565785926930581],[110.17687167196605,-7.565554464320859],[110.17687264701819,-7.5654097181004785],[110.17686573095263,-7.565361455390968],[110.17684895873633,-7.5653369493223614],[110.17683355603134,-7.565329228523677],[110.17680443527564,-7.56532690058844],[110.17631398636586,-7.565280084660829],[110.17591687721584,-7.565235724785428],[110.1757285634108,-7.565208069789827],[110.17551335687688,-7.5651714122061575],[110.17529589176044,-7.565143254196602],[110.17515776825134,-7.565137175339827],[110.17513623316104,-7.5651411622700495],[110.17512703995531,-7.5651456021728425],[110.17512128944993,-7.565150461031377],[110.17511956018284,-7.565154180611743],[110.17511769548706,-7.565160958896753],[110.17511767157723,-7.565173545634232],[110.17511922112665,-7.565203834267333],[110.17507762827516,-7.565197085936712],[110.17505316659282,-7.565158001283037],[110.17503793440113,-7.565147385498051],[110.1750374846124,-7.56511123156573],[110.17506014560944,-7.565112900692022],[110.17506477858818,-7.565113242305424],[110.1751338935416,-7.565118334125606],[110.17529855354559,-7.565129133921644],[110.17551224322585,-7.565152614041767],[110.17562219650829,-7.5651651463873275],[110.1759615423862,-7.565211677579483],[110.17623413023064,-7.565240600569413],[110.1768044891301,-7.565298492682719],[110.17736055854434,-7.565339618742687],[110.17748291457497,-7.565359320348413],[110.17758932855052,-7.565367485924043],[110.17790145070005,-7.565404359593982],[110.17826944324631,-7.565443993891049],[110.17835720871633,-7.565464514662228],[110.17838114035362,-7.565472524633656],[110.17840859202002,-7.56549470182959],[110.17850949360323,-7.565603748320823],[110.17863073898307,-7.565742038886788],[110.17884309356354,-7.566008827328188],[110.17893771776696,-7.566154147993786],[110.17907387016842,-7.566382737617318],[110.17923294824627,-7.566682170633653],[110.17936466749225,-7.566909867264479],[110.17943202910341,-7.567008374735242],[110.17940605007713,-7.567021766468302],[110.1792806811437,-7.566831979663798],[110.17919922723233,-7.566691843017277],[110.17914620372484,-7.56659085166639],[110.17912926761177,-7.566581504505334],[110.17910104830169,-7.566565931343403],[110.17901502976268,-7.566543699084152],[110.17877015142535,-7.56647625279071],[110.17862890853637,-7.566443228162732],[110.17841582896033,-7.566406745068365],[110.1779459523331,-7.5663341710144145],[110.17741547404445,-7.566299463211785],[110.1771687706527,-7.566293711938089],[110.17714536605627,-7.566293131413125],[110.17693784622803,-7.5662913567962145],[110.17689883683892,-7.566290186927316],[110.17680084222118,-7.566299829143515],[110.17670557632809,-7.5663183485642]],[[110.17877778690611,-7.566463923684413],[110.179091301717,-7.566544727273604],[110.17910372883716,-7.566539440446701],[110.17911172919861,-7.566529720551443],[110.17911266511305,-7.566504056685995],[110.17907907128927,-7.566446468280897],[110.17904901349785,-7.566395080435365],[110.17890842856593,-7.566165597873619],[110.17881912673633,-7.566019402640724],[110.17861563814438,-7.565754400963205],[110.17849527345447,-7.565619652200881],[110.17839790452933,-7.565518577243936],[110.178366012726,-7.565499046340637],[110.17833588641507,-7.565483944399561],[110.17789774849952,-7.565430886539916],[110.17758538521517,-7.565393059989683],[110.17732487064453,-7.5653780127627375],[110.17727196375586,-7.565370305343187],[110.17720963820715,-7.565362132427773],[110.17703969238049,-7.565345252472951],[110.176929829506,-7.565335647554077],[110.17691546883873,-7.565340542647477],[110.17690827659744,-7.565349033023696],[110.17690196814091,-7.565364684052301],[110.17689743906384,-7.565387947856326],[110.1768947046407,-7.565410766423911],[110.17689309228793,-7.565551736129426],[110.17689444579688,-7.565784007250055],[110.17689604447563,-7.5658869431656655],[110.17689809098371,-7.565990326740896],[110.17690238196849,-7.566124698527552],[110.17691248130791,-7.5662069595313985],[110.17691836215973,-7.566237098061696],[110.17693410929826,-7.56625775000203],[110.17694619621852,-7.566272704929491],[110.17697217162268,-7.566277010456691],[110.17716946934917,-7.566275619974432],[110.17742169273774,-7.566281434120032],[110.17755774224104,-7.566293559382418],[110.17783793826523,-7.566312603466979],[110.17794639809645,-7.566321828370126],[110.17813808675108,-7.5663478263928665],[110.1783124316365,-7.566374442878608],[110.1784529603473,-7.566395896105954],[110.17862275634455,-7.56642565059901],[110.17877778690611,-7.566463923684413]]]}},{"type":"Feature","properties":{"FID_Fisnet":4,"FID_PL":0,"NAMOBJ":"Kerban","FCODE":"BA03070040","METADATA":"TASWIL1000020230928_DATA_BATAS_DESAKELURAHAN","SRS_ID":"SRGI 2013","KDCPUM":"33.08.11","KDEPUM":"33.08.11.2002","KDPKAB":"33.08","KDPPUM":"33","WADMKC":"Tempuran","WADMKD":"Sumberarum","WADMKK":"Magelang","WADMPR":"Jawa Tengah","DUSUN":"Kerban","Toponimi":"Dusun Kerban","Shape_Leng":3646.39056914,"Shape_Le_1":12240.1679469,"KETERANGAN":null,"KET_DETAIL":null,"PL":"32","Shape_Le_2":296.573695652,"Shape_Area":4243.27594775},"geometry":{"type":"Polygon","coordinates":[[[110.1771098450619,-7.56884847437994],[110.17698843382463,-7.569265975234754],[110.17696389296668,-7.569347788229454],[110.17691526995051,-7.569341705117744],[110.17691182089423,-7.569353699285434],[110.17684933727395,-7.569344943474619],[110.1768164539352,-7.569336733789188],[110.17678076527648,-7.5693299144203],[110.17675327850735,-7.569325219794333],[110.17677026584283,-7.56925024039009],[110.17674982971585,-7.569246758425309],[110.1767575953374,-7.569211275752628],[110.17675909663352,-7.569205411206901],[110.17673989795709,-7.569201839321797],[110.17670541681501,-7.56919685832916],[110.17670082325023,-7.569212985629204],[110.1766568835654,-7.5692017612105715],[110.1766629688829,-7.569180501074573],[110.17662322672486,-7.569171270826346],[110.17661895063746,-7.569185843918741],[110.17659230283105,-7.569178017739563],[110.17657072186766,-7.569171679960443],[110.17656545631777,-7.569170774574981],[110.17656078520605,-7.569168053206161],[110.17656504984963,-7.569155690649251],[110.17654265970684,-7.569148259629316],[110.17646190138416,-7.5691214573688335],[110.17643480199575,-7.569113252253635],[110.17644054337005,-7.569094121529143],[110.17644500529144,-7.569075721018297],[110.17641532869358,-7.56906668252648],[110.17635940877133,-7.569049712780369],[110.17632748017903,-7.569041853995742],[110.17630444607579,-7.5690355921486026],[110.17629942797848,-7.569050450555864],[110.1762807614747,-7.5690449232607575],[110.17627565882489,-7.569043677189788],[110.17627843131618,-7.569035227323002],[110.17628306543526,-7.5690163649490705],[110.17628709811959,-7.569001571611568],[110.17629644850756,-7.56896545518905],[110.17630447921238,-7.568931684309989],[110.17631542730585,-7.568887620500937],[110.17632926415561,-7.5688120499649125],[110.17633818405389,-7.568770163030366],[110.17635087509696,-7.568718034524965],[110.17635673514364,-7.568683175971572],[110.17635966088247,-7.568668004276106],[110.17636134057636,-7.5686646183523045],[110.17636380801237,-7.568659770463532],[110.17636657236152,-7.568655608733819],[110.17636889623594,-7.568652375980261],[110.17637202694708,-7.5686509935143125],[110.17637759034157,-7.568650657609114],[110.17638721323443,-7.568651009545156],[110.17661433645667,-7.5687082871829885],[110.17691921361725,-7.56880458802362],[110.1771098450619,-7.56884847437994]]]}},{"type":"Feature","properties":{"FID_Fisnet":4,"FID_PL":0,"NAMOBJ":"Kerban","FCODE":"BA03070040","METADATA":"TASWIL1000020230928_DATA_BATAS_DESAKELURAHAN","SRS_ID":"SRGI 2013","KDCPUM":"33.08.11","KDEPUM":"33.08.11.2002","KDPKAB":"33.08","KDPPUM":"33","WADMKC":"Tempuran","WADMKD":"Sumberarum","WADMKK":"Magelang","WADMPR":"Jawa Tengah","DUSUN":"Kerban","Toponimi":"Dusun Kerban","Shape_Leng":3646.39056914,"Shape_Le_1":12240.1679469,"KETERANGAN":null,"KET_DETAIL":null,"PL":"3","Shape_Le_2":60.0925754943,"Shape_Area":88.590312841},"geometry":{"type":"Polygon","coordinates":[[[110.17731965457224,-7.56889678540505],[110.17731078011019,-7.568933398413807],[110.1772501209024,-7.568920007015256],[110.17725470728429,-7.568903830851069],[110.17718169253025,-7.568886138821814],[110.17716845257536,-7.568934765070787],[110.17712158705655,-7.5689253938902175],[110.17714239163352,-7.56885596705375],[110.1772797528211,-7.568887590191496],[110.17731965457224,-7.56889678540505]]]}},{"type":"Feature","properties":{"FID_Fisnet":4,"FID_PL":0,"NAMOBJ":"Kerban","FCODE":"BA03070040","METADATA":"TASWIL1000020230928_DATA_BATAS_DESAKELURAHAN","SRS_ID":"SRGI 2013","KDCPUM":"33.08.11","KDEPUM":"33.08.11.2002","KDPKAB":"33.08","KDPPUM":"33","WADMKC":"Tempuran","WADMKD":"Sumberarum","WADMKK":"Magelang","WADMPR":"Jawa Tengah","DUSUN":"Kerban","Toponimi":"Dusun Kerban","Shape_Leng":3646.39056914,"Shape_Le_1":12240.1679469,"KETERANGAN":null,"KET_DETAIL":null,"PL":null,"Shape_Le_2":4.5391774899,"Shape_Area":0.022650694409},"geometry":{"type":"Polygon","coordinates":[[[110.17768046236382,-7.569073025511568],[110.17766005625803,-7.569070440893527],[110.1776644290808,-7.569070812745554],[110.17768046236382,-7.569073025511568]]]}},{"type":"Feature","properties":{"FID_Fisnet":4,"FID_PL":0,"NAMOBJ":"Kerban","FCODE":"BA03070040","METADATA":"TASWIL1000020230928_DATA_BATAS_DESAKELURAHAN","SRS_ID":"SRGI 2013","KDCPUM":"33.08.11","KDEPUM":"33.08.11.2002","KDPKAB":"33.08","KDPPUM":"33","WADMKC":"Tempuran","WADMKD":"Sumberarum","WADMKK":"Magelang","WADMPR":"Jawa Tengah","DUSUN":"Kerban","Toponimi":"Dusun Kerban","Shape_Leng":3646.39056914,"Shape_Le_1":12240.1679469,"KETERANGAN":null,"KET_DETAIL":null,"PL":null,"Shape_Le_2":8.93314061525,"Shape_Area":0.0556340808843},"geometry":{"type":"Polygon","coordinates":[[[110.17751238881097,-7.569127330137182],[110.17747206672081,-7.569123731087304],[110.17750795935608,-7.569126708539374],[110.17751238881097,-7.569127330137182]]]}},{"type":"Feature","properties":{"FID_Fisnet":4,"FID_PL":0,"NAMOBJ":"Kerban","FCODE":"BA03070040","METADATA":"TASWIL1000020230928_DATA_BATAS_DESAKELURAHAN","SRS_ID":"SRGI 2013","KDCPUM":"33.08.11","KDEPUM":"33.08.11.2002","KDPKAB":"33.08","KDPPUM":"33","WADMKC":"Tempuran","WADMKD":"Sumberarum","WADMKK":"Magelang","WADMPR":"Jawa Tengah","DUSUN":"Kerban","Toponimi":"Dusun Kerban","Shape_Leng":3646.39056914,"Shape_Le_1":12240.1679469,"KETERANGAN":null,"KET_DETAIL":null,"PL":null,"Shape_Le_2":12.1745346918,"Shape_Area":0.0912915501789},"geometry":{"type":"Polygon","coordinates":[[[110.17761757675339,-7.569079817121212],[110.17756246906097,-7.5690771272283275],[110.17756910584615,-7.569077179548025],[110.17761757675339,-7.569079817121212]]]}},{"type":"Feature","properties":{"FID_Fisnet":4,"FID_PL":0,"NAMOBJ":"Kerban","FCODE":"BA03070040","METADATA":"TASWIL1000020230928_DATA_BATAS_DESAKELURAHAN","SRS_ID":"SRGI 2013","KDCPUM":"33.08.11","KDEPUM":"33.08.11.2002","KDPKAB":"33.08","KDPPUM":"33","WADMKC":"Tempuran","WADMKD":"Sumberarum","WADMKK":"Magelang","WADMPR":"Jawa Tengah","DUSUN":"Kerban","Toponimi":"Dusun Kerban","Shape_Leng":3646.39056914,"Shape_Le_1":12240.1679469,"KETERANGAN":null,"KET_DETAIL":null,"PL":"3","Shape_Le_2":30.528209744,"Shape_Area":41.7684453118},"geometry":{"type":"Polygon","coordinates":[[[110.17747206672081,-7.569123731087304],[110.17736645682552,-7.56911361141229],[110.17736814261505,-7.5690797480316325],[110.17745763748685,-7.569091084577717],[110.17747443779714,-7.5690946329113675],[110.17747206672081,-7.569123731087304]]]}}],"bbox":[407815.05539999995,9162768.2758,409506.5992999999,9164109.6147]}