{
"type": "FeatureCollection",
"name": "Persil_Kerban",
"crs": { "type": "name", "properties": { "name": "urn:ogc:def:crs:OGC:1.3:CRS84" } },
"xy_coordinate_resolution": 8.98315e-10,
"z_coordinate_resolution": 0.0001,
"features": [
{ "type": "Feature", "properties": { "NAMOBJ": "Kerban", "FCODE": "BA03070040", "METADATA": "TASWIL1000020230928_DATA_BATAS_DESAKELURAHAN", "SRS_ID": "SRGI 2013", "KDCPUM": "33.08.11", "KDEPUM": "33.08.11.2002", "KDPKAB": "33.08", "KDPPUM": "33", "WADMKC": "Tempuran", "WADMKD": "Sumberarum", "WADMKK": "Magelang", "WADMPR": "Jawa Tengah", "DUSUN": "Kerban", "Toponimi": "Dusun Kerban", "Shape_Leng": 3646.39056914, "Shape_Le_1": 51.619538675800001, "KETERANGAN": "2", "KET_DETAIL": "Rumah", "Id": "1", "rumah_rt": "", "Shape_Length": 51.619561264216017, "Shape_Area": 140.55660484823483 }, "geometry": { "type": "MultiPolygon", "coordinates": [ [ [ [ 110.1767536471, -7.5705318695, 0.0 ], [ 110.1767357317, -7.5705728151, 0.0 ], [ 110.1766250317, -7.5705145653, 0.0 ], [ 110.1766821026, -7.5704170803, 0.0 ], [ 110.1767539359, -7.5704556185, 0.0 ], [ 110.1767304784, -7.5704995375, 0.0 ], [ 110.1767441571, -7.570504945, 0.0 ], [ 110.1767408237, -7.5705128032, 0.0 ], [ 110.1767528413, -7.5705194494, 0.0 ], [ 110.1767482618, -7.5705281338, 0.0 ], [ 110.1767536471, -7.5705318695, 0.0 ] ] ] ] } },
{ "type": "Feature", "properties": { "NAMOBJ": "Kerban", "FCODE": "BA03070040", "METADATA": "TASWIL1000020230928_DATA_BATAS_DESAKELURAHAN", "SRS_ID": "SRGI 2013", "KDCPUM": "33.08.11", "KDEPUM": "33.08.11.2002", "KDPKAB": "33.08", "KDPPUM": "33", "WADMKC": "Tempuran", "WADMKD": "Sumberarum", "WADMKK": "Magelang", "WADMPR": "Jawa Tengah", "DUSUN": "Kerban", "Toponimi": "Dusun Kerban", "Shape_Leng": 3646.39056914, "Shape_Le_1": 41.277937593399997, "KETERANGAN": "2", "KET_DETAIL": "Rumah", "Id": "2", "rumah_rt": "", "Shape_Length": 62.864120759103223, "Shape_Area": 204.55618642719574 }, "geometry": { "type": "MultiPolygon", "coordinates": [ [ [ [ 110.1766326914, -7.5705014819, 0.0 ], [ 110.1766163635, -7.570518364, 0.0 ], [ 110.1766026878, -7.570510887, 0.0 ], [ 110.176594359, -7.570527843, 0.0 ], [ 110.1765686634, -7.5705149617, 0.0 ], [ 110.176560753, -7.5705302632, 0.0 ], [ 110.1765023169, -7.5705011768, 0.0 ], [ 110.1765437323, -7.5704273968, 0.0 ], [ 110.1765888948, -7.5703469406, 0.0 ], [ 110.1766721883, -7.5703930448, 0.0 ], [ 110.1766276563, -7.5704703654, 0.0 ], [ 110.1766396183, -7.5704780969, 0.0 ], [ 110.1766326914, -7.5705014819, 0.0 ] ] ] ] } },
{ "type": "Feature", "properties": { "NAMOBJ": "Kerban", "FCODE": "BA03070040", "METADATA": "TASWIL1000020230928_DATA_BATAS_DESAKELURAHAN", "SRS_ID": "SRGI 2013", "KDCPUM": "33.08.11", "KDEPUM": "33.08.11.2002", "KDPKAB": "33.08", "KDPPUM": "33", "WADMKC": "Tempuran", "WADMKD": "Sumberarum", "WADMKK": "Magelang", "WADMPR": "Jawa Tengah", "DUSUN": "Kerban", "Toponimi": "Dusun Kerban", "Shape_Leng": 3646.39056914, "Shape_Le_1": 56.191152965199997, "KETERANGAN": "2", "KET_DETAIL": "Rumah", "Id": "3", "rumah_rt": "", "Shape_Length": 56.191100450121439, "Shape_Area": 156.96775566521731 }, "geometry": { "type": "MultiPolygon", "coordinates": [ [ [ [ 110.1765898239, -7.5703350195, 0.0 ], [ 110.1765260779, -7.570444971, 0.0 ], [ 110.1765246302, -7.5704445386, 0.0 ], [ 110.1765191576, -7.5704524154, 0.0 ], [ 110.1765075011, -7.5704470379, 0.0 ], [ 110.1765016408, -7.5704609975, 0.0 ], [ 110.17646667, -7.5704446317, 0.0 ], [ 110.1764788561, -7.5704174126, 0.0 ], [ 110.1764362045, -7.5703907882, 0.0 ], [ 110.1764715528, -7.5703310144, 0.0 ], [ 110.1764942209, -7.5703429693, 0.0 ], [ 110.1765223803, -7.5702989135, 0.0 ], [ 110.1765898239, -7.5703350195, 0.0 ] ] ] ] } },
{ "type": "Feature", "properties": { "NAMOBJ": "Kerban", "FCODE": "BA03070040", "METADATA": "TASWIL1000020230928_DATA_BATAS_DESAKELURAHAN", "SRS_ID": "SRGI 2013", "KDCPUM": "33.08.11", "KDEPUM": "33.08.11.2002", "KDPKAB": "33.08", "KDPPUM": "33", "WADMKC": "Tempuran", "WADMKD": "Sumberarum", "WADMKK": "Magelang", "WADMPR": "Jawa Tengah", "DUSUN": "Kerban", "Toponimi": "Dusun Kerban", "Shape_Leng": 3646.39056914, "Shape_Le_1": 33.309948339199998, "KETERANGAN": "2", "KET_DETAIL": "Rumah", "Id": "4", "rumah_rt": "", "Shape_Length": 51.232867539696869, "Shape_Area": 129.03551129038169 }, "geometry": { "type": "MultiPolygon", "coordinates": [ [ [ [ 110.1764077004, -7.5702510885, 0.0 ], [ 110.176457154, -7.5702799843, 0.0 ], [ 110.1764491215, -7.5702955995, 0.0 ], [ 110.1764505293, -7.5702964713, 0.0 ], [ 110.1764556124, -7.5702865615, 0.0 ], [ 110.1764653531, -7.5702912534, 0.0 ], [ 110.176460553, -7.5703020212, 0.0 ], [ 110.1764915872, -7.5703174352, 0.0 ], [ 110.1764821239, -7.5703365915, 0.0 ], [ 110.1764715528, -7.5703310144, 0.0 ], [ 110.1764362063, -7.5703907855, 0.0 ], [ 110.1764338082, -7.5703940045, 0.0 ], [ 110.1764072666, -7.5703788857, 0.0 ], [ 110.1764078341, -7.5703779099, 0.0 ], [ 110.1763493585, -7.5703443353, 0.0 ], [ 110.1763646575, -7.5703184345, 0.0 ], [ 110.1763779921, -7.5702926141, 0.0 ], [ 110.1763953465, -7.5702635588, 0.0 ], [ 110.1763990723, -7.5702648058, 0.0 ], [ 110.1764077004, -7.5702510885, 0.0 ] ] ] ] } },
{ "type": "Feature", "properties": { "NAMOBJ": "Kerban", "FCODE": "BA03070040", "METADATA": "TASWIL1000020230928_DATA_BATAS_DESAKELURAHAN", "SRS_ID": "SRGI 2013", "KDCPUM": "33.08.11", "KDEPUM": "33.08.11.2002", "KDPKAB": "33.08", "KDPPUM": "33", "WADMKC": "Tempuran", "WADMKD": "Sumberarum", "WADMKK": "Magelang", "WADMPR": "Jawa Tengah", "DUSUN": "Kerban", "Toponimi": "Dusun Kerban", "Shape_Leng": 3646.39056914, "Shape_Le_1": 58.1548194127, "KETERANGAN": "2", "KET_DETAIL": "Rumah", "Id": "7", "rumah_rt": "", "Shape_Length": 58.154766439046703, "Shape_Area": 194.25876024710914 }, "geometry": { "type": "MultiPolygon", "coordinates": [ [ [ [ 110.1771274906, -7.5703265633, 0.0 ], [ 110.1771152869, -7.5704171305, 0.0 ], [ 110.1770915972, -7.5704123563, 0.0 ], [ 110.1770875263, -7.5704440001, 0.0 ], [ 110.1769807245, -7.5704303379, 0.0 ], [ 110.1769843955, -7.5703997778, 0.0 ], [ 110.1769817096, -7.5703988782, 0.0 ], [ 110.1769871402, -7.5703701277, 0.0 ], [ 110.1769907234, -7.5703705822, 0.0 ], [ 110.1769929962, -7.5703531507, 0.0 ], [ 110.1769900095, -7.5703531451, 0.0 ], [ 110.1769988352, -7.5703007081, 0.0 ], [ 110.1771274906, -7.5703265633, 0.0 ] ] ] ] } },
{ "type": "Feature", "properties": { "NAMOBJ": "Kerban", "FCODE": "BA03070040", "METADATA": "TASWIL1000020230928_DATA_BATAS_DESAKELURAHAN", "SRS_ID": "SRGI 2013", "KDCPUM": "33.08.11", "KDEPUM": "33.08.11.2002", "KDPKAB": "33.08", "KDPPUM": "33", "WADMKC": "Tempuran", "WADMKD": "Sumberarum", "WADMKK": "Magelang", "WADMPR": "Jawa Tengah", "DUSUN": "Kerban", "Toponimi": "Dusun Kerban", "Shape_Leng": 3646.39056914, "Shape_Le_1": 60.421826754999998, "KETERANGAN": "2", "KET_DETAIL": "Rumah", "Id": "8", "rumah_rt": "", "Shape_Length": 60.421805500315116, "Shape_Area": 168.70499225444433 }, "geometry": { "type": "MultiPolygon", "coordinates": [ [ [ [ 110.1769379853, -7.5702807289, 0.0 ], [ 110.1769178256, -7.570395742, 0.0 ], [ 110.1768725112, -7.5703919326, 0.0 ], [ 110.1768721903, -7.5703690115, 0.0 ], [ 110.1768291848, -7.5703598348, 0.0 ], [ 110.1768347657, -7.5703163424, 0.0 ], [ 110.1768229736, -7.5703136384, 0.0 ], [ 110.1768253697, -7.5703100657, 0.0 ], [ 110.1768189491, -7.5703093092, 0.0 ], [ 110.1768198532, -7.5703052868, 0.0 ], [ 110.176817913, -7.5703045388, 0.0 ], [ 110.1768216607, -7.5702899683, 0.0 ], [ 110.1768089061, -7.57028667, 0.0 ], [ 110.1768250668, -7.5702241238, 0.0 ], [ 110.1768899343, -7.5702406184, 0.0 ], [ 110.1768851353, -7.5702718972, 0.0 ], [ 110.1769379853, -7.5702807289, 0.0 ] ] ] ] } },
{ "type": "Feature", "properties": { "NAMOBJ": "Kerban", "FCODE": "BA03070040", "METADATA": "TASWIL1000020230928_DATA_BATAS_DESAKELURAHAN", "SRS_ID": "SRGI 2013", "KDCPUM": "33.08.11", "KDEPUM": "33.08.11.2002", "KDPKAB": "33.08", "KDPPUM": "33", "WADMKC": "Tempuran", "WADMKD": "Sumberarum", "WADMKK": "Magelang", "WADMPR": "Jawa Tengah", "DUSUN": "Kerban", "Toponimi": "Dusun Kerban", "Shape_Leng": 3646.39056914, "Shape_Le_1": 64.938437042000004, "KETERANGAN": "2", "KET_DETAIL": "Rumah", "Id": "10", "rumah_rt": "", "Shape_Length": 64.938405810930945, "Shape_Area": 214.348934565284 }, "geometry": { "type": "MultiPolygon", "coordinates": [ [ [ [ 110.177399979, -7.5701104042, 0.0 ], [ 110.1774937478, -7.5701289757, 0.0 ], [ 110.1774847985, -7.5701725006, 0.0 ], [ 110.1775293473, -7.5701828298, 0.0 ], [ 110.1775229507, -7.5702239147, 0.0 ], [ 110.1775116667, -7.5702678486, 0.0 ], [ 110.1773717235, -7.5702362188, 0.0 ], [ 110.1773802261, -7.5702002436, 0.0 ], [ 110.1773873085, -7.5701670263, 0.0 ], [ 110.1773872472, -7.570164433, 0.0 ], [ 110.1773887798, -7.5701626242, 0.0 ], [ 110.1773895658, -7.5701577912, 0.0 ], [ 110.1773692602, -7.5701552195, 0.0 ], [ 110.1773785788, -7.5701104859, 0.0 ], [ 110.1773997385, -7.570113896, 0.0 ], [ 110.177399979, -7.5701104042, 0.0 ] ] ] ] } },
{ "type": "Feature", "properties": { "NAMOBJ": "Kerban", "FCODE": "BA03070040", "METADATA": "TASWIL1000020230928_DATA_BATAS_DESAKELURAHAN", "SRS_ID": "SRGI 2013", "KDCPUM": "33.08.11", "KDEPUM": "33.08.11.2002", "KDPKAB": "33.08", "KDPPUM": "33", "WADMKC": "Tempuran", "WADMKD": "Sumberarum", "WADMKK": "Magelang", "WADMPR": "Jawa Tengah", "DUSUN": "Kerban", "Toponimi": "Dusun Kerban", "Shape_Leng": 3646.39056914, "Shape_Le_1": 43.622851018200002, "KETERANGAN": "2", "KET_DETAIL": "Rumah", "Id": "12", "rumah_rt": "", "Shape_Length": 43.622931139106598, "Shape_Area": 104.66985568689957 }, "geometry": { "type": "MultiPolygon", "coordinates": [ [ [ [ 110.1772375139, -7.5701704691, 0.0 ], [ 110.1772355009, -7.5702081669, 0.0 ], [ 110.1771550174, -7.5702026504, 0.0 ], [ 110.1771602025, -7.5701455855, 0.0 ], [ 110.177165055, -7.5701071478, 0.0 ], [ 110.1771683402, -7.5701070057, 0.0 ], [ 110.1771700964, -7.570087644, 0.0 ], [ 110.177239709, -7.5700907756, 0.0 ], [ 110.1772309645, -7.5701492023, 0.0 ], [ 110.177229301, -7.5701698575, 0.0 ], [ 110.1772375139, -7.5701704691, 0.0 ] ] ] ] } },
{ "type": "Feature", "properties": { "NAMOBJ": "Kerban", "FCODE": "BA03070040", "METADATA": "TASWIL1000020230928_DATA_BATAS_DESAKELURAHAN", "SRS_ID": "SRGI 2013", "KDCPUM": "33.08.11", "KDEPUM": "33.08.11.2002", "KDPKAB": "33.08", "KDPPUM": "33", "WADMKC": "Tempuran", "WADMKD": "Sumberarum", "WADMKK": "Magelang", "WADMPR": "Jawa Tengah", "DUSUN": "Kerban", "Toponimi": "Dusun Kerban", "Shape_Leng": 3646.39056914, "Shape_Le_1": 57.954177214799998, "KETERANGAN": "2", "KET_DETAIL": "Rumah", "Id": "13", "rumah_rt": "", "Shape_Length": 57.954151423836898, "Shape_Area": 179.84615541041092 }, "geometry": { "type": "MultiPolygon", "coordinates": [ [ [ [ 110.1771144359, -7.5701981129, 0.0 ], [ 110.1771253944, -7.57020116, 0.0 ], [ 110.1771211582, -7.5702204781, 0.0 ], [ 110.177167107, -7.5702305765, 0.0 ], [ 110.1771541418, -7.5703001719, 0.0 ], [ 110.177110752, -7.5702938029, 0.0 ], [ 110.1771037574, -7.5702907633, 0.0 ], [ 110.1770995882, -7.570293894, 0.0 ], [ 110.1770748039, -7.570290867, 0.0 ], [ 110.1770717955, -7.5703023355, 0.0 ], [ 110.1770482064, -7.5702985654, 0.0 ], [ 110.1770235756, -7.570293452, 0.0 ], [ 110.1770240443, -7.5702824254, 0.0 ], [ 110.1770213595, -7.5702804839, 0.0 ], [ 110.1769986688, -7.5702756717, 0.0 ], [ 110.1770173198, -7.570180444, 0.0 ], [ 110.1771144359, -7.5701981129, 0.0 ] ] ] ] } },
{ "type": "Feature", "properties": { "NAMOBJ": "Kerban", "FCODE": "BA03070040", "METADATA": "TASWIL1000020230928_DATA_BATAS_DESAKELURAHAN", "SRS_ID": "SRGI 2013", "KDCPUM": "33.08.11", "KDEPUM": "33.08.11.2002", "KDPKAB": "33.08", "KDPPUM": "33", "WADMKC": "Tempuran", "WADMKD": "Sumberarum", "WADMKK": "Magelang", "WADMPR": "Jawa Tengah", "DUSUN": "Kerban", "Toponimi": "Dusun Kerban", "Shape_Leng": 3646.39056914, "Shape_Le_1": 48.025025426500001, "KETERANGAN": "2", "KET_DETAIL": "Rumah", "Id": "14", "rumah_rt": "", "Shape_Length": 48.025042597769634, "Shape_Area": 129.47407781825197 }, "geometry": { "type": "MultiPolygon", "coordinates": [ [ [ [ 110.1769034283, -7.5702206168, 0.0 ], [ 110.1769176996, -7.570173039, 0.0 ], [ 110.1769276865, -7.5701396933, 0.0 ], [ 110.1769296399, -7.5701344393, 0.0 ], [ 110.1769475378, -7.5701418582, 0.0 ], [ 110.1769512643, -7.5701427236, 0.0 ], [ 110.1769626321, -7.5701455109, 0.0 ], [ 110.1769631045, -7.5701487544, 0.0 ], [ 110.1769699823, -7.5701507699, 0.0 ], [ 110.1769717143, -7.5701441931, 0.0 ], [ 110.1769925385, -7.5701505267, 0.0 ], [ 110.1770092023, -7.570155285, 0.0 ], [ 110.1770045409, -7.5701718174, 0.0 ], [ 110.1770181921, -7.5701759857, 0.0 ], [ 110.1769996518, -7.5702706636, 0.0 ], [ 110.1769125065, -7.5702429024, 0.0 ], [ 110.1769182704, -7.5702253011, 0.0 ], [ 110.1769040914, -7.5702208035, 0.0 ], [ 110.1769034283, -7.5702206168, 0.0 ] ] ] ] } },
{ "type": "Feature", "properties": { "NAMOBJ": "Kerban", "FCODE": "BA03070040", "METADATA": "TASWIL1000020230928_DATA_BATAS_DESAKELURAHAN", "SRS_ID": "SRGI 2013", "KDCPUM": "33.08.11", "KDEPUM": "33.08.11.2002", "KDPKAB": "33.08", "KDPPUM": "33", "WADMKC": "Tempuran", "WADMKD": "Sumberarum", "WADMKK": "Magelang", "WADMPR": "Jawa Tengah", "DUSUN": "Kerban", "Toponimi": "Dusun Kerban", "Shape_Leng": 3646.39056914, "Shape_Le_1": 42.827692147599997, "KETERANGAN": "2", "KET_DETAIL": "Rumah", "Id": "15", "rumah_rt": "", "Shape_Length": 42.827773417728686, "Shape_Area": 93.548767530414352 }, "geometry": { "type": "MultiPolygon", "coordinates": [ [ [ [ 110.1770022012, -7.5701532882, 0.0 ], [ 110.1769925385, -7.5701505267, 0.0 ], [ 110.1769717143, -7.5701441931, 0.0 ], [ 110.1769699823, -7.5701507699, 0.0 ], [ 110.1769631045, -7.5701487544, 0.0 ], [ 110.1769626321, -7.5701455109, 0.0 ], [ 110.1769512643, -7.5701427236, 0.0 ], [ 110.1769475378, -7.5701418582, 0.0 ], [ 110.1769281509, -7.5701338223, 0.0 ], [ 110.1769250135, -7.5701329662, 0.0 ], [ 110.1769271312, -7.5701204087, 0.0 ], [ 110.1769275942, -7.5701123624, 0.0 ], [ 110.1769259099, -7.5701119775, 0.0 ], [ 110.1769264662, -7.5701092317, 0.0 ], [ 110.1769291112, -7.5701001457, 0.0 ], [ 110.1769429444, -7.5700441888, 0.0 ], [ 110.1769440446, -7.5700442958, 0.0 ], [ 110.1769473655, -7.5700310352, 0.0 ], [ 110.177006872, -7.5700453045, 0.0 ], [ 110.1769958831, -7.570091331, 0.0 ], [ 110.177016482, -7.5700964359, 0.0 ], [ 110.1770044838, -7.5701230882, 0.0 ], [ 110.1770040258, -7.5701284519, 0.0 ], [ 110.1770019279, -7.5701320242, 0.0 ], [ 110.1770043156, -7.5701333701, 0.0 ], [ 110.1770022174, -7.5701370917, 0.0 ], [ 110.1770022012, -7.5701532882, 0.0 ] ] ] ] } },
{ "type": "Feature", "properties": { "NAMOBJ": "Kerban", "FCODE": "BA03070040", "METADATA": "TASWIL1000020230928_DATA_BATAS_DESAKELURAHAN", "SRS_ID": "SRGI 2013", "KDCPUM": "33.08.11", "KDEPUM": "33.08.11.2002", "KDPKAB": "33.08", "KDPPUM": "33", "WADMKC": "Tempuran", "WADMKD": "Sumberarum", "WADMKK": "Magelang", "WADMPR": "Jawa Tengah", "DUSUN": "Kerban", "Toponimi": "Dusun Kerban", "Shape_Leng": 3646.39056914, "Shape_Le_1": 71.536430459900004, "KETERANGAN": "2", "KET_DETAIL": "Rumah", "Id": "16", "rumah_rt": "", "Shape_Length": 71.536454714132063, "Shape_Area": 213.40395437470534 }, "geometry": { "type": "MultiPolygon", "coordinates": [ [ [ [ 110.1767044836, -7.5699797761, 0.0 ], [ 110.1766769909, -7.5701181481, 0.0 ], [ 110.1766750496, -7.5701179952, 0.0 ], [ 110.1766694729, -7.5701449572, 0.0 ], [ 110.1766455196, -7.5701415771, 0.0 ], [ 110.1766325511, -7.5702128024, 0.0 ], [ 110.1765763392, -7.570200123, 0.0 ], [ 110.1765916395, -7.5701247822, 0.0 ], [ 110.1765946014, -7.5701254553, 0.0 ], [ 110.1765995203, -7.5701021932, 0.0 ], [ 110.1765982792, -7.5701013325, 0.0 ], [ 110.1766244084, -7.569981214, 0.0 ], [ 110.1766258171, -7.5699802398, 0.0 ], [ 110.176629432, -7.5699644436, 0.0 ], [ 110.1767044836, -7.5699797761, 0.0 ] ] ] ] } },
{ "type": "Feature", "properties": { "NAMOBJ": "Kerban", "FCODE": "BA03070040", "METADATA": "TASWIL1000020230928_DATA_BATAS_DESAKELURAHAN", "SRS_ID": "SRGI 2013", "KDCPUM": "33.08.11", "KDEPUM": "33.08.11.2002", "KDPKAB": "33.08", "KDPPUM": "33", "WADMKC": "Tempuran", "WADMKD": "Sumberarum", "WADMKK": "Magelang", "WADMPR": "Jawa Tengah", "DUSUN": "Kerban", "Toponimi": "Dusun Kerban", "Shape_Leng": 3646.39056914, "Shape_Le_1": 73.759873106300006, "KETERANGAN": "2", "KET_DETAIL": "Rumah", "Id": "17", "rumah_rt": "", "Shape_Length": 93.685151881464876, "Shape_Area": 331.71081626496232 }, "geometry": { "type": "MultiPolygon", "coordinates": [ [ [ [ 110.1765909245, -7.5700482923, 0.0 ], [ 110.1765853621, -7.5700585821, 0.0 ], [ 110.1765791007, -7.5700780257, 0.0 ], [ 110.1765587459, -7.5701258127, 0.0 ], [ 110.176537408, -7.5701804909, 0.0 ], [ 110.1765247381, -7.5701755945, 0.0 ], [ 110.1765241031, -7.5701830263, 0.0 ], [ 110.1765632783, -7.5701968385, 0.0 ], [ 110.1765531779, -7.5702317451, 0.0 ], [ 110.1764498665, -7.5702005822, 0.0 ], [ 110.176465816, -7.5701528521, 0.0 ], [ 110.1764324801, -7.5701400105, 0.0 ], [ 110.1764412828, -7.5701154406, 0.0 ], [ 110.1764315141, -7.5701121606, 0.0 ], [ 110.1764561691, -7.5700452836, 0.0 ], [ 110.1764646166, -7.5700474097, 0.0 ], [ 110.1764876028, -7.5700526693, 0.0 ], [ 110.1764883605, -7.5700493802, 0.0 ], [ 110.1764906332, -7.5700444406, 0.0 ], [ 110.1765024577, -7.5700157402, 0.0 ], [ 110.1765032142, -7.5700106747, 0.0 ], [ 110.1765048612, -7.5700082936, 0.0 ], [ 110.1765263432, -7.5699511871, 0.0 ], [ 110.1766143206, -7.569982255, 0.0 ], [ 110.1765910307, -7.5700429516, 0.0 ], [ 110.1765909245, -7.5700482923, 0.0 ] ] ] ] } },
{ "type": "Feature", "properties": { "NAMOBJ": "Kerban", "FCODE": "BA03070040", "METADATA": "TASWIL1000020230928_DATA_BATAS_DESAKELURAHAN", "SRS_ID": "SRGI 2013", "KDCPUM": "33.08.11", "KDEPUM": "33.08.11.2002", "KDPKAB": "33.08", "KDPPUM": "33", "WADMKC": "Tempuran", "WADMKD": "Sumberarum", "WADMKK": "Magelang", "WADMPR": "Jawa Tengah", "DUSUN": "Kerban", "Toponimi": "Dusun Kerban", "Shape_Leng": 3646.39056914, "Shape_Le_1": 61.5314281036, "KETERANGAN": "2", "KET_DETAIL": "Rumah", "Id": "19", "rumah_rt": "", "Shape_Length": 61.531392235837707, "Shape_Area": 212.8195024628865 }, "geometry": { "type": "MultiPolygon", "coordinates": [ [ [ [ 110.1763962285, -7.5699383011, 0.0 ], [ 110.1764505586, -7.5699586615, 0.0 ], [ 110.1764536083, -7.5699502845, 0.0 ], [ 110.1764864873, -7.5699617558, 0.0 ], [ 110.1764630298, -7.5700266741, 0.0 ], [ 110.1764315141, -7.5701121606, 0.0 ], [ 110.1763441578, -7.5700795381, 0.0 ], [ 110.1763185126, -7.5700678472, 0.0 ], [ 110.1763503916, -7.5699915356, 0.0 ], [ 110.1763548214, -7.5699934063, 0.0 ], [ 110.1763707711, -7.5699503613, 0.0 ], [ 110.1763896587, -7.5699573824, 0.0 ], [ 110.1763962285, -7.5699383011, 0.0 ] ] ] ] } },
{ "type": "Feature", "properties": { "NAMOBJ": "Kerban", "FCODE": "BA03070040", "METADATA": "TASWIL1000020230928_DATA_BATAS_DESAKELURAHAN", "SRS_ID": "SRGI 2013", "KDCPUM": "33.08.11", "KDEPUM": "33.08.11.2002", "KDPKAB": "33.08", "KDPPUM": "33", "WADMKC": "Tempuran", "WADMKD": "Sumberarum", "WADMKK": "Magelang", "WADMPR": "Jawa Tengah", "DUSUN": "Kerban", "Toponimi": "Dusun Kerban", "Shape_Leng": 3646.39056914, "Shape_Le_1": 73.878482106700005, "KETERANGAN": "2", "KET_DETAIL": "Rumah", "Id": "20", "rumah_rt": "", "Shape_Length": 73.87843086847505, "Shape_Area": 205.64851031683858 }, "geometry": { "type": "MultiPolygon", "coordinates": [ [ [ [ 110.1762442906, -7.569836579, 0.0 ], [ 110.1762241707, -7.5698937639, 0.0 ], [ 110.1761899899, -7.5698843117, 0.0 ], [ 110.1761863592, -7.5698897824, 0.0 ], [ 110.1761839704, -7.5698894921, 0.0 ], [ 110.1761837766, -7.5698908267, 0.0 ], [ 110.1761929461, -7.5698941816, 0.0 ], [ 110.1761743462, -7.5699432933, 0.0 ], [ 110.1761647956, -7.5699396989, 0.0 ], [ 110.1761524887, -7.5699718635, 0.0 ], [ 110.1761647212, -7.56997889, 0.0 ], [ 110.1761539258, -7.570001223, 0.0 ], [ 110.1761369115, -7.5699958264, 0.0 ], [ 110.1761411155, -7.5699843591, 0.0 ], [ 110.1760617475, -7.5699509133, 0.0 ], [ 110.1760855586, -7.5698931103, 0.0 ], [ 110.1761070437, -7.5698387037, 0.0 ], [ 110.1761519638, -7.569854883, 0.0 ], [ 110.1761705736, -7.5698067852, 0.0 ], [ 110.1762359412, -7.5698295598, 0.0 ], [ 110.1762442906, -7.569836579, 0.0 ] ] ] ] } },
{ "type": "Feature", "properties": { "NAMOBJ": "Kerban", "FCODE": "BA03070040", "METADATA": "TASWIL1000020230928_DATA_BATAS_DESAKELURAHAN", "SRS_ID": "SRGI 2013", "KDCPUM": "33.08.11", "KDEPUM": "33.08.11.2002", "KDPKAB": "33.08", "KDPPUM": "33", "WADMKC": "Tempuran", "WADMKD": "Sumberarum", "WADMKK": "Magelang", "WADMPR": "Jawa Tengah", "DUSUN": "Kerban", "Toponimi": "Dusun Kerban", "Shape_Leng": 3646.39056914, "Shape_Le_1": 38.42072288, "KETERANGAN": "2", "KET_DETAIL": "Rumah", "Id": "21", "rumah_rt": "", "Shape_Length": 38.420688512591362, "Shape_Area": 81.668744520384479 }, "geometry": { "type": "MultiPolygon", "coordinates": [ [ [ [ 110.1760133417, -7.569794566, 0.0 ], [ 110.1760059941, -7.569810348, 0.0 ], [ 110.1760086786, -7.5698124397, 0.0 ], [ 110.1759762916, -7.5698951305, 0.0 ], [ 110.1759121728, -7.5698686979, 0.0 ], [ 110.1759505938, -7.5697884407, 0.0 ], [ 110.1759666823, -7.5697945248, 0.0 ], [ 110.1759740776, -7.5697765251, 0.0 ], [ 110.1760133417, -7.569794566, 0.0 ] ] ] ] } },
{ "type": "Feature", "properties": { "NAMOBJ": "Kerban", "FCODE": "BA03070040", "METADATA": "TASWIL1000020230928_DATA_BATAS_DESAKELURAHAN", "SRS_ID": "SRGI 2013", "KDCPUM": "33.08.11", "KDEPUM": "33.08.11.2002", "KDPKAB": "33.08", "KDPPUM": "33", "WADMKC": "Tempuran", "WADMKD": "Sumberarum", "WADMKK": "Magelang", "WADMPR": "Jawa Tengah", "DUSUN": "Kerban", "Toponimi": "Dusun Kerban", "Shape_Leng": 3646.39056914, "Shape_Le_1": 66.927642134899997, "KETERANGAN": "2", "KET_DETAIL": "Rumah", "Id": "22", "rumah_rt": "", "Shape_Length": 66.927669226386456, "Shape_Area": 244.52634399146521 }, "geometry": { "type": "MultiPolygon", "coordinates": [ [ [ [ 110.1763414748, -7.5696196424, 0.0 ], [ 110.1763074191, -7.5697013894, 0.0 ], [ 110.1762704119, -7.5696862689, 0.0 ], [ 110.1762638095, -7.5697029459, 0.0 ], [ 110.1762511224, -7.5696990481, 0.0 ], [ 110.1762421168, -7.5697230224, 0.0 ], [ 110.1761496947, -7.5696912705, 0.0 ], [ 110.1761722556, -7.5696288604, 0.0 ], [ 110.1761714694, -7.5696275772, 0.0 ], [ 110.1761726209, -7.5696250043, 0.0 ], [ 110.1761743415, -7.5696249117, 0.0 ], [ 110.1761926711, -7.5695730164, 0.0 ], [ 110.1762018277, -7.5695487438, 0.0 ], [ 110.1762937565, -7.5695824467, 0.0 ], [ 110.1762889541, -7.5695949548, 0.0 ], [ 110.1762996945, -7.5696010849, 0.0 ], [ 110.1763307343, -7.5696130655, 0.0 ], [ 110.1763414748, -7.5696196424, 0.0 ] ] ] ] } },
{ "type": "Feature", "properties": { "NAMOBJ": "Kerban", "FCODE": "BA03070040", "METADATA": "TASWIL1000020230928_DATA_BATAS_DESAKELURAHAN", "SRS_ID": "SRGI 2013", "KDCPUM": "33.08.11", "KDEPUM": "33.08.11.2002", "KDPKAB": "33.08", "KDPPUM": "33", "WADMKC": "Tempuran", "WADMKD": "Sumberarum", "WADMKK": "Magelang", "WADMPR": "Jawa Tengah", "DUSUN": "Kerban", "Toponimi": "Dusun Kerban", "Shape_Leng": 3646.39056914, "Shape_Le_1": 71.126564159500006, "KETERANGAN": "2", "KET_DETAIL": "Rumah", "Id": "23", "rumah_rt": "", "Shape_Length": 71.126525500220367, "Shape_Area": 229.30768860270507 }, "geometry": { "type": "MultiPolygon", "coordinates": [ [ [ [ 110.17639171, -7.5694912366, 0.0 ], [ 110.1763541931, -7.5695870969, 0.0 ], [ 110.1763744788, -7.5695948188, 0.0 ], [ 110.1763639231, -7.5696241367, 0.0 ], [ 110.1763352432, -7.5696129067, 0.0 ], [ 110.1763455562, -7.5695887105, 0.0 ], [ 110.1762941124, -7.5695678201, 0.0 ], [ 110.1762911484, -7.5695687678, 0.0 ], [ 110.1762002366, -7.569532168, 0.0 ], [ 110.1762410332, -7.5694285597, 0.0 ], [ 110.17639171, -7.5694912366, 0.0 ] ] ] ] } },
{ "type": "Feature", "properties": { "NAMOBJ": "Kerban", "FCODE": "BA03070040", "METADATA": "TASWIL1000020230928_DATA_BATAS_DESAKELURAHAN", "SRS_ID": "SRGI 2013", "KDCPUM": "33.08.11", "KDEPUM": "33.08.11.2002", "KDPKAB": "33.08", "KDPPUM": "33", "WADMKC": "Tempuran", "WADMKD": "Sumberarum", "WADMKK": "Magelang", "WADMPR": "Jawa Tengah", "DUSUN": "Kerban", "Toponimi": "Dusun Kerban", "Shape_Leng": 3646.39056914, "Shape_Le_1": 78.794831236700006, "KETERANGAN": "1", "KET_DETAIL": "Masjid", "Id": "25", "rumah_rt": "", "Shape_Length": 101.49132222629811, "Shape_Area": 378.91725494784725 }, "geometry": { "type": "MultiPolygon", "coordinates": [ [ [ [ 110.1765006284, -7.5696188505, 0.0 ], [ 110.176463634, -7.5697082792, 0.0 ], [ 110.1764563434, -7.5697079018, 0.0 ], [ 110.1764555944, -7.5697075766, 0.0 ], [ 110.1764355423, -7.5697562931, 0.0 ], [ 110.1764770453, -7.5697729036, 0.0 ], [ 110.1764789201, -7.5697689492, 0.0 ], [ 110.176500605, -7.569777372, 0.0 ], [ 110.1764991962, -7.5697817931, 0.0 ], [ 110.1765103881, -7.5697864715, 0.0 ], [ 110.1764672571, -7.5698897715, 0.0 ], [ 110.1763921784, -7.5698591277, 0.0 ], [ 110.1763963986, -7.5698486573, 0.0 ], [ 110.1763213204, -7.569817781, 0.0 ], [ 110.1763192268, -7.569814284, 0.0 ], [ 110.1763279123, -7.5697870583, 0.0 ], [ 110.1763160184, -7.5697835427, 0.0 ], [ 110.1763279732, -7.5697549257, 0.0 ], [ 110.176340566, -7.5697589084, 0.0 ], [ 110.1763501727, -7.5697382031, 0.0 ], [ 110.1763417772, -7.5697353933, 0.0 ], [ 110.1763558433, -7.5697009591, 0.0 ], [ 110.1763726333, -7.5697065796, 0.0 ], [ 110.1763838486, -7.5696764752, 0.0 ], [ 110.1764235894, -7.5695890126, 0.0 ], [ 110.1765006284, -7.5696188505, 0.0 ] ] ] ] } },
{ "type": "Feature", "properties": { "NAMOBJ": "Kerban", "FCODE": "BA03070040", "METADATA": "TASWIL1000020230928_DATA_BATAS_DESAKELURAHAN", "SRS_ID": "SRGI 2013", "KDCPUM": "33.08.11", "KDEPUM": "33.08.11.2002", "KDPKAB": "33.08", "KDPPUM": "33", "WADMKC": "Tempuran", "WADMKD": "Sumberarum", "WADMKK": "Magelang", "WADMPR": "Jawa Tengah", "DUSUN": "Kerban", "Toponimi": "Dusun Kerban", "Shape_Leng": 3646.39056914, "Shape_Le_1": 92.258729319799997, "KETERANGAN": "2", "KET_DETAIL": "Rumah", "Id": "26", "rumah_rt": "", "Shape_Length": 92.258691430693602, "Shape_Area": 411.95076349531604 }, "geometry": { "type": "MultiPolygon", "coordinates": [ [ [ [ 110.1765006023, -7.5697773711, 0.0 ], [ 110.1764816129, -7.5697699953, 0.0 ], [ 110.1764890767, -7.569748376, 0.0 ], [ 110.1765028689, -7.5697111771, 0.0 ], [ 110.176520302, -7.5696625996, 0.0 ], [ 110.1765326191, -7.5696250705, 0.0 ], [ 110.1765954512, -7.569646052, 0.0 ], [ 110.1766028069, -7.5696259484, 0.0 ], [ 110.1766110159, -7.5696286457, 0.0 ], [ 110.1766315696, -7.5695787634, 0.0 ], [ 110.1766835007, -7.5695994258, 0.0 ], [ 110.1766639873, -7.5696518435, 0.0 ], [ 110.1766948769, -7.5696641215, 0.0 ], [ 110.1766787857, -7.5697034325, 0.0 ], [ 110.1767037351, -7.5697130255, 0.0 ], [ 110.176693179, -7.5697425767, 0.0 ], [ 110.1766685483, -7.569810986, 0.0 ], [ 110.1766647219, -7.5698154677, 0.0 ], [ 110.1766581165, -7.5698337846, 0.0 ], [ 110.1765006023, -7.5697773711, 0.0 ] ] ] ] } },
{ "type": "Feature", "properties": { "NAMOBJ": "Kerban", "FCODE": "BA03070040", "METADATA": "TASWIL1000020230928_DATA_BATAS_DESAKELURAHAN", "SRS_ID": "SRGI 2013", "KDCPUM": "33.08.11", "KDEPUM": "33.08.11.2002", "KDPKAB": "33.08", "KDPPUM": "33", "WADMKC": "Tempuran", "WADMKD": "Sumberarum", "WADMKK": "Magelang", "WADMPR": "Jawa Tengah", "DUSUN": "Kerban", "Toponimi": "Dusun Kerban", "Shape_Leng": 3646.39056914, "Shape_Le_1": 40.774209040400002, "KETERANGAN": "2", "KET_DETAIL": "Rumah", "Id": "27", "rumah_rt": " ", "Shape_Length": 58.241842524158258, "Shape_Area": 189.21423157342721 }, "geometry": { "type": "MultiPolygon", "coordinates": [ [ [ [ 110.1768355831, -7.5696493366, 0.0 ], [ 110.1768151637, -7.5697068196, 0.0 ], [ 110.1768096118, -7.5697206676, 0.0 ], [ 110.1768037268, -7.5697366595, 0.0 ], [ 110.1768027073, -7.5697394307, 0.0 ], [ 110.176777197, -7.5698037591, 0.0 ], [ 110.176692428, -7.569769585, 0.0 ], [ 110.1767008725, -7.5697460844, 0.0 ], [ 110.1766926851, -7.5697439497, 0.0 ], [ 110.176693179, -7.5697425767, 0.0 ], [ 110.1767037342, -7.5697130282, 0.0 ], [ 110.1767085447, -7.5697019981, 0.0 ], [ 110.1767172007, -7.5697036534, 0.0 ], [ 110.1767293588, -7.5696725323, 0.0 ], [ 110.1767512678, -7.5696168403, 0.0 ], [ 110.1768355831, -7.5696493366, 0.0 ] ] ] ] } },
{ "type": "Feature", "properties": { "NAMOBJ": "Kerban", "FCODE": "BA03070040", "METADATA": "TASWIL1000020230928_DATA_BATAS_DESAKELURAHAN", "SRS_ID": "SRGI 2013", "KDCPUM": "33.08.11", "KDEPUM": "33.08.11.2002", "KDPKAB": "33.08", "KDPPUM": "33", "WADMKC": "Tempuran", "WADMKD": "Sumberarum", "WADMKK": "Magelang", "WADMPR": "Jawa Tengah", "DUSUN": "Kerban", "Toponimi": "Dusun Kerban", "Shape_Leng": 3646.39056914, "Shape_Le_1": 69.325618468399995, "KETERANGAN": "2", "KET_DETAIL": "Rumah", "Id": "28", "rumah_rt": "", "Shape_Length": 69.325637105993138, "Shape_Area": 249.02045947025388 }, "geometry": { "type": "MultiPolygon", "coordinates": [ [ [ [ 110.1770008239, -7.5698141723, 0.0 ], [ 110.1769970664, -7.5698258123, 0.0 ], [ 110.1769928515, -7.569833951, 0.0 ], [ 110.1769462065, -7.5698215221, 0.0 ], [ 110.1769400939, -7.5698457263, 0.0 ], [ 110.1768752619, -7.569825812, 0.0 ], [ 110.1769130365, -7.5697173797, 0.0 ], [ 110.1769093193, -7.5697130357, 0.0 ], [ 110.176919646, -7.5696773435, 0.0 ], [ 110.1769415687, -7.5696832053, 0.0 ], [ 110.1769493222, -7.5696550462, 0.0 ], [ 110.176971946, -7.5696606777, 0.0 ], [ 110.1769780159, -7.5696590593, 0.0 ], [ 110.1769831675, -7.5696497546, 0.0 ], [ 110.1770204799, -7.5696617, 0.0 ], [ 110.1770190609, -7.5696714766, 0.0 ], [ 110.177022783, -7.5696775383, 0.0 ], [ 110.1770444692, -7.5696852628, 0.0 ], [ 110.1770299157, -7.5697311053, 0.0 ], [ 110.1770008239, -7.5698141723, 0.0 ] ] ] ] } },
{ "type": "Feature", "properties": { "NAMOBJ": "Kerban", "FCODE": "BA03070040", "METADATA": "TASWIL1000020230928_DATA_BATAS_DESAKELURAHAN", "SRS_ID": "SRGI 2013", "KDCPUM": "33.08.11", "KDEPUM": "33.08.11.2002", "KDPKAB": "33.08", "KDPPUM": "33", "WADMKC": "Tempuran", "WADMKD": "Sumberarum", "WADMKK": "Magelang", "WADMPR": "Jawa Tengah", "DUSUN": "Kerban", "Toponimi": "Dusun Kerban", "Shape_Leng": 3646.39056914, "Shape_Le_1": 45.421116061200003, "KETERANGAN": "2", "KET_DETAIL": "Rumah", "Id": "29", "rumah_rt": "", "Shape_Length": 45.421051555512378, "Shape_Area": 107.38898909065585 }, "geometry": { "type": "MultiPolygon", "coordinates": [ [ [ [ 110.1770095773, -7.5698275508, 0.0 ], [ 110.1771057751, -7.5698572014, 0.0 ], [ 110.177083386, -7.5699357433, 0.0 ], [ 110.1769857759, -7.5699051648, 0.0 ], [ 110.1769967505, -7.56987004, 0.0 ], [ 110.1769746606, -7.5698634408, 0.0 ], [ 110.1769793301, -7.56984214, 0.0 ], [ 110.1770041125, -7.5698466576, 0.0 ], [ 110.1770095773, -7.5698275508, 0.0 ] ] ] ] } },
{ "type": "Feature", "properties": { "NAMOBJ": "Kerban", "FCODE": "BA03070040", "METADATA": "TASWIL1000020230928_DATA_BATAS_DESAKELURAHAN", "SRS_ID": "SRGI 2013", "KDCPUM": "33.08.11", "KDEPUM": "33.08.11.2002", "KDPKAB": "33.08", "KDPPUM": "33", "WADMKC": "Tempuran", "WADMKD": "Sumberarum", "WADMKK": "Magelang", "WADMPR": "Jawa Tengah", "DUSUN": "Kerban", "Toponimi": "Dusun Kerban", "Shape_Leng": 3646.39056914, "Shape_Le_1": 62.4075549262, "KETERANGAN": "2", "KET_DETAIL": "Rumah", "Id": "30", "rumah_rt": "", "Shape_Length": 62.407711235153172, "Shape_Area": 204.18471509130924 }, "geometry": { "type": "MultiPolygon", "coordinates": [ [ [ [ 110.1770555402, -7.5696671968, 0.0 ], [ 110.177144321, -7.5696956964, 0.0 ], [ 110.1771375077, -7.5697198993, 0.0 ], [ 110.1771459041, -7.5697222433, 0.0 ], [ 110.1771289908, -7.5697815861, 0.0 ], [ 110.1771180257, -7.569780168, 0.0 ], [ 110.177115205, -7.5697911033, 0.0 ], [ 110.1771359616, -7.569796734, 0.0 ], [ 110.1771209346, -7.5698460678, 0.0 ], [ 110.1770099271, -7.569812329, 0.0 ], [ 110.1770023213, -7.5698098961, 0.0 ], [ 110.1770299157, -7.5697311053, 0.0 ], [ 110.1770444665, -7.5696852619, 0.0 ], [ 110.1770493309, -7.5696864342, 0.0 ], [ 110.1770555402, -7.5696671968, 0.0 ] ] ] ] } },
{ "type": "Feature", "properties": { "NAMOBJ": "Kerban", "FCODE": "BA03070040", "METADATA": "TASWIL1000020230928_DATA_BATAS_DESAKELURAHAN", "SRS_ID": "SRGI 2013", "KDCPUM": "33.08.11", "KDEPUM": "33.08.11.2002", "KDPKAB": "33.08", "KDPPUM": "33", "WADMKC": "Tempuran", "WADMKD": "Sumberarum", "WADMKK": "Magelang", "WADMPR": "Jawa Tengah", "DUSUN": "Kerban", "Toponimi": "Dusun Kerban", "Shape_Leng": 3646.39056914, "Shape_Le_1": 40.3209676026, "KETERANGAN": "2", "KET_DETAIL": "Rumah", "Id": "31", "rumah_rt": "", "Shape_Length": 58.671338717850567, "Shape_Area": 189.59199861002767 }, "geometry": { "type": "MultiPolygon", "coordinates": [ [ [ [ 110.1772603358, -7.5697958047, 0.0 ], [ 110.1772497748, -7.5698279166, 0.0 ], [ 110.1772322796, -7.5698246238, 0.0 ], [ 110.1772231261, -7.5698530136, 0.0 ], [ 110.1771264838, -7.5698278493, 0.0 ], [ 110.1771359607, -7.5697967367, 0.0 ], [ 110.1771465575, -7.5697643636, 0.0 ], [ 110.1771474628, -7.5697615966, 0.0 ], [ 110.1771552177, -7.5697327384, 0.0 ], [ 110.1771704799, -7.5696827068, 0.0 ], [ 110.1771919389, -7.5696869377, 0.0 ], [ 110.1772089623, -7.5696927911, 0.0 ], [ 110.1772619009, -7.5697089574, 0.0 ], [ 110.1772459018, -7.5697780813, 0.0 ], [ 110.1772421453, -7.5697906447, 0.0 ], [ 110.1772603358, -7.5697958047, 0.0 ] ] ] ] } },
{ "type": "Feature", "properties": { "NAMOBJ": "Kerban", "FCODE": "BA03070040", "METADATA": "TASWIL1000020230928_DATA_BATAS_DESAKELURAHAN", "SRS_ID": "SRGI 2013", "KDCPUM": "33.08.11", "KDEPUM": "33.08.11.2002", "KDPKAB": "33.08", "KDPPUM": "33", "WADMKC": "Tempuran", "WADMKD": "Sumberarum", "WADMKK": "Magelang", "WADMPR": "Jawa Tengah", "DUSUN": "Kerban", "Toponimi": "Dusun Kerban", "Shape_Leng": 3646.39056914, "Shape_Le_1": 53.799459862, "KETERANGAN": "2", "KET_DETAIL": "Rumah", "Id": "32", "rumah_rt": " ", "Shape_Length": 70.0372535151877, "Shape_Area": 209.18967339863306 }, "geometry": { "type": "MultiPolygon", "coordinates": [ [ [ [ 110.1771307415, -7.5698425941, 0.0 ], [ 110.1772015151, -7.5698601408, 0.0 ], [ 110.1772021154, -7.5698580589, 0.0 ], [ 110.1772993776, -7.5698799338, 0.0 ], [ 110.1772946632, -7.5699053047, 0.0 ], [ 110.1772854841, -7.5699467335, 0.0 ], [ 110.1772950457, -7.569949778, 0.0 ], [ 110.1772879743, -7.5699872528, 0.0 ], [ 110.1772784127, -7.5699842074, 0.0 ], [ 110.1772753581, -7.569995145, 0.0 ], [ 110.1772529659, -7.5699906789, 0.0 ], [ 110.1772494627, -7.5699925355, 0.0 ], [ 110.1772452354, -7.5700067306, 0.0 ], [ 110.1772205109, -7.5700013285, 0.0 ], [ 110.1771964879, -7.5699954619, 0.0 ], [ 110.1771993139, -7.5699817299, 0.0 ], [ 110.1771974224, -7.5699792526, 0.0 ], [ 110.1771755584, -7.5699730265, 0.0 ], [ 110.1771880745, -7.5699093844, 0.0 ], [ 110.1771175071, -7.5698939799, 0.0 ], [ 110.1771307415, -7.5698425941, 0.0 ] ] ] ] } },
{ "type": "Feature", "properties": { "NAMOBJ": "Kerban", "FCODE": "BA03070040", "METADATA": "TASWIL1000020230928_DATA_BATAS_DESAKELURAHAN", "SRS_ID": "SRGI 2013", "KDCPUM": "33.08.11", "KDEPUM": "33.08.11.2002", "KDPKAB": "33.08", "KDPPUM": "33", "WADMKC": "Tempuran", "WADMKD": "Sumberarum", "WADMKK": "Magelang", "WADMPR": "Jawa Tengah", "DUSUN": "Kerban", "Toponimi": "Dusun Kerban", "Shape_Leng": 3646.39056914, "Shape_Le_1": 100.533879656, "KETERANGAN": "2", "KET_DETAIL": "Rumah", "Id": "33", "rumah_rt": "", "Shape_Length": 100.53384843067633, "Shape_Area": 271.52225613010472 }, "geometry": { "type": "MultiPolygon", "coordinates": [ [ [ [ 110.1774558972, -7.5698299264, 0.0 ], [ 110.1774486783, -7.5698562894, 0.0 ], [ 110.1774664444, -7.5698591539, 0.0 ], [ 110.1774794281, -7.5698639469, 0.0 ], [ 110.1774744479, -7.5698913569, 0.0 ], [ 110.1774563915, -7.5698843194, 0.0 ], [ 110.1774420582, -7.5698823549, 0.0 ], [ 110.1774343822, -7.5699140815, 0.0 ], [ 110.1773736272, -7.5698999591, 0.0 ], [ 110.1773711804, -7.5699154618, 0.0 ], [ 110.1774299554, -7.5699302416, 0.0 ], [ 110.1774247825, -7.569950722, 0.0 ], [ 110.1774366764, -7.5699542367, 0.0 ], [ 110.1774256151, -7.5700040438, 0.0 ], [ 110.1774134847, -7.5700019252, 0.0 ], [ 110.1774123053, -7.5700086759, 0.0 ], [ 110.1773623926, -7.5699967067, 0.0 ], [ 110.177358423, -7.5699983291, 0.0 ], [ 110.1773558132, -7.5700084462, 0.0 ], [ 110.177312512, -7.569997451, 0.0 ], [ 110.1773337311, -7.5699116556, 0.0 ], [ 110.1773402077, -7.569882908, 0.0 ], [ 110.177352231, -7.5698425464, 0.0 ], [ 110.1773601448, -7.5698431574, 0.0 ], [ 110.1773688699, -7.5698097939, 0.0 ], [ 110.1773540913, -7.5698064873, 0.0 ], [ 110.177360271, -7.5697765461, 0.0 ], [ 110.1773635577, -7.5697761055, 0.0 ], [ 110.1773646209, -7.5697665697, 0.0 ], [ 110.1773807456, -7.569768836, 0.0 ], [ 110.1773793822, -7.5697789664, 0.0 ], [ 110.1774625239, -7.5698004329, 0.0 ], [ 110.1774558972, -7.5698299264, 0.0 ] ] ] ] } },
{ "type": "Feature", "properties": { "NAMOBJ": "Kerban", "FCODE": "BA03070040", "METADATA": "TASWIL1000020230928_DATA_BATAS_DESAKELURAHAN", "SRS_ID": "SRGI 2013", "KDCPUM": "33.08.11", "KDEPUM": "33.08.11.2002", "KDPKAB": "33.08", "KDPPUM": "33", "WADMKC": "Tempuran", "WADMKD": "Sumberarum", "WADMKK": "Magelang", "WADMPR": "Jawa Tengah", "DUSUN": "Kerban", "Toponimi": "Dusun Kerban", "Shape_Leng": 3646.39056914, "Shape_Le_1": 67.597004161499996, "KETERANGAN": "2", "KET_DETAIL": "Rumah", "Id": "35", "rumah_rt": "", "Shape_Length": 67.597009077668048, "Shape_Area": 213.64750411955387 }, "geometry": { "type": "MultiPolygon", "coordinates": [ [ [ [ 110.1772542732, -7.5695468877, 0.0 ], [ 110.1772698682, -7.5694891125, 0.0 ], [ 110.1773185223, -7.5695050952, 0.0 ], [ 110.1773758946, -7.5695210365, 0.0 ], [ 110.1774041073, -7.5695324989, 0.0 ], [ 110.1773926004, -7.5695711293, 0.0 ], [ 110.1773727774, -7.5695655031, 0.0 ], [ 110.1773643245, -7.5695929626, 0.0 ], [ 110.1773429639, -7.5696597483, 0.0 ], [ 110.1773180087, -7.5696531816, 0.0 ], [ 110.1773152087, -7.5696531763, 0.0 ], [ 110.1773100328, -7.5696752866, 0.0 ], [ 110.1773074614, -7.5696780757, 0.0 ], [ 110.1772748109, -7.5696684673, 0.0 ], [ 110.1772724839, -7.5696652031, 0.0 ], [ 110.1772769473, -7.5696493786, 0.0 ], [ 110.1772739223, -7.5696451815, 0.0 ], [ 110.1772450054, -7.5696355801, 0.0 ], [ 110.1772717648, -7.569552041, 0.0 ], [ 110.1772542732, -7.5695468877, 0.0 ] ] ] ] } },
{ "type": "Feature", "properties": { "NAMOBJ": "Kerban", "FCODE": "BA03070040", "METADATA": "TASWIL1000020230928_DATA_BATAS_DESAKELURAHAN", "SRS_ID": "SRGI 2013", "KDCPUM": "33.08.11", "KDEPUM": "33.08.11.2002", "KDPKAB": "33.08", "KDPPUM": "33", "WADMKC": "Tempuran", "WADMKD": "Sumberarum", "WADMKK": "Magelang", "WADMPR": "Jawa Tengah", "DUSUN": "Kerban", "Toponimi": "Dusun Kerban", "Shape_Leng": 3646.39056914, "Shape_Le_1": 61.6884161535, "KETERANGAN": "2", "KET_DETAIL": "Rumah", "Id": "37", "rumah_rt": "", "Shape_Length": 61.688458790878187, "Shape_Area": 155.39804689679397 }, "geometry": { "type": "MultiPolygon", "coordinates": [ [ [ [ 110.1771708739, -7.5694691636, 0.0 ], [ 110.1771587178, -7.56951262, 0.0 ], [ 110.1770954556, -7.5695004827, 0.0 ], [ 110.1770924134, -7.5695049008, 0.0 ], [ 110.1770822746, -7.5695605309, 0.0 ], [ 110.1769921602, -7.5695431909, 0.0 ], [ 110.1770028394, -7.5694893645, 0.0 ], [ 110.1770122568, -7.5694451422, 0.0 ], [ 110.1770887699, -7.5694573941, 0.0 ], [ 110.1770944065, -7.5694385445, 0.0 ], [ 110.1771219269, -7.5694455817, 0.0 ], [ 110.1771172328, -7.5694602418, 0.0 ], [ 110.1771708739, -7.5694691636, 0.0 ] ] ] ] } },
{ "type": "Feature", "properties": { "NAMOBJ": "Kerban", "FCODE": "BA03070040", "METADATA": "TASWIL1000020230928_DATA_BATAS_DESAKELURAHAN", "SRS_ID": "SRGI 2013", "KDCPUM": "33.08.11", "KDEPUM": "33.08.11.2002", "KDPKAB": "33.08", "KDPPUM": "33", "WADMKC": "Tempuran", "WADMKD": "Sumberarum", "WADMKK": "Magelang", "WADMPR": "Jawa Tengah", "DUSUN": "Kerban", "Toponimi": "Dusun Kerban", "Shape_Leng": 3646.39056914, "Shape_Le_1": 65.931551620099995, "KETERANGAN": "2", "KET_DETAIL": "Rumah", "Id": "38", "rumah_rt": "", "Shape_Length": 65.931560826972216, "Shape_Area": 225.91222084228195 }, "geometry": { "type": "MultiPolygon", "coordinates": [ [ [ [ 110.1770613313, -7.5692838751, 0.0 ], [ 110.1771497299, -7.5693040664, 0.0 ], [ 110.1771567721, -7.5692819605, 0.0 ], [ 110.1772118192, -7.569293706, 0.0 ], [ 110.1772077966, -7.5693228038, 0.0 ], [ 110.1771831303, -7.5694100724, 0.0 ], [ 110.177141614, -7.5694004481, 0.0 ], [ 110.1770117412, -7.5693685587, 0.0 ], [ 110.1770154699, -7.5693506144, 0.0 ], [ 110.1770324167, -7.5692735754, 0.0 ], [ 110.177060174, -7.5692789833, 0.0 ], [ 110.1770613313, -7.5692838751, 0.0 ] ] ] ] } },
{ "type": "Feature", "properties": { "NAMOBJ": "Kerban", "FCODE": "BA03070040", "METADATA": "TASWIL1000020230928_DATA_BATAS_DESAKELURAHAN", "SRS_ID": "SRGI 2013", "KDCPUM": "33.08.11", "KDEPUM": "33.08.11.2002", "KDPKAB": "33.08", "KDPPUM": "33", "WADMKC": "Tempuran", "WADMKD": "Sumberarum", "WADMKK": "Magelang", "WADMPR": "Jawa Tengah", "DUSUN": "Kerban", "Toponimi": "Dusun Kerban", "Shape_Leng": 3646.39056914, "Shape_Le_1": 67.712716353399998, "KETERANGAN": "2", "KET_DETAIL": "Rumah", "Id": "39", "rumah_rt": "", "Shape_Length": 67.712714854830367, "Shape_Area": 172.46095131425625 }, "geometry": { "type": "MultiPolygon", "coordinates": [ [ [ [ 110.1770713793, -7.5691532704, 0.0 ], [ 110.1772074183, -7.5691876335, 0.0 ], [ 110.1772299602, -7.5691919977, 0.0 ], [ 110.1772262223, -7.5692043224, 0.0 ], [ 110.1772192021, -7.5692147866, 0.0 ], [ 110.1772151928, -7.5692373649, 0.0 ], [ 110.1772119083, -7.5692466722, 0.0 ], [ 110.177208402, -7.5692496929, 0.0 ], [ 110.177212594, -7.5692541246, 0.0 ], [ 110.1772170225, -7.5692566945, 0.0 ], [ 110.1772170119, -7.5692622823, 0.0 ], [ 110.1772095098, -7.5692806626, 0.0 ], [ 110.1771957488, -7.5692776094, 0.0 ], [ 110.1771892157, -7.5692773646, 0.0 ], [ 110.1771892263, -7.5692717767, 0.0 ], [ 110.1771955617, -7.5692533942, 0.0 ], [ 110.1771892633, -7.5692522173, 0.0 ], [ 110.177190685, -7.5692410442, 0.0 ], [ 110.1771787907, -7.569237762, 0.0 ], [ 110.1771738565, -7.5692556814, 0.0 ], [ 110.177144464, -7.5692507362, 0.0 ], [ 110.1771409356, -7.5692658643, 0.0 ], [ 110.1771026817, -7.5692581085, 0.0 ], [ 110.17710377, -7.5692544311, 0.0 ], [ 110.1770582002, -7.5692433773, 0.0 ], [ 110.1770581278, -7.5692313602, 0.0 ], [ 110.1770396239, -7.5692271122, 0.0 ], [ 110.1770521863, -7.5691844353, 0.0 ], [ 110.1770636165, -7.5691863192, 0.0 ], [ 110.1770713793, -7.5691532704, 0.0 ] ] ] ] } },
{ "type": "Feature", "properties": { "NAMOBJ": "Kerban", "FCODE": "BA03070040", "METADATA": "TASWIL1000020230928_DATA_BATAS_DESAKELURAHAN", "SRS_ID": "SRGI 2013", "KDCPUM": "33.08.11", "KDEPUM": "33.08.11.2002", "KDPKAB": "33.08", "KDPPUM": "33", "WADMKC": "Tempuran", "WADMKD": "Sumberarum", "WADMKK": "Magelang", "WADMPR": "Jawa Tengah", "DUSUN": "Kerban", "Toponimi": "Dusun Kerban", "Shape_Leng": 3646.39056914, "Shape_Le_1": 38.865416782300002, "KETERANGAN": "2", "KET_DETAIL": "Rumah", "Id": "40", "rumah_rt": "", "Shape_Length": 51.626598223961885, "Shape_Area": 128.50049144844488 }, "geometry": { "type": "MultiPolygon", "coordinates": [ [ [ [ 110.1769095108, -7.569361128, 0.0 ], [ 110.1769031219, -7.5694081472, 0.0 ], [ 110.1768428279, -7.5693986014, 0.0 ], [ 110.1768406051, -7.5693982499, 0.0 ], [ 110.1768314242, -7.5694406094, 0.0 ], [ 110.1767961988, -7.5694356532, 0.0 ], [ 110.1767590026, -7.569428926, 0.0 ], [ 110.1767807653, -7.5693299144, 0.0 ], [ 110.1768164539, -7.5693367338, 0.0 ], [ 110.17684934, -7.5693449453, 0.0 ], [ 110.1768549355, -7.5693477471, 0.0 ], [ 110.1769111557, -7.5693560027, 0.0 ], [ 110.1769095108, -7.569361128, 0.0 ] ] ] ] } },
{ "type": "Feature", "properties": { "NAMOBJ": "Kerban", "FCODE": "BA03070040", "METADATA": "TASWIL1000020230928_DATA_BATAS_DESAKELURAHAN", "SRS_ID": "SRGI 2013", "KDCPUM": "33.08.11", "KDEPUM": "33.08.11.2002", "KDPKAB": "33.08", "KDPPUM": "33", "WADMKC": "Tempuran", "WADMKD": "Sumberarum", "WADMKK": "Magelang", "WADMPR": "Jawa Tengah", "DUSUN": "Kerban", "Toponimi": "Dusun Kerban", "Shape_Leng": 3646.39056914, "Shape_Le_1": 69.974193131700005, "KETERANGAN": "2", "KET_DETAIL": "Rumah", "Id": "42", "rumah_rt": "", "Shape_Length": 69.974197528281621, "Shape_Area": 212.61926579746131 }, "geometry": { "type": "MultiPolygon", "coordinates": [ [ [ [ 110.1767575962, -7.569211273, 0.0 ], [ 110.1767498297, -7.5692467584, 0.0 ], [ 110.1767702658, -7.5692502404, 0.0 ], [ 110.1767483113, -7.5693471604, 0.0 ], [ 110.1767309216, -7.5694173317, 0.0 ], [ 110.1767269383, -7.5694175892, 0.0 ], [ 110.1767244271, -7.5694292179, 0.0 ], [ 110.1766562358, -7.5694122775, 0.0 ], [ 110.1766610569, -7.569393297, 0.0 ], [ 110.1766804508, -7.5693163983, 0.0 ], [ 110.1766812208, -7.5693114079, 0.0 ], [ 110.1766594816, -7.5693062665, 0.0 ], [ 110.1766645338, -7.5692801247, 0.0 ], [ 110.1766768144, -7.5692269842, 0.0 ], [ 110.1766956667, -7.5692310891, 0.0 ], [ 110.1767054168, -7.5691968583, 0.0 ], [ 110.1767399007, -7.5692018402, 0.0 ], [ 110.1767405757, -7.5692038766, 0.0 ], [ 110.1767473663, -7.5692074495, 0.0 ], [ 110.176754501, -7.5692083104, 0.0 ], [ 110.1767575962, -7.569211273, 0.0 ] ] ] ] } },
{ "type": "Feature", "properties": { "NAMOBJ": "Kerban", "FCODE": "BA03070040", "METADATA": "TASWIL1000020230928_DATA_BATAS_DESAKELURAHAN", "SRS_ID": "SRGI 2013", "KDCPUM": "33.08.11", "KDEPUM": "33.08.11.2002", "KDPKAB": "33.08", "KDPPUM": "33", "WADMKC": "Tempuran", "WADMKD": "Sumberarum", "WADMKK": "Magelang", "WADMPR": "Jawa Tengah", "DUSUN": "Kerban", "Toponimi": "Dusun Kerban", "Shape_Leng": 3646.39056914, "Shape_Le_1": 59.4732736841, "KETERANGAN": "2", "KET_DETAIL": "Rumah", "Id": "43", "rumah_rt": "", "Shape_Length": 59.473218498336678, "Shape_Area": 192.39909393949895 }, "geometry": { "type": "MultiPolygon", "coordinates": [ [ [ [ 110.1766629689, -7.5691805011, 0.0 ], [ 110.1766556572, -7.569206047, 0.0 ], [ 110.1766318641, -7.5692926317, 0.0 ], [ 110.1766127133, -7.5693498276, 0.0 ], [ 110.1765477587, -7.5693281926, 0.0 ], [ 110.1765212409, -7.5693196784, 0.0 ], [ 110.1765202512, -7.5693181705, 0.0 ], [ 110.176522976, -7.5693128971, 0.0 ], [ 110.1765219342, -7.5693116452, 0.0 ], [ 110.1765213792, -7.5693108111, 0.0 ], [ 110.1765329191, -7.5692811089, 0.0 ], [ 110.1765524466, -7.5692231575, 0.0 ], [ 110.1765535022, -7.5692171863, 0.0 ], [ 110.176553578, -7.5692139918, 0.0 ], [ 110.1765559458, -7.5692129553, 0.0 ], [ 110.1765604995, -7.5691972684, 0.0 ], [ 110.1765707219, -7.56917168, 0.0 ], [ 110.1766189506, -7.5691858439, 0.0 ], [ 110.1766232267, -7.5691712708, 0.0 ], [ 110.1766629689, -7.5691805011, 0.0 ] ] ] ] } },
{ "type": "Feature", "properties": { "NAMOBJ": "Kerban", "FCODE": "BA03070040", "METADATA": "TASWIL1000020230928_DATA_BATAS_DESAKELURAHAN", "SRS_ID": "SRGI 2013", "KDCPUM": "33.08.11", "KDEPUM": "33.08.11.2002", "KDPKAB": "33.08", "KDPPUM": "33", "WADMKC": "Tempuran", "WADMKD": "Sumberarum", "WADMKK": "Magelang", "WADMPR": "Jawa Tengah", "DUSUN": "Kerban", "Toponimi": "Dusun Kerban", "Shape_Leng": 3646.39056914, "Shape_Le_1": 73.554869787200005, "KETERANGAN": "2", "KET_DETAIL": "Rumah", "Id": "44", "rumah_rt": "", "Shape_Length": 73.554832559170066, "Shape_Area": 258.03103189636562 }, "geometry": { "type": "MultiPolygon", "coordinates": [ [ [ [ 110.1765329191, -7.5692811089, 0.0 ], [ 110.176526093, -7.5692986782, 0.0 ], [ 110.1765200127, -7.5692962925, 0.0 ], [ 110.1764984544, -7.569288475, 0.0 ], [ 110.1764979651, -7.5692898633, 0.0 ], [ 110.1764960695, -7.5692890304, 0.0 ], [ 110.1764819583, -7.5693262232, 0.0 ], [ 110.176480145, -7.5693278867, 0.0 ], [ 110.1764722758, -7.5693496237, 0.0 ], [ 110.1764033873, -7.569323714, 0.0 ], [ 110.176414301, -7.569293941, 0.0 ], [ 110.1764152059, -7.5692938043, 0.0 ], [ 110.1764532678, -7.5691877596, 0.0 ], [ 110.1764391868, -7.5691827909, 0.0 ], [ 110.1764504635, -7.5691499197, 0.0 ], [ 110.1764619014, -7.5691214574, 0.0 ], [ 110.1765650498, -7.5691556906, 0.0 ], [ 110.1765607852, -7.5691680532, 0.0 ], [ 110.1765654563, -7.5691707746, 0.0 ], [ 110.1765707219, -7.56917168, 0.0 ], [ 110.1765604995, -7.5691972684, 0.0 ], [ 110.1765559458, -7.5692129553, 0.0 ], [ 110.176553578, -7.5692139918, 0.0 ], [ 110.1765535022, -7.5692171863, 0.0 ], [ 110.1765524466, -7.5692231575, 0.0 ], [ 110.1765329191, -7.5692811089, 0.0 ] ] ] ] } },
{ "type": "Feature", "properties": { "NAMOBJ": "Kerban", "FCODE": "BA03070040", "METADATA": "TASWIL1000020230928_DATA_BATAS_DESAKELURAHAN", "SRS_ID": "SRGI 2013", "KDCPUM": "33.08.11", "KDEPUM": "33.08.11.2002", "KDPKAB": "33.08", "KDPPUM": "33", "WADMKC": "Tempuran", "WADMKD": "Sumberarum", "WADMKK": "Magelang", "WADMPR": "Jawa Tengah", "DUSUN": "Kerban", "Toponimi": "Dusun Kerban", "Shape_Leng": 3646.39056914, "Shape_Le_1": 91.688075976500002, "KETERANGAN": "2", "KET_DETAIL": "Rumah", "Id": "45", "rumah_rt": "", "Shape_Length": 91.688060987722551, "Shape_Area": 419.40280305924597 }, "geometry": { "type": "MultiPolygon", "coordinates": [ [ [ [ 110.1763578684, -7.5690556442, 0.0 ], [ 110.1764139029, -7.5690752489, 0.0 ], [ 110.1764103118, -7.5690876191, 0.0 ], [ 110.1764405443, -7.5690941188, 0.0 ], [ 110.176426864, -7.5691397024, 0.0 ], [ 110.1764248094, -7.5691481763, 0.0 ], [ 110.1764217476, -7.5691500355, 0.0 ], [ 110.1764200419, -7.5691532532, 0.0 ], [ 110.1764075272, -7.5691869703, 0.0 ], [ 110.1764081725, -7.5691903353, 0.0 ], [ 110.1764222938, -7.5691989347, 0.0 ], [ 110.1764202107, -7.5692076111, 0.0 ], [ 110.1764121122, -7.5692346154, 0.0 ], [ 110.1764005295, -7.5692638924, 0.0 ], [ 110.1764033555, -7.5692649823, 0.0 ], [ 110.1763981004, -7.5692834193, 0.0 ], [ 110.1763946219, -7.5692827624, 0.0 ], [ 110.1763827814, -7.5693189184, 0.0 ], [ 110.1763504142, -7.5693072003, 0.0 ], [ 110.17635814, -7.5692931746, 0.0 ], [ 110.1763446073, -7.5692891747, 0.0 ], [ 110.1763053383, -7.5692766494, 0.0 ], [ 110.1762651549, -7.5692649183, 0.0 ], [ 110.1762718901, -7.5692355444, 0.0 ], [ 110.1762409842, -7.5692256524, 0.0 ], [ 110.1762695263, -7.5691380484, 0.0 ], [ 110.176299428, -7.5690504478, 0.0 ], [ 110.1763218418, -7.5690582896, 0.0 ], [ 110.1763274802, -7.569041854, 0.0 ], [ 110.1763594088, -7.5690497128, 0.0 ], [ 110.1763578684, -7.5690556442, 0.0 ] ] ] ] } },
{ "type": "Feature", "properties": { "NAMOBJ": "Kerban", "FCODE": "BA03070040", "METADATA": "TASWIL1000020230928_DATA_BATAS_DESAKELURAHAN", "SRS_ID": "SRGI 2013", "KDCPUM": "33.08.11", "KDEPUM": "33.08.11.2002", "KDPKAB": "33.08", "KDPPUM": "33", "WADMKC": "Tempuran", "WADMKD": "Sumberarum", "WADMKK": "Magelang", "WADMPR": "Jawa Tengah", "DUSUN": "Kerban", "Toponimi": "Dusun Kerban", "Shape_Leng": 3646.39056914, "Shape_Le_1": 71.286636967500002, "KETERANGAN": "2", "KET_DETAIL": "Rumah", "Id": "46", "rumah_rt": "", "Shape_Length": 71.286667176663954, "Shape_Area": 216.21585522631563 }, "geometry": { "type": "MultiPolygon", "coordinates": [ [ [ [ 110.1760433471, -7.5693287038, 0.0 ], [ 110.1761360666, -7.5693570247, 0.0 ], [ 110.1761440885, -7.5693383894, 0.0 ], [ 110.1761732965, -7.5693474307, 0.0 ], [ 110.1761732797, -7.5693562476, 0.0 ], [ 110.1761756547, -7.5693581171, 0.0 ], [ 110.1761684405, -7.5693991344, 0.0 ], [ 110.1761283616, -7.5693882076, 0.0 ], [ 110.1761189552, -7.5694204147, 0.0 ], [ 110.1761015674, -7.5694889968, 0.0 ], [ 110.1760599025, -7.5694799103, 0.0 ], [ 110.1760502619, -7.5695060651, 0.0 ], [ 110.1759953506, -7.5694891569, 0.0 ], [ 110.1760037064, -7.5694617841, 0.0 ], [ 110.1760004396, -7.5694594172, 0.0 ], [ 110.1760006221, -7.5694583294, 0.0 ], [ 110.176004895, -7.569444943, 0.0 ], [ 110.1760084862, -7.5694330812, 0.0 ], [ 110.1760125912, -7.5694188461, 0.0 ], [ 110.1760226707, -7.569390212, 0.0 ], [ 110.1760433471, -7.5693287038, 0.0 ] ] ] ] } },
{ "type": "Feature", "properties": { "NAMOBJ": "Kerban", "FCODE": "BA03070040", "METADATA": "TASWIL1000020230928_DATA_BATAS_DESAKELURAHAN", "SRS_ID": "SRGI 2013", "KDCPUM": "33.08.11", "KDEPUM": "33.08.11.2002", "KDPKAB": "33.08", "KDPPUM": "33", "WADMKC": "Tempuran", "WADMKD": "Sumberarum", "WADMKK": "Magelang", "WADMPR": "Jawa Tengah", "DUSUN": "Kerban", "Toponimi": "Dusun Kerban", "Shape_Leng": 3646.39056914, "Shape_Le_1": 57.597715852199997, "KETERANGAN": "2", "KET_DETAIL": "Rumah", "Id": "47", "rumah_rt": "", "Shape_Length": 57.59770261796448, "Shape_Area": 171.27352124361295 }, "geometry": { "type": "MultiPolygon", "coordinates": [ [ [ [ 110.1758521332, -7.5692598168, 0.0 ], [ 110.1759502433, -7.5692851469, 0.0 ], [ 110.1759423288, -7.5693111747, 0.0 ], [ 110.1759443447, -7.5693126375, 0.0 ], [ 110.175921217, -7.5693976495, 0.0 ], [ 110.1758972669, -7.569393535, 0.0 ], [ 110.1758902187, -7.5694101325, 0.0 ], [ 110.1758620827, -7.5694031808, 0.0 ], [ 110.1758602227, -7.569408928, 0.0 ], [ 110.1758172403, -7.56939909, 0.0 ], [ 110.1758201503, -7.5693912727, 0.0 ], [ 110.1758185031, -7.5693909141, 0.0 ], [ 110.1758244069, -7.5693721835, 0.0 ], [ 110.1758221252, -7.5693708767, 0.0 ], [ 110.1758450213, -7.5692822653, 0.0 ], [ 110.1758382833, -7.5692810595, 0.0 ], [ 110.1758290451, -7.569280541, 0.0 ], [ 110.1758303714, -7.5692770757, 0.0 ], [ 110.1758345236, -7.5692628479, 0.0 ], [ 110.1758412516, -7.5692640283, 0.0 ], [ 110.1758503813, -7.5692658907, 0.0 ], [ 110.1758521332, -7.5692598168, 0.0 ] ] ] ] } },
{ "type": "Feature", "properties": { "NAMOBJ": "Kerban", "FCODE": "BA03070040", "METADATA": "TASWIL1000020230928_DATA_BATAS_DESAKELURAHAN", "SRS_ID": "SRGI 2013", "KDCPUM": "33.08.11", "KDEPUM": "33.08.11.2002", "KDPKAB": "33.08", "KDPPUM": "33", "WADMKC": "Tempuran", "WADMKD": "Sumberarum", "WADMKK": "Magelang", "WADMPR": "Jawa Tengah", "DUSUN": "Kerban", "Toponimi": "Dusun Kerban", "Shape_Leng": 3646.39056914, "Shape_Le_1": 56.635743148499998, "KETERANGAN": "2", "KET_DETAIL": "Rumah", "Id": "48", "rumah_rt": "RT03", "Shape_Length": 56.635701884228695, "Shape_Area": 170.70723041915539 }, "geometry": { "type": "MultiPolygon", "coordinates": [ [ [ [ 110.1758303714, -7.5692770757, 0.0 ], [ 110.1757856456, -7.5693939326, 0.0 ], [ 110.1757483799, -7.5693794185, 0.0 ], [ 110.1756804607, -7.5693547659, 0.0 ], [ 110.1756778522, -7.5693536756, 0.0 ], [ 110.1757034285, -7.5692856869, 0.0 ], [ 110.1757357048, -7.5692966, 0.0 ], [ 110.175737447, -7.5692956264, 0.0 ], [ 110.1757570044, -7.5692472672, 0.0 ], [ 110.1757638847, -7.5692317629, 0.0 ], [ 110.1758353858, -7.5692598937, 0.0 ], [ 110.1758303714, -7.5692770757, 0.0 ] ] ] ] } },
{ "type": "Feature", "properties": { "NAMOBJ": "Kerban", "FCODE": "BA03070040", "METADATA": "TASWIL1000020230928_DATA_BATAS_DESAKELURAHAN", "SRS_ID": "SRGI 2013", "KDCPUM": "33.08.11", "KDEPUM": "33.08.11.2002", "KDPKAB": "33.08", "KDPPUM": "33", "WADMKC": "Tempuran", "WADMKD": "Sumberarum", "WADMKK": "Magelang", "WADMPR": "Jawa Tengah", "DUSUN": "Kerban", "Toponimi": "Dusun Kerban", "Shape_Leng": 3646.39056914, "Shape_Le_1": 57.849477543500001, "KETERANGAN": "2", "KET_DETAIL": "Rumah", "Id": "49", "rumah_rt": "", "Shape_Length": 57.849447643655395, "Shape_Area": 195.90584092690568 }, "geometry": { "type": "MultiPolygon", "coordinates": [ [ [ [ 110.1757034285, -7.5692856869, 0.0 ], [ 110.1756778522, -7.5693536756, 0.0 ], [ 110.1756578851, -7.5693466796, 0.0 ], [ 110.1756532975, -7.5693448665, 0.0 ], [ 110.1756515592, -7.5693437516, 0.0 ], [ 110.1755362078, -7.5692984124, 0.0 ], [ 110.1755541314, -7.569255042, 0.0 ], [ 110.1755774528, -7.5691964693, 0.0 ], [ 110.175655474, -7.5692268917, 0.0 ], [ 110.1757023149, -7.5692420634, 0.0 ], [ 110.1756890183, -7.5692808044, 0.0 ], [ 110.1757034285, -7.5692856869, 0.0 ] ] ] ] } },
{ "type": "Feature", "properties": { "NAMOBJ": "Kerban", "FCODE": "BA03070040", "METADATA": "TASWIL1000020230928_DATA_BATAS_DESAKELURAHAN", "SRS_ID": "SRGI 2013", "KDCPUM": "33.08.11", "KDEPUM": "33.08.11.2002", "KDPKAB": "33.08", "KDPPUM": "33", "WADMKC": "Tempuran", "WADMKD": "Sumberarum", "WADMKK": "Magelang", "WADMPR": "Jawa Tengah", "DUSUN": "Kerban", "Toponimi": "Dusun Kerban", "Shape_Leng": 3646.39056914, "Shape_Le_1": 44.875105198, "KETERANGAN": "2", "KET_DETAIL": "Rumah", "Id": "50", "rumah_rt": "", "Shape_Length": 44.875083407757735, "Shape_Area": 125.71072900249301 }, "geometry": { "type": "MultiPolygon", "coordinates": [ [ [ [ 110.1755947926, -7.5694623404, 0.0 ], [ 110.1755737185, -7.5694983831, 0.0 ], [ 110.1754927585, -7.5694522831, 0.0 ], [ 110.1754898382, -7.5694512067, 0.0 ], [ 110.1754936321, -7.5694385484, 0.0 ], [ 110.1755001117, -7.5694268639, 0.0 ], [ 110.1755248762, -7.5693601074, 0.0 ], [ 110.1755263596, -7.5693560726, 0.0 ], [ 110.1755381771, -7.5693630287, 0.0 ], [ 110.1756193218, -7.569407813, 0.0 ], [ 110.1755947926, -7.5694623404, 0.0 ] ] ] ] } },
{ "type": "Feature", "properties": { "NAMOBJ": "Kerban", "FCODE": "BA03070040", "METADATA": "TASWIL1000020230928_DATA_BATAS_DESAKELURAHAN", "SRS_ID": "SRGI 2013", "KDCPUM": "33.08.11", "KDEPUM": "33.08.11.2002", "KDPKAB": "33.08", "KDPPUM": "33", "WADMKC": "Tempuran", "WADMKD": "Sumberarum", "WADMKK": "Magelang", "WADMPR": "Jawa Tengah", "DUSUN": "Kerban", "Toponimi": "Dusun Kerban", "Shape_Leng": 3646.39056914, "Shape_Le_1": 59.808394741100003, "KETERANGAN": "2", "KET_DETAIL": "Rumah", "Id": "51", "rumah_rt": "", "Shape_Length": 59.808341497141406, "Shape_Area": 169.36398224042156 }, "geometry": { "type": "MultiPolygon", "coordinates": [ [ [ [ 110.175493633, -7.5694385475, 0.0 ], [ 110.1754779566, -7.5694908403, 0.0 ], [ 110.1754344281, -7.569477435, 0.0 ], [ 110.1754395439, -7.5694679494, 0.0 ], [ 110.1754100019, -7.5694553474, 0.0 ], [ 110.1754354227, -7.5694009692, 0.0 ], [ 110.1754264254, -7.5693967137, 0.0 ], [ 110.1754704883, -7.569287721, 0.0 ], [ 110.1755387306, -7.5693121508, 0.0 ], [ 110.1755261006, -7.5693416294, 0.0 ], [ 110.1755293267, -7.5693429913, 0.0 ], [ 110.1755301708, -7.5693457063, 0.0 ], [ 110.1755248762, -7.5693601074, 0.0 ], [ 110.1755001117, -7.5694268639, 0.0 ], [ 110.175493633, -7.5694385475, 0.0 ] ] ] ] } },
{ "type": "Feature", "properties": { "NAMOBJ": "Kerban", "FCODE": "BA03070040", "METADATA": "TASWIL1000020230928_DATA_BATAS_DESAKELURAHAN", "SRS_ID": "SRGI 2013", "KDCPUM": "33.08.11", "KDEPUM": "33.08.11.2002", "KDPKAB": "33.08", "KDPPUM": "33", "WADMKC": "Tempuran", "WADMKD": "Sumberarum", "WADMKK": "Magelang", "WADMPR": "Jawa Tengah", "DUSUN": "Kerban", "Toponimi": "Dusun Kerban", "Shape_Leng": 3646.39056914, "Shape_Le_1": 58.150635103900001, "KETERANGAN": "2", "KET_DETAIL": "Rumah", "Id": "52", "rumah_rt": "", "Shape_Length": 58.150618607851214, "Shape_Area": 174.93041374863481 }, "geometry": { "type": "MultiPolygon", "coordinates": [ [ [ [ 110.1754840298, -7.56921072, 0.0 ], [ 110.1754371133, -7.5693107719, 0.0 ], [ 110.1754463975, -7.5693147638, 0.0 ], [ 110.1754303914, -7.5693550011, 0.0 ], [ 110.1753492236, -7.5693166992, 0.0 ], [ 110.1753588247, -7.5692936693, 0.0 ], [ 110.1753394565, -7.5692872741, 0.0 ], [ 110.1753730377, -7.5692115294, 0.0 ], [ 110.1753876422, -7.5692176912, 0.0 ], [ 110.1754052407, -7.569177986, 0.0 ], [ 110.1754840298, -7.56921072, 0.0 ] ] ] ] } },
{ "type": "Feature", "properties": { "NAMOBJ": "Kerban", "FCODE": "BA03070040", "METADATA": "TASWIL1000020230928_DATA_BATAS_DESAKELURAHAN", "SRS_ID": "SRGI 2013", "KDCPUM": "33.08.11", "KDEPUM": "33.08.11.2002", "KDPKAB": "33.08", "KDPPUM": "33", "WADMKC": "Tempuran", "WADMKD": "Sumberarum", "WADMKK": "Magelang", "WADMPR": "Jawa Tengah", "DUSUN": "Kerban", "Toponimi": "Dusun Kerban", "Shape_Leng": 3646.39056914, "Shape_Le_1": 75.258807389599994, "KETERANGAN": "1", "KET_DETAIL": "Rumah", "Id": "53", "rumah_rt": "", "Shape_Length": 75.258710317588054, "Shape_Area": 290.00569672717302 }, "geometry": { "type": "MultiPolygon", "coordinates": [ [ [ [ 110.1761372206, -7.5690179263, 0.0 ], [ 110.1761305181, -7.5690577579, 0.0 ], [ 110.1761653367, -7.5690649447, 0.0 ], [ 110.1761581177, -7.5691085055, 0.0 ], [ 110.1761644015, -7.5691102132, 0.0 ], [ 110.1761467422, -7.5691934285, 0.0 ], [ 110.1760944254, -7.5691845136, 0.0 ], [ 110.176092374, -7.5691907832, 0.0 ], [ 110.1760719932, -7.5691863362, 0.0 ], [ 110.176067063, -7.5691878528, 0.0 ], [ 110.1760640741, -7.5691995457, 0.0 ], [ 110.1760221971, -7.5691918372, 0.0 ], [ 110.1760251126, -7.5691777699, 0.0 ], [ 110.1759998068, -7.5691716186, 0.0 ], [ 110.1760082134, -7.5691294159, 0.0 ], [ 110.1760161045, -7.5690899258, 0.0 ], [ 110.1760227936, -7.5690567068, 0.0 ], [ 110.1760289085, -7.5690580751, 0.0 ], [ 110.1760304614, -7.569045531, 0.0 ], [ 110.1760437306, -7.5690474664, 0.0 ], [ 110.176048217, -7.5689994459, 0.0 ], [ 110.1760580688, -7.5690038748, 0.0 ], [ 110.1761372206, -7.5690179263, 0.0 ] ] ] ] } },
{ "type": "Feature", "properties": { "NAMOBJ": "Kerban", "FCODE": "BA03070040", "METADATA": "TASWIL1000020230928_DATA_BATAS_DESAKELURAHAN", "SRS_ID": "SRGI 2013", "KDCPUM": "33.08.11", "KDEPUM": "33.08.11.2002", "KDPKAB": "33.08", "KDPPUM": "33", "WADMKC": "Tempuran", "WADMKD": "Sumberarum", "WADMKK": "Magelang", "WADMPR": "Jawa Tengah", "DUSUN": "Kerban", "Toponimi": "Dusun Kerban", "Shape_Leng": 3646.39056914, "Shape_Le_1": 67.326651180900001, "KETERANGAN": "2", "KET_DETAIL": "Rumah", "Id": "54", "rumah_rt": "", "Shape_Length": 67.326660588270599, "Shape_Area": 199.43335023807299 }, "geometry": { "type": "MultiPolygon", "coordinates": [ [ [ [ 110.1760437306, -7.5690474664, 0.0 ], [ 110.1760304614, -7.569045531, 0.0 ], [ 110.1760289085, -7.5690580751, 0.0 ], [ 110.1760227936, -7.5690567068, 0.0 ], [ 110.1760161045, -7.5690899258, 0.0 ], [ 110.1760082134, -7.5691294159, 0.0 ], [ 110.1759998068, -7.5691716186, 0.0 ], [ 110.1759972415, -7.5691802606, 0.0 ], [ 110.1760065838, -7.5691823124, 0.0 ], [ 110.1760036741, -7.5691933281, 0.0 ], [ 110.1759479621, -7.5691823717, 0.0 ], [ 110.175947973, -7.5691766065, 0.0 ], [ 110.1759229584, -7.5691717682, 0.0 ], [ 110.175923437, -7.5691627252, 0.0 ], [ 110.1759368268, -7.5690977516, 0.0 ], [ 110.1759412221, -7.569073887, 0.0 ], [ 110.1759425284, -7.5690733477, 0.0 ], [ 110.1759578309, -7.5689963934, 0.0 ], [ 110.1759605503, -7.5689958902, 0.0 ], [ 110.1759622511, -7.5689952151, 0.0 ], [ 110.1759665347, -7.5689762335, 0.0 ], [ 110.1760404188, -7.5689914636, 0.0 ], [ 110.1760410844, -7.568998925, 0.0 ], [ 110.1760482198, -7.5689994468, 0.0 ], [ 110.1760437306, -7.5690474664, 0.0 ] ] ] ] } },
{ "type": "Feature", "properties": { "NAMOBJ": "Kerban", "FCODE": "BA03070040", "METADATA": "TASWIL1000020230928_DATA_BATAS_DESAKELURAHAN", "SRS_ID": "SRGI 2013", "KDCPUM": "33.08.11", "KDEPUM": "33.08.11.2002", "KDPKAB": "33.08", "KDPPUM": "33", "WADMKC": "Tempuran", "WADMKD": "Sumberarum", "WADMKK": "Magelang", "WADMPR": "Jawa Tengah", "DUSUN": "Kerban", "Toponimi": "Dusun Kerban", "Shape_Leng": 3646.39056914, "Shape_Le_1": 58.72441144, "KETERANGAN": "2", "KET_DETAIL": "Rumah", "Id": "55", "rumah_rt": "", "Shape_Length": 58.72441675882007, "Shape_Area": 176.45313815525827 }, "geometry": { "type": "MultiPolygon", "coordinates": [ [ [ [ 110.175923437, -7.5691627252, 0.0 ], [ 110.1759229611, -7.5691717691, 0.0 ], [ 110.175901338, -7.569169012, 0.0 ], [ 110.1758921818, -7.5692078685, 0.0 ], [ 110.1758646702, -7.5692000171, 0.0 ], [ 110.1758633012, -7.5692054396, 0.0 ], [ 110.1758227789, -7.5691951387, 0.0 ], [ 110.1758262734, -7.5691840048, 0.0 ], [ 110.1758252819, -7.5691834955, 0.0 ], [ 110.1758489089, -7.5690894405, 0.0 ], [ 110.1758467016, -7.569088588, 0.0 ], [ 110.1758417788, -7.569085697, 0.0 ], [ 110.1758421297, -7.5690799325, 0.0 ], [ 110.1758587087, -7.5690290993, 0.0 ], [ 110.1759186599, -7.569043963, 0.0 ], [ 110.1759385334, -7.5690477306, 0.0 ], [ 110.1759473623, -7.5690490489, 0.0 ], [ 110.1759425284, -7.5690733477, 0.0 ], [ 110.1759412221, -7.569073887, 0.0 ], [ 110.1759368268, -7.5690977516, 0.0 ], [ 110.175923437, -7.5691627252, 0.0 ] ] ] ] } },
{ "type": "Feature", "properties": { "NAMOBJ": "Kerban", "FCODE": "BA03070040", "METADATA": "TASWIL1000020230928_DATA_BATAS_DESAKELURAHAN", "SRS_ID": "SRGI 2013", "KDCPUM": "33.08.11", "KDEPUM": "33.08.11.2002", "KDPKAB": "33.08", "KDPPUM": "33", "WADMKC": "Tempuran", "WADMKD": "Sumberarum", "WADMKK": "Magelang", "WADMPR": "Jawa Tengah", "DUSUN": "Kerban", "Toponimi": "Dusun Kerban", "Shape_Leng": 3646.39056914, "Shape_Le_1": 71.074081603400003, "KETERANGAN": "2", "KET_DETAIL": "Rumah", "Id": "56", "rumah_rt": "", "Shape_Length": 71.074103800396841, "Shape_Area": 272.48630482415848 }, "geometry": { "type": "MultiPolygon", "coordinates": [ [ [ [ 110.1757590577, -7.5689817756, 0.0 ], [ 110.1757390964, -7.569056686, 0.0 ], [ 110.1757451869, -7.569056589, 0.0 ], [ 110.1757413509, -7.5690723161, 0.0 ], [ 110.1757346097, -7.5690718692, 0.0 ], [ 110.1757203903, -7.5691220899, 0.0 ], [ 110.1757152484, -7.5691458175, 0.0 ], [ 110.1757070959, -7.569143937, 0.0 ], [ 110.1757018123, -7.5691692742, 0.0 ], [ 110.1755909501, -7.5691370106, 0.0 ], [ 110.1755991116, -7.5691088496, 0.0 ], [ 110.1756050937, -7.5691104582, 0.0 ], [ 110.1756074074, -7.5691015733, 0.0 ], [ 110.1756073407, -7.5690999759, 0.0 ], [ 110.1756418099, -7.5689804522, 0.0 ], [ 110.1756429259, -7.5689789266, 0.0 ], [ 110.1756515555, -7.5689534266, 0.0 ], [ 110.1757590577, -7.5689817756, 0.0 ] ] ] ] } },
{ "type": "Feature", "properties": { "NAMOBJ": "Kerban", "FCODE": "BA03070040", "METADATA": "TASWIL1000020230928_DATA_BATAS_DESAKELURAHAN", "SRS_ID": "SRGI 2013", "KDCPUM": "33.08.11", "KDEPUM": "33.08.11.2002", "KDPKAB": "33.08", "KDPPUM": "33", "WADMKC": "Tempuran", "WADMKD": "Sumberarum", "WADMKK": "Magelang", "WADMPR": "Jawa Tengah", "DUSUN": "Kerban", "Toponimi": "Dusun Kerban", "Shape_Leng": 3646.39056914, "Shape_Le_1": 76.842626982400006, "KETERANGAN": "2", "KET_DETAIL": "Rumah", "Id": "57", "rumah_rt": "", "Shape_Length": 76.842677233079641, "Shape_Area": 244.92514690084187 }, "geometry": { "type": "MultiPolygon", "coordinates": [ [ [ [ 110.1754676228, -7.5688513018, 0.0 ], [ 110.1755265171, -7.5688751775, 0.0 ], [ 110.175532855, -7.5688593466, 0.0 ], [ 110.1755351373, -7.5688598936, 0.0 ], [ 110.1755608895, -7.5688705763, 0.0 ], [ 110.1755609956, -7.5688719866, 0.0 ], [ 110.1755825588, -7.5688829047, 0.0 ], [ 110.1755840968, -7.5688796443, 0.0 ], [ 110.1755949453, -7.5688837621, 0.0 ], [ 110.1755944538, -7.5688862611, 0.0 ], [ 110.1756131018, -7.5688919775, 0.0 ], [ 110.1755967636, -7.5689343406, 0.0 ], [ 110.1755899856, -7.5689533174, 0.0 ], [ 110.175585731, -7.5689603625, 0.0 ], [ 110.1755340079, -7.5689391052, 0.0 ], [ 110.1755284426, -7.5689495116, 0.0 ], [ 110.1755285415, -7.5689547207, 0.0 ], [ 110.1755462512, -7.5689628918, 0.0 ], [ 110.1755301902, -7.5690024687, 0.0 ], [ 110.1755285564, -7.5690040937, 0.0 ], [ 110.1755112795, -7.5689966823, 0.0 ], [ 110.1755092108, -7.568998197, 0.0 ], [ 110.1755026573, -7.5690134848, 0.0 ], [ 110.1755005898, -7.5690139151, 0.0 ], [ 110.1754928386, -7.5690298518, 0.0 ], [ 110.1754691487, -7.5690214514, 0.0 ], [ 110.1754667524, -7.5690231835, 0.0 ], [ 110.1754491496, -7.5690159876, 0.0 ], [ 110.1754312233, -7.5690068392, 0.0 ], [ 110.1754384343, -7.5689894904, 0.0 ], [ 110.1754360471, -7.5689864477, 0.0 ], [ 110.1754170315, -7.5689785988, 0.0 ], [ 110.1754133459, -7.5689767512, 0.0 ], [ 110.1754318552, -7.5689333168, 0.0 ], [ 110.1754414325, -7.5689109029, 0.0 ], [ 110.1754470243, -7.5688979965, 0.0 ], [ 110.1754461919, -7.568896745, 0.0 ], [ 110.1754481481, -7.5688928594, 0.0 ], [ 110.1754503758, -7.5688925163, 0.0 ], [ 110.175457462, -7.568876457, 0.0 ], [ 110.1754676228, -7.5688513018, 0.0 ] ] ] ] } },
{ "type": "Feature", "properties": { "NAMOBJ": "Kerban", "FCODE": "BA03070040", "METADATA": "TASWIL1000020230928_DATA_BATAS_DESAKELURAHAN", "SRS_ID": "SRGI 2013", "KDCPUM": "33.08.11", "KDEPUM": "33.08.11.2002", "KDPKAB": "33.08", "KDPPUM": "33", "WADMKC": "Tempuran", "WADMKD": "Sumberarum", "WADMKK": "Magelang", "WADMPR": "Jawa Tengah", "DUSUN": "Kerban", "Toponimi": "Dusun Kerban", "Shape_Leng": 3646.39056914, "Shape_Le_1": 76.646137612000004, "KETERANGAN": "2", "KET_DETAIL": "Rumah", "Id": "59", "rumah_rt": "", "Shape_Length": 76.646084980293523, "Shape_Area": 299.46426166951494 }, "geometry": { "type": "MultiPolygon", "coordinates": [ [ [ [ 110.1753030079, -7.5689081021, 0.0 ], [ 110.1752839778, -7.5689494055, 0.0 ], [ 110.1752800813, -7.5689578641, 0.0 ], [ 110.1752606701, -7.5689960065, 0.0 ], [ 110.1752479362, -7.5690215096, 0.0 ], [ 110.1752265566, -7.5690107926, 0.0 ], [ 110.1752159704, -7.5690308467, 0.0 ], [ 110.1751481727, -7.5689995761, 0.0 ], [ 110.1751595226, -7.5689783287, 0.0 ], [ 110.1751562649, -7.5689759356, 0.0 ], [ 110.175167298, -7.5689496966, 0.0 ], [ 110.1751860866, -7.5689052416, 0.0 ], [ 110.1751803308, -7.5689014328, 0.0 ], [ 110.1751832762, -7.5688964474, 0.0 ], [ 110.175175127, -7.5688928512, 0.0 ], [ 110.1751837805, -7.568875761, 0.0 ], [ 110.1751883013, -7.5688774366, 0.0 ], [ 110.1751887214, -7.568876257, 0.0 ], [ 110.1751859409, -7.5688740991, 0.0 ], [ 110.1751859438, -7.5688725705, 0.0 ], [ 110.1751970603, -7.5688496502, 0.0 ], [ 110.1752108783, -7.5688208532, 0.0 ], [ 110.1752176689, -7.5688239178, 0.0 ], [ 110.175232002, -7.5687920692, 0.0 ], [ 110.1752345535, -7.5687907182, 0.0 ], [ 110.1753321713, -7.5688346464, 0.0 ], [ 110.1753333567, -7.5688366837, 0.0 ], [ 110.1753173179, -7.56887175, 0.0 ], [ 110.1753094695, -7.5688886897, 0.0 ], [ 110.1753030079, -7.5689081021, 0.0 ] ] ] ] } },
{ "type": "Feature", "properties": { "NAMOBJ": "Kerban", "FCODE": "BA03070040", "METADATA": "TASWIL1000020230928_DATA_BATAS_DESAKELURAHAN", "SRS_ID": "SRGI 2013", "KDCPUM": "33.08.11", "KDEPUM": "33.08.11.2002", "KDPKAB": "33.08", "KDPPUM": "33", "WADMKC": "Tempuran", "WADMKD": "Sumberarum", "WADMKK": "Magelang", "WADMPR": "Jawa Tengah", "DUSUN": "Kerban", "Toponimi": "Dusun Kerban", "Shape_Leng": 3646.39056914, "Shape_Le_1": 43.345734768500002, "KETERANGAN": "2", "KET_DETAIL": "Rumah", "Id": "60", "rumah_rt": "RT01", "Shape_Length": 68.473737024417943, "Shape_Area": 206.80735510157473 }, "geometry": { "type": "MultiPolygon", "coordinates": [ [ [ [ 110.1752850971, -7.5687062012, 0.0 ], [ 110.1753366067, -7.5687252883, 0.0 ], [ 110.175337588, -7.5687235536, 0.0 ], [ 110.1753608437, -7.5687319532, 0.0 ], [ 110.1753650754, -7.568736953, 0.0 ], [ 110.1753773518, -7.5687409433, 0.0 ], [ 110.1753826644, -7.5687299603, 0.0 ], [ 110.1754675568, -7.56876437, 0.0 ], [ 110.1754595335, -7.5687841919, 0.0 ], [ 110.1754550924, -7.5687963913, 0.0 ], [ 110.17544502, -7.5688212962, 0.0 ], [ 110.1754288043, -7.5688602614, 0.0 ], [ 110.1754079183, -7.5688531009, 0.0 ], [ 110.1753874143, -7.568843367, 0.0 ], [ 110.1753899268, -7.5688396217, 0.0 ], [ 110.1753884665, -7.5688387163, 0.0 ], [ 110.1753437604, -7.5688196846, 0.0 ], [ 110.1753485968, -7.5688088481, 0.0 ], [ 110.17533407, -7.5688009164, 0.0 ], [ 110.1753137325, -7.5687913763, 0.0 ], [ 110.1753062178, -7.5688068532, 0.0 ], [ 110.1752766642, -7.5687946229, 0.0 ], [ 110.1752825646, -7.5687800936, 0.0 ], [ 110.1752618101, -7.5687714816, 0.0 ], [ 110.1752632301, -7.5687683376, 0.0 ], [ 110.1752589918, -7.5687668101, 0.0 ], [ 110.1752850971, -7.5687062012, 0.0 ] ] ] ] } },
{ "type": "Feature", "properties": { "NAMOBJ": "Kerban", "FCODE": "BA03070040", "METADATA": "TASWIL1000020230928_DATA_BATAS_DESAKELURAHAN", "SRS_ID": "SRGI 2013", "KDCPUM": "33.08.11", "KDEPUM": "33.08.11.2002", "KDPKAB": "33.08", "KDPPUM": "33", "WADMKC": "Tempuran", "WADMKD": "Sumberarum", "WADMKK": "Magelang", "WADMPR": "Jawa Tengah", "DUSUN": "Kerban", "Toponimi": "Dusun Kerban", "Shape_Leng": 3646.39056914, "Shape_Le_1": 63.037603652900003, "KETERANGAN": "2", "KET_DETAIL": "Rumah", "Id": "62", "rumah_rt": "", "Shape_Length": 63.037532376887505, "Shape_Area": 187.32333619718432 }, "geometry": { "type": "MultiPolygon", "coordinates": [ [ [ [ 110.1756200145, -7.5686016868, 0.0 ], [ 110.175633816, -7.5686063783, 0.0 ], [ 110.1756350205, -7.5686021494, 0.0 ], [ 110.1756664291, -7.5686121915, 0.0 ], [ 110.175659525, -7.5686402835, 0.0 ], [ 110.1756553629, -7.5686559006, 0.0 ], [ 110.1756700351, -7.5686602689, 0.0 ], [ 110.1756613863, -7.5686906359, 0.0 ], [ 110.1756537114, -7.5687131783, 0.0 ], [ 110.1756392761, -7.5687090818, 0.0 ], [ 110.1756330313, -7.5687336619, 0.0 ], [ 110.1756300932, -7.5687343076, 0.0 ], [ 110.1756159858, -7.5687761666, 0.0 ], [ 110.1755846888, -7.5687646051, 0.0 ], [ 110.1755870976, -7.5687562541, 0.0 ], [ 110.17556775, -7.5687514427, 0.0 ], [ 110.1755753169, -7.5687180355, 0.0 ], [ 110.1755383482, -7.5687080009, 0.0 ], [ 110.1755490888, -7.5686715425, 0.0 ], [ 110.1755487674, -7.5686689379, 0.0 ], [ 110.1755501845, -7.5686668783, 0.0 ], [ 110.1755574048, -7.5686441044, 0.0 ], [ 110.1755649594, -7.5686176418, 0.0 ], [ 110.1755632207, -7.5686167711, 0.0 ], [ 110.1755722277, -7.5685858874, 0.0 ], [ 110.1756066967, -7.56859627, 0.0 ], [ 110.1756063194, -7.5685982972, 0.0 ], [ 110.1756200145, -7.5686016868, 0.0 ] ] ] ] } },
{ "type": "Feature", "properties": { "NAMOBJ": "Kerban", "FCODE": "BA03070040", "METADATA": "TASWIL1000020230928_DATA_BATAS_DESAKELURAHAN", "SRS_ID": "SRGI 2013", "KDCPUM": "33.08.11", "KDEPUM": "33.08.11.2002", "KDPKAB": "33.08", "KDPPUM": "33", "WADMKC": "Tempuran", "WADMKD": "Sumberarum", "WADMKK": "Magelang", "WADMPR": "Jawa Tengah", "DUSUN": "Kerban", "Toponimi": "Dusun Kerban", "Shape_Leng": 3646.39056914, "Shape_Le_1": 79.466572042400003, "KETERANGAN": "2", "KET_DETAIL": "Rumah", "Id": "63", "rumah_rt": "", "Shape_Length": 79.46662068834064, "Shape_Area": 304.60636974384857 }, "geometry": { "type": "MultiPolygon", "coordinates": [ [ [ [ 110.1758334365, -7.5686524828, 0.0 ], [ 110.1757749996, -7.5688335655, 0.0 ], [ 110.175682921, -7.5688034213, 0.0 ], [ 110.1756209861, -7.5687773691, 0.0 ], [ 110.1756203359, -7.5687760663, 0.0 ], [ 110.1756338832, -7.5687427789, 0.0 ], [ 110.1756431201, -7.5687463772, 0.0 ], [ 110.1756537123, -7.5687131756, 0.0 ], [ 110.1756613863, -7.5686906359, 0.0 ], [ 110.1756700342, -7.5686602716, 0.0 ], [ 110.1756758316, -7.5686427013, 0.0 ], [ 110.1757244144, -7.568657008, 0.0 ], [ 110.1757214598, -7.5686663348, 0.0 ], [ 110.1757372179, -7.5686716812, 0.0 ], [ 110.1757424716, -7.568654004, 0.0 ], [ 110.1757936611, -7.568669401, 0.0 ], [ 110.1758008856, -7.5686444572, 0.0 ], [ 110.1758043648, -7.5686452227, 0.0 ], [ 110.1758161006, -7.5686493684, 0.0 ], [ 110.175818822, -7.5686482891, 0.0 ], [ 110.1758334365, -7.5686524828, 0.0 ] ] ] ] } },
{ "type": "Feature", "properties": { "NAMOBJ": "Kerban", "FCODE": "BA03070040", "METADATA": "TASWIL1000020230928_DATA_BATAS_DESAKELURAHAN", "SRS_ID": "SRGI 2013", "KDCPUM": "33.08.11", "KDEPUM": "33.08.11.2002", "KDPKAB": "33.08", "KDPPUM": "33", "WADMKC": "Tempuran", "WADMKD": "Sumberarum", "WADMKK": "Magelang", "WADMPR": "Jawa Tengah", "DUSUN": "Kerban", "Toponimi": "Dusun Kerban", "Shape_Leng": 3646.39056914, "Shape_Le_1": 38.869718132800003, "KETERANGAN": "2", "KET_DETAIL": "Rumah", "Id": "64", "rumah_rt": "", "Shape_Length": 38.869670804306182, "Shape_Area": 89.462560514788962 }, "geometry": { "type": "MultiPolygon", "coordinates": [ [ [ [ 110.1758334356, -7.5686524846, 0.0 ], [ 110.175818822, -7.5686482891, 0.0 ], [ 110.1758161006, -7.5686493684, 0.0 ], [ 110.1758043648, -7.5686452227, 0.0 ], [ 110.1758008856, -7.5686444572, 0.0 ], [ 110.1757993591, -7.5686497356, 0.0 ], [ 110.1757577762, -7.5686390067, 0.0 ], [ 110.1757768053, -7.5685447305, 0.0 ], [ 110.1758375798, -7.5685570315, 0.0 ], [ 110.1758354345, -7.5685678894, 0.0 ], [ 110.1758532125, -7.5685734864, 0.0 ], [ 110.1758334356, -7.5686524846, 0.0 ] ] ] ] } },
{ "type": "Feature", "properties": { "NAMOBJ": "Kerban", "FCODE": "BA03070040", "METADATA": "TASWIL1000020230928_DATA_BATAS_DESAKELURAHAN", "SRS_ID": "SRGI 2013", "KDCPUM": "33.08.11", "KDEPUM": "33.08.11.2002", "KDPKAB": "33.08", "KDPPUM": "33", "WADMKC": "Tempuran", "WADMKD": "Sumberarum", "WADMKK": "Magelang", "WADMPR": "Jawa Tengah", "DUSUN": "Kerban", "Toponimi": "Dusun Kerban", "Shape_Leng": 3646.39056914, "Shape_Le_1": 56.724904676800001, "KETERANGAN": "2", "KET_DETAIL": "Rumah", "Id": "65", "rumah_rt": "", "Shape_Length": 56.724866142873545, "Shape_Area": 150.55231985165531 }, "geometry": { "type": "MultiPolygon", "coordinates": [ [ [ [ 110.1760103888, -7.5685559815, 0.0 ], [ 110.1760015003, -7.5685985017, 0.0 ], [ 110.1760509543, -7.5686108572, 0.0 ], [ 110.1760594677, -7.5686126579, 0.0 ], [ 110.1760338165, -7.5687101669, 0.0 ], [ 110.1760329558, -7.5687156826, 0.0 ], [ 110.1760245515, -7.568713676, 0.0 ], [ 110.1759375634, -7.5686916972, 0.0 ], [ 110.1759518481, -7.5686404328, 0.0 ], [ 110.1759641086, -7.5685897498, 0.0 ], [ 110.1759537823, -7.5685870177, 0.0 ], [ 110.1759586057, -7.5685668433, 0.0 ], [ 110.1759617589, -7.5685669578, 0.0 ], [ 110.1759664737, -7.5685466746, 0.0 ], [ 110.1760103888, -7.5685559815, 0.0 ] ] ] ] } },
{ "type": "Feature", "properties": { "NAMOBJ": "Kerban", "FCODE": "BA03070040", "METADATA": "TASWIL1000020230928_DATA_BATAS_DESAKELURAHAN", "SRS_ID": "SRGI 2013", "KDCPUM": "33.08.11", "KDEPUM": "33.08.11.2002", "KDPKAB": "33.08", "KDPPUM": "33", "WADMKC": "Tempuran", "WADMKD": "Sumberarum", "WADMKK": "Magelang", "WADMPR": "Jawa Tengah", "DUSUN": "Kerban", "Toponimi": "Dusun Kerban", "Shape_Leng": 3646.39056914, "Shape_Le_1": 60.413540206999997, "KETERANGAN": "2", "KET_DETAIL": "Rumah", "Id": "66", "rumah_rt": "", "Shape_Length": 60.413581878522798, "Shape_Area": 169.56298005462239 }, "geometry": { "type": "MultiPolygon", "coordinates": [ [ [ [ 110.1761366498, -7.5686023579, 0.0 ], [ 110.1761292925, -7.5686294721, 0.0 ], [ 110.1761491629, -7.5686344264, 0.0 ], [ 110.1761186497, -7.5687543294, 0.0 ], [ 110.1761172367, -7.5687537841, 0.0 ], [ 110.1761120992, -7.5687675551, 0.0 ], [ 110.1760792753, -7.5687585956, 0.0 ], [ 110.1760831082, -7.5687444956, 0.0 ], [ 110.1760645161, -7.5687393882, 0.0 ], [ 110.17605973, -7.5687542995, 0.0 ], [ 110.1760255877, -7.5687484698, 0.0 ], [ 110.1760317528, -7.5687233883, 0.0 ], [ 110.1760338165, -7.5687101669, 0.0 ], [ 110.176062162, -7.5686024152, 0.0 ], [ 110.1760950074, -7.5686095702, 0.0 ], [ 110.1760992868, -7.5685927929, 0.0 ], [ 110.1761366498, -7.5686023579, 0.0 ] ] ] ] } },
{ "type": "Feature", "properties": { "NAMOBJ": "Kerban", "FCODE": "BA03070040", "METADATA": "TASWIL1000020230928_DATA_BATAS_DESAKELURAHAN", "SRS_ID": "SRGI 2013", "KDCPUM": "33.08.11", "KDEPUM": "33.08.11.2002", "KDPKAB": "33.08", "KDPPUM": "33", "WADMKC": "Tempuran", "WADMKD": "Sumberarum", "WADMKK": "Magelang", "WADMPR": "Jawa Tengah", "DUSUN": "Kerban", "Toponimi": "Dusun Kerban", "Shape_Leng": 3646.39056914, "Shape_Le_1": 49.091289743200001, "KETERANGAN": "2", "KET_DETAIL": "Rumah", "Id": "67", "rumah_rt": "", "Shape_Length": 49.091272904118256, "Shape_Area": 109.12163376596031 }, "geometry": { "type": "MultiPolygon", "coordinates": [ [ [ [ 110.1761087752, -7.5687857587, 0.0 ], [ 110.1761051734, -7.568803724, 0.0 ], [ 110.1760869835, -7.5688799267, 0.0 ], [ 110.1760843739, -7.5688799217, 0.0 ], [ 110.17607977, -7.5688991197, 0.0 ], [ 110.1760707463, -7.5688978002, 0.0 ], [ 110.1760154256, -7.5688817442, 0.0 ], [ 110.1760198132, -7.5688618946, 0.0 ], [ 110.1760208059, -7.5688541921, 0.0 ], [ 110.1760242027, -7.568841069, 0.0 ], [ 110.1760128982, -7.5688384427, 0.0 ], [ 110.1760192572, -7.5688110019, 0.0 ], [ 110.1760217776, -7.5688006973, 0.0 ], [ 110.1760224509, -7.5687898475, 0.0 ], [ 110.1760123381, -7.5687897199, 0.0 ], [ 110.1760138882, -7.5687748567, 0.0 ], [ 110.176031175, -7.5687770602, 0.0 ], [ 110.1760302779, -7.5687912733, 0.0 ], [ 110.1760375604, -7.5687930228, 0.0 ], [ 110.1760451575, -7.5687685275, 0.0 ], [ 110.1761087752, -7.5687857587, 0.0 ] ] ] ] } },
{ "type": "Feature", "properties": { "NAMOBJ": "Kerban", "FCODE": "BA03070040", "METADATA": "TASWIL1000020230928_DATA_BATAS_DESAKELURAHAN", "SRS_ID": "SRGI 2013", "KDCPUM": "33.08.11", "KDEPUM": "33.08.11.2002", "KDPKAB": "33.08", "KDPPUM": "33", "WADMKC": "Tempuran", "WADMKD": "Sumberarum", "WADMKK": "Magelang", "WADMPR": "Jawa Tengah", "DUSUN": "Kerban", "Toponimi": "Dusun Kerban", "Shape_Leng": 3646.39056914, "Shape_Le_1": 80.533356763599997, "KETERANGAN": "2", "KET_DETAIL": "Rumah", "Id": "68", "rumah_rt": "", "Shape_Length": 80.533394881827476, "Shape_Area": 242.68253002236585 }, "geometry": { "type": "MultiPolygon", "coordinates": [ [ [ [ 110.176118647, -7.5687543285, 0.0 ], [ 110.176137372, -7.5686807571, 0.0 ], [ 110.1761461896, -7.5686827636, 0.0 ], [ 110.1761467037, -7.5686764703, 0.0 ], [ 110.1761696343, -7.5686809221, 0.0 ], [ 110.1761737422, -7.568665162, 0.0 ], [ 110.1762248616, -7.5686783139, 0.0 ], [ 110.1762212634, -7.5686939058, 0.0 ], [ 110.1762411318, -7.568700386, 0.0 ], [ 110.1762402736, -7.5687046228, 0.0 ], [ 110.176254029, -7.5687087181, 0.0 ], [ 110.1762728543, -7.5686377128, 0.0 ], [ 110.1763156502, -7.5686498315, 0.0 ], [ 110.1762975014, -7.5687225339, 0.0 ], [ 110.1762891779, -7.5687209923, 0.0 ], [ 110.176282841, -7.5687477693, 0.0 ], [ 110.176285898, -7.5687484534, 0.0 ], [ 110.1762692855, -7.5688174286, 0.0 ], [ 110.1761563453, -7.5687892395, 0.0 ], [ 110.1761625088, -7.5687644973, 0.0 ], [ 110.176118647, -7.5687543285, 0.0 ] ] ] ] } },
{ "type": "Feature", "properties": { "NAMOBJ": "Kerban", "FCODE": "BA03070040", "METADATA": "TASWIL1000020230928_DATA_BATAS_DESAKELURAHAN", "SRS_ID": "SRGI 2013", "KDCPUM": "33.08.11", "KDEPUM": "33.08.11.2002", "KDPKAB": "33.08", "KDPPUM": "33", "WADMKC": "Tempuran", "WADMKD": "Sumberarum", "WADMKK": "Magelang", "WADMPR": "Jawa Tengah", "DUSUN": "Kerban", "Toponimi": "Dusun Kerban", "Shape_Leng": 3646.39056914, "Shape_Le_1": 45.848447588500001, "KETERANGAN": "2", "KET_DETAIL": "Rumah", "Id": "69", "rumah_rt": "", "Shape_Length": 45.848505455282123, "Shape_Area": 84.161982188352795 }, "geometry": { "type": "MultiPolygon", "coordinates": [ [ [ [ 110.174890844, -7.5680604939, 0.0 ], [ 110.1748880908, -7.5680788, 0.0 ], [ 110.1748746721, -7.5680764003, 0.0 ], [ 110.1748649019, -7.5681211437, 0.0 ], [ 110.17483687, -7.5681190556, 0.0 ], [ 110.1748320292, -7.5681178643, 0.0 ], [ 110.1748456009, -7.568051273, 0.0 ], [ 110.1748504314, -7.5680239957, 0.0 ], [ 110.174861787, -7.5679721026, 0.0 ], [ 110.1748645057, -7.5679719386, 0.0 ], [ 110.17486708, -7.567958549, 0.0 ], [ 110.1749086949, -7.5679657488, 0.0 ], [ 110.1749031818, -7.5680059218, 0.0 ], [ 110.1748970143, -7.5680326991, 0.0 ], [ 110.174890844, -7.5680604939, 0.0 ] ] ] ] } },
{ "type": "Feature", "properties": { "NAMOBJ": "Kerban", "FCODE": "BA03070040", "METADATA": "TASWIL1000020230928_DATA_BATAS_DESAKELURAHAN", "SRS_ID": "SRGI 2013", "KDCPUM": "33.08.11", "KDEPUM": "33.08.11.2002", "KDPKAB": "33.08", "KDPPUM": "33", "WADMKC": "Tempuran", "WADMKD": "Sumberarum", "WADMKK": "Magelang", "WADMPR": "Jawa Tengah", "DUSUN": "Kerban", "Toponimi": "Dusun Kerban", "Shape_Leng": 3646.39056914, "Shape_Le_1": 51.374051021200003, "KETERANGAN": "2", "KET_DETAIL": "Rumah", "Id": "70", "rumah_rt": "", "Shape_Length": 51.373928086758028, "Shape_Area": 132.43966968617303 }, "geometry": { "type": "MultiPolygon", "coordinates": [ [ [ [ 110.1749869972, -7.5679774128, 0.0 ], [ 110.1749820615, -7.5679994313, 0.0 ], [ 110.1749796412, -7.5680142928, 0.0 ], [ 110.1749808361, -7.5680146207, 0.0 ], [ 110.1749765536, -7.5680368574, 0.0 ], [ 110.1749578303, -7.5681289489, 0.0 ], [ 110.1748859866, -7.5681128751, 0.0 ], [ 110.1748919878, -7.5680844025, 0.0 ], [ 110.1748930137, -7.5680797129, 0.0 ], [ 110.1748880881, -7.5680787991, 0.0 ], [ 110.174890844, -7.5680604939, 0.0 ], [ 110.1748970143, -7.5680326991, 0.0 ], [ 110.1749031818, -7.5680059218, 0.0 ], [ 110.1749060707, -7.5679848709, 0.0 ], [ 110.1749134472, -7.5679858292, 0.0 ], [ 110.1749493407, -7.5679935101, 0.0 ], [ 110.1749496819, -7.5679856978, 0.0 ], [ 110.1749546041, -7.5679702984, 0.0 ], [ 110.1749869972, -7.5679774128, 0.0 ] ] ] ] } },
{ "type": "Feature", "properties": { "NAMOBJ": "Kerban", "FCODE": "BA03070040", "METADATA": "TASWIL1000020230928_DATA_BATAS_DESAKELURAHAN", "SRS_ID": "SRGI 2013", "KDCPUM": "33.08.11", "KDEPUM": "33.08.11.2002", "KDPKAB": "33.08", "KDPPUM": "33", "WADMKC": "Tempuran", "WADMKD": "Sumberarum", "WADMKK": "Magelang", "WADMPR": "Jawa Tengah", "DUSUN": "Kerban", "Toponimi": "Dusun Kerban", "Shape_Leng": 3646.39056914, "Shape_Le_1": 58.950224438399999, "KETERANGAN": "2", "KET_DETAIL": "Rumah", "Id": "71", "rumah_rt": "", "Shape_Length": 58.950190390135219, "Shape_Area": 194.68736178840356 }, "geometry": { "type": "MultiPolygon", "coordinates": [ [ [ [ 110.1751225623, -7.5680843296, 0.0 ], [ 110.1751566971, -7.5680940586, 0.0 ], [ 110.1751558192, -7.5681086381, 0.0 ], [ 110.1751531669, -7.5681244443, 0.0 ], [ 110.1751727717, -7.5681293557, 0.0 ], [ 110.175176333, -7.5681327533, 0.0 ], [ 110.1751740798, -7.5681564863, 0.0 ], [ 110.1751822324, -7.5681578585, 0.0 ], [ 110.1751891921, -7.5681616017, 0.0 ], [ 110.1751797666, -7.5682038015, 0.0 ], [ 110.1751765334, -7.5682061688, 0.0 ], [ 110.1751668182, -7.5682052712, 0.0 ], [ 110.1751625707, -7.5682052632, 0.0 ], [ 110.1751604399, -7.5682089675, 0.0 ], [ 110.175156958, -7.5682248563, 0.0 ], [ 110.1751566476, -7.5682279463, 0.0 ], [ 110.1750829003, -7.5682118716, 0.0 ], [ 110.1750529019, -7.5682033507, 0.0 ], [ 110.1750335563, -7.5681979976, 0.0 ], [ 110.1750400206, -7.5681724012, 0.0 ], [ 110.1750441516, -7.5681731678, 0.0 ], [ 110.1750449195, -7.568169697, 0.0 ], [ 110.1750430717, -7.5681690423, 0.0 ], [ 110.1750630866, -7.5680874388, 0.0 ], [ 110.1750780332, -7.5680905188, 0.0 ], [ 110.1750826473, -7.5680764547, 0.0 ], [ 110.1751225623, -7.5680843296, 0.0 ] ] ] ] } },
{ "type": "Feature", "properties": { "NAMOBJ": "Kerban", "FCODE": "BA03070040", "METADATA": "TASWIL1000020230928_DATA_BATAS_DESAKELURAHAN", "SRS_ID": "SRGI 2013", "KDCPUM": "33.08.11", "KDEPUM": "33.08.11.2002", "KDPKAB": "33.08", "KDPPUM": "33", "WADMKC": "Tempuran", "WADMKD": "Sumberarum", "WADMKK": "Magelang", "WADMPR": "Jawa Tengah", "DUSUN": "Kerban", "Toponimi": "Dusun Kerban", "Shape_Leng": 3646.39056914, "Shape_Le_1": 58.060437091499999, "KETERANGAN": "1", "KET_DETAIL": "Gedung", "Id": "73", "rumah_rt": " ", "Shape_Length": 92.28266266899314, "Shape_Area": 234.87657821763514 }, "geometry": { "type": "MultiPolygon", "coordinates": [ [ [ [ 110.1750572936, -7.5679085718, 0.0 ], [ 110.1750538094, -7.5679209494, 0.0 ], [ 110.1750505937, -7.5679203256, 0.0 ], [ 110.1750442317, -7.5679473521, 0.0 ], [ 110.1750412509, -7.5679623817, 0.0 ], [ 110.1750309612, -7.5679604701, 0.0 ], [ 110.1749462956, -7.5679398785, 0.0 ], [ 110.1749323687, -7.5679368004, 0.0 ], [ 110.17492963, -7.5679317419, 0.0 ], [ 110.1749296834, -7.5679270305, 0.0 ], [ 110.1749279042, -7.5679260051, 0.0 ], [ 110.1749266134, -7.5679250909, 0.0 ], [ 110.1749257734, -7.5679201726, 0.0 ], [ 110.1749288385, -7.5679166174, 0.0 ], [ 110.1749366539, -7.5679169714, 0.0 ], [ 110.1749452037, -7.5678886727, 0.0 ], [ 110.174950131, -7.5678886821, 0.0 ], [ 110.1749568635, -7.5678330827, 0.0 ], [ 110.1749652509, -7.5678005444, 0.0 ], [ 110.1750545833, -7.567823264, 0.0 ], [ 110.1750482345, -7.5678558053, 0.0 ], [ 110.1750347184, -7.56790461, 0.0 ], [ 110.1750476268, -7.5679070087, 0.0 ], [ 110.1750572936, -7.5679085718, 0.0 ] ] ], [ [ [ 110.1749461181, -7.5677652415, 0.0 ], [ 110.1749361733, -7.5678121889, 0.0 ], [ 110.174925642, -7.567810473, 0.0 ], [ 110.1749220702, -7.5678126705, 0.0 ], [ 110.1749021989, -7.5678077161, 0.0 ], [ 110.1748986138, -7.5678168645, 0.0 ], [ 110.1748710995, -7.567810539, 0.0 ], [ 110.1748750254, -7.567800882, 0.0 ], [ 110.1748691298, -7.5677990745, 0.0 ], [ 110.1748906393, -7.567721393, 0.0 ], [ 110.1749159437, -7.5677282227, 0.0 ], [ 110.1749432873, -7.5677347171, 0.0 ], [ 110.174936954, -7.5677591207, 0.0 ], [ 110.1749400038, -7.567763535, 0.0 ], [ 110.1749461181, -7.5677652415, 0.0 ] ] ] ] } },
{ "type": "Feature", "properties": { "NAMOBJ": "Kerban", "FCODE": "BA03070040", "METADATA": "TASWIL1000020230928_DATA_BATAS_DESAKELURAHAN", "SRS_ID": "SRGI 2013", "KDCPUM": "33.08.11", "KDEPUM": "33.08.11.2002", "KDPKAB": "33.08", "KDPPUM": "33", "WADMKC": "Tempuran", "WADMKD": "Sumberarum", "WADMKK": "Magelang", "WADMPR": "Jawa Tengah", "DUSUN": "Kerban", "Toponimi": "Dusun Kerban", "Shape_Leng": 3646.39056914, "Shape_Le_1": 87.0553483172, "KETERANGAN": "2", "KET_DETAIL": "Rumah", "Id": "74", "rumah_rt": "", "Shape_Length": 87.055267357091495, "Shape_Area": 259.52584826461651 }, "geometry": { "type": "MultiPolygon", "coordinates": [ [ [ [ 110.1752048728, -7.5678603681, 0.0 ], [ 110.1751790807, -7.567955138, 0.0 ], [ 110.1751575618, -7.5679500358, 0.0 ], [ 110.1751576768, -7.5679548506, 0.0 ], [ 110.1751530696, -7.5679700281, 0.0 ], [ 110.175149587, -7.5679796516, 0.0 ], [ 110.1751465608, -7.5680095236, 0.0 ], [ 110.1751155126, -7.5680053911, 0.0 ], [ 110.175115656, -7.5679952675, 0.0 ], [ 110.1751215071, -7.5679761415, 0.0 ], [ 110.1751070622, -7.5679713783, 0.0 ], [ 110.1750995835, -7.5679698464, 0.0 ], [ 110.1750957414, -7.5679921428, 0.0 ], [ 110.1750621003, -7.5679854122, 0.0 ], [ 110.1750604755, -7.5679938045, 0.0 ], [ 110.175058302, -7.5679941866, 0.0 ], [ 110.1750524162, -7.5680397017, 0.0 ], [ 110.1750079984, -7.568032617, 0.0 ], [ 110.1750166958, -7.5679833509, 0.0 ], [ 110.1750367363, -7.5679851173, 0.0 ], [ 110.1750442317, -7.5679473521, 0.0 ], [ 110.1750505937, -7.5679203256, 0.0 ], [ 110.1750538094, -7.5679209494, 0.0 ], [ 110.1750667645, -7.5678749222, 0.0 ], [ 110.175080462, -7.5678288964, 0.0 ], [ 110.1751246156, -7.5678381161, 0.0 ], [ 110.1751401967, -7.5678425902, 0.0 ], [ 110.175155533, -7.5678457062, 0.0 ], [ 110.1752048728, -7.5678603681, 0.0 ] ] ] ] } },
{ "type": "Feature", "properties": { "NAMOBJ": "Kerban", "FCODE": "BA03070040", "METADATA": "TASWIL1000020230928_DATA_BATAS_DESAKELURAHAN", "SRS_ID": "SRGI 2013", "KDCPUM": "33.08.11", "KDEPUM": "33.08.11.2002", "KDPKAB": "33.08", "KDPPUM": "33", "WADMKC": "Tempuran", "WADMKD": "Sumberarum", "WADMKK": "Magelang", "WADMPR": "Jawa Tengah", "DUSUN": "Kerban", "Toponimi": "Dusun Kerban", "Shape_Leng": 3646.39056914, "Shape_Le_1": 47.606725440300004, "KETERANGAN": "2", "KET_DETAIL": "Rumah", "Id": "75", "rumah_rt": "", "Shape_Length": 47.606691806320981, "Shape_Area": 129.22514311851967 }, "geometry": { "type": "MultiPolygon", "coordinates": [ [ [ [ 110.1754325412, -7.5673997893, 0.0 ], [ 110.1754183745, -7.5674323565, 0.0 ], [ 110.1753955026, -7.5674228062, 0.0 ], [ 110.1753933948, -7.5674253954, 0.0 ], [ 110.1753892874, -7.5674379807, 0.0 ], [ 110.1753682703, -7.5674292986, 0.0 ], [ 110.1753471297, -7.5674202455, 0.0 ], [ 110.1753492443, -7.5674145702, 0.0 ], [ 110.1753533442, -7.5674054418, 0.0 ], [ 110.1753513718, -7.5674016112, 0.0 ], [ 110.1753338148, -7.567395158, 0.0 ], [ 110.1753277123, -7.5673934713, 0.0 ], [ 110.1753660394, -7.5673010632, 0.0 ], [ 110.1754575189, -7.5673424263, 0.0 ], [ 110.1754325412, -7.5673997893, 0.0 ] ] ] ] } },
{ "type": "Feature", "properties": { "NAMOBJ": "Kerban", "FCODE": "BA03070040", "METADATA": "TASWIL1000020230928_DATA_BATAS_DESAKELURAHAN", "SRS_ID": "SRGI 2013", "KDCPUM": "33.08.11", "KDEPUM": "33.08.11.2002", "KDPKAB": "33.08", "KDPPUM": "33", "WADMKC": "Tempuran", "WADMKD": "Sumberarum", "WADMKK": "Magelang", "WADMPR": "Jawa Tengah", "DUSUN": "Kerban", "Toponimi": "Dusun Kerban", "Shape_Leng": 3646.39056914, "Shape_Le_1": 50.317240601100004, "KETERANGAN": "1", "KET_DETAIL": "Rumah", "Id": "76", "rumah_rt": "", "Shape_Length": 50.317179358983225, "Shape_Area": 141.66981997405335 }, "geometry": { "type": "MultiPolygon", "coordinates": [ [ [ [ 110.1753883782, -7.567550152, 0.0 ], [ 110.1753349921, -7.5676667619, 0.0 ], [ 110.1753164477, -7.5676590107, 0.0 ], [ 110.1753054123, -7.5676764915, 0.0 ], [ 110.1752798734, -7.5676642535, 0.0 ], [ 110.1752540815, -7.5676520367, 0.0 ], [ 110.1752625644, -7.567630744, 0.0 ], [ 110.1752934301, -7.5675634764, 0.0 ], [ 110.17531672, -7.5675156787, 0.0 ], [ 110.1753883782, -7.567550152, 0.0 ] ] ] ] } },
{ "type": "Feature", "properties": { "NAMOBJ": "Kerban", "FCODE": "BA03070040", "METADATA": "TASWIL1000020230928_DATA_BATAS_DESAKELURAHAN", "SRS_ID": "SRGI 2013", "KDCPUM": "33.08.11", "KDEPUM": "33.08.11.2002", "KDPKAB": "33.08", "KDPPUM": "33", "WADMKC": "Tempuran", "WADMKD": "Sumberarum", "WADMKK": "Magelang", "WADMPR": "Jawa Tengah", "DUSUN": "Kerban", "Toponimi": "Dusun Kerban", "Shape_Leng": 3646.39056914, "Shape_Le_1": 74.276914989600002, "KETERANGAN": "2", "KET_DETAIL": "Rumah", "Id": "77", "rumah_rt": "", "Shape_Length": 74.276989417486107, "Shape_Area": 193.05446643284097 }, "geometry": { "type": "MultiPolygon", "coordinates": [ [ [ [ 110.1754638275, -7.5682019456, 0.0 ], [ 110.1754902884, -7.5682122163, 0.0 ], [ 110.1754668451, -7.5682748716, 0.0 ], [ 110.1754703234, -7.5682756506, 0.0 ], [ 110.1754646868, -7.5682916511, 0.0 ], [ 110.1755311559, -7.5683099108, 0.0 ], [ 110.1755225948, -7.5683384446, 0.0 ], [ 110.1754482003, -7.5683199782, 0.0 ], [ 110.1754538352, -7.5683049419, 0.0 ], [ 110.1754273696, -7.5682942813, 0.0 ], [ 110.1754157228, -7.5683191443, 0.0 ], [ 110.1753877174, -7.5683050095, 0.0 ], [ 110.175382279, -7.5683183096, 0.0 ], [ 110.1753349496, -7.5682974431, 0.0 ], [ 110.1753965227, -7.5681731842, 0.0 ], [ 110.1754324425, -7.568187117, 0.0 ], [ 110.1754638275, -7.5682019456, 0.0 ] ] ] ] } },
{ "type": "Feature", "properties": { "NAMOBJ": "Kerban", "FCODE": "BA03070040", "METADATA": "TASWIL1000020230928_DATA_BATAS_DESAKELURAHAN", "SRS_ID": "SRGI 2013", "KDCPUM": "33.08.11", "KDEPUM": "33.08.11.2002", "KDPKAB": "33.08", "KDPPUM": "33", "WADMKC": "Tempuran", "WADMKD": "Sumberarum", "WADMKK": "Magelang", "WADMPR": "Jawa Tengah", "DUSUN": "Kerban", "Toponimi": "Dusun Kerban", "Shape_Leng": 3646.39056914, "Shape_Le_1": 68.692223056100005, "KETERANGAN": "2", "KET_DETAIL": "Rumah", "Id": "79", "rumah_rt": " ", "Shape_Length": 68.692190147666423, "Shape_Area": 213.67820726699273 }, "geometry": { "type": "MultiPolygon", "coordinates": [ [ [ [ 110.1756832186, -7.5682443774, 0.0 ], [ 110.1756743127, -7.5682821941, 0.0 ], [ 110.1756689287, -7.5682816304, 0.0 ], [ 110.1756631815, -7.5683057005, 0.0 ], [ 110.1756602121, -7.5683056949, 0.0 ], [ 110.1756487256, -7.5683602433, 0.0 ], [ 110.1756464989, -7.5683599922, 0.0 ], [ 110.1756442561, -7.5683682594, 0.0 ], [ 110.1756008486, -7.5683570658, 0.0 ], [ 110.1755959895, -7.568375082, 0.0 ], [ 110.1755942533, -7.5683771781, 0.0 ], [ 110.1755732295, -7.5683719529, 0.0 ], [ 110.1755524532, -7.5683667282, 0.0 ], [ 110.1755574549, -7.5683462349, 0.0 ], [ 110.175559127, -7.5683463393, 0.0 ], [ 110.1755593145, -7.568345001, 0.0 ], [ 110.1755739608, -7.5682675634, 0.0 ], [ 110.175532927, -7.5682593445, 0.0 ], [ 110.1755472124, -7.5681943646, 0.0 ], [ 110.1755912428, -7.5682030902, 0.0 ], [ 110.1756648311, -7.5682189086, 0.0 ], [ 110.1756616999, -7.5682391513, 0.0 ], [ 110.1756832186, -7.5682443774, 0.0 ] ] ] ] } },
{ "type": "Feature", "properties": { "NAMOBJ": "Kerban", "FCODE": "BA03070040", "METADATA": "TASWIL1000020230928_DATA_BATAS_DESAKELURAHAN", "SRS_ID": "SRGI 2013", "KDCPUM": "33.08.11", "KDEPUM": "33.08.11.2002", "KDPKAB": "33.08", "KDPPUM": "33", "WADMKC": "Tempuran", "WADMKD": "Sumberarum", "WADMKK": "Magelang", "WADMPR": "Jawa Tengah", "DUSUN": "Kerban", "Toponimi": "Dusun Kerban", "Shape_Leng": 3646.39056914, "Shape_Le_1": 51.469897736199997, "KETERANGAN": "2", "KET_DETAIL": "Rumah", "Id": "80", "rumah_rt": " ", "Shape_Length": 51.469921479148773, "Shape_Area": 148.57884782307727 }, "geometry": { "type": "MultiPolygon", "coordinates": [ [ [ [ 110.1757682987, -7.5683450824, 0.0 ], [ 110.1757563969, -7.5684025479, 0.0 ], [ 110.1757368731, -7.5683974486, 0.0 ], [ 110.1757282585, -7.5684384216, 0.0 ], [ 110.1756815064, -7.5684290741, 0.0 ], [ 110.1756812542, -7.5684315428, 0.0 ], [ 110.1756790222, -7.5684341308, 0.0 ], [ 110.1756599778, -7.5684290333, 0.0 ], [ 110.1756386943, -7.5684236178, 0.0 ], [ 110.1756450674, -7.5683973989, 0.0 ], [ 110.1756670227, -7.5683029907, 0.0 ], [ 110.1757015304, -7.56830923, 0.0 ], [ 110.1757560696, -7.56832242, 0.0 ], [ 110.1757534192, -7.5683419681, 0.0 ], [ 110.1757682987, -7.5683450824, 0.0 ] ] ] ] } },
{ "type": "Feature", "properties": { "NAMOBJ": "Kerban", "FCODE": "BA03070040", "METADATA": "TASWIL1000020230928_DATA_BATAS_DESAKELURAHAN", "SRS_ID": "SRGI 2013", "KDCPUM": "33.08.11", "KDEPUM": "33.08.11.2002", "KDPKAB": "33.08", "KDPPUM": "33", "WADMKC": "Tempuran", "WADMKD": "Sumberarum", "WADMKK": "Magelang", "WADMPR": "Jawa Tengah", "DUSUN": "Kerban", "Toponimi": "Dusun Kerban", "Shape_Leng": 3646.39056914, "Shape_Le_1": 54.910757343, "KETERANGAN": "2", "KET_DETAIL": "Rumah", "Id": "81", "rumah_rt": " ", "Shape_Length": 77.596826679112652, "Shape_Area": 278.91423467179385 }, "geometry": { "type": "MultiPolygon", "coordinates": [ [ [ [ 110.1759082833, -7.5682484661, 0.0 ], [ 110.1759059978, -7.5682658803, 0.0 ], [ 110.175899159, -7.5683087118, 0.0 ], [ 110.1758967634, -7.5683101119, 0.0 ], [ 110.1758930827, -7.5683209217, 0.0 ], [ 110.1758862675, -7.5683513917, 0.0 ], [ 110.1758816047, -7.5683605136, 0.0 ], [ 110.1758698302, -7.5684082517, 0.0 ], [ 110.1758577891, -7.568447421, 0.0 ], [ 110.1758528243, -7.5684676395, 0.0 ], [ 110.1758332665, -7.5684622652, 0.0 ], [ 110.1758205129, -7.5684590103, 0.0 ], [ 110.1757940345, -7.56845222, 0.0 ], [ 110.1757937137, -7.5684550703, 0.0 ], [ 110.1757757451, -7.5684514799, 0.0 ], [ 110.1757743827, -7.5684600907, 0.0 ], [ 110.1757441206, -7.5684534525, 0.0 ], [ 110.1757563978, -7.5684025452, 0.0 ], [ 110.1757682978, -7.5683450851, 0.0 ], [ 110.1757862057, -7.5682713086, 0.0 ], [ 110.1758412997, -7.5682830191, 0.0 ], [ 110.1758441865, -7.5682716634, 0.0 ], [ 110.1758412339, -7.5682699727, 0.0 ], [ 110.1758463409, -7.568249333, 0.0 ], [ 110.1758747645, -7.5682561288, 0.0 ], [ 110.1758777449, -7.5682432112, 0.0 ], [ 110.1759082833, -7.5682484661, 0.0 ] ] ] ] } },
{ "type": "Feature", "properties": { "NAMOBJ": "Kerban", "FCODE": "BA03070040", "METADATA": "TASWIL1000020230928_DATA_BATAS_DESAKELURAHAN", "SRS_ID": "SRGI 2013", "KDCPUM": "33.08.11", "KDEPUM": "33.08.11.2002", "KDPKAB": "33.08", "KDPPUM": "33", "WADMKC": "Tempuran", "WADMKD": "Sumberarum", "WADMKK": "Magelang", "WADMPR": "Jawa Tengah", "DUSUN": "Kerban", "Toponimi": "Dusun Kerban", "Shape_Leng": 3646.39056914, "Shape_Le_1": 57.913494952100002, "KETERANGAN": "2", "KET_DETAIL": "Rumah", "Id": "82", "rumah_rt": "", "Shape_Length": 57.913475643009228, "Shape_Area": 171.86703729718676 }, "geometry": { "type": "MultiPolygon", "coordinates": [ [ [ [ 110.1760354288, -7.5682910244, 0.0 ], [ 110.1760340394, -7.5682995556, 0.0 ], [ 110.176029395, -7.5682989842, 0.0 ], [ 110.1760244106, -7.5683290362, 0.0 ], [ 110.1760182909, -7.568364143, 0.0 ], [ 110.1760116086, -7.5683985469, 0.0 ], [ 110.1760080659, -7.5684111821, 0.0 ], [ 110.176003799, -7.5684337906, 0.0 ], [ 110.175999937, -7.5684532306, 0.0 ], [ 110.1759987146, -7.5684597279, 0.0 ], [ 110.1759780975, -7.5684556215, 0.0 ], [ 110.1759169496, -7.5684409419, 0.0 ], [ 110.1759116738, -7.5684392243, 0.0 ], [ 110.1759165428, -7.5684212641, 0.0 ], [ 110.1759376951, -7.5683277489, 0.0 ], [ 110.1759395259, -7.5683273309, 0.0 ], [ 110.1759442115, -7.5683066904, 0.0 ], [ 110.1759663056, -7.5683105247, 0.0 ], [ 110.1759756626, -7.5682757053, 0.0 ], [ 110.1760201243, -7.5682878696, 0.0 ], [ 110.1760354288, -7.5682910244, 0.0 ] ] ] ] } },
{ "type": "Feature", "properties": { "NAMOBJ": "Kerban", "FCODE": "BA03070040", "METADATA": "TASWIL1000020230928_DATA_BATAS_DESAKELURAHAN", "SRS_ID": "SRGI 2013", "KDCPUM": "33.08.11", "KDEPUM": "33.08.11.2002", "KDPKAB": "33.08", "KDPPUM": "33", "WADMKC": "Tempuran", "WADMKD": "Sumberarum", "WADMKK": "Magelang", "WADMPR": "Jawa Tengah", "DUSUN": "Kerban", "Toponimi": "Dusun Kerban", "Shape_Leng": 3646.39056914, "Shape_Le_1": 64.395268691699997, "KETERANGAN": "2", "KET_DETAIL": "Rumah", "Id": "83", "rumah_rt": "", "Shape_Length": 64.395274998123909, "Shape_Area": 226.00035050806244 }, "geometry": { "type": "MultiPolygon", "coordinates": [ [ [ [ 110.1761309215, -7.5682812466, 0.0 ], [ 110.1761275032, -7.5683052107, 0.0 ], [ 110.1761204109, -7.5683421789, 0.0 ], [ 110.1760983969, -7.5684641964, 0.0 ], [ 110.1760886938, -7.5684626485, 0.0 ], [ 110.1760880614, -7.5684668206, 0.0 ], [ 110.176086087, -7.5684683618, 0.0 ], [ 110.1760827095, -7.5684679339, 0.0 ], [ 110.1760811696, -7.5684635768, 0.0 ], [ 110.1760741327, -7.568462299, 0.0 ], [ 110.1760675165, -7.5684624267, 0.0 ], [ 110.176064091, -7.5684638864, 0.0 ], [ 110.1759999361, -7.5684532333, 0.0 ], [ 110.176003799, -7.5684337906, 0.0 ], [ 110.1760080659, -7.5684111821, 0.0 ], [ 110.1760116086, -7.5683985469, 0.0 ], [ 110.1760182909, -7.568364143, 0.0 ], [ 110.1760244106, -7.5683290362, 0.0 ], [ 110.176029395, -7.5682989842, 0.0 ], [ 110.1760340394, -7.5682995556, 0.0 ], [ 110.1760370302, -7.5682811587, 0.0 ], [ 110.1760413936, -7.5682817295, 0.0 ], [ 110.1760431111, -7.5682669824, 0.0 ], [ 110.1760545173, -7.5682647563, 0.0 ], [ 110.17608126, -7.568267476, 0.0 ], [ 110.1760909655, -7.5682715682, 0.0 ], [ 110.176121355, -7.5682803349, 0.0 ], [ 110.1761309215, -7.5682812466, 0.0 ] ] ] ] } },
{ "type": "Feature", "properties": { "NAMOBJ": "Kerban", "FCODE": "BA03070040", "METADATA": "TASWIL1000020230928_DATA_BATAS_DESAKELURAHAN", "SRS_ID": "SRGI 2013", "KDCPUM": "33.08.11", "KDEPUM": "33.08.11.2002", "KDPKAB": "33.08", "KDPPUM": "33", "WADMKC": "Tempuran", "WADMKD": "Sumberarum", "WADMKK": "Magelang", "WADMPR": "Jawa Tengah", "DUSUN": "Kerban", "Toponimi": "Dusun Kerban", "Shape_Leng": 3646.39056914, "Shape_Le_1": 75.089293750500005, "KETERANGAN": "2", "KET_DETAIL": "Rumah", "Id": "84", "rumah_rt": "", "Shape_Length": 75.089362192431921, "Shape_Area": 321.46672994198673 }, "geometry": { "type": "MultiPolygon", "coordinates": [ [ [ [ 110.1755055799, -7.567849043, 0.0 ], [ 110.1754891652, -7.5678939629, 0.0 ], [ 110.1754711591, -7.5678867644, 0.0 ], [ 110.1754625323, -7.56790796, 0.0 ], [ 110.175430316, -7.5678965207, 0.0 ], [ 110.1754267617, -7.5679019002, 0.0 ], [ 110.1752926415, -7.5678497527, 0.0 ], [ 110.1753196056, -7.5677807021, 0.0 ], [ 110.1753412594, -7.5677200586, 0.0 ], [ 110.1754229898, -7.5677516793, 0.0 ], [ 110.1754274925, -7.5677523897, 0.0 ], [ 110.1754384674, -7.5677553609, 0.0 ], [ 110.1755083794, -7.5677824638, 0.0 ], [ 110.1755162664, -7.5677833217, 0.0 ], [ 110.1755050973, -7.5678067593, 0.0 ], [ 110.175511144, -7.5678101417, 0.0 ], [ 110.1755048412, -7.5678251279, 0.0 ], [ 110.1755085796, -7.567826432, 0.0 ], [ 110.1755006577, -7.567846786, 0.0 ], [ 110.1755055799, -7.567849043, 0.0 ] ] ] ] } },
{ "type": "Feature", "properties": { "NAMOBJ": "Kerban", "FCODE": "BA03070040", "METADATA": "TASWIL1000020230928_DATA_BATAS_DESAKELURAHAN", "SRS_ID": "SRGI 2013", "KDCPUM": "33.08.11", "KDEPUM": "33.08.11.2002", "KDPKAB": "33.08", "KDPPUM": "33", "WADMKC": "Tempuran", "WADMKD": "Sumberarum", "WADMKK": "Magelang", "WADMPR": "Jawa Tengah", "DUSUN": "Kerban", "Toponimi": "Dusun Kerban", "Shape_Leng": 3646.39056914, "Shape_Le_1": 92.1242712735, "KETERANGAN": "2", "KET_DETAIL": "Rumah", "Id": "85", "rumah_rt": "", "Shape_Length": 92.12424315691753, "Shape_Area": 325.16846654840788 }, "geometry": { "type": "MultiPolygon", "coordinates": [ [ [ [ 110.1755055771, -7.567849042, 0.0 ], [ 110.1755006577, -7.567846786, 0.0 ], [ 110.1755085796, -7.567826432, 0.0 ], [ 110.1755048412, -7.5678251288, 0.0 ], [ 110.175511144, -7.5678101417, 0.0 ], [ 110.1755050973, -7.5678067593, 0.0 ], [ 110.1755162637, -7.5677833217, 0.0 ], [ 110.1755224519, -7.5677861428, 0.0 ], [ 110.1755296645, -7.5677688781, 0.0 ], [ 110.1754946444, -7.5677513933, 0.0 ], [ 110.1754646844, -7.5677384125, 0.0 ], [ 110.1754313477, -7.5677241617, 0.0 ], [ 110.1754760385, -7.5676156613, 0.0 ], [ 110.1755083945, -7.5676275215, 0.0 ], [ 110.175543274, -7.5676445854, 0.0 ], [ 110.1755367724, -7.5676583393, 0.0 ], [ 110.1755662855, -7.5676703705, 0.0 ], [ 110.1756322278, -7.5676948583, 0.0 ], [ 110.1756638739, -7.5677096241, 0.0 ], [ 110.1756433123, -7.567765116, 0.0 ], [ 110.1756081448, -7.5677512217, 0.0 ], [ 110.1755900362, -7.5677889397, 0.0 ], [ 110.1755522723, -7.5678683226, 0.0 ], [ 110.1755234792, -7.5678566356, 0.0 ], [ 110.1755055771, -7.567849042, 0.0 ] ] ] ] } },
{ "type": "Feature", "properties": { "NAMOBJ": "Kerban", "FCODE": "BA03070040", "METADATA": "TASWIL1000020230928_DATA_BATAS_DESAKELURAHAN", "SRS_ID": "SRGI 2013", "KDCPUM": "33.08.11", "KDEPUM": "33.08.11.2002", "KDPKAB": "33.08", "KDPPUM": "33", "WADMKC": "Tempuran", "WADMKD": "Sumberarum", "WADMKK": "Magelang", "WADMPR": "Jawa Tengah", "DUSUN": "Kerban", "Toponimi": "Dusun Kerban", "Shape_Leng": 3646.39056914, "Shape_Le_1": 48.0780868461, "KETERANGAN": "2", "KET_DETAIL": "Rumah", "Id": "86", "rumah_rt": "", "Shape_Length": 48.078040587685223, "Shape_Area": 127.8556696997375 }, "geometry": { "type": "MultiPolygon", "coordinates": [ [ [ [ 110.1756754429, -7.5678770368, 0.0 ], [ 110.1756682399, -7.5678892446, 0.0 ], [ 110.175689049, -7.5679024885, 0.0 ], [ 110.175676482, -7.5679226926, 0.0 ], [ 110.1756517676, -7.5679640856, 0.0 ], [ 110.1756308152, -7.5679518246, 0.0 ], [ 110.1756191015, -7.567967535, 0.0 ], [ 110.1755933699, -7.5679517538, 0.0 ], [ 110.1755590562, -7.5679331461, 0.0 ], [ 110.1755600452, -7.5679311816, 0.0 ], [ 110.1755439473, -7.5679215022, 0.0 ], [ 110.1755650581, -7.567886099, 0.0 ], [ 110.1755771918, -7.5678716539, 0.0 ], [ 110.1755922422, -7.5678782842, 0.0 ], [ 110.1756127234, -7.5678417999, 0.0 ], [ 110.1756480254, -7.5678592852, 0.0 ], [ 110.1756754429, -7.5678770368, 0.0 ] ] ] ] } },
{ "type": "Feature", "properties": { "NAMOBJ": "Kerban", "FCODE": "BA03070040", "METADATA": "TASWIL1000020230928_DATA_BATAS_DESAKELURAHAN", "SRS_ID": "SRGI 2013", "KDCPUM": "33.08.11", "KDEPUM": "33.08.11.2002", "KDPKAB": "33.08", "KDPPUM": "33", "WADMKC": "Tempuran", "WADMKD": "Sumberarum", "WADMKK": "Magelang", "WADMPR": "Jawa Tengah", "DUSUN": "Kerban", "Toponimi": "Dusun Kerban", "Shape_Leng": 3646.39056914, "Shape_Le_1": 63.274456551100002, "KETERANGAN": "2", "KET_DETAIL": "Rumah", "Id": "87", "rumah_rt": "", "Shape_Length": 63.274420433295653, "Shape_Area": 212.67297439273858 }, "geometry": { "type": "MultiPolygon", "coordinates": [ [ [ [ 110.1758715205, -7.5678234922, 0.0 ], [ 110.1758509698, -7.5678732777, 0.0 ], [ 110.1758349212, -7.5678686381, 0.0 ], [ 110.1758203401, -7.5679021922, 0.0 ], [ 110.1758031967, -7.5678951365, 0.0 ], [ 110.1757879466, -7.5679335174, 0.0 ], [ 110.1756988672, -7.5678987914, 0.0 ], [ 110.1757203695, -7.5678433999, 0.0 ], [ 110.1757362745, -7.5678076532, 0.0 ], [ 110.1757555097, -7.56775567, 0.0 ], [ 110.1758458487, -7.5677900818, 0.0 ], [ 110.1758367911, -7.5678109158, 0.0 ], [ 110.1758715205, -7.5678234922, 0.0 ] ] ] ] } },
{ "type": "Feature", "properties": { "NAMOBJ": "Kerban", "FCODE": "BA03070040", "METADATA": "TASWIL1000020230928_DATA_BATAS_DESAKELURAHAN", "SRS_ID": "SRGI 2013", "KDCPUM": "33.08.11", "KDEPUM": "33.08.11.2002", "KDPKAB": "33.08", "KDPPUM": "33", "WADMKC": "Tempuran", "WADMKD": "Sumberarum", "WADMKK": "Magelang", "WADMPR": "Jawa Tengah", "DUSUN": "Kerban", "Toponimi": "Dusun Kerban", "Shape_Leng": 3646.39056914, "Shape_Le_1": 48.467421504100002, "KETERANGAN": "2", "KET_DETAIL": "Rumah", "Id": "88", "rumah_rt": "", "Shape_Length": 48.4674808166966, "Shape_Area": 127.15164210656346 }, "geometry": { "type": "MultiPolygon", "coordinates": [ [ [ [ 110.1758942133, -7.5680357811, 0.0 ], [ 110.1758941791, -7.5680537793, 0.0 ], [ 110.1758545986, -7.5680473396, 0.0 ], [ 110.1758174368, -7.5680411234, 0.0 ], [ 110.1758285908, -7.5679592752, 0.0 ], [ 110.1758352113, -7.5679006239, 0.0 ], [ 110.1758579544, -7.5679016049, 0.0 ], [ 110.1758803819, -7.5679064763, 0.0 ], [ 110.1758790293, -7.5679238127, 0.0 ], [ 110.1759093728, -7.5679295773, 0.0 ], [ 110.1759008858, -7.5679969443, 0.0 ], [ 110.1758971001, -7.5680215201, 0.0 ], [ 110.1758942133, -7.5680357811, 0.0 ] ] ] ] } },
{ "type": "Feature", "properties": { "NAMOBJ": "Kerban", "FCODE": "BA03070040", "METADATA": "TASWIL1000020230928_DATA_BATAS_DESAKELURAHAN", "SRS_ID": "SRGI 2013", "KDCPUM": "33.08.11", "KDEPUM": "33.08.11.2002", "KDPKAB": "33.08", "KDPPUM": "33", "WADMKC": "Tempuran", "WADMKD": "Sumberarum", "WADMKK": "Magelang", "WADMPR": "Jawa Tengah", "DUSUN": "Kerban", "Toponimi": "Dusun Kerban", "Shape_Leng": 3646.39056914, "Shape_Le_1": 56.984609979699997, "KETERANGAN": "2", "KET_DETAIL": "Rumah", "Id": "89", "rumah_rt": "", "Shape_Length": 56.984615949308555, "Shape_Area": 161.76867348231161 }, "geometry": { "type": "MultiPolygon", "coordinates": [ [ [ [ 110.1761198961, -7.5679080804, 0.0 ], [ 110.1760862769, -7.5680163902, 0.0 ], [ 110.1760803817, -7.5680152919, 0.0 ], [ 110.1760746702, -7.5680339804, 0.0 ], [ 110.1760406333, -7.5680237578, 0.0 ], [ 110.1760452457, -7.5680144159, 0.0 ], [ 110.1760406526, -7.5680135987, 0.0 ], [ 110.1760405703, -7.5680091928, 0.0 ], [ 110.1759928459, -7.5679953481, 0.0 ], [ 110.1759957429, -7.5679881611, 0.0 ], [ 110.1759835724, -7.5679838093, 0.0 ], [ 110.1759982664, -7.5679370671, 0.0 ], [ 110.1760045988, -7.5679384838, 0.0 ], [ 110.1760061162, -7.5679341487, 0.0 ], [ 110.1760074677, -7.5679341513, 0.0 ], [ 110.1760110955, -7.5679215723, 0.0 ], [ 110.1760166787, -7.5679227514, 0.0 ], [ 110.1760185822, -7.5679170016, 0.0 ], [ 110.1760315487, -7.5679208014, 0.0 ], [ 110.1760445853, -7.5678876523, 0.0 ], [ 110.1760425161, -7.5678861198, 0.0 ], [ 110.1760486729, -7.5678702189, 0.0 ], [ 110.176072359, -7.5678748485, 0.0 ], [ 110.176089848, -7.5678808656, 0.0 ], [ 110.1760894989, -7.567882361, 0.0 ], [ 110.1761221172, -7.5678921467, 0.0 ], [ 110.1761175905, -7.567907385, 0.0 ], [ 110.1761198961, -7.5679080804, 0.0 ] ] ] ] } },
{ "type": "Feature", "properties": { "NAMOBJ": "Kerban", "FCODE": "BA03070040", "METADATA": "TASWIL1000020230928_DATA_BATAS_DESAKELURAHAN", "SRS_ID": "SRGI 2013", "KDCPUM": "33.08.11", "KDEPUM": "33.08.11.2002", "KDPKAB": "33.08", "KDPPUM": "33", "WADMKC": "Tempuran", "WADMKD": "Sumberarum", "WADMKK": "Magelang", "WADMPR": "Jawa Tengah", "DUSUN": "Kerban", "Toponimi": "Dusun Kerban", "Shape_Leng": 3646.39056914, "Shape_Le_1": 50.880205914000001, "KETERANGAN": "2", "KET_DETAIL": "Rumah", "Id": "90", "rumah_rt": "", "Shape_Length": 50.88016557736848, "Shape_Area": 149.08736615823003 }, "geometry": { "type": "MultiPolygon", "coordinates": [ [ [ [ 110.1762322527, -7.5680019863, 0.0 ], [ 110.1762203544, -7.5680404541, 0.0 ], [ 110.1761922151, -7.568031972, 0.0 ], [ 110.1761864701, -7.5680477408, 0.0 ], [ 110.1761637662, -7.568038521, 0.0 ], [ 110.1761423829, -7.5680307545, 0.0 ], [ 110.1761474823, -7.5680146092, 0.0 ], [ 110.1761214578, -7.5680045872, 0.0 ], [ 110.1761361722, -7.5679657032, 0.0 ], [ 110.176146644, -7.5679366457, 0.0 ], [ 110.1761513176, -7.5679223257, 0.0 ], [ 110.1761581124, -7.5679021107, 0.0 ], [ 110.1762549047, -7.5679344615, 0.0 ], [ 110.1762441414, -7.5679685764, 0.0 ], [ 110.1762322527, -7.5680019863, 0.0 ] ] ] ] } },
{ "type": "Feature", "properties": { "NAMOBJ": "Kerban", "FCODE": "BA03070040", "METADATA": "TASWIL1000020230928_DATA_BATAS_DESAKELURAHAN", "SRS_ID": "SRGI 2013", "KDCPUM": "33.08.11", "KDEPUM": "33.08.11.2002", "KDPKAB": "33.08", "KDPPUM": "33", "WADMKC": "Tempuran", "WADMKD": "Sumberarum", "WADMKK": "Magelang", "WADMPR": "Jawa Tengah", "DUSUN": "Kerban", "Toponimi": "Dusun Kerban", "Shape_Leng": 3646.39056914, "Shape_Le_1": 64.81876055, "KETERANGAN": "2", "KET_DETAIL": "Rumah", "Id": "91", "rumah_rt": "", "Shape_Length": 64.818811093045241, "Shape_Area": 169.94948650583257 }, "geometry": { "type": "MultiPolygon", "coordinates": [ [ [ [ 110.1761085596, -7.5675521658, 0.0 ], [ 110.1760910166, -7.5675861158, 0.0 ], [ 110.1760876351, -7.5675944623, 0.0 ], [ 110.1760943549, -7.5675975847, 0.0 ], [ 110.1760975039, -7.5675989582, 0.0 ], [ 110.1760743967, -7.5676551435, 0.0 ], [ 110.1760577118, -7.5676944425, 0.0 ], [ 110.1760520862, -7.5676917627, 0.0 ], [ 110.1760506044, -7.5676959368, 0.0 ], [ 110.1759633885, -7.5676517309, 0.0 ], [ 110.175989899, -7.5675990732, 0.0 ], [ 110.176009685, -7.5675582334, 0.0 ], [ 110.1760528844, -7.5675783113, 0.0 ], [ 110.176057526, -7.5675698424, 0.0 ], [ 110.1760209614, -7.5675503875, 0.0 ], [ 110.1760418585, -7.5675176974, 0.0 ], [ 110.1761085596, -7.5675521658, 0.0 ] ] ] ] } },
{ "type": "Feature", "properties": { "NAMOBJ": "Kerban", "FCODE": "BA03070040", "METADATA": "TASWIL1000020230928_DATA_BATAS_DESAKELURAHAN", "SRS_ID": "SRGI 2013", "KDCPUM": "33.08.11", "KDEPUM": "33.08.11.2002", "KDPKAB": "33.08", "KDPPUM": "33", "WADMKC": "Tempuran", "WADMKD": "Sumberarum", "WADMKK": "Magelang", "WADMPR": "Jawa Tengah", "DUSUN": "Kerban", "Toponimi": "Dusun Kerban", "Shape_Leng": 3646.39056914, "Shape_Le_1": 42.424765663300001, "KETERANGAN": "2", "KET_DETAIL": "Rumah", "Id": "92", "rumah_rt": "", "Shape_Length": 42.424763645977556, "Shape_Area": 108.83042990276449 }, "geometry": { "type": "MultiPolygon", "coordinates": [ [ [ [ 110.1760577128, -7.5676944398, 0.0 ], [ 110.1760743967, -7.5676551444, 0.0 ], [ 110.1760998552, -7.5675932409, 0.0 ], [ 110.1761210968, -7.5676011473, 0.0 ], [ 110.1761558433, -7.5676142773, 0.0 ], [ 110.1761635746, -7.5676203321, 0.0 ], [ 110.1761440406, -7.5676769058, 0.0 ], [ 110.1761279257, -7.5677119937, 0.0 ], [ 110.1761176087, -7.5677330451, 0.0 ], [ 110.1761101474, -7.5677333123, 0.0 ], [ 110.1760862351, -7.5677227317, 0.0 ], [ 110.1760540266, -7.5677076401, 0.0 ], [ 110.1760577128, -7.5676944398, 0.0 ] ] ] ] } },
{ "type": "Feature", "properties": { "NAMOBJ": "Kerban", "FCODE": "BA03070040", "METADATA": "TASWIL1000020230928_DATA_BATAS_DESAKELURAHAN", "SRS_ID": "SRGI 2013", "KDCPUM": "33.08.11", "KDEPUM": "33.08.11.2002", "KDPKAB": "33.08", "KDPPUM": "33", "WADMKC": "Tempuran", "WADMKD": "Sumberarum", "WADMKK": "Magelang", "WADMPR": "Jawa Tengah", "DUSUN": "Kerban", "Toponimi": "Dusun Kerban", "Shape_Leng": 3646.39056914, "Shape_Le_1": 44.068621802199999, "KETERANGAN": "2", "KET_DETAIL": "Rumah", "Id": "93", "rumah_rt": "", "Shape_Length": 44.068614153381517, "Shape_Area": 119.92433511166433 }, "geometry": { "type": "MultiPolygon", "coordinates": [ [ [ [ 110.176267566, -7.5677627838, 0.0 ], [ 110.1762420564, -7.5678144024, 0.0 ], [ 110.1761553661, -7.5677731072, 0.0 ], [ 110.1761853845, -7.5677185115, 0.0 ], [ 110.1762050322, -7.5676807964, 0.0 ], [ 110.1762898582, -7.5677224399, 0.0 ], [ 110.176267566, -7.5677627838, 0.0 ] ] ] ] } },
{ "type": "Feature", "properties": { "NAMOBJ": "Kerban", "FCODE": "BA03070040", "METADATA": "TASWIL1000020230928_DATA_BATAS_DESAKELURAHAN", "SRS_ID": "SRGI 2013", "KDCPUM": "33.08.11", "KDEPUM": "33.08.11.2002", "KDPKAB": "33.08", "KDPPUM": "33", "WADMKC": "Tempuran", "WADMKD": "Sumberarum", "WADMKK": "Magelang", "WADMPR": "Jawa Tengah", "DUSUN": "Kerban", "Toponimi": "Dusun Kerban", "Shape_Leng": 3646.39056914, "Shape_Le_1": 51.217535097700001, "KETERANGAN": "2", "KET_DETAIL": "Rumah", "Id": "94", "rumah_rt": "", "Shape_Length": 51.217521080526083, "Shape_Area": 163.11216349599673 }, "geometry": { "type": "MultiPolygon", "coordinates": [ [ [ [ 110.1762259582, -7.5683608135, 0.0 ], [ 110.1762050493, -7.5684832482, 0.0 ], [ 110.1760983969, -7.5684641964, 0.0 ], [ 110.1761204119, -7.5683421762, 0.0 ], [ 110.1762259582, -7.5683608135, 0.0 ] ] ] ] } },
{ "type": "Feature", "properties": { "NAMOBJ": "Kerban", "FCODE": "BA03070040", "METADATA": "TASWIL1000020230928_DATA_BATAS_DESAKELURAHAN", "SRS_ID": "SRGI 2013", "KDCPUM": "33.08.11", "KDEPUM": "33.08.11.2002", "KDPKAB": "33.08", "KDPPUM": "33", "WADMKC": "Tempuran", "WADMKD": "Sumberarum", "WADMKK": "Magelang", "WADMPR": "Jawa Tengah", "DUSUN": "Kerban", "Toponimi": "Dusun Kerban", "Shape_Leng": 3646.39056914, "Shape_Le_1": 56.260765827100002, "KETERANGAN": "2", "KET_DETAIL": "Rumah", "Id": "95", "rumah_rt": "", "Shape_Length": 56.260808637006221, "Shape_Area": 160.36448408624398 }, "geometry": { "type": "MultiPolygon", "coordinates": [ [ [ [ 110.1762247538, -7.5683678481, 0.0 ], [ 110.1762259582, -7.5683608135, 0.0 ], [ 110.1761204109, -7.5683421789, 0.0 ], [ 110.1761275032, -7.5683052107, 0.0 ], [ 110.1761344942, -7.5682561982, 0.0 ], [ 110.176282385, -7.5682897699, 0.0 ], [ 110.1762795267, -7.5683123811, 0.0 ], [ 110.1762919113, -7.5683142307, 0.0 ], [ 110.1762889219, -7.5683319239, 0.0 ], [ 110.1762762561, -7.5683296533, 0.0 ], [ 110.1762688503, -7.5683747305, 0.0 ], [ 110.1762247538, -7.5683678481, 0.0 ] ] ] ] } },
{ "type": "Feature", "properties": { "NAMOBJ": "Kerban", "FCODE": "BA03070040", "METADATA": "TASWIL1000020230928_DATA_BATAS_DESAKELURAHAN", "SRS_ID": "SRGI 2013", "KDCPUM": "33.08.11", "KDEPUM": "33.08.11.2002", "KDPKAB": "33.08", "KDPPUM": "33", "WADMKC": "Tempuran", "WADMKD": "Sumberarum", "WADMKK": "Magelang", "WADMPR": "Jawa Tengah", "DUSUN": "Kerban", "Toponimi": "Dusun Kerban", "Shape_Leng": 3646.39056914, "Shape_Le_1": 54.768079510500002, "KETERANGAN": "2", "KET_DETAIL": "Rumah", "Id": "96", "rumah_rt": "", "Shape_Length": 54.768094379910146, "Shape_Area": 169.97917666029366 }, "geometry": { "type": "MultiPolygon", "coordinates": [ [ [ [ 110.1762050493, -7.5684832455, 0.0 ], [ 110.1762230324, -7.5683779217, 0.0 ], [ 110.1763538975, -7.5684020989, 0.0 ], [ 110.1763481026, -7.5684418156, 0.0 ], [ 110.176340761, -7.5684854801, 0.0 ], [ 110.1763121719, -7.5684823535, 0.0 ], [ 110.1763106023, -7.5684983735, 0.0 ], [ 110.1762565085, -7.5684892717, 0.0 ], [ 110.1762531862, -7.5685013375, 0.0 ], [ 110.176229001, -7.5684960241, 0.0 ], [ 110.1762039323, -7.5684924646, 0.0 ], [ 110.1762050493, -7.5684832455, 0.0 ] ] ] ] } },
{ "type": "Feature", "properties": { "NAMOBJ": "Kerban", "FCODE": "BA03070040", "METADATA": "TASWIL1000020230928_DATA_BATAS_DESAKELURAHAN", "SRS_ID": "SRGI 2013", "KDCPUM": "33.08.11", "KDEPUM": "33.08.11.2002", "KDPKAB": "33.08", "KDPPUM": "33", "WADMKC": "Tempuran", "WADMKD": "Sumberarum", "WADMKK": "Magelang", "WADMPR": "Jawa Tengah", "DUSUN": "Kerban", "Toponimi": "Dusun Kerban", "Shape_Leng": 3646.39056914, "Shape_Le_1": 51.500032026299998, "KETERANGAN": "2", "KET_DETAIL": "Rumah", "Id": "97", "rumah_rt": "", "Shape_Length": 51.500059441498244, "Shape_Area": 159.13418634232511 }, "geometry": { "type": "MultiPolygon", "coordinates": [ [ [ [ 110.1762970008, -7.568131362, 0.0 ], [ 110.1763486732, -7.5681411168, 0.0 ], [ 110.1763316436, -7.5682388221, 0.0 ], [ 110.176277015, -7.5682311918, 0.0 ], [ 110.1762240212, -7.5682223118, 0.0 ], [ 110.1762264587, -7.5682126593, 0.0 ], [ 110.1761985353, -7.5682068992, 0.0 ], [ 110.1762147334, -7.5681323037, 0.0 ], [ 110.1762402488, -7.5681325717, 0.0 ], [ 110.1762426872, -7.5681224795, 0.0 ], [ 110.1762970008, -7.568131362, 0.0 ] ] ] ] } },
{ "type": "Feature", "properties": { "NAMOBJ": "Kerban", "FCODE": "BA03070040", "METADATA": "TASWIL1000020230928_DATA_BATAS_DESAKELURAHAN", "SRS_ID": "SRGI 2013", "KDCPUM": "33.08.11", "KDEPUM": "33.08.11.2002", "KDPKAB": "33.08", "KDPPUM": "33", "WADMKC": "Tempuran", "WADMKD": "Sumberarum", "WADMKK": "Magelang", "WADMPR": "Jawa Tengah", "DUSUN": "Kerban", "Toponimi": "Dusun Kerban", "Shape_Leng": 3646.39056914, "Shape_Le_1": 46.566337058899997, "KETERANGAN": "2", "KET_DETAIL": "Rumah", "Id": "98", "rumah_rt": " ", "Shape_Length": 76.818231108636311, "Shape_Area": 274.40270819461648 }, "geometry": { "type": "MultiPolygon", "coordinates": [ [ [ [ 110.1765128778, -7.5683978362, 0.0 ], [ 110.1765183218, -7.5683978464, 0.0 ], [ 110.1765273835, -7.5683973073, 0.0 ], [ 110.1765375704, -7.5683769712, 0.0 ], [ 110.1766078233, -7.5683903238, 0.0 ], [ 110.1765896509, -7.5684712018, 0.0 ], [ 110.1765842872, -7.5684962648, 0.0 ], [ 110.1765900517, -7.5684973946, 0.0 ], [ 110.1765852046, -7.5685191219, 0.0 ], [ 110.1765200369, -7.5685076512, 0.0 ], [ 110.1765216683, -7.5684919904, 0.0 ], [ 110.1765087258, -7.5684908137, 0.0 ], [ 110.176509061, -7.5684870824, 0.0 ], [ 110.1765048587, -7.5684866847, 0.0 ], [ 110.1764940881, -7.5684849449, 0.0 ], [ 110.1763969478, -7.5684692585, 0.0 ], [ 110.1764058427, -7.5684195306, 0.0 ], [ 110.1764170151, -7.5683556201, 0.0 ], [ 110.1765100415, -7.5683730579, 0.0 ], [ 110.1765103593, -7.5683746567, 0.0 ], [ 110.1765079182, -7.5683952671, 0.0 ], [ 110.1765128778, -7.5683978362, 0.0 ] ] ] ] } },
{ "type": "Feature", "properties": { "NAMOBJ": "Kerban", "FCODE": "BA03070040", "METADATA": "TASWIL1000020230928_DATA_BATAS_DESAKELURAHAN", "SRS_ID": "SRGI 2013", "KDCPUM": "33.08.11", "KDEPUM": "33.08.11.2002", "KDPKAB": "33.08", "KDPPUM": "33", "WADMKC": "Tempuran", "WADMKD": "Sumberarum", "WADMKK": "Magelang", "WADMPR": "Jawa Tengah", "DUSUN": "Kerban", "Toponimi": "Dusun Kerban", "Shape_Leng": 3646.39056914, "Shape_Le_1": 51.789821241600002, "KETERANGAN": "2", "KET_DETAIL": "Rumah", "Id": "100", "rumah_rt": "", "Shape_Length": 51.789822990369629, "Shape_Area": 163.65426432933475 }, "geometry": { "type": "MultiPolygon", "coordinates": [ [ [ [ 110.176590049, -7.5684973937, 0.0 ], [ 110.1765842872, -7.5684962648, 0.0 ], [ 110.1765896509, -7.5684712018, 0.0 ], [ 110.1766078224, -7.5683903265, 0.0 ], [ 110.1766108499, -7.5683778431, 0.0 ], [ 110.1767206662, -7.5684047717, 0.0 ], [ 110.1766944217, -7.5685193481, 0.0 ], [ 110.1766383918, -7.5685035088, 0.0 ], [ 110.1766360383, -7.5685084962, 0.0 ], [ 110.1766075525, -7.568501998, 0.0 ], [ 110.176590049, -7.5684973937, 0.0 ] ] ] ] } },
{ "type": "Feature", "properties": { "NAMOBJ": "Kerban", "FCODE": "BA03070040", "METADATA": "TASWIL1000020230928_DATA_BATAS_DESAKELURAHAN", "SRS_ID": "SRGI 2013", "KDCPUM": "33.08.11", "KDEPUM": "33.08.11.2002", "KDPKAB": "33.08", "KDPPUM": "33", "WADMKC": "Tempuran", "WADMKD": "Sumberarum", "WADMKK": "Magelang", "WADMPR": "Jawa Tengah", "DUSUN": "Kerban", "Toponimi": "Dusun Kerban", "Shape_Leng": 3646.39056914, "Shape_Le_1": 44.047315723799997, "KETERANGAN": "2", "KET_DETAIL": "Rumah", "Id": "101", "rumah_rt": "", "Shape_Length": 55.592471055614027, "Shape_Area": 169.52969620454519 }, "geometry": { "type": "MultiPolygon", "coordinates": [ [ [ [ 110.176700165, -7.5685417142, 0.0 ], [ 110.1766872572, -7.5685915567, 0.0 ], [ 110.1766781301, -7.5685893045, 0.0 ], [ 110.1766737694, -7.5686087923, 0.0 ], [ 110.1766624739, -7.5686530427, 0.0 ], [ 110.1766341375, -7.5686456376, 0.0 ], [ 110.1766310637, -7.5686600221, 0.0 ], [ 110.1765846394, -7.5686484203, 0.0 ], [ 110.1765835087, -7.568653373, 0.0 ], [ 110.1765578962, -7.5686454936, 0.0 ], [ 110.1765708322, -7.5685812671, 0.0 ], [ 110.1765743546, -7.5685817532, 0.0 ], [ 110.1765781897, -7.5685559727, 0.0 ], [ 110.1765788975, -7.5685512346, 0.0 ], [ 110.1765852046, -7.5685191219, 0.0 ], [ 110.1765859214, -7.5685159088, 0.0 ], [ 110.1766172332, -7.5685225381, 0.0 ], [ 110.176700165, -7.5685417142, 0.0 ] ] ] ] } },
{ "type": "Feature", "properties": { "NAMOBJ": "Kerban", "FCODE": "BA03070040", "METADATA": "TASWIL1000020230928_DATA_BATAS_DESAKELURAHAN", "SRS_ID": "SRGI 2013", "KDCPUM": "33.08.11", "KDEPUM": "33.08.11.2002", "KDPKAB": "33.08", "KDPPUM": "33", "WADMKC": "Tempuran", "WADMKD": "Sumberarum", "WADMKK": "Magelang", "WADMPR": "Jawa Tengah", "DUSUN": "Kerban", "Toponimi": "Dusun Kerban", "Shape_Leng": 3646.39056914, "Shape_Le_1": 61.258674200999998, "KETERANGAN": "2", "KET_DETAIL": "Rumah", "Id": "103", "rumah_rt": "", "Shape_Length": 61.258696635395644, "Shape_Area": 194.79699224126637 }, "geometry": { "type": "MultiPolygon", "coordinates": [ [ [ [ 110.1768003846, -7.5684822881, 0.0 ], [ 110.1768247173, -7.5684892072, 0.0 ], [ 110.1768247228, -7.56848633, 0.0 ], [ 110.1768447378, -7.5684895643, 0.0 ], [ 110.1768456871, -7.5684961191, 0.0 ], [ 110.1768531286, -7.5684991695, 0.0 ], [ 110.1768271598, -7.5686002615, 0.0 ], [ 110.1768061475, -7.568594728, 0.0 ], [ 110.176806907, -7.5685904838, 0.0 ], [ 110.176796651, -7.5685874679, 0.0 ], [ 110.1767956422, -7.5685917107, 0.0 ], [ 110.1767074247, -7.5685674378, 0.0 ], [ 110.1767332022, -7.5684668429, 0.0 ], [ 110.1767346298, -7.5684668456, 0.0 ], [ 110.1767442706, -7.5684262425, 0.0 ], [ 110.1768078312, -7.5684405874, 0.0 ], [ 110.1768003846, -7.5684822881, 0.0 ] ] ] ] } },
{ "type": "Feature", "properties": { "NAMOBJ": "Kerban", "FCODE": "BA03070040", "METADATA": "TASWIL1000020230928_DATA_BATAS_DESAKELURAHAN", "SRS_ID": "SRGI 2013", "KDCPUM": "33.08.11", "KDEPUM": "33.08.11.2002", "KDPKAB": "33.08", "KDPPUM": "33", "WADMKC": "Tempuran", "WADMKD": "Sumberarum", "WADMKK": "Magelang", "WADMPR": "Jawa Tengah", "DUSUN": "Kerban", "Toponimi": "Dusun Kerban", "Shape_Leng": 3646.39056914, "Shape_Le_1": 57.976781967699999, "KETERANGAN": "2", "KET_DETAIL": "Pembuatan Batu Bata", "Id": "104", "rumah_rt": " ", "Shape_Length": 57.976759632728658, "Shape_Area": 192.95700967515168 }, "geometry": { "type": "MultiPolygon", "coordinates": [ [ [ [ 110.17707026, -7.5687047804, 0.0 ], [ 110.1770475906, -7.5687967977, 0.0 ], [ 110.1769824112, -7.568781899, 0.0 ], [ 110.1768816839, -7.5687510116, 0.0 ], [ 110.1769117365, -7.5686621441, 0.0 ], [ 110.1770030877, -7.568690162, 0.0 ], [ 110.17707026, -7.5687047804, 0.0 ] ] ] ] } },
{ "type": "Feature", "properties": { "NAMOBJ": "Kerban", "FCODE": "BA03070040", "METADATA": "TASWIL1000020230928_DATA_BATAS_DESAKELURAHAN", "SRS_ID": "SRGI 2013", "KDCPUM": "33.08.11", "KDEPUM": "33.08.11.2002", "KDPKAB": "33.08", "KDPPUM": "33", "WADMKC": "Tempuran", "WADMKD": "Sumberarum", "WADMKK": "Magelang", "WADMPR": "Jawa Tengah", "DUSUN": "Kerban", "Toponimi": "Dusun Kerban", "Shape_Leng": 3646.39056914, "Shape_Le_1": 56.665264647900003, "KETERANGAN": "2", "KET_DETAIL": "Rumah", "Id": "105", "rumah_rt": "", "Shape_Length": 56.665269053986698, "Shape_Area": 167.24552580147659 }, "geometry": { "type": "MultiPolygon", "coordinates": [ [ [ [ 110.1771770121, -7.5687200407, 0.0 ], [ 110.177171517, -7.5687589231, 0.0 ], [ 110.1771614955, -7.5687579951, 0.0 ], [ 110.1771578076, -7.5687807187, 0.0 ], [ 110.1771394079, -7.5687774107, 0.0 ], [ 110.1771360959, -7.5687941347, 0.0 ], [ 110.177088183, -7.5687854977, 0.0 ], [ 110.1770970247, -7.5687360519, 0.0 ], [ 110.1770709185, -7.5687322562, 0.0 ], [ 110.1770638164, -7.5687309349, 0.0 ], [ 110.17707026, -7.5687047822, 0.0 ], [ 110.1770844222, -7.5686339074, 0.0 ], [ 110.1770891876, -7.5686352017, 0.0 ], [ 110.1771862558, -7.5686507286, 0.0 ], [ 110.1771770121, -7.5687200407, 0.0 ] ] ] ] } },
{ "type": "Feature", "properties": { "NAMOBJ": "Kerban", "FCODE": "BA03070040", "METADATA": "TASWIL1000020230928_DATA_BATAS_DESAKELURAHAN", "SRS_ID": "SRGI 2013", "KDCPUM": "33.08.11", "KDEPUM": "33.08.11.2002", "KDPKAB": "33.08", "KDPPUM": "33", "WADMKC": "Tempuran", "WADMKD": "Sumberarum", "WADMKK": "Magelang", "WADMPR": "Jawa Tengah", "DUSUN": "Kerban", "Toponimi": "Dusun Kerban", "Shape_Leng": 3646.39056914, "Shape_Le_1": 55.229473713099999, "KETERANGAN": "2", "KET_DETAIL": "Rumah", "Id": "106", "rumah_rt": "", "Shape_Length": 55.22946982148347, "Shape_Area": 163.37853039995457 }, "geometry": { "type": "MultiPolygon", "coordinates": [ [ [ [ 110.177310781, -7.5689333957, 0.0 ], [ 110.1772943962, -7.5690210155, 0.0 ], [ 110.1772479415, -7.5690120178, 0.0 ], [ 110.1772464584, -7.5690125703, 0.0 ], [ 110.1772463801, -7.5690142091, 0.0 ], [ 110.1771938066, -7.5690020667, 0.0 ], [ 110.1771941602, -7.5690000883, 0.0 ], [ 110.177188565, -7.5689985655, 0.0 ], [ 110.1771933669, -7.5689877506, 0.0 ], [ 110.1771943137, -7.5689807698, 0.0 ], [ 110.1771598097, -7.5689740268, 0.0 ], [ 110.1771684499, -7.5689347642, 0.0 ], [ 110.1771816925, -7.5688861388, 0.0 ], [ 110.1772547073, -7.5689038309, 0.0 ], [ 110.1772501209, -7.568920007, 0.0 ], [ 110.177310781, -7.5689333957, 0.0 ] ] ] ] } },
{ "type": "Feature", "properties": { "NAMOBJ": "Kerban", "FCODE": "BA03070040", "METADATA": "TASWIL1000020230928_DATA_BATAS_DESAKELURAHAN", "SRS_ID": "SRGI 2013", "KDCPUM": "33.08.11", "KDEPUM": "33.08.11.2002", "KDPKAB": "33.08", "KDPPUM": "33", "WADMKC": "Tempuran", "WADMKD": "Sumberarum", "WADMKK": "Magelang", "WADMPR": "Jawa Tengah", "DUSUN": "Kerban", "Toponimi": "Dusun Kerban", "Shape_Leng": 3646.39056914, "Shape_Le_1": 77.099788386200004, "KETERANGAN": "2", "KET_DETAIL": "Rumah", "Id": "107", "rumah_rt": "", "Shape_Length": 77.099754670959669, "Shape_Area": 276.24167174582362 }, "geometry": { "type": "MultiPolygon", "coordinates": [ [ [ [ 110.177503221, -7.5689361232, 0.0 ], [ 110.1775004375, -7.5689623045, 0.0 ], [ 110.1775058973, -7.5689659518, 0.0 ], [ 110.1775056944, -7.5689768622, 0.0 ], [ 110.1775086077, -7.5689783221, 0.0 ], [ 110.1775290079, -7.5689839982, 0.0 ], [ 110.1775306404, -7.56898782, 0.0 ], [ 110.177548124, -7.5689938533, 0.0 ], [ 110.1775420525, -7.5690245744, 0.0 ], [ 110.1775258419, -7.5690198161, 0.0 ], [ 110.177522133, -7.5690536322, 0.0 ], [ 110.177520453, -7.5690749052, 0.0 ], [ 110.1775155158, -7.5690834433, 0.0 ], [ 110.1775125736, -7.5690972582, 0.0 ], [ 110.1775100205, -7.569098526, 0.0 ], [ 110.1775087332, -7.569104343, 0.0 ], [ 110.1775079621, -7.5691267085, 0.0 ], [ 110.1774720667, -7.5691237311, 0.0 ], [ 110.177474604, -7.5690925601, 0.0 ], [ 110.177470525, -7.5690911559, 0.0 ], [ 110.17746143, -7.5690896256, 0.0 ], [ 110.1774576402, -7.5690910855, 0.0 ], [ 110.1773681426, -7.5690797507, 0.0 ], [ 110.1773749435, -7.5690218957, 0.0 ], [ 110.1773799355, -7.5689844441, 0.0 ], [ 110.1773860342, -7.5689393572, 0.0 ], [ 110.1774674792, -7.56894824, 0.0 ], [ 110.1774684184, -7.5689333296, 0.0 ], [ 110.177503221, -7.5689361232, 0.0 ] ] ] ] } },
{ "type": "Feature", "properties": { "NAMOBJ": "Kerban", "FCODE": "BA03070040", "METADATA": "TASWIL1000020230928_DATA_BATAS_DESAKELURAHAN", "SRS_ID": "SRGI 2013", "KDCPUM": "33.08.11", "KDEPUM": "33.08.11.2002", "KDPKAB": "33.08", "KDPPUM": "33", "WADMKC": "Tempuran", "WADMKD": "Sumberarum", "WADMKK": "Magelang", "WADMPR": "Jawa Tengah", "DUSUN": "Kerban", "Toponimi": "Dusun Kerban", "Shape_Leng": 3646.39056914, "Shape_Le_1": 62.6719182362, "KETERANGAN": "2", "KET_DETAIL": "Rumah", "Id": "108", "rumah_rt": "", "Shape_Length": 62.671863144441744, "Shape_Area": 226.18907005983709 }, "geometry": { "type": "MultiPolygon", "coordinates": [ [ [ [ 110.1777260611, -7.5689563654, 0.0 ], [ 110.1777210109, -7.5690245484, 0.0 ], [ 110.1777185883, -7.5690530939, 0.0 ], [ 110.1776952621, -7.5690526863, 0.0 ], [ 110.1776943236, -7.5690672322, 0.0 ], [ 110.1776926713, -7.5690734121, 0.0 ], [ 110.1776804624, -7.5690730255, 0.0 ], [ 110.1776644291, -7.5690708127, 0.0 ], [ 110.1776600563, -7.5690704409, 0.0 ], [ 110.17765841, -7.5690738929, 0.0 ], [ 110.1776573035, -7.5690804375, 0.0 ], [ 110.1776511077, -7.5690806076, 0.0 ], [ 110.1776285093, -7.5690807468, 0.0 ], [ 110.1776175768, -7.5690798171, 0.0 ], [ 110.1775691058, -7.5690771795, 0.0 ], [ 110.1775624691, -7.5690771272, 0.0 ], [ 110.1775657532, -7.5690191642, 0.0 ], [ 110.1775689424, -7.5689711621, 0.0 ], [ 110.1775917199, -7.5689726594, 0.0 ], [ 110.1775928613, -7.5689472031, 0.0 ], [ 110.1776285769, -7.5689489076, 0.0 ], [ 110.1777260611, -7.5689563654, 0.0 ] ] ] ] } },
{ "type": "Feature", "properties": { "NAMOBJ": "Kerban", "FCODE": "BA03070040", "METADATA": "TASWIL1000020230928_DATA_BATAS_DESAKELURAHAN", "SRS_ID": "SRGI 2013", "KDCPUM": "33.08.11", "KDEPUM": "33.08.11.2002", "KDPKAB": "33.08", "KDPPUM": "33", "WADMKC": "Tempuran", "WADMKD": "Sumberarum", "WADMKK": "Magelang", "WADMPR": "Jawa Tengah", "DUSUN": "Kerban", "Toponimi": "Dusun Kerban", "Shape_Leng": 3646.39056914, "Shape_Le_1": 52.717982620299999, "KETERANGAN": "1", "KET_DETAIL": "Pembuatan Batu Bata", "Id": "109", "rumah_rt": " ", "Shape_Length": 52.717976373071934, "Shape_Area": 142.66459143578018 }, "geometry": { "type": "MultiPolygon", "coordinates": [ [ [ [ 110.1773608798, -7.5694233882, 0.0 ], [ 110.1774188065, -7.5694365908, 0.0 ], [ 110.1774226486, -7.569428597, 0.0 ], [ 110.1774787486, -7.5694443414, 0.0 ], [ 110.1774635145, -7.5695015953, 0.0 ], [ 110.1774556796, -7.5695004889, 0.0 ], [ 110.1774483522, -7.5695204786, 0.0 ], [ 110.1774037215, -7.5695113016, 0.0 ], [ 110.1773978747, -7.5695191107, 0.0 ], [ 110.1773073656, -7.5694918795, 0.0 ], [ 110.1773183688, -7.5694493127, 0.0 ], [ 110.1773220188, -7.5694465917, 0.0 ], [ 110.1773245884, -7.5694365948, 0.0 ], [ 110.1773537304, -7.5694455607, 0.0 ], [ 110.1773608798, -7.5694233882, 0.0 ] ] ] ] } },
{ "type": "Feature", "properties": { "NAMOBJ": "Kerban", "FCODE": "BA03070040", "METADATA": "TASWIL1000020230928_DATA_BATAS_DESAKELURAHAN", "SRS_ID": "SRGI 2013", "KDCPUM": "33.08.11", "KDEPUM": "33.08.11.2002", "KDPKAB": "33.08", "KDPPUM": "33", "WADMKC": "Tempuran", "WADMKD": "Sumberarum", "WADMKK": "Magelang", "WADMPR": "Jawa Tengah", "DUSUN": "Kerban", "Toponimi": "Dusun Kerban", "Shape_Leng": 3646.39056914, "Shape_Le_1": 80.316548308400002, "KETERANGAN": "2", "KET_DETAIL": "Rumah", "Id": "110", "rumah_rt": "", "Shape_Length": 80.316490928421999, "Shape_Area": 251.56521292560669 }, "geometry": { "type": "MultiPolygon", "coordinates": [ [ [ [ 110.1775939719, -7.568745718, 0.0 ], [ 110.1775886447, -7.5687802022, 0.0 ], [ 110.177595758, -7.5687827726, 0.0 ], [ 110.1775845791, -7.5688219627, 0.0 ], [ 110.1775694941, -7.5688182403, 0.0 ], [ 110.1775603218, -7.5688503303, 0.0 ], [ 110.1775833724, -7.5688574777, 0.0 ], [ 110.1775793461, -7.5688784966, 0.0 ], [ 110.1775969925, -7.5688827918, 0.0 ], [ 110.1775929721, -7.5689006848, 0.0 ], [ 110.1775810127, -7.5689006623, 0.0 ], [ 110.1775727476, -7.5689046246, 0.0 ], [ 110.1775673264, -7.5689102972, 0.0 ], [ 110.1775590212, -7.5689397171, 0.0 ], [ 110.177500514, -7.568921934, 0.0 ], [ 110.1775091323, -7.5688937638, 0.0 ], [ 110.1774559512, -7.5688774796, 0.0 ], [ 110.177433906, -7.568872163, 0.0 ], [ 110.1774487736, -7.5688174554, 0.0 ], [ 110.1774603192, -7.5687832904, 0.0 ], [ 110.1774647232, -7.5687676593, 0.0 ], [ 110.1774843837, -7.5687748563, 0.0 ], [ 110.1774853075, -7.5687718814, 0.0 ], [ 110.177491175, -7.5687531615, 0.0 ], [ 110.177508628, -7.5687571362, 0.0 ], [ 110.1775114144, -7.5687475629, 0.0 ], [ 110.1775516649, -7.5687601859, 0.0 ], [ 110.1775579064, -7.5687363754, 0.0 ], [ 110.1775939719, -7.568745718, 0.0 ] ] ] ] } },
{ "type": "Feature", "properties": { "NAMOBJ": "Kerban", "FCODE": "BA03070040", "METADATA": "TASWIL1000020230928_DATA_BATAS_DESAKELURAHAN", "SRS_ID": "SRGI 2013", "KDCPUM": "33.08.11", "KDEPUM": "33.08.11.2002", "KDPKAB": "33.08", "KDPPUM": "33", "WADMKC": "Tempuran", "WADMKD": "Sumberarum", "WADMKK": "Magelang", "WADMPR": "Jawa Tengah", "DUSUN": "Kerban", "Toponimi": "Dusun Kerban", "Shape_Leng": 3646.39056914, "Shape_Le_1": 78.862401396899998, "KETERANGAN": "2", "KET_DETAIL": "Rumah", "Id": "111", "rumah_rt": "", "Shape_Length": 78.862360712442836, "Shape_Area": 211.07210485892909 }, "geometry": { "type": "MultiPolygon", "coordinates": [ [ [ [ 110.1775114144, -7.5687475629, 0.0 ], [ 110.177508628, -7.5687571362, 0.0 ], [ 110.177491175, -7.5687531615, 0.0 ], [ 110.1774853075, -7.5687718814, 0.0 ], [ 110.1774843837, -7.5687748563, 0.0 ], [ 110.1774647232, -7.5687676593, 0.0 ], [ 110.1774603192, -7.5687832904, 0.0 ], [ 110.1774487736, -7.5688174554, 0.0 ], [ 110.1774339087, -7.5688721639, 0.0 ], [ 110.1773805429, -7.5688562429, 0.0 ], [ 110.1773752189, -7.5688765991, 0.0 ], [ 110.1773362419, -7.5688658979, 0.0 ], [ 110.1773434006, -7.5688416242, 0.0 ], [ 110.1773605415, -7.5687902846, 0.0 ], [ 110.1773694312, -7.568757626, 0.0 ], [ 110.1773774488, -7.5687340577, 0.0 ], [ 110.1773861052, -7.5687096837, 0.0 ], [ 110.1774139733, -7.5687173738, 0.0 ], [ 110.1774255237, -7.5686806627, 0.0 ], [ 110.1774606761, -7.5686910944, 0.0 ], [ 110.1774494873, -7.5687292606, 0.0 ], [ 110.1774687954, -7.5687343892, 0.0 ], [ 110.1774743865, -7.5687151307, 0.0 ], [ 110.1774923377, -7.5687202857, 0.0 ], [ 110.1774932744, -7.5687186585, 0.0 ], [ 110.1774999849, -7.5687204458, 0.0 ], [ 110.1774977832, -7.5687280791, 0.0 ], [ 110.1775150863, -7.568733204, 0.0 ], [ 110.1775114144, -7.5687475629, 0.0 ] ] ] ] } },
{ "type": "Feature", "properties": { "NAMOBJ": "Kerban", "FCODE": "BA03070040", "METADATA": "TASWIL1000020230928_DATA_BATAS_DESAKELURAHAN", "SRS_ID": "SRGI 2013", "KDCPUM": "33.08.11", "KDEPUM": "33.08.11.2002", "KDPKAB": "33.08", "KDPPUM": "33", "WADMKC": "Tempuran", "WADMKD": "Sumberarum", "WADMKK": "Magelang", "WADMPR": "Jawa Tengah", "DUSUN": "Kerban", "Toponimi": "Dusun Kerban", "Shape_Leng": 3646.39056914, "Shape_Le_1": 51.698002670199998, "KETERANGAN": "2", "KET_DETAIL": "Rumah", "Id": "112", "rumah_rt": "", "Shape_Length": 51.698080759525524, "Shape_Area": 159.04830117135086 }, "geometry": { "type": "MultiPolygon", "coordinates": [ [ [ [ 110.1773668963, -7.5687411407, 0.0 ], [ 110.1773741819, -7.5687436598, 0.0 ], [ 110.1773724583, -7.568748728, 0.0 ], [ 110.1773694312, -7.568757626, 0.0 ], [ 110.1773605415, -7.5687902846, 0.0 ], [ 110.1773434006, -7.5688416242, 0.0 ], [ 110.1773424592, -7.5688448152, 0.0 ], [ 110.1772432135, -7.5688145222, 0.0 ], [ 110.1772258488, -7.5688089097, 0.0 ], [ 110.1772271899, -7.5688072181, 0.0 ], [ 110.177232693, -7.5687884975, 0.0 ], [ 110.1772374636, -7.5687712309, 0.0 ], [ 110.1772347328, -7.568770135, 0.0 ], [ 110.1772435305, -7.5687434205, 0.0 ], [ 110.1772513631, -7.5687452533, 0.0 ], [ 110.1772594257, -7.5687223561, 0.0 ], [ 110.1772662486, -7.5687041066, 0.0 ], [ 110.177346326, -7.5687367042, 0.0 ], [ 110.1773485188, -7.5687337987, 0.0 ], [ 110.1773668963, -7.5687411407, 0.0 ] ] ] ] } },
{ "type": "Feature", "properties": { "NAMOBJ": "Kerban", "FCODE": "BA03070040", "METADATA": "TASWIL1000020230928_DATA_BATAS_DESAKELURAHAN", "SRS_ID": "SRGI 2013", "KDCPUM": "33.08.11", "KDEPUM": "33.08.11.2002", "KDPKAB": "33.08", "KDPPUM": "33", "WADMKC": "Tempuran", "WADMKD": "Sumberarum", "WADMKK": "Magelang", "WADMPR": "Jawa Tengah", "DUSUN": "Kerban", "Toponimi": "Dusun Kerban", "Shape_Leng": 3646.39056914, "Shape_Le_1": 47.998875992099997, "KETERANGAN": "2", "KET_DETAIL": "Rumah", "Id": "113", "rumah_rt": "", "Shape_Length": 47.998849225452787, "Shape_Area": 114.67428559442854 }, "geometry": { "type": "MultiPolygon", "coordinates": [ [ [ [ 110.1772887887, -7.5686381363, 0.0 ], [ 110.1773616327, -7.5686655512, 0.0 ], [ 110.177372788, -7.5686388629, 0.0 ], [ 110.1773992441, -7.5686516995, 0.0 ], [ 110.1774083435, -7.5686542139, 0.0 ], [ 110.1773861043, -7.5687096855, 0.0 ], [ 110.1773774488, -7.5687340577, 0.0 ], [ 110.1773741819, -7.5687436598, 0.0 ], [ 110.1773668972, -7.5687411407, 0.0 ], [ 110.1773485188, -7.5687337987, 0.0 ], [ 110.177346326, -7.5687367042, 0.0 ], [ 110.1772606539, -7.5687018294, 0.0 ], [ 110.1772887887, -7.5686381363, 0.0 ] ] ] ] } },
{ "type": "Feature", "properties": { "NAMOBJ": "Kerban", "FCODE": "BA03070040", "METADATA": "TASWIL1000020230928_DATA_BATAS_DESAKELURAHAN", "SRS_ID": "SRGI 2013", "KDCPUM": "33.08.11", "KDEPUM": "33.08.11.2002", "KDPKAB": "33.08", "KDPPUM": "33", "WADMKC": "Tempuran", "WADMKD": "Sumberarum", "WADMKK": "Magelang", "WADMPR": "Jawa Tengah", "DUSUN": "Kerban", "Toponimi": "Dusun Kerban", "Shape_Leng": 3646.39056914, "Shape_Le_1": 72.487461313500006, "KETERANGAN": "2", "KET_DETAIL": "Rumah", "Id": "114", "rumah_rt": "RT02", "Shape_Length": 72.487470093376444, "Shape_Area": 268.0666047332532 }, "geometry": { "type": "MultiPolygon", "coordinates": [ [ [ [ 110.1775083683, -7.5684675003, 0.0 ], [ 110.1774928307, -7.5685524272, 0.0 ], [ 110.1774804537, -7.5686225864, 0.0 ], [ 110.1774406058, -7.5686137024, 0.0 ], [ 110.1774434861, -7.5685966601, 0.0 ], [ 110.1773953844, -7.5685857716, 0.0 ], [ 110.1773930771, -7.5686008269, 0.0 ], [ 110.1773458226, -7.568593918, 0.0 ], [ 110.1773559024, -7.5685339842, 0.0 ], [ 110.1773351845, -7.5685299609, 0.0 ], [ 110.1773446124, -7.5684868421, 0.0 ], [ 110.1773488032, -7.5684875772, 0.0 ], [ 110.1773597792, -7.5684416474, 0.0 ], [ 110.1775083683, -7.5684675003, 0.0 ] ] ] ] } },
{ "type": "Feature", "properties": { "NAMOBJ": "Kerban", "FCODE": "BA03070040", "METADATA": "TASWIL1000020230928_DATA_BATAS_DESAKELURAHAN", "SRS_ID": "SRGI 2013", "KDCPUM": "33.08.11", "KDEPUM": "33.08.11.2002", "KDPKAB": "33.08", "KDPPUM": "33", "WADMKC": "Tempuran", "WADMKD": "Sumberarum", "WADMKK": "Magelang", "WADMPR": "Jawa Tengah", "DUSUN": "Kerban", "Toponimi": "Dusun Kerban", "Shape_Leng": 3646.39056914, "Shape_Le_1": 41.978173730999998, "KETERANGAN": "1", "KET_DETAIL": "Rumah", "Id": "115", "rumah_rt": "", "Shape_Length": 41.978127646252084, "Shape_Area": 106.62493578053576 }, "geometry": { "type": "MultiPolygon", "coordinates": [ [ [ [ 110.1771842475, -7.5685080878, 0.0 ], [ 110.1771818694, -7.5685609332, 0.0 ], [ 110.1771004423, -7.5685550966, 0.0 ], [ 110.1771106159, -7.5684457231, 0.0 ], [ 110.1771892404, -7.5684514938, 0.0 ], [ 110.1771842475, -7.5685080878, 0.0 ] ] ] ] } },
{ "type": "Feature", "properties": { "NAMOBJ": "Kerban", "FCODE": "BA03070040", "METADATA": "TASWIL1000020230928_DATA_BATAS_DESAKELURAHAN", "SRS_ID": "SRGI 2013", "KDCPUM": "33.08.11", "KDEPUM": "33.08.11.2002", "KDPKAB": "33.08", "KDPPUM": "33", "WADMKC": "Tempuran", "WADMKD": "Sumberarum", "WADMKK": "Magelang", "WADMPR": "Jawa Tengah", "DUSUN": "Kerban", "Toponimi": "Dusun Kerban", "Shape_Leng": 3646.39056914, "Shape_Le_1": 40.769439214099997, "KETERANGAN": "2", "KET_DETAIL": "Rumah", "Id": "116", "rumah_rt": "", "Shape_Length": 40.769495799579197, "Shape_Area": 103.71382706851034 }, "geometry": { "type": "MultiPolygon", "coordinates": [ [ [ [ 110.1774260995, -7.5683051025, 0.0 ], [ 110.1774176621, -7.5683999885, 0.0 ], [ 110.1773289404, -7.5683896638, 0.0 ], [ 110.1773378471, -7.5682944231, 0.0 ], [ 110.1774260995, -7.5683051025, 0.0 ] ] ] ] } },
{ "type": "Feature", "properties": { "NAMOBJ": "Kerban", "FCODE": "BA03070040", "METADATA": "TASWIL1000020230928_DATA_BATAS_DESAKELURAHAN", "SRS_ID": "SRGI 2013", "KDCPUM": "33.08.11", "KDEPUM": "33.08.11.2002", "KDPKAB": "33.08", "KDPPUM": "33", "WADMKC": "Tempuran", "WADMKD": "Sumberarum", "WADMKK": "Magelang", "WADMPR": "Jawa Tengah", "DUSUN": "Kerban", "Toponimi": "Dusun Kerban", "Shape_Leng": 3646.39056914, "Shape_Le_1": 53.241749877700002, "KETERANGAN": "2", "KET_DETAIL": "Rumah", "Id": "117", "rumah_rt": "", "Shape_Length": 53.241768979259945, "Shape_Area": 137.85644345608009 }, "geometry": { "type": "MultiPolygon", "coordinates": [ [ [ [ 110.1772843291, -7.5682866503, 0.0 ], [ 110.1772776983, -7.5683298268, 0.0 ], [ 110.1772438225, -7.5683249321, 0.0 ], [ 110.177241521, -7.5683374295, 0.0 ], [ 110.177255182, -7.5683411492, 0.0 ], [ 110.1772502939, -7.5683658604, 0.0 ], [ 110.177234922, -7.5683638424, 0.0 ], [ 110.1772286162, -7.568385709, 0.0 ], [ 110.1771444365, -7.5683706913, 0.0 ], [ 110.1771630638, -7.5682668158, 0.0 ], [ 110.1772843291, -7.5682866503, 0.0 ] ] ] ] } },
{ "type": "Feature", "properties": { "NAMOBJ": "Kerban", "FCODE": "BA03070040", "METADATA": "TASWIL1000020230928_DATA_BATAS_DESAKELURAHAN", "SRS_ID": "SRGI 2013", "KDCPUM": "33.08.11", "KDEPUM": "33.08.11.2002", "KDPKAB": "33.08", "KDPPUM": "33", "WADMKC": "Tempuran", "WADMKD": "Sumberarum", "WADMKK": "Magelang", "WADMPR": "Jawa Tengah", "DUSUN": "Kerban", "Toponimi": "Dusun Kerban", "Shape_Leng": 3646.39056914, "Shape_Le_1": 48.215611097, "KETERANGAN": "2", "KET_DETAIL": "Rumah", "Id": "118", "rumah_rt": "", "Shape_Length": 48.21550694447113, "Shape_Area": 128.77987576619074 }, "geometry": { "type": "MultiPolygon", "coordinates": [ [ [ [ 110.1771016034, -7.5682434003, 0.0 ], [ 110.1770803168, -7.5683567308, 0.0 ], [ 110.1770028881, -7.5683446508, 0.0 ], [ 110.1770325321, -7.5682045047, 0.0 ], [ 110.1770754628, -7.5682123806, 0.0 ], [ 110.1770797597, -7.5682131394, 0.0 ], [ 110.1770777699, -7.5682222954, 0.0 ], [ 110.1770994468, -7.5682272458, 0.0 ], [ 110.1770972966, -7.5682426216, 0.0 ], [ 110.1771016034, -7.5682434003, 0.0 ] ] ] ] } },
{ "type": "Feature", "properties": { "NAMOBJ": "Kerban", "FCODE": "BA03070040", "METADATA": "TASWIL1000020230928_DATA_BATAS_DESAKELURAHAN", "SRS_ID": "SRGI 2013", "KDCPUM": "33.08.11", "KDEPUM": "33.08.11.2002", "KDPKAB": "33.08", "KDPPUM": "33", "WADMKC": "Tempuran", "WADMKD": "Sumberarum", "WADMKK": "Magelang", "WADMPR": "Jawa Tengah", "DUSUN": "Kerban", "Toponimi": "Dusun Kerban", "Shape_Leng": 3646.39056914, "Shape_Le_1": 76.276913356700007, "KETERANGAN": "2", "KET_DETAIL": "Rumah", "Id": "119", "rumah_rt": "", "Shape_Length": 76.2768610928849, "Shape_Area": 277.33796510369342 }, "geometry": { "type": "MultiPolygon", "coordinates": [ [ [ [ 110.1771004351, -7.5682496029, 0.0 ], [ 110.1771016034, -7.5682434003, 0.0 ], [ 110.1770972966, -7.5682426216, 0.0 ], [ 110.1770994468, -7.5682272458, 0.0 ], [ 110.1770777699, -7.5682222954, 0.0 ], [ 110.1770878814, -7.5681757616, 0.0 ], [ 110.1771027849, -7.568100686, 0.0 ], [ 110.1771108756, -7.568062514, 0.0 ], [ 110.1771077798, -7.5680612346, 0.0 ], [ 110.1771127456, -7.5680376035, 0.0 ], [ 110.1771122061, -7.5680334202, 0.0 ], [ 110.1771186408, -7.5680037915, 0.0 ], [ 110.1772108208, -7.5680210593, 0.0 ], [ 110.1771957268, -7.5681004978, 0.0 ], [ 110.1772082958, -7.5681036131, 0.0 ], [ 110.1772040924, -7.56810997, 0.0 ], [ 110.1771965826, -7.5681295957, 0.0 ], [ 110.1771791305, -7.5682035748, 0.0 ], [ 110.1771750815, -7.5682241152, 0.0 ], [ 110.1771735933, -7.5682402973, 0.0 ], [ 110.1771670309, -7.5682411939, 0.0 ], [ 110.1771640867, -7.5682560996, 0.0 ], [ 110.1771617133, -7.5682586413, 0.0 ], [ 110.1771407597, -7.5682566019, 0.0 ], [ 110.1771183496, -7.5682534681, 0.0 ], [ 110.1771004351, -7.5682496029, 0.0 ] ] ] ] } },
{ "type": "Feature", "properties": { "NAMOBJ": "Kerban", "FCODE": "BA03070040", "METADATA": "TASWIL1000020230928_DATA_BATAS_DESAKELURAHAN", "SRS_ID": "SRGI 2013", "KDCPUM": "33.08.11", "KDEPUM": "33.08.11.2002", "KDPKAB": "33.08", "KDPPUM": "33", "WADMKC": "Tempuran", "WADMKD": "Sumberarum", "WADMKK": "Magelang", "WADMPR": "Jawa Tengah", "DUSUN": "Kerban", "Toponimi": "Dusun Kerban", "Shape_Leng": 3646.39056914, "Shape_Le_1": 57.468440207100002, "KETERANGAN": "2", "KET_DETAIL": "Rumah", "Id": "120", "rumah_rt": "", "Shape_Length": 57.468438515725005, "Shape_Area": 150.12878000878302 }, "geometry": { "type": "MultiPolygon", "coordinates": [ [ [ [ 110.1771737803, -7.5682382318, 0.0 ], [ 110.1771750815, -7.5682241152, 0.0 ], [ 110.1771791305, -7.5682035748, 0.0 ], [ 110.1771965826, -7.5681295957, 0.0 ], [ 110.1772040924, -7.56810997, 0.0 ], [ 110.1772082931, -7.5681036121, 0.0 ], [ 110.1772401699, -7.5681129478, 0.0 ], [ 110.1772344777, -7.568135304, 0.0 ], [ 110.1773190043, -7.5681523755, 0.0 ], [ 110.177309801, -7.5682003663, 0.0 ], [ 110.1772813829, -7.5681944933, 0.0 ], [ 110.1772690831, -7.5682421137, 0.0 ], [ 110.1772168029, -7.5682301952, 0.0 ], [ 110.1772160466, -7.5682447415, 0.0 ], [ 110.1772022012, -7.5682421693, 0.0 ], [ 110.1771852584, -7.5682392285, 0.0 ], [ 110.1771737803, -7.5682382318, 0.0 ] ] ] ] } },
{ "type": "Feature", "properties": { "NAMOBJ": "Kerban", "FCODE": "BA03070040", "METADATA": "TASWIL1000020230928_DATA_BATAS_DESAKELURAHAN", "SRS_ID": "SRGI 2013", "KDCPUM": "33.08.11", "KDEPUM": "33.08.11.2002", "KDPKAB": "33.08", "KDPPUM": "33", "WADMKC": "Tempuran", "WADMKD": "Sumberarum", "WADMKK": "Magelang", "WADMPR": "Jawa Tengah", "DUSUN": "Kerban", "Toponimi": "Dusun Kerban", "Shape_Leng": 3646.39056914, "Shape_Le_1": 58.9927252787, "KETERANGAN": "2", "KET_DETAIL": "Rumah", "Id": "121", "rumah_rt": "", "Shape_Length": 72.656384552461219, "Shape_Area": 218.25719410419626 }, "geometry": { "type": "MultiPolygon", "coordinates": [ [ [ [ 110.1766730966, -7.5681114548, 0.0 ], [ 110.1766691791, -7.5681247939, 0.0 ], [ 110.1766682759, -7.568127872, 0.0 ], [ 110.176659982, -7.5681771353, 0.0 ], [ 110.1766432677, -7.5682458426, 0.0 ], [ 110.1766324201, -7.5682961937, 0.0 ], [ 110.1766303923, -7.5683081914, 0.0 ], [ 110.1766278334, -7.5683125516, 0.0 ], [ 110.176595046, -7.5683039423, 0.0 ], [ 110.1765948587, -7.5683066699, 0.0 ], [ 110.1765559058, -7.5682971083, 0.0 ], [ 110.1765689269, -7.5682391555, 0.0 ], [ 110.1765953924, -7.5681213686, 0.0 ], [ 110.1766035725, -7.5681225381, 0.0 ], [ 110.1766060048, -7.5681113543, 0.0 ], [ 110.1766114853, -7.5680921208, 0.0 ], [ 110.1766085817, -7.5680855687, 0.0 ], [ 110.176618125, -7.5680504901, 0.0 ], [ 110.1766592971, -7.5680574781, 0.0 ], [ 110.1766563518, -7.5680729301, 0.0 ], [ 110.176671463, -7.5680800507, 0.0 ], [ 110.1766774686, -7.5680812035, 0.0 ], [ 110.176673578, -7.568103309, 0.0 ], [ 110.1766730966, -7.5681114548, 0.0 ] ] ] ] } },
{ "type": "Feature", "properties": { "NAMOBJ": "Kerban", "FCODE": "BA03070040", "METADATA": "TASWIL1000020230928_DATA_BATAS_DESAKELURAHAN", "SRS_ID": "SRGI 2013", "KDCPUM": "33.08.11", "KDEPUM": "33.08.11.2002", "KDPKAB": "33.08", "KDPPUM": "33", "WADMKC": "Tempuran", "WADMKD": "Sumberarum", "WADMKK": "Magelang", "WADMPR": "Jawa Tengah", "DUSUN": "Kerban", "Toponimi": "Dusun Kerban", "Shape_Leng": 3646.39056914, "Shape_Le_1": 75.672089624799995, "KETERANGAN": "2", "KET_DETAIL": "Rumah", "Id": "122", "rumah_rt": "", "Shape_Length": 75.672014857985388, "Shape_Area": 246.86920551054871 }, "geometry": { "type": "MultiPolygon", "coordinates": [ [ [ [ 110.1766296076, -7.568309524, 0.0 ], [ 110.1766303923, -7.5683081914, 0.0 ], [ 110.1766324201, -7.5682961937, 0.0 ], [ 110.1766432677, -7.5682458426, 0.0 ], [ 110.176659982, -7.5681771353, 0.0 ], [ 110.176668275, -7.5681278729, 0.0 ], [ 110.1766730966, -7.5681114548, 0.0 ], [ 110.176673578, -7.568103309, 0.0 ], [ 110.1766774686, -7.5680812035, 0.0 ], [ 110.1767850811, -7.5681024722, 0.0 ], [ 110.1767783736, -7.5681335339, 0.0 ], [ 110.1767648498, -7.5681305987, 0.0 ], [ 110.176763184, -7.5681481696, 0.0 ], [ 110.1767601509, -7.5681482797, 0.0 ], [ 110.1767534292, -7.5681872556, 0.0 ], [ 110.1767460093, -7.5682134626, 0.0 ], [ 110.1767292147, -7.5682103059, 0.0 ], [ 110.1767027114, -7.5683241492, 0.0 ], [ 110.1766813961, -7.5683206538, 0.0 ], [ 110.1766296076, -7.568309524, 0.0 ] ] ] ] } },
{ "type": "Feature", "properties": { "NAMOBJ": "Kerban", "FCODE": "BA03070040", "METADATA": "TASWIL1000020230928_DATA_BATAS_DESAKELURAHAN", "SRS_ID": "SRGI 2013", "KDCPUM": "33.08.11", "KDEPUM": "33.08.11.2002", "KDPKAB": "33.08", "KDPPUM": "33", "WADMKC": "Tempuran", "WADMKD": "Sumberarum", "WADMKK": "Magelang", "WADMPR": "Jawa Tengah", "DUSUN": "Kerban", "Toponimi": "Dusun Kerban", "Shape_Leng": 3646.39056914, "Shape_Le_1": 34.124195883299997, "KETERANGAN": "2", "KET_DETAIL": "Rumah", "Id": "123", "rumah_rt": "", "Shape_Length": 34.124168452228041, "Shape_Area": 62.932005874413804 }, "geometry": { "type": "MultiPolygon", "coordinates": [ [ [ [ 110.1765967579, -7.5681139833, 0.0 ], [ 110.1765953915, -7.5681213713, 0.0 ], [ 110.1765900263, -7.5681452494, 0.0 ], [ 110.1765750096, -7.5682120949, 0.0 ], [ 110.1765214344, -7.5682010594, 0.0 ], [ 110.176527678, -7.5681761581, 0.0 ], [ 110.176531361, -7.5681559798, 0.0 ], [ 110.176541466, -7.5681129011, 0.0 ], [ 110.1765733466, -7.5681187808, 0.0 ], [ 110.176575186, -7.5681100551, 0.0 ], [ 110.1765886646, -7.5681124449, 0.0 ], [ 110.1765967579, -7.5681139833, 0.0 ] ] ] ] } },
{ "type": "Feature", "properties": { "NAMOBJ": "Kerban", "FCODE": "BA03070040", "METADATA": "TASWIL1000020230928_DATA_BATAS_DESAKELURAHAN", "SRS_ID": "SRGI 2013", "KDCPUM": "33.08.11", "KDEPUM": "33.08.11.2002", "KDPKAB": "33.08", "KDPPUM": "33", "WADMKC": "Tempuran", "WADMKD": "Sumberarum", "WADMKK": "Magelang", "WADMPR": "Jawa Tengah", "DUSUN": "Kerban", "Toponimi": "Dusun Kerban", "Shape_Leng": 3646.39056914, "Shape_Le_1": 59.949187523, "KETERANGAN": "1", "KET_DETAIL": "Gudang", "Id": "126", "rumah_rt": "", "Shape_Length": 59.949275903298712, "Shape_Area": 182.49987726214084 }, "geometry": { "type": "MultiPolygon", "coordinates": [ [ [ [ 110.17289199, -7.5702806504, 0.0 ], [ 110.1728574182, -7.5703422424, 0.0 ], [ 110.1726832184, -7.5702670505, 0.0 ], [ 110.1727089854, -7.5702158044, 0.0 ], [ 110.1727064378, -7.5702141625, 0.0 ], [ 110.1727163195, -7.5701929051, 0.0 ], [ 110.172753469, -7.5702069779, 0.0 ], [ 110.172757837, -7.5702098959, 0.0 ], [ 110.1727580119, -7.570213715, 0.0 ], [ 110.1728339426, -7.5702471368, 0.0 ], [ 110.17289199, -7.5702806504, 0.0 ] ] ] ] } },
{ "type": "Feature", "properties": { "NAMOBJ": "Kerban", "FCODE": "BA03070040", "METADATA": "TASWIL1000020230928_DATA_BATAS_DESAKELURAHAN", "SRS_ID": "SRGI 2013", "KDCPUM": "33.08.11", "KDEPUM": "33.08.11.2002", "KDPKAB": "33.08", "KDPPUM": "33", "WADMKC": "Tempuran", "WADMKD": "Sumberarum", "WADMKK": "Magelang", "WADMPR": "Jawa Tengah", "DUSUN": "Kerban", "Toponimi": "Dusun Kerban", "Shape_Leng": 3646.39056914, "Shape_Le_1": 58.483947656799998, "KETERANGAN": "1", "KET_DETAIL": "Gudang", "Id": "129", "rumah_rt": "", "Shape_Length": 58.483934855349972, "Shape_Area": 168.87102244186201 }, "geometry": { "type": "MultiPolygon", "coordinates": [ [ [ [ 110.1739378967, -7.5705496518, 0.0 ], [ 110.1739250019, -7.5706215156, 0.0 ], [ 110.1737362521, -7.5705994375, 0.0 ], [ 110.1737448424, -7.5705275321, 0.0 ], [ 110.1738760638, -7.5705437631, 0.0 ], [ 110.1739378967, -7.5705496518, 0.0 ] ] ] ] } },
{ "type": "Feature", "properties": { "NAMOBJ": "Kerban", "FCODE": "BA03070040", "METADATA": "TASWIL1000020230928_DATA_BATAS_DESAKELURAHAN", "SRS_ID": "SRGI 2013", "KDCPUM": "33.08.11", "KDEPUM": "33.08.11.2002", "KDPKAB": "33.08", "KDPPUM": "33", "WADMKC": "Tempuran", "WADMKD": "Sumberarum", "WADMKK": "Magelang", "WADMPR": "Jawa Tengah", "DUSUN": "Kerban", "Toponimi": "Dusun Kerban", "Shape_Leng": 3646.39056914, "Shape_Le_1": 73.8563673174, "KETERANGAN": "1", "KET_DETAIL": "Gudang", "Id": "130", "rumah_rt": "", "Shape_Length": 73.856388542836484, "Shape_Area": 280.61521132216791 }, "geometry": { "type": "MultiPolygon", "coordinates": [ [ [ [ 110.1744530632, -7.5651964223, 0.0 ], [ 110.1744011294, -7.5653663622, 0.0 ], [ 110.1742917299, -7.5653390758, 0.0 ], [ 110.1743330564, -7.5651331527, 0.0 ], [ 110.1743561867, -7.5651358602, 0.0 ], [ 110.174379752, -7.5651438959, 0.0 ], [ 110.1743725621, -7.565181175, 0.0 ], [ 110.1744530632, -7.5651964223, 0.0 ] ] ] ] } },
{ "type": "Feature", "properties": { "NAMOBJ": "Kerban", "FCODE": "BA03070040", "METADATA": "TASWIL1000020230928_DATA_BATAS_DESAKELURAHAN", "SRS_ID": "SRGI 2013", "KDCPUM": "33.08.11", "KDEPUM": "33.08.11.2002", "KDPKAB": "33.08", "KDPPUM": "33", "WADMKC": "Tempuran", "WADMKD": "Sumberarum", "WADMKK": "Magelang", "WADMPR": "Jawa Tengah", "DUSUN": "Kerban", "Toponimi": "Dusun Kerban", "Shape_Leng": 3646.39056914, "Shape_Le_1": 140.01638739399999, "KETERANGAN": "1", "KET_DETAIL": "Gudang", "Id": "132", "rumah_rt": "", "Shape_Length": 140.01641456111273, "Shape_Area": 1107.5437999155924 }, "geometry": { "type": "MultiPolygon", "coordinates": [ [ [ [ 110.1723766443, -7.5649616258, 0.0 ], [ 110.172358335, -7.5649971082, 0.0 ], [ 110.172288081, -7.5649747762, 0.0 ], [ 110.1721466838, -7.5649296681, 0.0 ], [ 110.1722235543, -7.564748677, 0.0 ], [ 110.1722985192, -7.5645458969, 0.0 ], [ 110.1724146187, -7.5645873806, 0.0 ], [ 110.1725098031, -7.5646166964, 0.0 ], [ 110.1723766443, -7.5649616258, 0.0 ] ] ] ] } },
{ "type": "Feature", "properties": { "NAMOBJ": "Kerban", "FCODE": "BA03070040", "METADATA": "TASWIL1000020230928_DATA_BATAS_DESAKELURAHAN", "SRS_ID": "SRGI 2013", "KDCPUM": "33.08.11", "KDEPUM": "33.08.11.2002", "KDPKAB": "33.08", "KDPPUM": "33", "WADMKC": "Tempuran", "WADMKD": "Sumberarum", "WADMKK": "Magelang", "WADMPR": "Jawa Tengah", "DUSUN": "Kerban", "Toponimi": "Dusun Kerban", "Shape_Leng": 3646.39056914, "Shape_Le_1": 62.547528608100002, "KETERANGAN": "1", "KET_DETAIL": "Gudang", "Id": "133", "rumah_rt": " ", "Shape_Length": 62.54755528088733, "Shape_Area": 200.5787006913917 }, "geometry": { "type": "MultiPolygon", "coordinates": [ [ [ [ 110.1716996152, -7.5644935038, 0.0 ], [ 110.1717724946, -7.5645188926, 0.0 ], [ 110.1717725666, -7.5645200839, 0.0 ], [ 110.1718689938, -7.5645522152, 0.0 ], [ 110.1718423558, -7.5646339967, 0.0 ], [ 110.1717476304, -7.5646021635, 0.0 ], [ 110.1717484559, -7.5645994372, 0.0 ], [ 110.1716719116, -7.5645722994, 0.0 ], [ 110.1716739183, -7.5645651994, 0.0 ], [ 110.171659113, -7.5645603621, 0.0 ], [ 110.1716787007, -7.5645009866, 0.0 ], [ 110.1716807262, -7.5644954786, 0.0 ], [ 110.1716965404, -7.5645012439, 0.0 ], [ 110.1716996152, -7.5644935038, 0.0 ] ] ] ] } },
{ "type": "Feature", "properties": { "NAMOBJ": "Kerban", "FCODE": "BA03070040", "METADATA": "TASWIL1000020230928_DATA_BATAS_DESAKELURAHAN", "SRS_ID": "SRGI 2013", "KDCPUM": "33.08.11", "KDEPUM": "33.08.11.2002", "KDPKAB": "33.08", "KDPPUM": "33", "WADMKC": "Tempuran", "WADMKD": "Sumberarum", "WADMKK": "Magelang", "WADMPR": "Jawa Tengah", "DUSUN": "Kerban", "Toponimi": "Dusun Kerban", "Shape_Leng": 3646.39056914, "Shape_Le_1": 56.297489134099997, "KETERANGAN": "1", "KET_DETAIL": "Rumah", "Id": "134", "rumah_rt": "", "Shape_Length": 56.29752440837138, "Shape_Area": 182.55986316156466 }, "geometry": { "type": "MultiPolygon", "coordinates": [ [ [ [ 110.1714938454, -7.5642781745, 0.0 ], [ 110.1715789095, -7.5642994304, 0.0 ], [ 110.1715722901, -7.5643306958, 0.0 ], [ 110.1715678814, -7.5643486902, 0.0 ], [ 110.1715552278, -7.5643904912, 0.0 ], [ 110.1715469714, -7.5644193891, 0.0 ], [ 110.1715451283, -7.5644304782, 0.0 ], [ 110.1715358371, -7.5644288243, 0.0 ], [ 110.1715303646, -7.5644319054, 0.0 ], [ 110.1715300637, -7.5644323653, 0.0 ], [ 110.1714451214, -7.5644090121, 0.0 ], [ 110.1714565004, -7.564366845, 0.0 ], [ 110.1714647622, -7.5643346738, 0.0 ], [ 110.1714501962, -7.5643279177, 0.0 ], [ 110.1714562862, -7.5642881049, 0.0 ], [ 110.1714604747, -7.5642895673, 0.0 ], [ 110.1714626737, -7.5642833893, 0.0 ], [ 110.1714856274, -7.5642874335, 0.0 ], [ 110.1714876456, -7.5642805271, 0.0 ], [ 110.171491107, -7.564281079, 0.0 ], [ 110.1714938454, -7.5642781745, 0.0 ] ] ] ] } },
{ "type": "Feature", "properties": { "NAMOBJ": "Kerban", "FCODE": "BA03070040", "METADATA": "TASWIL1000020230928_DATA_BATAS_DESAKELURAHAN", "SRS_ID": "SRGI 2013", "KDCPUM": "33.08.11", "KDEPUM": "33.08.11.2002", "KDPKAB": "33.08", "KDPPUM": "33", "WADMKC": "Tempuran", "WADMKD": "Sumberarum", "WADMKK": "Magelang", "WADMPR": "Jawa Tengah", "DUSUN": "Kerban", "Toponimi": "Dusun Kerban", "Shape_Leng": 3646.39056914, "Shape_Le_1": 36.865006489000002, "KETERANGAN": "1", "KET_DETAIL": "Rumah", "Id": "135", "rumah_rt": "", "Shape_Length": 36.865007506908988, "Shape_Area": 77.428255349479144 }, "geometry": { "type": "MultiPolygon", "coordinates": [ [ [ [ 110.1713406675, -7.5643852464, 0.0 ], [ 110.1712550862, -7.564389012, 0.0 ], [ 110.1712549151, -7.5643831922, 0.0 ], [ 110.1712365111, -7.5643822483, 0.0 ], [ 110.1712460552, -7.5643464426, 0.0 ], [ 110.171254439, -7.5643462767, 0.0 ], [ 110.1712557677, -7.5643182747, 0.0 ], [ 110.1713394145, -7.5643184336, 0.0 ], [ 110.1713406675, -7.5643852464, 0.0 ] ] ] ] } },
{ "type": "Feature", "properties": { "NAMOBJ": "Kerban", "FCODE": "BA03070040", "METADATA": "TASWIL1000020230928_DATA_BATAS_DESAKELURAHAN", "SRS_ID": "SRGI 2013", "KDCPUM": "33.08.11", "KDEPUM": "33.08.11.2002", "KDPKAB": "33.08", "KDPPUM": "33", "WADMKC": "Tempuran", "WADMKD": "Sumberarum", "WADMKK": "Magelang", "WADMPR": "Jawa Tengah", "DUSUN": "Kerban", "Toponimi": "Dusun Kerban", "Shape_Leng": 3646.39056914, "Shape_Le_1": 92.334202603700007, "KETERANGAN": "1", "KET_DETAIL": "Gudang", "Id": "137", "rumah_rt": "", "Shape_Length": 92.334184138974521, "Shape_Area": 523.68255932981197 }, "geometry": { "type": "MultiPolygon", "coordinates": [ [ [ [ 110.1717321774, -7.5648485233, 0.0 ], [ 110.1716958004, -7.5650260402, 0.0 ], [ 110.1714649855, -7.5649758778, 0.0 ], [ 110.1715008092, -7.5647976128, 0.0 ], [ 110.1717321774, -7.5648485233, 0.0 ] ] ] ] } },
{ "type": "Feature", "properties": { "NAMOBJ": "Kerban", "FCODE": "BA03070040", "METADATA": "TASWIL1000020230928_DATA_BATAS_DESAKELURAHAN", "SRS_ID": "SRGI 2013", "KDCPUM": "33.08.11", "KDEPUM": "33.08.11.2002", "KDPKAB": "33.08", "KDPPUM": "33", "WADMKC": "Tempuran", "WADMKD": "Sumberarum", "WADMKK": "Magelang", "WADMPR": "Jawa Tengah", "DUSUN": "Kerban", "Toponimi": "Dusun Kerban", "Shape_Leng": 3646.39056914, "Shape_Le_1": 170.798067256, "KETERANGAN": "1", "KET_DETAIL": "Pabrik", "Id": "141", "rumah_rt": " ", "Shape_Length": 439.25695898719584, "Shape_Area": 2341.3085065359605 }, "geometry": { "type": "MultiPolygon", "coordinates": [ [ [ [ 110.1716949359, -7.5655724018, 0.0 ], [ 110.171806406, -7.5656037096, 0.0 ], [ 110.1718091468, -7.5655995325, 0.0 ], [ 110.1718457572, -7.5656099673, 0.0 ], [ 110.1718473945, -7.5656112431, 0.0 ], [ 110.1718466602, -7.5656141514, 0.0 ], [ 110.1719517483, -7.5656472651, 0.0 ], [ 110.1719528474, -7.5656441756, 0.0 ], [ 110.1719703325, -7.5656493011, 0.0 ], [ 110.1719514482, -7.5657090931, 0.0 ], [ 110.1719454321, -7.5657101724, 0.0 ], [ 110.1718641964, -7.5656880148, 0.0 ], [ 110.171784058, -7.5656636768, 0.0 ], [ 110.1716782945, -7.5656338903, 0.0 ], [ 110.1716949359, -7.5655724018, 0.0 ] ] ], [ [ [ 110.1721562674, -7.565717483, 0.0 ], [ 110.1721403232, -7.5657641873, 0.0 ], [ 110.1721084459, -7.5657566712, 0.0 ], [ 110.1720895065, -7.5657499068, 0.0 ], [ 110.1720769359, -7.5657477013, 0.0 ], [ 110.1720577702, -7.5657416501, 0.0 ], [ 110.172064594, -7.5657215428, 0.0 ], [ 110.1720573677, -7.5657188518, 0.0 ], [ 110.1721377933, -7.5654661349, 0.0 ], [ 110.1721632139, -7.565419084, 0.0 ], [ 110.1722187367, -7.5654504673, 0.0 ], [ 110.1722185365, -7.5654599233, 0.0 ], [ 110.1722365664, -7.5654659587, 0.0 ], [ 110.1721810143, -7.5656415182, 0.0 ], [ 110.1721562674, -7.565717483, 0.0 ] ] ], [ [ [ 110.1715461948, -7.5652089697, 0.0 ], [ 110.1715476221, -7.5652247936, 0.0 ], [ 110.17154981, -7.5652244342, 0.0 ], [ 110.1715542411, -7.5652897254, 0.0 ], [ 110.1715261041, -7.5652915596, 0.0 ], [ 110.1715261596, -7.5652985848, 0.0 ], [ 110.171532021, -7.5653786064, 0.0 ], [ 110.1715294666, -7.5653800569, 0.0 ], [ 110.1715337104, -7.5654480756, 0.0 ], [ 110.1715266014, -7.5654489711, 0.0 ], [ 110.1715247556, -7.5654615155, 0.0 ], [ 110.1715258404, -7.5654658817, 0.0 ], [ 110.1715334945, -7.5654657144, 0.0 ], [ 110.1715361575, -7.5655028168, 0.0 ], [ 110.1715330966, -7.5655041686, 0.0 ], [ 110.1715318272, -7.5655043896, 0.0 ], [ 110.1715313726, -7.5655075174, 0.0 ], [ 110.171522639, -7.56550765, 0.0 ], [ 110.1715227199, -7.5655046708, 0.0 ], [ 110.1715142096, -7.5655051015, 0.0 ], [ 110.1714974118, -7.5655064842, 0.0 ], [ 110.1714882784, -7.5653812512, 0.0 ], [ 110.1714857277, -7.5653812464, 0.0 ], [ 110.1714814937, -7.5653010506, 0.0 ], [ 110.1714809179, -7.5652945037, 0.0 ], [ 110.1714891746, -7.5652939659, 0.0 ], [ 110.1714832823, -7.5652301263, 0.0 ], [ 110.1714863829, -7.5652288596, 0.0 ], [ 110.1714855244, -7.5652127482, 0.0 ], [ 110.1715461948, -7.5652089697, 0.0 ] ] ], [ [ [ 110.1719649401, -7.5653232377, 0.0 ], [ 110.1720593406, -7.565347335, 0.0 ], [ 110.1720615072, -7.5653462221, 0.0 ], [ 110.1720641193, -7.5653463754, 0.0 ], [ 110.1720645642, -7.5653478659, 0.0 ], [ 110.1721099221, -7.5653618069, 0.0 ], [ 110.1720945283, -7.5654098618, 0.0 ], [ 110.172053003, -7.5653966896, 0.0 ], [ 110.1719889937, -7.5655985127, 0.0 ], [ 110.1719871906, -7.5656048407, 0.0 ], [ 110.1719855474, -7.5656052102, 0.0 ], [ 110.1718893824, -7.5655752602, 0.0 ], [ 110.1718866147, -7.5655735871, 0.0 ], [ 110.1718847055, -7.565572773, 0.0 ], [ 110.1718802889, -7.5655839667, 0.0 ], [ 110.1718792832, -7.5655851569, 0.0 ], [ 110.1715535769, -7.5654815702, 0.0 ], [ 110.1715526854, -7.5654813107, 0.0 ], [ 110.1715703759, -7.5654295971, 0.0 ], [ 110.1716030189, -7.5653260127, 0.0 ], [ 110.1716213455, -7.5652682131, 0.0 ], [ 110.1715584151, -7.565244615, 0.0 ], [ 110.1715751952, -7.5651959315, 0.0 ], [ 110.1716387528, -7.5652186019, 0.0 ], [ 110.1719649401, -7.5653232377, 0.0 ] ] ] ] } },
{ "type": "Feature", "properties": { "NAMOBJ": "Kerban", "FCODE": "BA03070040", "METADATA": "TASWIL1000020230928_DATA_BATAS_DESAKELURAHAN", "SRS_ID": "SRGI 2013", "KDCPUM": "33.08.11", "KDEPUM": "33.08.11.2002", "KDPKAB": "33.08", "KDPPUM": "33", "WADMKC": "Tempuran", "WADMKD": "Sumberarum", "WADMKK": "Magelang", "WADMPR": "Jawa Tengah", "DUSUN": "Kerban", "Toponimi": "Dusun Kerban", "Shape_Leng": 3646.39056914, "Shape_Le_1": 62.6024772074, "KETERANGAN": "1", "KET_DETAIL": "Rumah", "Id": "144", "rumah_rt": "", "Shape_Length": 62.602529969121441, "Shape_Area": 194.38042181213231 }, "geometry": { "type": "MultiPolygon", "coordinates": [ [ [ [ 110.1719433011, -7.5659017223, 0.0 ], [ 110.1719404253, -7.5659167756, 0.0 ], [ 110.1719876586, -7.5659350508, 0.0 ], [ 110.1719762094, -7.5659659994, 0.0 ], [ 110.1719435663, -7.5660691795, 0.0 ], [ 110.171916521, -7.5660622614, 0.0 ], [ 110.1719108852, -7.5660820362, 0.0 ], [ 110.1718699656, -7.5660720662, 0.0 ], [ 110.1718715023, -7.5660614776, 0.0 ], [ 110.171844338, -7.5660556075, 0.0 ], [ 110.1718951028, -7.5659041489, 0.0 ], [ 110.1719153803, -7.5659099091, 0.0 ], [ 110.1719250992, -7.565890322, 0.0 ], [ 110.17193592, -7.5658903426, 0.0 ], [ 110.1719444545, -7.5658943367, 0.0 ], [ 110.1719433011, -7.5659017223, 0.0 ] ] ] ] } },
{ "type": "Feature", "properties": { "NAMOBJ": "Kerban", "FCODE": "BA03070040", "METADATA": "TASWIL1000020230928_DATA_BATAS_DESAKELURAHAN", "SRS_ID": "SRGI 2013", "KDCPUM": "33.08.11", "KDEPUM": "33.08.11.2002", "KDPKAB": "33.08", "KDPPUM": "33", "WADMKC": "Tempuran", "WADMKD": "Sumberarum", "WADMKK": "Magelang", "WADMPR": "Jawa Tengah", "DUSUN": "Kerban", "Toponimi": "Dusun Kerban", "Shape_Leng": 3646.39056914, "Shape_Le_1": 57.757634110600002, "KETERANGAN": "1", "KET_DETAIL": "Rumah", "Id": "145", "rumah_rt": "", "Shape_Length": 57.75758107485315, "Shape_Area": 168.76087972483722 }, "geometry": { "type": "MultiPolygon", "coordinates": [ [ [ [ 110.1716582983, -7.5661530033, 0.0 ], [ 110.1717165312, -7.5661650314, 0.0 ], [ 110.1716988466, -7.5662530554, 0.0 ], [ 110.1716959061, -7.5662640402, 0.0 ], [ 110.171670042, -7.5662575032, 0.0 ], [ 110.171663608, -7.5662908601, 0.0 ], [ 110.17166241, -7.566293109, 0.0 ], [ 110.171623336, -7.566284965, 0.0 ], [ 110.1715827101, -7.5662778537, 0.0 ], [ 110.1715877368, -7.5662513791, 0.0 ], [ 110.1715873281, -7.5662484822, 0.0 ], [ 110.1715695586, -7.5662465734, 0.0 ], [ 110.1715796444, -7.5662023779, 0.0 ], [ 110.1715946358, -7.5662042605, 0.0 ], [ 110.1715975571, -7.566203339, 0.0 ], [ 110.1716049221, -7.5661685268, 0.0 ], [ 110.1716335754, -7.5661740109, 0.0 ], [ 110.1716383849, -7.5661569379, 0.0 ], [ 110.1716537735, -7.5661596155, 0.0 ], [ 110.1716548433, -7.566155248, 0.0 ], [ 110.1716582983, -7.5661530033, 0.0 ] ] ] ] } },
{ "type": "Feature", "properties": { "NAMOBJ": "Kerban", "FCODE": "BA03070040", "METADATA": "TASWIL1000020230928_DATA_BATAS_DESAKELURAHAN", "SRS_ID": "SRGI 2013", "KDCPUM": "33.08.11", "KDEPUM": "33.08.11.2002", "KDPKAB": "33.08", "KDPPUM": "33", "WADMKC": "Tempuran", "WADMKD": "Sumberarum", "WADMKK": "Magelang", "WADMPR": "Jawa Tengah", "DUSUN": "Kerban", "Toponimi": "Dusun Kerban", "Shape_Leng": 3646.39056914, "Shape_Le_1": 27.065015915, "KETERANGAN": "1", "KET_DETAIL": "Rumah", "Id": "146", "rumah_rt": "", "Shape_Length": 27.065053570779291, "Shape_Area": 46.279453489668654 }, "geometry": { "type": "MultiPolygon", "coordinates": [ [ [ [ 110.1715871192, -7.5661793513, 0.0 ], [ 110.1715616402, -7.5661795679, 0.0 ], [ 110.171560582, -7.5661778447, 0.0 ], [ 110.1715246264, -7.566174333, 0.0 ], [ 110.1715245014, -7.5661704932, 0.0 ], [ 110.1715157781, -7.5661699692, 0.0 ], [ 110.1715187383, -7.5661306245, 0.0 ], [ 110.1715272451, -7.5661234898, 0.0 ], [ 110.1715325564, -7.5661217787, 0.0 ], [ 110.1715908059, -7.5661250677, 0.0 ], [ 110.1715871192, -7.5661793513, 0.0 ] ] ] ] } },
{ "type": "Feature", "properties": { "NAMOBJ": "Kerban", "FCODE": "BA03070040", "METADATA": "TASWIL1000020230928_DATA_BATAS_DESAKELURAHAN", "SRS_ID": "SRGI 2013", "KDCPUM": "33.08.11", "KDEPUM": "33.08.11.2002", "KDPKAB": "33.08", "KDPPUM": "33", "WADMKC": "Tempuran", "WADMKD": "Sumberarum", "WADMKK": "Magelang", "WADMPR": "Jawa Tengah", "DUSUN": "Kerban", "Toponimi": "Dusun Kerban", "Shape_Leng": 3646.39056914, "Shape_Le_1": 130.29426000199999, "KETERANGAN": "1", "KET_DETAIL": "Sekolah", "Id": "147", "rumah_rt": "", "Shape_Length": 130.29427294297614, "Shape_Area": 661.2791917714776 }, "geometry": { "type": "MultiPolygon", "coordinates": [ [ [ [ 110.1713962769, -7.5669327785, 0.0 ], [ 110.1712606263, -7.5669083927, 0.0 ], [ 110.1710149064, -7.5668642201, 0.0 ], [ 110.1710544602, -7.5666804368, 0.0 ], [ 110.1710547079, -7.5666793311, 0.0 ], [ 110.171148141, -7.5666974527, 0.0 ], [ 110.171147926, -7.5667013832, 0.0 ], [ 110.1711651309, -7.5667036916, 0.0 ], [ 110.1711521299, -7.5667802213, 0.0 ], [ 110.1712381538, -7.5667932122, 0.0 ], [ 110.1712417085, -7.5667777016, 0.0 ], [ 110.1714134448, -7.5668006717, 0.0 ], [ 110.1713962769, -7.5669327785, 0.0 ] ] ] ] } },
{ "type": "Feature", "properties": { "NAMOBJ": "Kerban", "FCODE": "BA03070040", "METADATA": "TASWIL1000020230928_DATA_BATAS_DESAKELURAHAN", "SRS_ID": "SRGI 2013", "KDCPUM": "33.08.11", "KDEPUM": "33.08.11.2002", "KDPKAB": "33.08", "KDPPUM": "33", "WADMKC": "Tempuran", "WADMKD": "Sumberarum", "WADMKK": "Magelang", "WADMPR": "Jawa Tengah", "DUSUN": "Kerban", "Toponimi": "Dusun Kerban", "Shape_Leng": 3646.39056914, "Shape_Le_1": 158.70624678300001, "KETERANGAN": "1", "KET_DETAIL": "Sekolah", "Id": "148", "rumah_rt": "", "Shape_Length": 158.70631708677362, "Shape_Area": 654.4062253507509 }, "geometry": { "type": "MultiPolygon", "coordinates": [ [ [ [ 110.1711518165, -7.5665014304, 0.0 ], [ 110.1711394168, -7.5664994116, 0.0 ], [ 110.1711888715, -7.5663060423, 0.0 ], [ 110.1711924464, -7.5663065312, 0.0 ], [ 110.1712237086, -7.5661785404, 0.0 ], [ 110.1712315997, -7.5661449033, 0.0 ], [ 110.1712357755, -7.566145889, 0.0 ], [ 110.1712647773, -7.5660301225, 0.0 ], [ 110.1714102686, -7.5660654748, 0.0 ], [ 110.1714069198, -7.5660899509, 0.0 ], [ 110.1714083244, -7.5660953678, 0.0 ], [ 110.1714135114, -7.5660970256, 0.0 ], [ 110.1714042308, -7.566139146, 0.0 ], [ 110.1714021021, -7.5661417315, 0.0 ], [ 110.1713870102, -7.5661384078, 0.0 ], [ 110.1713848784, -7.5661431116, 0.0 ], [ 110.1713815632, -7.5661494611, 0.0 ], [ 110.1713365199, -7.5661406653, 0.0 ], [ 110.1713028005, -7.5661323623, 0.0 ], [ 110.1712957241, -7.5661318776, 0.0 ], [ 110.1712926505, -7.5661351677, 0.0 ], [ 110.1712878885, -7.5661582293, 0.0 ], [ 110.1713227867, -7.5661672409, 0.0 ], [ 110.1713232455, -7.5661738327, 0.0 ], [ 110.1713020901, -7.566257127, 0.0 ], [ 110.171292107, -7.5662964213, 0.0 ], [ 110.1713248775, -7.5663075481, 0.0 ], [ 110.1713091875, -7.5663706077, 0.0 ], [ 110.1712815991, -7.5663632579, 0.0 ], [ 110.171276408, -7.5663637184, 0.0 ], [ 110.1712497697, -7.5664768999, 0.0 ], [ 110.1712397803, -7.5665194892, 0.0 ], [ 110.1712362336, -7.56652372, 0.0 ], [ 110.1711848285, -7.5665109107, 0.0 ], [ 110.1711518165, -7.5665014304, 0.0 ] ] ] ] } },
{ "type": "Feature", "properties": { "NAMOBJ": "Kerban", "FCODE": "BA03070040", "METADATA": "TASWIL1000020230928_DATA_BATAS_DESAKELURAHAN", "SRS_ID": "SRGI 2013", "KDCPUM": "33.08.11", "KDEPUM": "33.08.11.2002", "KDPKAB": "33.08", "KDPPUM": "33", "WADMKC": "Tempuran", "WADMKD": "Sumberarum", "WADMKK": "Magelang", "WADMPR": "Jawa Tengah", "DUSUN": "Kerban", "Toponimi": "Dusun Kerban", "Shape_Leng": 3646.39056914, "Shape_Le_1": 41.448283472, "KETERANGAN": "2", "KET_DETAIL": "Rumah", "Id": "149", "rumah_rt": "", "Shape_Length": 41.448241561225331, "Shape_Area": 107.67305314304528 }, "geometry": { "type": "MultiPolygon", "coordinates": [ [ [ [ 110.1769296399, -7.5701344393, 0.0 ], [ 110.1769276865, -7.5701396933, 0.0 ], [ 110.1769176996, -7.570173039, 0.0 ], [ 110.1769034283, -7.5702206168, 0.0 ], [ 110.176810207, -7.5701943989, 0.0 ], [ 110.1768184835, -7.5701614814, 0.0 ], [ 110.1768261496, -7.570134971, 0.0 ], [ 110.1768344146, -7.5701081633, 0.0 ], [ 110.1769281509, -7.5701338223, 0.0 ], [ 110.1769296399, -7.5701344393, 0.0 ] ] ] ] } },
{ "type": "Feature", "properties": { "NAMOBJ": "Kerban", "FCODE": "BA03070040", "METADATA": "TASWIL1000020230928_DATA_BATAS_DESAKELURAHAN", "SRS_ID": "SRGI 2013", "KDCPUM": "33.08.11", "KDEPUM": "33.08.11.2002", "KDPKAB": "33.08", "KDPPUM": "33", "WADMKC": "Tempuran", "WADMKD": "Sumberarum", "WADMKK": "Magelang", "WADMPR": "Jawa Tengah", "DUSUN": "Kerban", "Toponimi": "Dusun Kerban", "Shape_Leng": 3646.39056914, "Shape_Le_1": 45.634332622899997, "KETERANGAN": "2", "KET_DETAIL": "Rumah", "Id": "151", "rumah_rt": "", "Shape_Length": 45.63425866734179, "Shape_Area": 119.30527427358142 }, "geometry": { "type": "MultiPolygon", "coordinates": [ [ [ [ 110.1771144359, -7.5701981129, 0.0 ], [ 110.1770173198, -7.570180444, 0.0 ], [ 110.1770386343, -7.5700716144, 0.0 ], [ 110.1770754571, -7.5700792897, 0.0 ], [ 110.1770805924, -7.5700781344, 0.0 ], [ 110.1771081138, -7.5700851717, 0.0 ], [ 110.177104562, -7.5701126405, 0.0 ], [ 110.1771257858, -7.570118036, 0.0 ], [ 110.1771107107, -7.5701922837, 0.0 ], [ 110.1771144359, -7.5701981129, 0.0 ] ] ] ] } },
{ "type": "Feature", "properties": { "NAMOBJ": "Kerban", "FCODE": "BA03070040", "METADATA": "TASWIL1000020230928_DATA_BATAS_DESAKELURAHAN", "SRS_ID": "SRGI 2013", "KDCPUM": "33.08.11", "KDEPUM": "33.08.11.2002", "KDPKAB": "33.08", "KDPPUM": "33", "WADMKC": "Tempuran", "WADMKD": "Sumberarum", "WADMKK": "Magelang", "WADMPR": "Jawa Tengah", "DUSUN": "Kerban", "Toponimi": "Dusun Kerban", "Shape_Leng": 3646.39056914, "Shape_Le_1": 55.3512546969, "KETERANGAN": "1", "KET_DETAIL": "Rumah", "Id": "153", "rumah_rt": "", "Shape_Length": 55.351237379338862, "Shape_Area": 186.2749199700261 }, "geometry": { "type": "MultiPolygon", "coordinates": [ [ [ [ 110.1716334542, -7.5659810258, 0.0 ], [ 110.171627968, -7.5661052948, 0.0 ], [ 110.1715277787, -7.5660951046, 0.0 ], [ 110.1715027979, -7.5660917078, 0.0 ], [ 110.1715053758, -7.566042243, 0.0 ], [ 110.1715007477, -7.5660422342, 0.0 ], [ 110.1715020557, -7.5660122793, 0.0 ], [ 110.1715070586, -7.5660125384, 0.0 ], [ 110.1715093971, -7.5659750765, 0.0 ], [ 110.1716334542, -7.5659810258, 0.0 ] ] ] ] } },
{ "type": "Feature", "properties": { "NAMOBJ": "Kerban", "FCODE": "BA03070040", "METADATA": "TASWIL1000020230928_DATA_BATAS_DESAKELURAHAN", "SRS_ID": "SRGI 2013", "KDCPUM": "33.08.11", "KDEPUM": "33.08.11.2002", "KDPKAB": "33.08", "KDPPUM": "33", "WADMKC": "Tempuran", "WADMKD": "Sumberarum", "WADMKK": "Magelang", "WADMPR": "Jawa Tengah", "DUSUN": "Kerban", "Toponimi": "Dusun Kerban", "Shape_Leng": 3646.39056914, "Shape_Le_1": 78.428834385900004, "KETERANGAN": "1", "KET_DETAIL": "Rumah", "Id": "154", "rumah_rt": "", "Shape_Length": 78.428807903762561, "Shape_Area": 251.5271629736871 }, "geometry": { "type": "MultiPolygon", "coordinates": [ [ [ [ 110.1716334514, -7.5659810258, 0.0 ], [ 110.1715093971, -7.5659750792, 0.0 ], [ 110.1715093744, -7.5659736673, 0.0 ], [ 110.1715052919, -7.5659736595, 0.0 ], [ 110.1715083971, -7.565933871, 0.0 ], [ 110.1715356291, -7.5659341732, 0.0 ], [ 110.1715356207, -7.5659385672, 0.0 ], [ 110.1715475495, -7.5659384298, 0.0 ], [ 110.1715506929, -7.5658932894, 0.0 ], [ 110.1715620767, -7.565893311, 0.0 ], [ 110.1715638507, -7.5658604473, 0.0 ], [ 110.1716191605, -7.5658628923, 0.0 ], [ 110.1716201592, -7.5658515819, 0.0 ], [ 110.1716699963, -7.565853822, 0.0 ], [ 110.1716687442, -7.5658953624, 0.0 ], [ 110.1716716681, -7.565899269, 0.0 ], [ 110.1716708678, -7.5659092141, 0.0 ], [ 110.1717304793, -7.5659103033, 0.0 ], [ 110.1717301356, -7.5659883169, 0.0 ], [ 110.1716334514, -7.5659810258, 0.0 ] ] ] ] } },
{ "type": "Feature", "properties": { "NAMOBJ": "Kerban", "FCODE": "BA03070040", "METADATA": "TASWIL1000020230928_DATA_BATAS_DESAKELURAHAN", "SRS_ID": "SRGI 2013", "KDCPUM": "33.08.11", "KDEPUM": "33.08.11.2002", "KDPKAB": "33.08", "KDPPUM": "33", "WADMKC": "Tempuran", "WADMKD": "Sumberarum", "WADMKK": "Magelang", "WADMPR": "Jawa Tengah", "DUSUN": "Kerban", "Toponimi": "Dusun Kerban", "Shape_Leng": 3646.39056914, "Shape_Le_1": 68.829742304800007, "KETERANGAN": "1", "KET_DETAIL": "Rumah", "Id": "155", "rumah_rt": "", "Shape_Length": 68.82971327636163, "Shape_Area": 139.58807495385054 }, "geometry": { "type": "MultiPolygon", "coordinates": [ [ [ [ 110.1716699963, -7.5658538247, 0.0 ], [ 110.1716201592, -7.5658515819, 0.0 ], [ 110.1716191605, -7.5658628923, 0.0 ], [ 110.1715638507, -7.5658604473, 0.0 ], [ 110.1715635452, -7.5658661622, 0.0 ], [ 110.1715249756, -7.5658664037, 0.0 ], [ 110.1715253884, -7.5658466822, 0.0 ], [ 110.1714949924, -7.5658457507, 0.0 ], [ 110.171496319, -7.5658065584, 0.0 ], [ 110.1715323387, -7.5658097473, 0.0 ], [ 110.1715972557, -7.5658126176, 0.0 ], [ 110.1715995444, -7.5657931493, 0.0 ], [ 110.1716523281, -7.5657959956, 0.0 ], [ 110.1716553316, -7.5657952524, 0.0 ], [ 110.1716568781, -7.5657714141, 0.0 ], [ 110.1716828914, -7.5657743343, 0.0 ], [ 110.1717124047, -7.5657785094, 0.0 ], [ 110.1717087606, -7.5658199594, 0.0 ], [ 110.1716730017, -7.5658150154, 0.0 ], [ 110.1716699963, -7.5658538247, 0.0 ] ] ] ] } },
{ "type": "Feature", "properties": { "NAMOBJ": "Kerban", "FCODE": "BA03070040", "METADATA": "TASWIL1000020230928_DATA_BATAS_DESAKELURAHAN", "SRS_ID": "SRGI 2013", "KDCPUM": "33.08.11", "KDEPUM": "33.08.11.2002", "KDPKAB": "33.08", "KDPPUM": "33", "WADMKC": "Tempuran", "WADMKD": "Sumberarum", "WADMKK": "Magelang", "WADMPR": "Jawa Tengah", "DUSUN": "Kerban", "Toponimi": "Dusun Kerban", "Shape_Leng": 3646.39056914, "Shape_Le_1": 62.396649697500003, "KETERANGAN": "2", "KET_DETAIL": "Rumah", "Id": "156", "rumah_rt": "", "Shape_Length": 62.396715136599177, "Shape_Area": 211.83309261536928 }, "geometry": { "type": "MultiPolygon", "coordinates": [ [ [ [ 110.1772717648, -7.569552041, 0.0 ], [ 110.1772450081, -7.569635581, 0.0 ], [ 110.1772256461, -7.5696301881, 0.0 ], [ 110.1772051252, -7.5696245614, 0.0 ], [ 110.177201156, -7.5696254856, 0.0 ], [ 110.1771981001, -7.5696375872, 0.0 ], [ 110.1771955282, -7.5696401439, 0.0 ], [ 110.1771743031, -7.5696354466, 0.0 ], [ 110.1771565781, -7.5696305235, 0.0 ], [ 110.1771594717, -7.5696117275, 0.0 ], [ 110.1771315172, -7.5696017616, 0.0 ], [ 110.1771530295, -7.5695329565, 0.0 ], [ 110.1771734694, -7.5694598831, 0.0 ], [ 110.1772686181, -7.5694887022, 0.0 ], [ 110.1772698682, -7.5694891125, 0.0 ], [ 110.1772542741, -7.5695468868, 0.0 ], [ 110.1772717648, -7.569552041, 0.0 ] ] ] ] } },
{ "type": "Feature", "properties": { "NAMOBJ": "Kerban", "FCODE": "BA03070040", "METADATA": "TASWIL1000020230928_DATA_BATAS_DESAKELURAHAN", "SRS_ID": "SRGI 2013", "KDCPUM": "33.08.11", "KDEPUM": "33.08.11.2002", "KDPKAB": "33.08", "KDPPUM": "33", "WADMKC": "Tempuran", "WADMKD": "Sumberarum", "WADMKK": "Magelang", "WADMPR": "Jawa Tengah", "DUSUN": "Kerban", "Toponimi": "Dusun Kerban", "Shape_Leng": 3646.39056914, "Shape_Le_1": 89.944802203099997, "KETERANGAN": "1", "KET_DETAIL": "Pembuatan Batu Bata", "Id": "159", "rumah_rt": "", "Shape_Length": 89.944817423404757, "Shape_Area": 343.89136403024105 }, "geometry": { "type": "MultiPolygon", "coordinates": [ [ [ [ 110.1750974089, -7.5663937884, 0.0 ], [ 110.1751113867, -7.5665718415, 0.0 ], [ 110.175004785, -7.5665774728, 0.0 ], [ 110.1750009513, -7.5665390395, 0.0 ], [ 110.1750141558, -7.5665387181, 0.0 ], [ 110.175004891, -7.5663967203, 0.0 ], [ 110.1750080041, -7.5663969487, 0.0 ], [ 110.175004176, -7.5663050017, 0.0 ], [ 110.1751261448, -7.5663024584, 0.0 ], [ 110.1751256563, -7.5663916232, 0.0 ], [ 110.1750974089, -7.5663937884, 0.0 ] ] ] ] } },
{ "type": "Feature", "properties": { "NAMOBJ": "Kerban", "FCODE": "BA03070040", "METADATA": "TASWIL1000020230928_DATA_BATAS_DESAKELURAHAN", "SRS_ID": "SRGI 2013", "KDCPUM": "33.08.11", "KDEPUM": "33.08.11.2002", "KDPKAB": "33.08", "KDPPUM": "33", "WADMKC": "Tempuran", "WADMKD": "Sumberarum", "WADMKK": "Magelang", "WADMPR": "Jawa Tengah", "DUSUN": "Kerban", "Toponimi": "Dusun Kerban", "Shape_Leng": 3646.39056914, "Shape_Le_1": 80.936960555100001, "KETERANGAN": "1", "KET_DETAIL": "Pembuatan Batu Bata", "Id": "160", "rumah_rt": "", "Shape_Length": 80.936958144844112, "Shape_Area": 300.91324808241785 }, "geometry": { "type": "MultiPolygon", "coordinates": [ [ [ [ 110.1745802783, -7.5668858867, 0.0 ], [ 110.1745609434, -7.566967372, 0.0 ], [ 110.174287566, -7.5669232565, 0.0 ], [ 110.1743072872, -7.5668311931, 0.0 ], [ 110.1745802783, -7.5668858867, 0.0 ] ] ] ] } },
{ "type": "Feature", "properties": { "NAMOBJ": "Kerban", "FCODE": "BA03070040", "METADATA": "TASWIL1000020230928_DATA_BATAS_DESAKELURAHAN", "SRS_ID": "SRGI 2013", "KDCPUM": "33.08.11", "KDEPUM": "33.08.11.2002", "KDPKAB": "33.08", "KDPPUM": "33", "WADMKC": "Tempuran", "WADMKD": "Sumberarum", "WADMKK": "Magelang", "WADMPR": "Jawa Tengah", "DUSUN": "Kerban", "Toponimi": "Dusun Kerban", "Shape_Leng": 3646.39056914, "Shape_Le_1": 66.406620829399998, "KETERANGAN": "1", "KET_DETAIL": "Pembuatan Batu Bata", "Id": "161", "rumah_rt": "", "Shape_Length": 66.406580027547506, "Shape_Area": 159.68687390743429 }, "geometry": { "type": "MultiPolygon", "coordinates": [ [ [ [ 110.1732989528, -7.5666022809, 0.0 ], [ 110.1732549255, -7.5667062554, 0.0 ], [ 110.1731913046, -7.5666795493, 0.0 ], [ 110.173268176, -7.5665128298, 0.0 ], [ 110.1732486474, -7.5665035833, 0.0 ], [ 110.173260649, -7.5664738088, 0.0 ], [ 110.1732845233, -7.5664814382, 0.0 ], [ 110.1732757844, -7.5665090526, 0.0 ], [ 110.1733213571, -7.5665264753, 0.0 ], [ 110.1732989528, -7.5666022809, 0.0 ] ] ] ] } },
{ "type": "Feature", "properties": { "NAMOBJ": "Kerban", "FCODE": "BA03070040", "METADATA": "TASWIL1000020230928_DATA_BATAS_DESAKELURAHAN", "SRS_ID": "SRGI 2013", "KDCPUM": "33.08.11", "KDEPUM": "33.08.11.2002", "KDPKAB": "33.08", "KDPPUM": "33", "WADMKC": "Tempuran", "WADMKD": "Sumberarum", "WADMKK": "Magelang", "WADMPR": "Jawa Tengah", "DUSUN": "Kerban", "Toponimi": "Dusun Kerban", "Shape_Leng": 3646.39056914, "Shape_Le_1": 71.186592420300002, "KETERANGAN": "1", "KET_DETAIL": "Pembuatan Batu Bata", "Id": "162", "rumah_rt": "", "Shape_Length": 71.186618937626903, "Shape_Area": 292.04481958333474 }, "geometry": { "type": "MultiPolygon", "coordinates": [ [ [ [ 110.1761134737, -7.5668585153, 0.0 ], [ 110.1760553308, -7.5668753184, 0.0 ], [ 110.1760140016, -7.5666870599, 0.0 ], [ 110.1761286317, -7.5666493524, 0.0 ], [ 110.1761361374, -7.5666997517, 0.0 ], [ 110.1761404686, -7.5667062613, 0.0 ], [ 110.1761792948, -7.566845569, 0.0 ], [ 110.1761134737, -7.5668585153, 0.0 ] ] ] ] } },
{ "type": "Feature", "properties": { "NAMOBJ": "Kerban", "FCODE": "BA03070040", "METADATA": "TASWIL1000020230928_DATA_BATAS_DESAKELURAHAN", "SRS_ID": "SRGI 2013", "KDCPUM": "33.08.11", "KDEPUM": "33.08.11.2002", "KDPKAB": "33.08", "KDPPUM": "33", "WADMKC": "Tempuran", "WADMKD": "Sumberarum", "WADMKK": "Magelang", "WADMPR": "Jawa Tengah", "DUSUN": "Kerban", "Toponimi": "Dusun Kerban", "Shape_Leng": 3646.39056914, "Shape_Le_1": 67.414982146900002, "KETERANGAN": "1", "KET_DETAIL": "Pembuatan Batu Bata", "Id": "163", "rumah_rt": "", "Shape_Length": 67.414991176745488, "Shape_Area": 211.11962124252403 }, "geometry": { "type": "MultiPolygon", "coordinates": [ [ [ [ 110.176179292, -7.5668455699, 0.0 ], [ 110.1761404686, -7.5667062613, 0.0 ], [ 110.1761361374, -7.5666997517, 0.0 ], [ 110.1761286326, -7.5666493551, 0.0 ], [ 110.1761232422, -7.5666282814, 0.0 ], [ 110.1761792688, -7.5666089173, 0.0 ], [ 110.1762080286, -7.5666529901, 0.0 ], [ 110.1762003825, -7.5666589019, 0.0 ], [ 110.176209666, -7.5666843146, 0.0 ], [ 110.1762628447, -7.5668249364, 0.0 ], [ 110.176179292, -7.5668455699, 0.0 ] ] ] ] } },
{ "type": "Feature", "properties": { "NAMOBJ": "Kerban", "FCODE": "BA03070040", "METADATA": "TASWIL1000020230928_DATA_BATAS_DESAKELURAHAN", "SRS_ID": "SRGI 2013", "KDCPUM": "33.08.11", "KDEPUM": "33.08.11.2002", "KDPKAB": "33.08", "KDPPUM": "33", "WADMKC": "Tempuran", "WADMKD": "Sumberarum", "WADMKK": "Magelang", "WADMPR": "Jawa Tengah", "DUSUN": "Kerban", "Toponimi": "Dusun Kerban", "Shape_Leng": 3646.39056914, "Shape_Le_1": 62.809642630299997, "KETERANGAN": "1", "KET_DETAIL": "Pembuatan Batu Bata", "Id": "164", "rumah_rt": "", "Shape_Length": 62.809690458369985, "Shape_Area": 198.1213637506107 }, "geometry": { "type": "MultiPolygon", "coordinates": [ [ [ [ 110.1763317483, -7.5667251782, 0.0 ], [ 110.1762952349, -7.5667437325, 0.0 ], [ 110.1762833837, -7.5667301655, 0.0 ], [ 110.1762604649, -7.5667377416, 0.0 ], [ 110.1761955962, -7.5666123264, 0.0 ], [ 110.1762055742, -7.5666055806, 0.0 ], [ 110.176188692, -7.5665606837, 0.0 ], [ 110.1762472783, -7.566533706, 0.0 ], [ 110.1763343594, -7.5666904754, 0.0 ], [ 110.1763233068, -7.5667031526, 0.0 ], [ 110.1763317483, -7.5667251782, 0.0 ] ] ] ] } },
{ "type": "Feature", "properties": { "NAMOBJ": "Kerban", "FCODE": "BA03070040", "METADATA": "TASWIL1000020230928_DATA_BATAS_DESAKELURAHAN", "SRS_ID": "SRGI 2013", "KDCPUM": "33.08.11", "KDEPUM": "33.08.11.2002", "KDPKAB": "33.08", "KDPPUM": "33", "WADMKC": "Tempuran", "WADMKD": "Sumberarum", "WADMKK": "Magelang", "WADMPR": "Jawa Tengah", "DUSUN": "Kerban", "Toponimi": "Dusun Kerban", "Shape_Leng": 3646.39056914, "Shape_Le_1": 64.852389794100006, "KETERANGAN": "2", "KET_DETAIL": "Rumah", "Id": "166", "rumah_rt": "", "Shape_Length": 64.852375335889292, "Shape_Area": 233.68926519962582 }, "geometry": { "type": "MultiPolygon", "coordinates": [ [ [ [ 110.1757749996, -7.5688335655, 0.0 ], [ 110.1758334365, -7.5686524828, 0.0 ], [ 110.1758363201, -7.5686533131, 0.0 ], [ 110.1759270816, -7.5686801244, 0.0 ], [ 110.175915911, -7.5687162926, 0.0 ], [ 110.1759185185, -7.568717382, 0.0 ], [ 110.1759170935, -7.5687236736, 0.0 ], [ 110.1759148103, -7.5687231266, 0.0 ], [ 110.1758754152, -7.5688533745, 0.0 ], [ 110.1758739483, -7.5688535237, 0.0 ], [ 110.1758703085, -7.5688647677, 0.0 ], [ 110.1757749996, -7.5688335655, 0.0 ] ] ] ] } },
{ "type": "Feature", "properties": { "NAMOBJ": "Kerban", "FCODE": "BA03070040", "METADATA": "TASWIL1000020230928_DATA_BATAS_DESAKELURAHAN", "SRS_ID": "SRGI 2013", "KDCPUM": "33.08.11", "KDEPUM": "33.08.11.2002", "KDPKAB": "33.08", "KDPPUM": "33", "WADMKC": "Tempuran", "WADMKD": "Sumberarum", "WADMKK": "Magelang", "WADMPR": "Jawa Tengah", "DUSUN": "Kerban", "Toponimi": "Dusun Kerban", "Shape_Leng": 3646.39056914, "Shape_Le_1": 71.418634113300001, "KETERANGAN": "2", "KET_DETAIL": "Rumah", "Id": "167", "rumah_rt": "", "Shape_Length": 71.418681203477377, "Shape_Area": 250.18577726332629 }, "geometry": { "type": "MultiPolygon", "coordinates": [ [ [ [ 110.1763983239, -7.5677860509, 0.0 ], [ 110.1765622769, -7.5678323083, 0.0 ], [ 110.1765361742, -7.5679385132, 0.0 ], [ 110.1763185598, -7.5678516715, 0.0 ], [ 110.1763407387, -7.5678003007, 0.0 ], [ 110.1763723629, -7.5678175909, 0.0 ], [ 110.1763983239, -7.5677860509, 0.0 ] ] ] ] } }
]
}
