{
"type": "FeatureCollection",
"name": "PLPERSIL2",
"crs": { "type": "name", "properties": { "name": "urn:ogc:def:crs:OGC:1.3:CRS84" } },
"xy_coordinate_resolution": 8.98315e-10,
"z_coordinate_resolution": 0.0001,
"features": [
{ "type": "Feature", "properties": { "FID_Fisnet_Kerban": 2, "FID_PL": 0, "NAMOBJ": "Kerban", "FCODE": "BA03070040", "METADATA": "TASWIL1000020230928_DATA_BATAS_DESAKELURAHAN", "SRS_ID": "SRGI 2013", "KDCPUM": "33.08.11", "KDEPUM": "33.08.11.2002", "KDPKAB": "33.08", "KDPPUM": "33", "WADMKC": "Tempuran", "WADMKD": "Sumberarum", "WADMKK": "Magelang", "WADMPR": "Jawa Tengah", "DUSUN": "Kerban", "Toponimi": "Dusun Kerban", "Shape_Leng": 3646.39056914, "Shape_Le_1": 12240.167946899999, "KETERANGAN": null, "KET_DETAIL": " ", "PL": "23", "Shape_Length": 902.67753077099815, "Shape_Area": 19176.440472221191 }, "geometry": { "type": "MultiPolygon", "coordinates": [ [ [ [ 110.1745973951, -7.5699680357, 0.0 ], [ 110.1746386287, -7.5699894794, 0.0 ], [ 110.1746806631, -7.5700097435, 0.0 ], [ 110.1747065144, -7.5700307837, 0.0 ], [ 110.1747153808, -7.5700485627, 0.0 ], [ 110.1747169613, -7.5700687492, 0.0 ], [ 110.17471416, -7.5701118479, 0.0 ], [ 110.1747005838, -7.5701883993, 0.0 ], [ 110.1747196865, -7.5702324684, 0.0 ], [ 110.1747771501, -7.5702823545, 0.0 ], [ 110.1748480524, -7.5703265208, 0.0 ], [ 110.1748594458, -7.5703897214, 0.0 ], [ 110.1749016154, -7.5704108612, 0.0 ], [ 110.1749514489, -7.570437758, 0.0 ], [ 110.1749513943, -7.5704664753, 0.0 ], [ 110.1749187555, -7.5704779004, 0.0 ], [ 110.1748478395, -7.5704394767, 0.0 ], [ 110.1747998676, -7.5704432145, 0.0 ], [ 110.1747557717, -7.5704259006, 0.0 ], [ 110.1746675955, -7.5703836146, 0.0 ], [ 110.1746312081, -7.5703490849, 0.0 ], [ 110.1746159169, -7.5703184247, 0.0 ], [ 110.1745813819, -7.5703183593, 0.0 ], [ 110.1745257644, -7.5703067671, 0.0 ], [ 110.1745065416, -7.5703258749, 0.0 ], [ 110.1744413851, -7.5702855473, 0.0 ], [ 110.1744067773, -7.5703237721, 0.0 ], [ 110.1743665011, -7.5703160375, 0.0 ], [ 110.1743338377, -7.5703408643, 0.0 ], [ 110.1743089793, -7.5702967834, 0.0 ], [ 110.1742648844, -7.5702794694, 0.0 ], [ 110.174213041, -7.5703004312, 0.0 ], [ 110.1741822601, -7.5703444058, 0.0 ], [ 110.1741495812, -7.5703768898, 0.0 ], [ 110.1741035237, -7.570382546, 0.0 ], [ 110.1740862124, -7.570405488, 0.0 ], [ 110.1740707946, -7.5704418334, 0.0 ], [ 110.1740036136, -7.5704570226, 0.0 ], [ 110.1739518403, -7.5704416079, 0.0 ], [ 110.173901924, -7.5704587437, 0.0 ], [ 110.173874627, -7.570447205, 0.0 ], [ 110.1737887911, -7.5704240685, 0.0 ], [ 110.1736410576, -7.5704237884, 0.0 ], [ 110.1735547676, -7.570398737, 0.0 ], [ 110.1733592775, -7.5702892396, 0.0 ], [ 110.1732845685, -7.5702278346, 0.0 ], [ 110.1731330821, -7.5701835134, 0.0 ], [ 110.1729605634, -7.5701008637, 0.0 ], [ 110.1727650663, -7.5699951956, 0.0 ], [ 110.1727114655, -7.5699319148, 0.0 ], [ 110.1726655065, -7.5698858799, 0.0 ], [ 110.1725064405, -7.5697917678, 0.0 ], [ 110.17244897, -7.569745711, 0.0 ], [ 110.1723626985, -7.5697110864, 0.0 ], [ 110.1722822303, -7.5696515851, 0.0 ], [ 110.1721634698, -7.5695498911, 0.0 ], [ 110.1720753525, -7.5694769727, 0.0 ], [ 110.172036999, -7.5694673277, 0.0 ], [ 110.1719737564, -7.5694659195, 0.0 ], [ 110.1719235414, -7.5693769009, 0.0 ], [ 110.1719071751, -7.5692836973, 0.0 ], [ 110.1719030801, -7.5691044456, 0.0 ], [ 110.1719156111, -7.5689892412, 0.0 ], [ 110.1719553998, -7.5688756433, 0.0 ], [ 110.172003508, -7.5688003524, 0.0 ], [ 110.1720359599, -7.5687609271, 0.0 ], [ 110.1720727968, -7.5687359655, 0.0 ], [ 110.1721534446, -7.5687016579, 0.0 ], [ 110.172247194, -7.568697735, 0.0 ], [ 110.1723282632, -7.5687181485, 0.0 ], [ 110.1724053789, -7.5687612098, 0.0 ], [ 110.1724643387, -7.5689075141, 0.0 ], [ 110.1725375292, -7.5691124649, 0.0 ], [ 110.1726146104, -7.5693077614, 0.0 ], [ 110.1727073307, -7.5694258004, 0.0 ], [ 110.1727769317, -7.5694819661, 0.0 ], [ 110.172925165, -7.5695475085, 0.0 ], [ 110.1729787795, -7.5696031301, 0.0 ], [ 110.1730917042, -7.5697469309, 0.0 ], [ 110.173144923, -7.569781924, 0.0 ], [ 110.173178207, -7.5697962328, 0.0 ], [ 110.1732852366, -7.5698185956, 0.0 ], [ 110.1734779058, -7.5698490342, 0.0 ], [ 110.1735442802, -7.5698737692, 0.0 ], [ 110.173572057, -7.5698927445, 0.0 ], [ 110.1736175192, -7.5699193221, 0.0 ], [ 110.173651619, -7.5699370477, 0.0 ], [ 110.1736920386, -7.569956047, 0.0 ], [ 110.1737261537, -7.5699662039, 0.0 ], [ 110.1737514352, -7.5699675136, 0.0 ], [ 110.173782653, -7.569958792, 0.0 ], [ 110.1738045126, -7.5699515678, 0.0 ], [ 110.1739151458, -7.5699151559, 0.0 ], [ 110.1742622697, -7.5698453283, 0.0 ], [ 110.1743044064, -7.5698441717, 0.0 ], [ 110.1743578072, -7.5698450561, 0.0 ], [ 110.1744268306, -7.5698681607, 0.0 ], [ 110.1745073465, -7.569902774, 0.0 ], [ 110.1745590651, -7.5699469058, 0.0 ], [ 110.1745973951, -7.5699680357, 0.0 ] ] ] ] } },
{ "type": "Feature", "properties": { "FID_Fisnet_Kerban": 1, "FID_PL": 0, "NAMOBJ": "Kerban", "FCODE": "BA03070040", "METADATA": "TASWIL1000020230928_DATA_BATAS_DESAKELURAHAN", "SRS_ID": "SRGI 2013", "KDCPUM": "33.08.11", "KDEPUM": "33.08.11.2002", "KDPKAB": "33.08", "KDPPUM": "33", "WADMKC": "Tempuran", "WADMKD": "Sumberarum", "WADMKK": "Magelang", "WADMPR": "Jawa Tengah", "DUSUN": "Kerban", "Toponimi": "Dusun Kerban", "Shape_Leng": 3646.39056914, "Shape_Le_1": 12240.167946899999, "KETERANGAN": null, "KET_DETAIL": " ", "PL": "17", "Shape_Length": 323.2384391295019, "Shape_Area": 857.00159870145649 }, "geometry": { "type": "MultiPolygon", "coordinates": [ [ [ [ 110.1735569786, -7.570605646, 0.0 ], [ 110.1735519728, -7.570604041, 0.0 ], [ 110.1735455025, -7.570601735, 0.0 ], [ 110.1735407894, -7.5705991573, 0.0 ], [ 110.1735350782, -7.5705957077, 0.0 ], [ 110.1735284894, -7.5705913799, 0.0 ], [ 110.1735160349, -7.570583859, 0.0 ], [ 110.1734719718, -7.5705536535, 0.0 ], [ 110.173431116, -7.5705294408, 0.0 ], [ 110.1733827529, -7.5705063336, 0.0 ], [ 110.1733249988, -7.5704800836, 0.0 ], [ 110.1732742611, -7.5704516092, 0.0 ], [ 110.1731635686, -7.5704025635, 0.0 ], [ 110.1730725506, -7.5703590236, 0.0 ], [ 110.1729697448, -7.5703172178, 0.0 ], [ 110.17289199, -7.5702806504, 0.0 ], [ 110.1728339426, -7.5702471368, 0.0 ], [ 110.1727580119, -7.570213715, 0.0 ], [ 110.172757837, -7.5702098959, 0.0 ], [ 110.172753469, -7.5702069779, 0.0 ], [ 110.1727163195, -7.5701929051, 0.0 ], [ 110.1726846735, -7.5701804229, 0.0 ], [ 110.172699281, -7.5701226705, 0.0 ], [ 110.1727691498, -7.5701539761, 0.0 ], [ 110.1729716626, -7.5702454798, 0.0 ], [ 110.1731121292, -7.5703127847, 0.0 ], [ 110.173239703, -7.5703747378, 0.0 ], [ 110.1733485933, -7.5704353239, 0.0 ], [ 110.1734925934, -7.5705163981, 0.0 ], [ 110.173512715, -7.5705274836, 0.0 ], [ 110.1735145178, -7.5705284774, 0.0 ], [ 110.1735582287, -7.5705646636, 0.0 ], [ 110.1735604984, -7.57056657, 0.0 ], [ 110.1735637923, -7.5705689903, 0.0 ], [ 110.1735675246, -7.570572069, 0.0 ], [ 110.1735736021, -7.5705759581, 0.0 ], [ 110.1735762376, -7.5705775722, 0.0 ], [ 110.1735799008, -7.5705788228, 0.0 ], [ 110.1735894047, -7.5705817189, 0.0 ], [ 110.1736456444, -7.5705883242, 0.0 ], [ 110.173736253, -7.5705994375, 0.0 ], [ 110.1738743055, -7.5706155856, 0.0 ], [ 110.173925001, -7.570621512, 0.0 ], [ 110.1739168498, -7.5706808559, 0.0 ], [ 110.1739071522, -7.5707363537, 0.0 ], [ 110.1739066622, -7.5707395013, 0.0 ], [ 110.1739058572, -7.5707409858, 0.0 ], [ 110.173904711, -7.5707416693, 0.0 ], [ 110.1739031051, -7.5707424658, 0.0 ], [ 110.1739008133, -7.570743147, 0.0 ], [ 110.1738971451, -7.5707445122, 0.0 ], [ 110.1738942801, -7.5707453063, 0.0 ], [ 110.1738917603, -7.5707453015, 0.0 ], [ 110.1738891255, -7.5707456393, 0.0 ], [ 110.1738863765, -7.5707455202, 0.0 ], [ 110.1738832847, -7.5707450575, 0.0 ], [ 110.1738798488, -7.5707448222, 0.0 ], [ 110.1738775596, -7.5707441322, 0.0 ], [ 110.1738750432, -7.5707422986, 0.0 ], [ 110.1738725272, -7.5707402361, 0.0 ], [ 110.1738710438, -7.5707371472, 0.0 ], [ 110.1738708196, -7.5707345039, 0.0 ], [ 110.1738711139, -7.5706741755, 0.0 ], [ 110.1738711195, -7.5706712495, 0.0 ], [ 110.1738707582, -7.5706681772, 0.0 ], [ 110.1738702498, -7.5706657622, 0.0 ], [ 110.1738696662, -7.5706642244, 0.0 ], [ 110.1738687892, -7.5706630523, 0.0 ], [ 110.1738673987, -7.5706616604, 0.0 ], [ 110.1738663006, -7.5706609266, 0.0 ], [ 110.1738622724, -7.5706590168, 0.0 ], [ 110.1738607328, -7.570658795, 0.0 ], [ 110.1738497575, -7.5706555443, 0.0 ], [ 110.1735569786, -7.570605646, 0.0 ] ] ] ] } },
{ "type": "Feature", "properties": { "FID_Fisnet_Kerban": 1, "FID_PL": 0, "NAMOBJ": "Kerban", "FCODE": "BA03070040", "METADATA": "TASWIL1000020230928_DATA_BATAS_DESAKELURAHAN", "SRS_ID": "SRGI 2013", "KDCPUM": "33.08.11", "KDEPUM": "33.08.11.2002", "KDPKAB": "33.08", "KDPPUM": "33", "WADMKC": "Tempuran", "WADMKD": "Sumberarum", "WADMKK": "Magelang", "WADMPR": "Jawa Tengah", "DUSUN": "Kerban", "Toponimi": "Dusun Kerban", "Shape_Leng": 3646.39056914, "Shape_Le_1": 12240.167946899999, "KETERANGAN": " ", "KET_DETAIL": " ", "PL": "26", "Shape_Length": 273.91688253315317, "Shape_Area": 4078.6324411646206 }, "geometry": { "type": "MultiPolygon", "coordinates": [ [ [ [ 110.172631914, -7.5683848552, 0.0 ], [ 110.1725378617, -7.5684155123, 0.0 ], [ 110.1725536451, -7.5683604738, 0.0 ], [ 110.1725781974, -7.5681437405, 0.0 ], [ 110.1725943703, -7.5678995736, 0.0 ], [ 110.1725969619, -7.5678367189, 0.0 ], [ 110.1726117961, -7.5674769042, 0.0 ], [ 110.1727047707, -7.5674047745, 0.0 ], [ 110.1727565618, -7.5674106163, 0.0 ], [ 110.1728198316, -7.5674337102, 0.0 ], [ 110.1729156489, -7.5674932414, 0.0 ], [ 110.1730074789, -7.5676312587, 0.0 ], [ 110.1730376107, -7.5678375559, 0.0 ], [ 110.1729990856, -7.5680083974, 0.0 ], [ 110.1729047539, -7.5681766936, 0.0 ], [ 110.1727836661, -7.5682894192, 0.0 ], [ 110.172631914, -7.5683848552, 0.0 ] ] ] ] } },
{ "type": "Feature", "properties": { "FID_Fisnet_Kerban": 1, "FID_PL": 0, "NAMOBJ": "Kerban", "FCODE": "BA03070040", "METADATA": "TASWIL1000020230928_DATA_BATAS_DESAKELURAHAN", "SRS_ID": "SRGI 2013", "KDCPUM": "33.08.11", "KDEPUM": "33.08.11.2002", "KDPKAB": "33.08", "KDPPUM": "33", "WADMKC": "Tempuran", "WADMKD": "Sumberarum", "WADMKK": "Magelang", "WADMPR": "Jawa Tengah", "DUSUN": "Kerban", "Toponimi": "Dusun Kerban", "Shape_Leng": 3646.39056914, "Shape_Le_1": 12240.167946899999, "KETERANGAN": null, "KET_DETAIL": " ", "PL": "24", "Shape_Length": 1203.4229456991613, "Shape_Area": 17322.859221292852 }, "geometry": { "type": "MultiPolygon", "coordinates": [ [ [ [ 110.1747468376, -7.5690704235, 0.0 ], [ 110.174800162, -7.5692792039, 0.0 ], [ 110.1749615049, -7.5691856982, 0.0 ], [ 110.1749978259, -7.5692546904, 0.0 ], [ 110.175030279, -7.5693409038, 0.0 ], [ 110.175076078, -7.5694711753, 0.0 ], [ 110.1752386286, -7.5697509988, 0.0 ], [ 110.1752768767, -7.5698161641, 0.0 ], [ 110.1754069678, -7.5700136029, 0.0 ], [ 110.1755985307, -7.5701709536, 0.0 ], [ 110.1758170048, -7.5703015526, 0.0 ], [ 110.1759434921, -7.5703764569, 0.0 ], [ 110.1760201668, -7.5704129774, 0.0 ], [ 110.1760220057, -7.5704551, 0.0 ], [ 110.1760545854, -7.5704743058, 0.0 ], [ 110.1760987504, -7.5704552451, 0.0 ], [ 110.1761217156, -7.5704859197, 0.0 ], [ 110.1761082014, -7.570529928, 0.0 ], [ 110.1761272642, -7.5705950569, 0.0 ], [ 110.1761904729, -7.5706506963, 0.0 ], [ 110.1761999421, -7.5707158071, 0.0 ], [ 110.1762438963, -7.5708077857, 0.0 ], [ 110.1763244416, -7.5708270831, 0.0 ], [ 110.176374377, -7.570800374, 0.0 ], [ 110.1764490394, -7.570886668, 0.0 ], [ 110.1764718992, -7.5709728632, 0.0 ], [ 110.1765734182, -7.5710611218, 0.0 ], [ 110.17673447, -7.5711207747, 0.0 ], [ 110.1767343683, -7.5711743805, 0.0 ], [ 110.1767554364, -7.5711935655, 0.0 ], [ 110.1767822785, -7.5712031883, 0.0 ], [ 110.1768013814, -7.5712472583, 0.0 ], [ 110.1768493398, -7.5712511775, 0.0 ], [ 110.1768928872, -7.5712891694, 0.0 ], [ 110.1769001824, -7.5712928599, 0.0 ], [ 110.1769036377, -7.5712943263, 0.0 ], [ 110.1769062971, -7.5712948622, 0.0 ], [ 110.1769114821, -7.5712956679, 0.0 ], [ 110.1769142778, -7.5712946114, 0.0 ], [ 110.1769176069, -7.5712923619, 0.0 ], [ 110.1769222973, -7.5712901575, 0.0 ], [ 110.17694716, -7.5712666779, 0.0 ], [ 110.1769932612, -7.5712380477, 0.0 ], [ 110.1771524814, -7.5712517501, 0.0 ], [ 110.177273296, -7.5712826103, 0.0 ], [ 110.1773155275, -7.5712712031, 0.0 ], [ 110.1773616324, -7.571240658, 0.0 ], [ 110.1774403288, -7.5712235762, 0.0 ], [ 110.1775189989, -7.571219896, 0.0 ], [ 110.1776187526, -7.5712277416, 0.0 ], [ 110.1776570774, -7.5712527026, 0.0 ], [ 110.1776704173, -7.5713005903, 0.0 ], [ 110.1776684077, -7.571348449, 0.0 ], [ 110.177720174, -7.571367691, 0.0 ], [ 110.1777777624, -7.5713524841, 0.0 ], [ 110.177827559, -7.5713985258, 0.0 ], [ 110.1778629069, -7.5714149808, 0.0 ], [ 110.177900369, -7.5714503544, 0.0 ], [ 110.1778658149, -7.5714598613, 0.0 ], [ 110.1778083036, -7.571434865, 0.0 ], [ 110.1777450183, -7.5714194291, 0.0 ], [ 110.1776567654, -7.5714173487, 0.0 ], [ 110.1775128003, -7.5714534517, 0.0 ], [ 110.1773170072, -7.5715028594, 0.0 ], [ 110.1771596805, -7.5715025623, 0.0 ], [ 110.1770982624, -7.5715139333, 0.0 ], [ 110.1770655519, -7.5715636479, 0.0 ], [ 110.1770290107, -7.5716095275, 0.0 ], [ 110.1769656782, -7.5716189801, 0.0 ], [ 110.1768792715, -7.5716551924, 0.0 ], [ 110.1767794905, -7.5716626604, 0.0 ], [ 110.1767738837, -7.5716662985, 0.0 ], [ 110.1767653049, -7.5716702529, 0.0 ], [ 110.1767570421, -7.5716696259, 0.0 ], [ 110.1767536788, -7.5716674814, 0.0 ], [ 110.1767487912, -7.5716622804, 0.0 ], [ 110.1767484993, -7.5716546433, 0.0 ], [ 110.1767528075, -7.5716427394, 0.0 ], [ 110.1767661108, -7.5716358326, 0.0 ], [ 110.1768170203, -7.5716293758, 0.0 ], [ 110.1768190843, -7.5716283965, 0.0 ], [ 110.1768204337, -7.5716280427, 0.0 ], [ 110.1768220218, -7.5716275708, 0.0 ], [ 110.1768232127, -7.5716271769, 0.0 ], [ 110.1768243244, -7.5716264663, 0.0 ], [ 110.1768248817, -7.5716256361, 0.0 ], [ 110.1768255581, -7.5716245683, 0.0 ], [ 110.1768266099, -7.5716234116, 0.0 ], [ 110.1768395199, -7.5715610348, 0.0 ], [ 110.1768394681, -7.5715577316, 0.0 ], [ 110.1768394715, -7.5715559724, 0.0 ], [ 110.1768395466, -7.5715536498, 0.0 ], [ 110.1768389848, -7.5715521012, 0.0 ], [ 110.1768382102, -7.571551396, 0.0 ], [ 110.1768371538, -7.5715506903, 0.0 ], [ 110.176833487, -7.5715503306, 0.0 ], [ 110.1768296089, -7.571550042, 0.0 ], [ 110.1768262223, -7.5715505991, 0.0 ], [ 110.1768225555, -7.5715507324, 0.0 ], [ 110.1768202119, -7.5715505416, 0.0 ], [ 110.1767758398, -7.5715631007, 0.0 ], [ 110.1766951925, -7.5715974091, 0.0 ], [ 110.1765973141, -7.5716125407, 0.0 ], [ 110.1764571822, -7.5716505653, 0.0 ], [ 110.176426524, -7.5716294483, 0.0 ], [ 110.1764131416, -7.5716045343, 0.0 ], [ 110.1764592974, -7.5715471869, 0.0 ], [ 110.1764843659, -7.5714802275, 0.0 ], [ 110.1765151368, -7.5714419953, 0.0 ], [ 110.17630636, -7.571255895, 0.0 ], [ 110.1763026503, -7.5711888812, 0.0 ], [ 110.1763008114, -7.5711467586, 0.0 ], [ 110.1763047537, -7.5710912453, 0.0 ], [ 110.1762184597, -7.5710681083, 0.0 ], [ 110.1761915304, -7.571104433, 0.0 ], [ 110.1761378889, -7.5710622125, 0.0 ], [ 110.1760803414, -7.5710563603, 0.0 ], [ 110.1760382153, -7.5710122477, 0.0 ], [ 110.1759788616, -7.5709470425, 0.0 ], [ 110.1758927568, -7.5708243522, 0.0 ], [ 110.1758353294, -7.570755322, 0.0 ], [ 110.175745325, -7.5706651702, 0.0 ], [ 110.1757205655, -7.5705693992, 0.0 ], [ 110.1756592312, -7.5705367363, 0.0 ], [ 110.1755633083, -7.5705327262, 0.0 ], [ 110.1755174035, -7.5704579743, 0.0 ], [ 110.1754081546, -7.5703984182, 0.0 ], [ 110.1753161705, -7.5703408095, 0.0 ], [ 110.1752125729, -7.5703367847, 0.0 ], [ 110.1751454428, -7.5703251708, 0.0 ], [ 110.1750092874, -7.5702904523, 0.0 ], [ 110.1750073118, -7.5703116794, 0.0 ], [ 110.1750034124, -7.5703536174, 0.0 ], [ 110.1749746069, -7.5703669655, 0.0 ], [ 110.1749036654, -7.5703419435, 0.0 ], [ 110.1748480524, -7.5703265208, 0.0 ], [ 110.1747771501, -7.5702823545, 0.0 ], [ 110.1747196865, -7.5702324684, 0.0 ], [ 110.1747005838, -7.5701883993, 0.0 ], [ 110.17471416, -7.5701118461, 0.0 ], [ 110.1747169613, -7.5700687492, 0.0 ], [ 110.1747153808, -7.5700485627, 0.0 ], [ 110.1747065144, -7.5700307837, 0.0 ], [ 110.1746806603, -7.5700097435, 0.0 ], [ 110.1747853247, -7.570016633, 0.0 ], [ 110.1748359896, -7.5700190806, 0.0 ], [ 110.1748601506, -7.5700161868, 0.0 ], [ 110.1748994367, -7.5699992487, 0.0 ], [ 110.1749280062, -7.5699827689, 0.0 ], [ 110.1749575786, -7.5699231145, 0.0 ], [ 110.1749613129, -7.5698955638, 0.0 ], [ 110.1749484786, -7.5698670628, 0.0 ], [ 110.1749301423, -7.5698275284, 0.0 ], [ 110.174913019, -7.5697893558, 0.0 ], [ 110.1748818685, -7.5697493187, 0.0 ], [ 110.1748553656, -7.5697439773, 0.0 ], [ 110.1748329799, -7.5697427591, 0.0 ], [ 110.1748235553, -7.5697415654, 0.0 ], [ 110.1748058755, -7.5697438836, 0.0 ], [ 110.1747929225, -7.5697391558, 0.0 ], [ 110.1747482968, -7.5696597047, 0.0 ], [ 110.1747131395, -7.56955793, 0.0 ], [ 110.1746897209, -7.569480282, 0.0 ], [ 110.1746774868, -7.5694073584, 0.0 ], [ 110.1746781453, -7.5693709099, 0.0 ], [ 110.1746706436, -7.5692880008, 0.0 ], [ 110.1746689186, -7.5692656568, 0.0 ], [ 110.1746514132, -7.5691762626, 0.0 ], [ 110.1746396618, -7.5691597788, 0.0 ], [ 110.1746237837, -7.569142701, 0.0 ], [ 110.174633408, -7.5691370961, 0.0 ], [ 110.1747468376, -7.5690704235, 0.0 ] ] ] ] } },
{ "type": "Feature", "properties": { "FID_Fisnet_Kerban": 1, "FID_PL": 0, "NAMOBJ": "Kerban", "FCODE": "BA03070040", "METADATA": "TASWIL1000020230928_DATA_BATAS_DESAKELURAHAN", "SRS_ID": "SRGI 2013", "KDCPUM": "33.08.11", "KDEPUM": "33.08.11.2002", "KDPKAB": "33.08", "KDPPUM": "33", "WADMKC": "Tempuran", "WADMKD": "Sumberarum", "WADMKK": "Magelang", "WADMPR": "Jawa Tengah", "DUSUN": "Kerban", "Toponimi": "Dusun Kerban", "Shape_Leng": 3646.39056914, "Shape_Le_1": 12240.167946899999, "KETERANGAN": " ", "KET_DETAIL": " ", "PL": "23", "Shape_Length": 79.886677201168396, "Shape_Area": 404.57079783215369 }, "geometry": { "type": "MultiPolygon", "coordinates": [ [ [ [ 110.1742641893, -7.5686272627, 0.0 ], [ 110.1742142558, -7.5686539706, 0.0 ], [ 110.1741376927, -7.5685581024, 0.0 ], [ 110.1742742135, -7.5684013709, 0.0 ], [ 110.1743432322, -7.5684283042, 0.0 ], [ 110.1743758189, -7.5684436824, 0.0 ], [ 110.1743737798, -7.5685068566, 0.0 ], [ 110.1742641893, -7.5686272627, 0.0 ] ] ] ] } },
{ "type": "Feature", "properties": { "FID_Fisnet_Kerban": 1, "FID_PL": 0, "NAMOBJ": "Kerban", "FCODE": "BA03070040", "METADATA": "TASWIL1000020230928_DATA_BATAS_DESAKELURAHAN", "SRS_ID": "SRGI 2013", "KDCPUM": "33.08.11", "KDEPUM": "33.08.11.2002", "KDPKAB": "33.08", "KDPPUM": "33", "WADMKC": "Tempuran", "WADMKD": "Sumberarum", "WADMKK": "Magelang", "WADMPR": "Jawa Tengah", "DUSUN": "Kerban", "Toponimi": "Dusun Kerban", "Shape_Leng": 3646.39056914, "Shape_Le_1": 12240.167946899999, "KETERANGAN": " ", "KET_DETAIL": " ", "PL": "24", "Shape_Length": 726.67771534135886, "Shape_Area": 15178.185873683477 }, "geometry": { "type": "MultiPolygon", "coordinates": [ [ [ [ 110.1734707075, -7.5670593393, 0.0 ], [ 110.1734958977, -7.5670761652, 0.0 ], [ 110.1735148697, -7.567046839, 0.0 ], [ 110.1735400949, -7.5670447902, 0.0 ], [ 110.1735779032, -7.567057445, 0.0 ], [ 110.1736388316, -7.5670701446, 0.0 ], [ 110.1736702989, -7.5671016639, 0.0 ], [ 110.1737164783, -7.5671332111, 0.0 ], [ 110.1737626139, -7.567187828, 0.0 ], [ 110.1737898582, -7.5672298259, 0.0 ], [ 110.1738296966, -7.5672802368, 0.0 ], [ 110.173880551, -7.5673348635, 0.0 ], [ 110.1739211693, -7.5674032524, 0.0 ], [ 110.173938331, -7.5674588047, 0.0 ], [ 110.1739439556, -7.567527737, 0.0 ], [ 110.1739495766, -7.567598584, 0.0 ], [ 110.173972495, -7.5676541472, 0.0 ], [ 110.1739589698, -7.5677038989, 0.0 ], [ 110.1739704013, -7.5677460396, 0.0 ], [ 110.1740086782, -7.5677958885, 0.0 ], [ 110.1740642362, -7.5678394994, 0.0 ], [ 110.174077551, -7.5678994013, 0.0 ], [ 110.1742113905, -7.568142796, 0.0 ], [ 110.1743646241, -7.5682770998, 0.0 ], [ 110.1744681411, -7.5683232445, 0.0 ], [ 110.1744546241, -7.5683691666, 0.0 ], [ 110.1745120984, -7.5684133084, 0.0 ], [ 110.174527385, -7.5684458842, 0.0 ], [ 110.1745272721, -7.5685052325, 0.0 ], [ 110.1745867199, -7.5685206616, 0.0 ], [ 110.1747018651, -7.5685055631, 0.0 ], [ 110.1747958622, -7.5685133993, 0.0 ], [ 110.1748592343, -7.5684828872, 0.0 ], [ 110.1749377738, -7.5685481287, 0.0 ], [ 110.174930019, -7.5685902331, 0.0 ], [ 110.1749145577, -7.5686495533, 0.0 ], [ 110.1749471081, -7.5686840757, 0.0 ], [ 110.1749374681, -7.5687089452, 0.0 ], [ 110.1749412504, -7.5687376697, 0.0 ], [ 110.1749584377, -7.5687798212, 0.0 ], [ 110.174958374, -7.568814281, 0.0 ], [ 110.1747874231, -7.5689154268, 0.0 ], [ 110.1747106241, -7.5689439987, 0.0 ], [ 110.1746665148, -7.568934343, 0.0 ], [ 110.1745761966, -7.5690500055, 0.0 ], [ 110.1745398033, -7.568978136, 0.0 ], [ 110.1745035207, -7.5688880858, 0.0 ], [ 110.1744730412, -7.5687731588, 0.0 ], [ 110.1744194666, -7.5686964775, 0.0 ], [ 110.1743543104, -7.5686561498, 0.0 ], [ 110.1742641893, -7.5686272627, 0.0 ], [ 110.1743737798, -7.5685068566, 0.0 ], [ 110.1743758189, -7.5684436824, 0.0 ], [ 110.1743432322, -7.5684283042, 0.0 ], [ 110.1742742135, -7.5684013709, 0.0 ], [ 110.1741376927, -7.5685581024, 0.0 ], [ 110.1740399543, -7.5685004808, 0.0 ], [ 110.1739805248, -7.5684754795, 0.0 ], [ 110.1739287262, -7.5684734675, 0.0 ], [ 110.1738784086, -7.5684596548, 0.0 ], [ 110.1737255183, -7.5683869295, 0.0 ], [ 110.1735434075, -7.5683042619, 0.0 ], [ 110.1734035245, -7.5682121004, 0.0 ], [ 110.173382628, -7.568102935, 0.0 ], [ 110.17337707, -7.567999543, 0.0 ], [ 110.173324061, -7.5677859575, 0.0 ], [ 110.1732976627, -7.5676471816, 0.0 ], [ 110.1732578469, -7.5675539887, 0.0 ], [ 110.1731798852, -7.5674911295, 0.0 ], [ 110.1731590011, -7.5674568833, 0.0 ], [ 110.1731569244, -7.5673817268, 0.0 ], [ 110.1731570243, -7.567329296, 0.0 ], [ 110.1731697312, -7.5672789857, 0.0 ], [ 110.1731677091, -7.5672370356, 0.0 ], [ 110.1731782781, -7.5672055959, 0.0 ], [ 110.1731994161, -7.5671427166, 0.0 ], [ 110.1732205021, -7.5671071028, 0.0 ], [ 110.1732604922, -7.5670778164, 0.0 ], [ 110.1733215116, -7.5670422783, 0.0 ], [ 110.1733845899, -7.5670298138, 0.0 ], [ 110.1734350252, -7.5670341044, 0.0 ], [ 110.1734707075, -7.5670593393, 0.0 ] ] ] ] } },
{ "type": "Feature", "properties": { "FID_Fisnet_Kerban": 1, "FID_PL": 0, "NAMOBJ": "Kerban", "FCODE": "BA03070040", "METADATA": "TASWIL1000020230928_DATA_BATAS_DESAKELURAHAN", "SRS_ID": "SRGI 2013", "KDCPUM": "33.08.11", "KDEPUM": "33.08.11.2002", "KDPKAB": "33.08", "KDPPUM": "33", "WADMKC": "Tempuran", "WADMKD": "Sumberarum", "WADMKK": "Magelang", "WADMPR": "Jawa Tengah", "DUSUN": "Kerban", "Toponimi": "Dusun Kerban", "Shape_Leng": 3646.39056914, "Shape_Le_1": 12240.167946899999, "KETERANGAN": " ", "KET_DETAIL": " ", "PL": "23", "Shape_Length": 165.29211814728197, "Shape_Area": 1212.458627260891 }, "geometry": { "type": "MultiPolygon", "coordinates": [ [ [ [ 110.1749773366, -7.5689311019, 0.0 ], [ 110.1749637605, -7.569007656, 0.0 ], [ 110.1749713005, -7.5690785066, 0.0 ], [ 110.1749615049, -7.5691856982, 0.0 ], [ 110.174800162, -7.5692792039, 0.0 ], [ 110.1747468376, -7.5690704235, 0.0 ], [ 110.1746334071, -7.569137097, 0.0 ], [ 110.1746237837, -7.569142701, 0.0 ], [ 110.1746028796, -7.569102696, 0.0 ], [ 110.1745761966, -7.5690500055, 0.0 ], [ 110.1746665148, -7.568934343, 0.0 ], [ 110.1747106241, -7.5689439987, 0.0 ], [ 110.1747874231, -7.5689154268, 0.0 ], [ 110.174958374, -7.568814281, 0.0 ], [ 110.1749773366, -7.5689311019, 0.0 ] ] ] ] } },
{ "type": "Feature", "properties": { "FID_Fisnet_Kerban": 2, "FID_PL": 0, "NAMOBJ": "Kerban", "FCODE": "BA03070040", "METADATA": "TASWIL1000020230928_DATA_BATAS_DESAKELURAHAN", "SRS_ID": "SRGI 2013", "KDCPUM": "33.08.11", "KDEPUM": "33.08.11.2002", "KDPKAB": "33.08", "KDPPUM": "33", "WADMKC": "Tempuran", "WADMKD": "Sumberarum", "WADMKK": "Magelang", "WADMPR": "Jawa Tengah", "DUSUN": "Kerban", "Toponimi": "Dusun Kerban", "Shape_Leng": 3646.39056914, "Shape_Le_1": 12240.167946899999, "KETERANGAN": " ", "KET_DETAIL": " ", "PL": "23", "Shape_Length": 99.997035051663545, "Shape_Area": 448.49122594770409 }, "geometry": { "type": "MultiPolygon", "coordinates": [ [ [ [ 110.1750034124, -7.5703536174, 0.0 ], [ 110.1750073118, -7.5703116794, 0.0 ], [ 110.1752009667, -7.5703865392, 0.0 ], [ 110.1753428607, -7.5704308415, 0.0 ], [ 110.1753101273, -7.5704920429, 0.0 ], [ 110.1752487139, -7.5705014988, 0.0 ], [ 110.1752007774, -7.5704860925, 0.0 ], [ 110.1751374924, -7.5704706571, 0.0 ], [ 110.1750971907, -7.5704763243, 0.0 ], [ 110.1750530767, -7.5704685825, 0.0 ], [ 110.1749668302, -7.5704205568, 0.0 ], [ 110.1750034124, -7.5703536174, 0.0 ] ] ] ] } },
{ "type": "Feature", "properties": { "FID_Fisnet_Kerban": 2, "FID_PL": 0, "NAMOBJ": "Kerban", "FCODE": "BA03070040", "METADATA": "TASWIL1000020230928_DATA_BATAS_DESAKELURAHAN", "SRS_ID": "SRGI 2013", "KDCPUM": "33.08.11", "KDEPUM": "33.08.11.2002", "KDPKAB": "33.08", "KDPPUM": "33", "WADMKC": "Tempuran", "WADMKD": "Sumberarum", "WADMKK": "Magelang", "WADMPR": "Jawa Tengah", "DUSUN": "Kerban", "Toponimi": "Dusun Kerban", "Shape_Leng": 3646.39056914, "Shape_Le_1": 12240.167946899999, "KETERANGAN": null, "KET_DETAIL": " ", "PL": "26", "Shape_Length": 79.67796201518766, "Shape_Area": 326.52159854731201 }, "geometry": { "type": "MultiPolygon", "coordinates": [ [ [ [ 110.1778960008, -7.5707997785, 0.0 ], [ 110.177892529, -7.5708037146, 0.0 ], [ 110.1777936874, -7.5707952856, 0.0 ], [ 110.1777909277, -7.5707931594, 0.0 ], [ 110.1777918239, -7.5707694048, 0.0 ], [ 110.1777928848, -7.5707601033, 0.0 ], [ 110.1778184088, -7.570536338, 0.0 ], [ 110.1778196306, -7.570534951, 0.0 ], [ 110.1778221869, -7.5705334571, 0.0 ], [ 110.1779107526, -7.5705392501, 0.0 ], [ 110.1779120726, -7.5705438925, 0.0 ], [ 110.1779085832, -7.5706327071, 0.0 ], [ 110.1778960008, -7.5707997785, 0.0 ] ] ] ] } },
{ "type": "Feature", "properties": { "FID_Fisnet_Kerban": 2, "FID_PL": 0, "NAMOBJ": "Kerban", "FCODE": "BA03070040", "METADATA": "TASWIL1000020230928_DATA_BATAS_DESAKELURAHAN", "SRS_ID": "SRGI 2013", "KDCPUM": "33.08.11", "KDEPUM": "33.08.11.2002", "KDPKAB": "33.08", "KDPPUM": "33", "WADMKC": "Tempuran", "WADMKD": "Sumberarum", "WADMKK": "Magelang", "WADMPR": "Jawa Tengah", "DUSUN": "Kerban", "Toponimi": "Dusun Kerban", "Shape_Leng": 3646.39056914, "Shape_Le_1": 12240.167946899999, "KETERANGAN": null, "KET_DETAIL": " ", "PL": "16", "Shape_Length": 94.892180710071273, "Shape_Area": 528.53757829495282 }, "geometry": { "type": "MultiPolygon", "coordinates": [ [ [ [ 110.1779924337, -7.5709916186, 0.0 ], [ 110.1780137489, -7.5709919039, 0.0 ], [ 110.1781132563, -7.5709919044, 0.0 ], [ 110.1781200585, -7.5709917815, 0.0 ], [ 110.1781235954, -7.5709917882, 0.0 ], [ 110.178125499, -7.5709921988, 0.0 ], [ 110.178125631, -7.5709947786, 0.0 ], [ 110.1781261142, -7.5710047886, 0.0 ], [ 110.1781255261, -7.5710410364, 0.0 ], [ 110.178125507, -7.5711023423, 0.0 ], [ 110.1781224067, -7.5711364761, 0.0 ], [ 110.1781106049, -7.5712077597, 0.0 ], [ 110.1780143804, -7.5711915707, 0.0 ], [ 110.178016875, -7.5711690131, 0.0 ], [ 110.1779057364, -7.5711631024, 0.0 ], [ 110.1778979841, -7.5711624086, 0.0 ], [ 110.1778937665, -7.5711624006, 0.0 ], [ 110.1778924085, -7.5711610404, 0.0 ], [ 110.177892029, -7.5711579862, 0.0 ], [ 110.1778976356, -7.5709985192, 0.0 ], [ 110.1778976424, -7.5709949564, 0.0 ], [ 110.1778976468, -7.5709926111, 0.0 ], [ 110.1778992169, -7.570991137, 0.0 ], [ 110.1779024381, -7.5709912299, 0.0 ], [ 110.1779074226, -7.5709912448, 0.0 ], [ 110.1779318166, -7.5709916824, 0.0 ], [ 110.1779660164, -7.5709907556, 0.0 ], [ 110.1779824039, -7.5709911954, 0.0 ], [ 110.1779924337, -7.5709916186, 0.0 ] ] ] ] } },
{ "type": "Feature", "properties": { "FID_Fisnet_Kerban": 2, "FID_PL": 0, "NAMOBJ": "Kerban", "FCODE": "BA03070040", "METADATA": "TASWIL1000020230928_DATA_BATAS_DESAKELURAHAN", "SRS_ID": "SRGI 2013", "KDCPUM": "33.08.11", "KDEPUM": "33.08.11.2002", "KDPKAB": "33.08", "KDPPUM": "33", "WADMKC": "Tempuran", "WADMKD": "Sumberarum", "WADMKK": "Magelang", "WADMPR": "Jawa Tengah", "DUSUN": "Kerban", "Toponimi": "Dusun Kerban", "Shape_Leng": 3646.39056914, "Shape_Le_1": 12240.167946899999, "KETERANGAN": null, "KET_DETAIL": " ", "PL": "17", "Shape_Length": 6843.2878197177615, "Shape_Area": 11432.852669947224 }, "geometry": { "type": "MultiPolygon", "coordinates": [ [ [ [ 110.1714081105, -7.5641828737, 0.0 ], [ 110.1727838716, -7.5646506577, 0.0 ], [ 110.1734181883, -7.564820578, 0.0 ], [ 110.1735038232, -7.5648435179, 0.0 ], [ 110.1736323787, -7.5648779554, 0.0 ], [ 110.173863959, -7.5649486462, 0.0 ], [ 110.1738850796, -7.5649543022, 0.0 ], [ 110.1739966956, -7.5649841915, 0.0 ], [ 110.1740901581, -7.56500922, 0.0 ], [ 110.174254097, -7.5650531302, 0.0 ], [ 110.1744577446, -7.5650702034, 0.0 ], [ 110.1747050824, -7.5650874542, 0.0 ], [ 110.1749194886, -7.5651025442, 0.0 ], [ 110.1750374846, -7.5651112316, 0.0 ], [ 110.1750601456, -7.5651129007, 0.0 ], [ 110.1751138037, -7.5651168544, 0.0 ], [ 110.1751176955, -7.5651609589, 0.0 ], [ 110.1751192211, -7.5652038343, 0.0 ], [ 110.1751353662, -7.5655193231, 0.0 ], [ 110.1751723084, -7.5662459766, 0.0 ], [ 110.1751893565, -7.5664940307, 0.0 ], [ 110.175200905, -7.5667551858, 0.0 ], [ 110.1752009596, -7.5669564125, 0.0 ], [ 110.1753956733, -7.5669254115, 0.0 ], [ 110.1755230865, -7.5668888581, 0.0 ], [ 110.1756840832, -7.5668343445, 0.0 ], [ 110.1757021337, -7.5668248698, 0.0 ], [ 110.1758046655, -7.5667710489, 0.0 ], [ 110.1758998902, -7.56671604, 0.0 ], [ 110.1759495429, -7.5666880877, 0.0 ], [ 110.1760054531, -7.5666540979, 0.0 ], [ 110.1760512456, -7.5666274217, 0.0 ], [ 110.176073135, -7.5666120652, 0.0 ], [ 110.1761187618, -7.5665762226, 0.0 ], [ 110.1761723411, -7.5665362507, 0.0 ], [ 110.176327067, -7.5664526287, 0.0 ], [ 110.1764673941, -7.5663786113, 0.0 ], [ 110.176704261, -7.5663045401, 0.0 ], [ 110.1767055763, -7.5663183486, 0.0 ], [ 110.176581205, -7.5663589421, 0.0 ], [ 110.1764901095, -7.5663860701, 0.0 ], [ 110.1764524046, -7.5664030049, 0.0 ], [ 110.1763958411, -7.5664310926, 0.0 ], [ 110.1762310692, -7.5665234203, 0.0 ], [ 110.1761825826, -7.5665492856, 0.0 ], [ 110.1761727034, -7.56655598, 0.0 ], [ 110.1760797291, -7.5666274095, 0.0 ], [ 110.1760087592, -7.5666668131, 0.0 ], [ 110.1759634088, -7.5666974517, 0.0 ], [ 110.1758224031, -7.5667769018, 0.0 ], [ 110.1757080489, -7.5668445146, 0.0 ], [ 110.1756105712, -7.5668820916, 0.0 ], [ 110.1755299277, -7.5669106085, 0.0 ], [ 110.1754035752, -7.5669432412, 0.0 ], [ 110.1754017401, -7.5669435217, 0.0 ], [ 110.1752242649, -7.5669706235, 0.0 ], [ 110.175205296, -7.56697352, 0.0 ], [ 110.1752015077, -7.5669770348, 0.0 ], [ 110.1752021845, -7.5669805292, 0.0 ], [ 110.1752112973, -7.5670275434, 0.0 ], [ 110.175212988, -7.5670426958, 0.0 ], [ 110.1752532026, -7.5674085528, 0.0 ], [ 110.1752552492, -7.5674172063, 0.0 ], [ 110.1752556856, -7.5674188894, 0.0 ], [ 110.1752581645, -7.5674261363, 0.0 ], [ 110.1752592605, -7.5674279672, 0.0 ], [ 110.1752598448, -7.5674291378, 0.0 ], [ 110.1752611599, -7.5674311157, 0.0 ], [ 110.1752620374, -7.5674325076, 0.0 ], [ 110.1752657679, -7.5674345759, 0.0 ], [ 110.1753825073, -7.5674771727, 0.0 ], [ 110.1754405115, -7.5675056813, 0.0 ], [ 110.1762437666, -7.567843625, 0.0 ], [ 110.1763079779, -7.567872346, 0.0 ], [ 110.1763907143, -7.5679036328, 0.0 ], [ 110.1764201881, -7.5679149005, 0.0 ], [ 110.1764419301, -7.5679271295, 0.0 ], [ 110.1764578942, -7.5679461755, 0.0 ], [ 110.1764623603, -7.5679608944, 0.0 ], [ 110.1764518235, -7.5680189984, 0.0 ], [ 110.1764274135, -7.5681278439, 0.0 ], [ 110.1764057717, -7.5682706426, 0.0 ], [ 110.1764055551, -7.5682715982, 0.0 ], [ 110.1764055527, -7.5682728374, 0.0 ], [ 110.1764055503, -7.5682740765, 0.0 ], [ 110.1764054384, -7.5682762317, 0.0 ], [ 110.1764068932, -7.5682781745, 0.0 ], [ 110.1764088201, -7.5682806311, 0.0 ], [ 110.1764129996, -7.5682835298, 0.0 ], [ 110.1764197521, -7.5682870763, 0.0 ], [ 110.1764313337, -7.56829031, 0.0 ], [ 110.1764545016, -7.5682948509, 0.0 ], [ 110.1764960039, -7.5683045638, 0.0 ], [ 110.1773107189, -7.5684511207, 0.0 ], [ 110.1773208833, -7.5684541653, 0.0 ], [ 110.1773258058, -7.5684634184, 0.0 ], [ 110.1772887887, -7.5686381363, 0.0 ], [ 110.1772608842, -7.568701307, 0.0 ], [ 110.1772606548, -7.5687018267, 0.0 ], [ 110.1772141015, -7.5688041281, 0.0 ], [ 110.1772096353, -7.5688209575, 0.0 ], [ 110.1772096267, -7.5688255007, 0.0 ], [ 110.1772139177, -7.5688303044, 0.0 ], [ 110.1772280172, -7.5688394084, 0.0 ], [ 110.1773123996, -7.5688723362, 0.0 ], [ 110.1774433062, -7.5689020178, 0.0 ], [ 110.1774455987, -7.5689071913, 0.0 ], [ 110.1774447175, -7.5689163792, 0.0 ], [ 110.1774435587, -7.5689203974, 0.0 ], [ 110.1774387492, -7.5689242297, 0.0 ], [ 110.1772797546, -7.5688875902, 0.0 ], [ 110.1771423916, -7.5688559671, 0.0 ], [ 110.1770170851, -7.5692741398, 0.0 ], [ 110.1769482883, -7.5695391998, 0.0 ], [ 110.1769468196, -7.5695537203, 0.0 ], [ 110.1769477356, -7.5695562953, 0.0 ], [ 110.1769512277, -7.5695603459, 0.0 ], [ 110.1769594937, -7.5695721243, 0.0 ], [ 110.1769639123, -7.5695732352, 0.0 ], [ 110.1769791886, -7.5695793295, 0.0 ], [ 110.1773186247, -7.569689695, 0.0 ], [ 110.1773293058, -7.5696908177, 0.0 ], [ 110.1773352018, -7.5696895427, 0.0 ], [ 110.1773432401, -7.5696804207, 0.0 ], [ 110.1773879146, -7.5696077104, 0.0 ], [ 110.1774126753, -7.5695743664, 0.0 ], [ 110.1774288951, -7.5695537666, 0.0 ], [ 110.1774378875, -7.5695458024, 0.0 ], [ 110.1774602874, -7.56953089, 0.0 ], [ 110.1774761592, -7.5695231115, 0.0 ], [ 110.1774817142, -7.5695214786, 0.0 ], [ 110.1774883673, -7.5695196044, 0.0 ], [ 110.1774960576, -7.5695180966, 0.0 ], [ 110.1775038077, -7.5695170765, 0.0 ], [ 110.1775213803, -7.5695158914, 0.0 ], [ 110.1775293125, -7.5695153591, 0.0 ], [ 110.1775529861, -7.5695147336, 0.0 ], [ 110.1776021752, -7.5695148617, 0.0 ], [ 110.1777385045, -7.5695075357, 0.0 ], [ 110.1777595203, -7.5695007781, 0.0 ], [ 110.1777884925, -7.5694883717, 0.0 ], [ 110.1778095406, -7.5694640564, 0.0 ], [ 110.1778249298, -7.5694306675, 0.0 ], [ 110.1778335113, -7.5693955662, 0.0 ], [ 110.1778789914, -7.5693582688, 0.0 ], [ 110.1778966083, -7.5693475405, 0.0 ], [ 110.1779392352, -7.5693187344, 0.0 ], [ 110.1779699245, -7.5692989678, 0.0 ], [ 110.1780148124, -7.5692752637, 0.0 ], [ 110.1780568538, -7.5692555185, 0.0 ], [ 110.1780721829, -7.569247635, 0.0 ], [ 110.1780759961, -7.5692601629, 0.0 ], [ 110.178078785, -7.5692693378, 0.0 ], [ 110.1780647661, -7.5692736583, 0.0 ], [ 110.1780267029, -7.5692905791, 0.0 ], [ 110.1779789726, -7.5693171098, 0.0 ], [ 110.1779488561, -7.5693340456, 0.0 ], [ 110.1779067966, -7.5693628527, 0.0 ], [ 110.1778863363, -7.5693764076, 0.0 ], [ 110.1778607588, -7.5693944852, 0.0 ], [ 110.1778488168, -7.5694063566, 0.0 ], [ 110.1778396861, -7.5694318277, 0.0 ], [ 110.1778271392, -7.5694629563, 0.0 ], [ 110.1778100724, -7.5694833148, 0.0 ], [ 110.1777935786, -7.5695002762, 0.0 ], [ 110.1777770964, -7.5695115737, 0.0 ], [ 110.1777560699, -7.5695239951, 0.0 ], [ 110.1777367636, -7.5695279231, 0.0 ], [ 110.1777135638, -7.5695311074, 0.0 ], [ 110.1776027918, -7.5695257275, 0.0 ], [ 110.1775433074, -7.5695294439, 0.0 ], [ 110.1775209126, -7.5695301994, 0.0 ], [ 110.1775024004, -7.5695326789, 0.0 ], [ 110.1774942295, -7.5695338122, 0.0 ], [ 110.1774880131, -7.5695352929, 0.0 ], [ 110.1774817928, -7.5695388403, 0.0 ], [ 110.1774745792, -7.5695432686, 0.0 ], [ 110.1774589197, -7.5695532851, 0.0 ], [ 110.1774464943, -7.5695638459, 0.0 ], [ 110.1774387449, -7.5695740565, 0.0 ], [ 110.1774124592, -7.5696157099, 0.0 ], [ 110.1773803413, -7.569681833, 0.0 ], [ 110.1773750037, -7.5696902491, 0.0 ], [ 110.1773677538, -7.5696951522, 0.0 ], [ 110.177342986, -7.5697044949, 0.0 ], [ 110.1773174159, -7.5697052625, 0.0 ], [ 110.1772934893, -7.5697021556, 0.0 ], [ 110.177256344, -7.5696943486, 0.0 ], [ 110.1769707078, -7.5696052568, 0.0 ], [ 110.1769526781, -7.5696013497, 0.0 ], [ 110.1769465784, -7.5696005766, 0.0 ], [ 110.1769432415, -7.569601236, 0.0 ], [ 110.1769397097, -7.5696033223, 0.0 ], [ 110.176936652, -7.5696073117, 0.0 ], [ 110.176934546, -7.5696117785, 0.0 ], [ 110.1769296656, -7.5696219547, 0.0 ], [ 110.1768229203, -7.5699327008, 0.0 ], [ 110.1768224871, -7.5699369492, 0.0 ], [ 110.1768231441, -7.5699404038, 0.0 ], [ 110.1768244644, -7.5699429786, 0.0 ], [ 110.1768268721, -7.5699457066, 0.0 ], [ 110.1771777891, -7.570045667, 0.0 ], [ 110.1774640399, -7.5700809033, 0.0 ], [ 110.1775204839, -7.5700878513, 0.0 ], [ 110.1775233794, -7.570089096, 0.0 ], [ 110.1775242177, -7.5700920443, 0.0 ], [ 110.1775210799, -7.5701153343, 0.0 ], [ 110.1775206532, -7.5701175784, 0.0 ], [ 110.1775189639, -7.5701184173, 0.0 ], [ 110.1771470439, -7.5700704976, 0.0 ], [ 110.1769783068, -7.5700184878, 0.0 ], [ 110.1768276652, -7.5699806058, 0.0 ], [ 110.1768210887, -7.5699803084, 0.0 ], [ 110.1768151056, -7.5699806417, 0.0 ], [ 110.1768109596, -7.5699825858, 0.0 ], [ 110.1768087351, -7.5699864519, 0.0 ], [ 110.1767832021, -7.5703126434, 0.0 ], [ 110.1767668022, -7.5703483992, 0.0 ], [ 110.1767119327, -7.5703815624, 0.0 ], [ 110.1767018791, -7.5703803269, 0.0 ], [ 110.1766964041, -7.5703751483, 0.0 ], [ 110.1766927792, -7.5703584176, 0.0 ], [ 110.1766924885, -7.5703511197, 0.0 ], [ 110.1766952412, -7.5703459567, 0.0 ], [ 110.1767026956, -7.5703421701, 0.0 ], [ 110.1767251553, -7.5703378466, 0.0 ], [ 110.1767514399, -7.5703249848, 0.0 ], [ 110.1767623137, -7.5703105743, 0.0 ], [ 110.176765251, -7.570266338, 0.0 ], [ 110.1767672807, -7.5701759668, 0.0 ], [ 110.1767802831, -7.5699792572, 0.0 ], [ 110.1767771571, -7.5699690895, 0.0 ], [ 110.1767740597, -7.5699643758, 0.0 ], [ 110.1767687738, -7.5699608066, 0.0 ], [ 110.1767605111, -7.5699563455, 0.0 ], [ 110.1766451837, -7.5699239715, 0.0 ], [ 110.1765889733, -7.5699114766, 0.0 ], [ 110.1765672854, -7.5699103683, 0.0 ], [ 110.1765471517, -7.5699094113, 0.0 ], [ 110.1765334627, -7.5699075484, 0.0 ], [ 110.1765131306, -7.5699056025, 0.0 ], [ 110.1765009642, -7.5699052692, 0.0 ], [ 110.1764679838, -7.5699032867, 0.0 ], [ 110.1764558083, -7.5699020056, 0.0 ], [ 110.1764445371, -7.569899459, 0.0 ], [ 110.1764268623, -7.5698938784, 0.0 ], [ 110.1764246441, -7.5698929914, 0.0 ], [ 110.1763990403, -7.5698814697, 0.0 ], [ 110.1762842288, -7.5698394873, 0.0 ], [ 110.1761705708, -7.5698067843, 0.0 ], [ 110.1761096135, -7.5697890226, 0.0 ], [ 110.175992489, -7.5697498225, 0.0 ], [ 110.1758488, -7.5697019054, 0.0 ], [ 110.1758219884, -7.5696948956, 0.0 ], [ 110.1756263628, -7.5696579222, 0.0 ], [ 110.1756302543, -7.569631127, 0.0 ], [ 110.1758738167, -7.5696832779, 0.0 ], [ 110.1760793791, -7.569746245, 0.0 ], [ 110.1760949683, -7.5697460429, 0.0 ], [ 110.1761024168, -7.5697439667, 0.0 ], [ 110.1761054477, -7.5697407226, 0.0 ], [ 110.1761075534, -7.5697344585, 0.0 ], [ 110.1761117815, -7.5697160476, 0.0 ], [ 110.1761465235, -7.5695459502, 0.0 ], [ 110.1761873028, -7.5693621423, 0.0 ], [ 110.1761876943, -7.5693579128, 0.0 ], [ 110.1761876087, -7.5693533513, 0.0 ], [ 110.1761869558, -7.5693496345, 0.0 ], [ 110.1761838344, -7.5693470915, 0.0 ], [ 110.1758247949, -7.5692313662, 0.0 ], [ 110.1755563267, -7.5691587106, 0.0 ], [ 110.1755091105, -7.5691388339, 0.0 ], [ 110.1754525459, -7.5691171812, 0.0 ], [ 110.1754236448, -7.5691055437, 0.0 ], [ 110.1754149047, -7.5690985012, 0.0 ], [ 110.1754063673, -7.5690850037, 0.0 ], [ 110.175399546, -7.5690699909, 0.0 ], [ 110.1753948195, -7.5690534625, 0.0 ], [ 110.1753935168, -7.5690382692, 0.0 ], [ 110.1753935601, -7.5690154845, 0.0 ], [ 110.1753952483, -7.5689985946, 0.0 ], [ 110.1753978481, -7.5689617564, 0.0 ], [ 110.175402839, -7.568938791, 0.0 ], [ 110.1754117757, -7.5689196293, 0.0 ], [ 110.1754389879, -7.5688679236, 0.0 ], [ 110.1754700525, -7.5687771288, 0.0 ], [ 110.1754753822, -7.5687437816, 0.0 ], [ 110.1754763196, -7.5687169483, 0.0 ], [ 110.1754604518, -7.5686691453, 0.0 ], [ 110.1754339143, -7.5686233536, 0.0 ], [ 110.1754268659, -7.5686147685, 0.0 ], [ 110.1754125256, -7.5685955229, 0.0 ], [ 110.175400428, -7.5685751826, 0.0 ], [ 110.1753940478, -7.5685622401, 0.0 ], [ 110.1753817884, -7.5685278628, 0.0 ], [ 110.1753790855, -7.5685192579, 0.0 ], [ 110.1753730209, -7.568497101, 0.0 ], [ 110.1753696269, -7.5684805969, 0.0 ], [ 110.1753677311, -7.5684588938, 0.0 ], [ 110.1753678861, -7.568440762, 0.0 ], [ 110.1753731565, -7.5683937777, 0.0 ], [ 110.1753722795, -7.5683911702, 0.0 ], [ 110.175371747, -7.5683890256, 0.0 ], [ 110.175371391, -7.5683879531, 0.0 ], [ 110.1753706772, -7.568386747, 0.0 ], [ 110.1753689849, -7.5683824575, 0.0 ], [ 110.175368093, -7.5683810267, 0.0 ], [ 110.1753664403, -7.5683797292, 0.0 ], [ 110.1753656811, -7.5683790133, 0.0 ], [ 110.1753643405, -7.5683780737, 0.0 ], [ 110.1753595161, -7.5683740016, 0.0 ], [ 110.1753583543, -7.5683728833, 0.0 ], [ 110.1753579969, -7.5683725697, 0.0 ], [ 110.1753563695, -7.5683708734, 0.0 ], [ 110.1753152303, -7.5683498704, 0.0 ], [ 110.1752949777, -7.5683356986, 0.0 ], [ 110.1752795558, -7.5683208947, 0.0 ], [ 110.1752712081, -7.5683096371, 0.0 ], [ 110.1752654329, -7.5682993476, 0.0 ], [ 110.1752596665, -7.5682848831, 0.0 ], [ 110.1752548828, -7.5682617473, 0.0 ], [ 110.1752537282, -7.5682497354, 0.0 ], [ 110.1752528997, -7.5682411232, 0.0 ], [ 110.1752525202, -7.5682242656, 0.0 ], [ 110.1752508981, -7.5682106953, 0.0 ], [ 110.1752492747, -7.5681868772, 0.0 ], [ 110.1752436252, -7.5681065611, 0.0 ], [ 110.1752254606, -7.5678483783, 0.0 ], [ 110.1752249892, -7.5678416987, 0.0 ], [ 110.1752224855, -7.5677897966, 0.0 ], [ 110.1752083756, -7.5674975849, 0.0 ], [ 110.1752017366, -7.5673742353, 0.0 ], [ 110.1751739572, -7.5670465338, 0.0 ], [ 110.1751723788, -7.5670409665, 0.0 ], [ 110.1751701609, -7.5670371282, 0.0 ], [ 110.1751671349, -7.5670329844, 0.0 ], [ 110.175163301, -7.567028538, 0.0 ], [ 110.175157345, -7.5670227742, 0.0 ], [ 110.1751530019, -7.567020143, 0.0 ], [ 110.1751475944, -7.5670185743, 0.0 ], [ 110.174868101, -7.5669335541, 0.0 ], [ 110.1746110846, -7.5668741551, 0.0 ], [ 110.1742562429, -7.5667858904, 0.0 ], [ 110.1741304585, -7.5667538705, 0.0 ], [ 110.1738509849, -7.5666572207, 0.0 ], [ 110.1736863955, -7.5666057486, 0.0 ], [ 110.1734597171, -7.5665247025, 0.0 ], [ 110.1734150334, -7.5665107032, 0.0 ], [ 110.1731756512, -7.566449384, 0.0 ], [ 110.1730050904, -7.5664131761, 0.0 ], [ 110.172763773, -7.5663680451, 0.0 ], [ 110.1725825659, -7.5663344154, 0.0 ], [ 110.1722460097, -7.5662774482, 0.0 ], [ 110.1717117924, -7.5661531836, 0.0 ], [ 110.1715908059, -7.5661250677, 0.0 ], [ 110.1715325564, -7.5661217787, 0.0 ], [ 110.1715227797, -7.5661232082, 0.0 ], [ 110.1715139055, -7.5661252626, 0.0 ], [ 110.1715081262, -7.566127113, 0.0 ], [ 110.1715035023, -7.5661291438, 0.0 ], [ 110.1714994989, -7.5661318406, 0.0 ], [ 110.1714968253, -7.5661359582, 0.0 ], [ 110.1714950606, -7.5661444361, 0.0 ], [ 110.1715363778, -7.5673563215, 0.0 ], [ 110.171509692, -7.5673533276, 0.0 ], [ 110.1715035347, -7.5671467186, 0.0 ], [ 110.1714975808, -7.5669470249, 0.0 ], [ 110.171476605, -7.5669442598, 0.0 ], [ 110.1714666747, -7.5666956377, 0.0 ], [ 110.1714558195, -7.5664765905, 0.0 ], [ 110.1714431111, -7.5661860748, 0.0 ], [ 110.1714307977, -7.5659056511, 0.0 ], [ 110.1714139665, -7.5654951516, 0.0 ], [ 110.1713929636, -7.5650991178, 0.0 ], [ 110.1713813477, -7.5648022718, 0.0 ], [ 110.1713812887, -7.5648018502, 0.0 ], [ 110.1713759173, -7.5646446185, 0.0 ], [ 110.1713732232, -7.564514538, 0.0 ], [ 110.1713580816, -7.5642988273, 0.0 ], [ 110.171358598, -7.5642500089, 0.0 ], [ 110.1713580972, -7.5642440854, 0.0 ], [ 110.1713579486, -7.5642411709, 0.0 ], [ 110.1713576112, -7.5642351473, 0.0 ], [ 110.1713572887, -7.5642321972, 0.0 ], [ 110.1713571521, -7.5642301374, 0.0 ], [ 110.1713565008, -7.5642270926, 0.0 ], [ 110.1713561305, -7.5642244707, 0.0 ], [ 110.1713555273, -7.5642209113, 0.0 ], [ 110.1713550163, -7.5642184293, 0.0 ], [ 110.1713543908, -7.5642165215, 0.0 ], [ 110.1713534278, -7.5642148681, 0.0 ], [ 110.1713521171, -7.5642134148, 0.0 ], [ 110.1713503838, -7.5642121, 0.0 ], [ 110.1713463115, -7.5642072235, 0.0 ], [ 110.171344297, -7.5642055816, 0.0 ], [ 110.1713410632, -7.5642035151, 0.0 ], [ 110.1713382992, -7.5642017777, 0.0 ], [ 110.1713356283, -7.5641997131, 0.0 ], [ 110.171331504, -7.5641978792, 0.0 ], [ 110.171323112, -7.5641947265, 0.0 ], [ 110.1712463995, -7.5641636212, 0.0 ], [ 110.171185242, -7.5641377888, 0.0 ], [ 110.1711439321, -7.5641211022, 0.0 ], [ 110.1710906418, -7.5640988555, 0.0 ], [ 110.1710361342, -7.5640789664, 0.0 ], [ 110.1708406757, -7.5639917067, 0.0 ], [ 110.1705228291, -7.5638859012, 0.0 ], [ 110.1705539197, -7.5638567076, 0.0 ], [ 110.1705977103, -7.5638155935, 0.0 ], [ 110.170623417, -7.5637914574, 0.0 ], [ 110.1706447588, -7.5637714194, 0.0 ], [ 110.1706585266, -7.5637584925, 0.0 ], [ 110.1706823919, -7.563736085, 0.0 ], [ 110.1707120623, -7.5637082273, 0.0 ], [ 110.1707415002, -7.5636805881, 0.0 ], [ 110.1707654463, -7.5636581039, 0.0 ], [ 110.1707889992, -7.5636359897, 0.0 ], [ 110.1708128608, -7.5636135867, 0.0 ], [ 110.1708412109, -7.5635869675, 0.0 ], [ 110.1708759708, -7.5635543311, 0.0 ], [ 110.1708963896, -7.563532533, 0.0 ], [ 110.1709384161, -7.5634876665, 0.0 ], [ 110.1709837151, -7.5634393067, 0.0 ], [ 110.1710289041, -7.5633910652, 0.0 ], [ 110.1710635782, -7.5633540473, 0.0 ], [ 110.1711268197, -7.5632895151, 0.0 ], [ 110.1711456082, -7.5632712794, 0.0 ], [ 110.1711622709, -7.5632551064, 0.0 ], [ 110.1711744431, -7.5632432925, 0.0 ], [ 110.1711891316, -7.563229036, 0.0 ], [ 110.171217734, -7.5632012748, 0.0 ], [ 110.1712480163, -7.5631718833, 0.0 ], [ 110.1712812764, -7.5631396013, 0.0 ], [ 110.1710406718, -7.563395515, 0.0 ], [ 110.1708589999, -7.5635956997, 0.0 ], [ 110.1706705309, -7.5637719777, 0.0 ], [ 110.1706105604, -7.5638298898, 0.0 ], [ 110.1706076128, -7.5638403219, 0.0 ], [ 110.1706076912, -7.5638500416, 0.0 ], [ 110.1706096519, -7.5638580473, 0.0 ], [ 110.1706205964, -7.5638810871, 0.0 ], [ 110.1707711182, -7.5639394194, 0.0 ], [ 110.171089123, -7.5640744117, 0.0 ], [ 110.171355441, -7.5641649653, 0.0 ], [ 110.1713804114, -7.5641728275, 0.0 ], [ 110.1714081105, -7.5641828737, 0.0 ] ], [ [ 110.1714962156, -7.5660920806, 0.0 ], [ 110.1715005007, -7.5660923293, 0.0 ], [ 110.1715027979, -7.5660917078, 0.0 ], [ 110.1715277787, -7.5660951046, 0.0 ], [ 110.171627968, -7.5661052948, 0.0 ], [ 110.171857794, -7.5661586707, 0.0 ], [ 110.172003347, -7.566194515, 0.0 ], [ 110.1724776395, -7.5662838475, 0.0 ], [ 110.172893811, -7.5663657873, 0.0 ], [ 110.1729774894, -7.5663786268, 0.0 ], [ 110.1732228262, -7.5664273887, 0.0 ], [ 110.1735014323, -7.5665019868, 0.0 ], [ 110.1739070258, -7.5666427991, 0.0 ], [ 110.1740385376, -7.5666892357, 0.0 ], [ 110.1743355362, -7.5667748259, 0.0 ], [ 110.1747183315, -7.5668619712, 0.0 ], [ 110.1749525855, -7.5669248501, 0.0 ], [ 110.1749727767, -7.56693027, 0.0 ], [ 110.1751710512, -7.5669935672, 0.0 ], [ 110.1751723991, -7.5669215296, 0.0 ], [ 110.1751715335, -7.5667354451, 0.0 ], [ 110.1751491214, -7.5663246011, 0.0 ], [ 110.1751328368, -7.5660434643, 0.0 ], [ 110.1751197602, -7.5657855769, 0.0 ], [ 110.1751075572, -7.5655989328, 0.0 ], [ 110.1750923232, -7.5653549993, 0.0 ], [ 110.1750776283, -7.5651970868, 0.0 ], [ 110.1750531666, -7.5651580013, 0.0 ], [ 110.1750379344, -7.5651473855, 0.0 ], [ 110.1747680775, -7.5651276854, 0.0 ], [ 110.1745492782, -7.5651100663, 0.0 ], [ 110.1744279423, -7.565101235, 0.0 ], [ 110.1742729947, -7.5650823473, 0.0 ], [ 110.1742503451, -7.5650808843, 0.0 ], [ 110.1741271056, -7.5650469029, 0.0 ], [ 110.1740829994, -7.5650353325, 0.0 ], [ 110.1739900134, -7.5650047612, 0.0 ], [ 110.1738150906, -7.5649536649, 0.0 ], [ 110.1736241545, -7.564899992, 0.0 ], [ 110.1728053558, -7.5646900389, 0.0 ], [ 110.1725707595, -7.5646088182, 0.0 ], [ 110.1721322767, -7.5644738993, 0.0 ], [ 110.1716452865, -7.5643065771, 0.0 ], [ 110.1714506236, -7.5642530654, 0.0 ], [ 110.1714436516, -7.5642524959, 0.0 ], [ 110.1714391139, -7.5642525859, 0.0 ], [ 110.1714340797, -7.5642544468, 0.0 ], [ 110.1714290432, -7.5642570946, 0.0 ], [ 110.1714234126, -7.5642613169, 0.0 ], [ 110.1714194596, -7.564265148, 0.0 ], [ 110.1714167874, -7.5642699665, 0.0 ], [ 110.1714156569, -7.5642748033, 0.0 ], [ 110.1714213024, -7.5646034051, 0.0 ], [ 110.1714464323, -7.5650089448, 0.0 ], [ 110.1714725278, -7.5657568454, 0.0 ], [ 110.1714919452, -7.5660860405, 0.0 ], [ 110.1714931161, -7.5660899229, 0.0 ], [ 110.1714938412, -7.5660913588, 0.0 ], [ 110.1714946596, -7.566091923, 0.0 ], [ 110.1714962156, -7.5660920806, 0.0 ] ], [ [ 110.1754735315, -7.5683986383, 0.0 ], [ 110.1755035534, -7.5684081777, 0.0 ], [ 110.175522498, -7.5684142229, 0.0 ], [ 110.1757989961, -7.5684790473, 0.0 ], [ 110.1761656672, -7.5685637216, 0.0 ], [ 110.1761854729, -7.5685698037, 0.0 ], [ 110.1761979536, -7.5685736162, 0.0 ], [ 110.1762194626, -7.5685782037, 0.0 ], [ 110.1762346116, -7.5685825838, 0.0 ], [ 110.1762530618, -7.5685869602, 0.0 ], [ 110.176273621, -7.5685914726, 0.0 ], [ 110.1762852185, -7.5685939945, 0.0 ], [ 110.1762927302, -7.5685958502, 0.0 ], [ 110.1762961583, -7.5685958567, 0.0 ], [ 110.1763007732, -7.5685957343, 0.0 ], [ 110.1763071041, -7.5685945614, 0.0 ], [ 110.1763100185, -7.5685934788, 0.0 ], [ 110.17631486, -7.5685919015, 0.0 ], [ 110.176320531, -7.568590257, 0.0 ], [ 110.1763235062, -7.5685891591, 0.0 ], [ 110.1763254607, -7.5685880937, 0.0 ], [ 110.1763257883, -7.5685859923, 0.0 ], [ 110.1763261114, -7.5685843368, 0.0 ], [ 110.1763407619, -7.5684854801, 0.0 ], [ 110.1763481026, -7.5684418156, 0.0 ], [ 110.1763538966, -7.5684021016, 0.0 ], [ 110.1763982934, -7.5681475148, 0.0 ], [ 110.1764197673, -7.568013889, 0.0 ], [ 110.1764215678, -7.5679970039, 0.0 ], [ 110.1764204392, -7.5679856071, 0.0 ], [ 110.1764182957, -7.5679706773, 0.0 ], [ 110.1764138248, -7.5679584701, 0.0 ], [ 110.1764084501, -7.5679482348, 0.0 ], [ 110.1763989431, -7.5679374534, 0.0 ], [ 110.1763763849, -7.5679235397, 0.0 ], [ 110.1763499598, -7.5679135006, 0.0 ], [ 110.1762025207, -7.5678616819, 0.0 ], [ 110.1760807363, -7.5678151241, 0.0 ], [ 110.1759900345, -7.5677765249, 0.0 ], [ 110.1759332919, -7.5677455919, 0.0 ], [ 110.1759042358, -7.5677315844, 0.0 ], [ 110.1758550606, -7.5677094474, 0.0 ], [ 110.1757729171, -7.5676719008, 0.0 ], [ 110.1756653469, -7.5676237019, 0.0 ], [ 110.1755558165, -7.5675771745, 0.0 ], [ 110.1754837322, -7.5675441113, 0.0 ], [ 110.1754231013, -7.5675169291, 0.0 ], [ 110.1753962785, -7.5675048795, 0.0 ], [ 110.1753479354, -7.5674866505, 0.0 ], [ 110.1753135653, -7.5674729124, 0.0 ], [ 110.1752973519, -7.5674700914, 0.0 ], [ 110.1752780569, -7.5674700549, 0.0 ], [ 110.175257349, -7.5674775501, 0.0 ], [ 110.1752528648, -7.5674828437, 0.0 ], [ 110.1752424962, -7.5674942649, 0.0 ], [ 110.1752374485, -7.5675017888, 0.0 ], [ 110.1752340765, -7.5675104328, 0.0 ], [ 110.1752321006, -7.5675199162, 0.0 ], [ 110.1752322147, -7.5675280903, 0.0 ], [ 110.1752453874, -7.5678417346, 0.0 ], [ 110.1752561581, -7.5679636015, 0.0 ], [ 110.1752792866, -7.5682583709, 0.0 ], [ 110.1752816193, -7.5682690989, 0.0 ], [ 110.1752834386, -7.5682761889, 0.0 ], [ 110.1752861323, -7.5682834986, 0.0 ], [ 110.1752876481, -7.5682857329, 0.0 ], [ 110.1752885399, -7.5682872523, 0.0 ], [ 110.1752905029, -7.568290248, 0.0 ], [ 110.1752918857, -7.5682923934, 0.0 ], [ 110.1752944739, -7.5682960144, 0.0 ], [ 110.1752968844, -7.5682991891, 0.0 ], [ 110.1752995936, -7.5683026069, 0.0 ], [ 110.17530221, -7.5683052276, 0.0 ], [ 110.1753051543, -7.5683079584, 0.0 ], [ 110.1753079896, -7.5683103615, 0.0 ], [ 110.1753102794, -7.5683126551, 0.0 ], [ 110.1753143176, -7.5683145151, 0.0 ], [ 110.1753193343, -7.5683185577, 0.0 ], [ 110.1753454064, -7.5683373551, 0.0 ], [ 110.175367661, -7.5683526577, 0.0 ], [ 110.1754031308, -7.5683691836, 0.0 ], [ 110.1754735315, -7.5683986383, 0.0 ] ], [ [ 110.176361084, -7.5685939624, 0.0 ], [ 110.1763610749, -7.5685987308, 0.0 ], [ 110.1763612404, -7.5686017964, 0.0 ], [ 110.1763615767, -7.5686041822, 0.0 ], [ 110.1763634459, -7.5686084431, 0.0 ], [ 110.176366987, -7.568614328, 0.0 ], [ 110.1763699495, -7.5686179669, 0.0 ], [ 110.1763765754, -7.5686223128, 0.0 ], [ 110.1763808967, -7.5686249937, 0.0 ], [ 110.1763868675, -7.5686268547, 0.0 ], [ 110.1763955143, -7.5686295438, 0.0 ], [ 110.1764255757, -7.5686378232, 0.0 ], [ 110.1764480193, -7.5686438271, 0.0 ], [ 110.176474166, -7.5686525107, 0.0 ], [ 110.1765011422, -7.5686587284, 0.0 ], [ 110.1765248181, -7.5686663789, 0.0 ], [ 110.1765532344, -7.5686732162, 0.0 ], [ 110.1765810307, -7.5686814914, 0.0 ], [ 110.1766162381, -7.5686920417, 0.0 ], [ 110.1766590697, -7.568701579, 0.0 ], [ 110.1766806921, -7.5687061423, 0.0 ], [ 110.1767124031, -7.5687140133, 0.0 ], [ 110.1767401992, -7.5687218778, 0.0 ], [ 110.1767671707, -7.5687301514, 0.0 ], [ 110.1768102066, -7.5687409218, 0.0 ], [ 110.1768503577, -7.5687514815, 0.0 ], [ 110.1768763014, -7.5687587257, 0.0 ], [ 110.1769199527, -7.5687709363, 0.0 ], [ 110.1769480044, -7.5687798288, 0.0 ], [ 110.176971491, -7.5687859757, 0.0 ], [ 110.1770094556, -7.5687956837, 0.0 ], [ 110.1770499933, -7.5688060388, 0.0 ], [ 110.1771137023, -7.5688219785, 0.0 ], [ 110.1771331419, -7.5688247051, 0.0 ], [ 110.1771452051, -7.5688263795, 0.0 ], [ 110.1771499543, -7.5688252045, 0.0 ], [ 110.177155889, -7.5688231137, 0.0 ], [ 110.1771598545, -7.5688189081, 0.0 ], [ 110.1771625952, -7.568814768, 0.0 ], [ 110.1771903921, -7.568780177, 0.0 ], [ 110.1772398387, -7.5686903231, 0.0 ], [ 110.1772936378, -7.5684929361, 0.0 ], [ 110.1772924268, -7.5684799925, 0.0 ], [ 110.1772893582, -7.5684701278, 0.0 ], [ 110.1771892404, -7.5684514938, 0.0 ], [ 110.1768849951, -7.5684053986, 0.0 ], [ 110.1764641073, -7.5683252506, 0.0 ], [ 110.1764374514, -7.5683212567, 0.0 ], [ 110.1764325637, -7.5683208866, 0.0 ], [ 110.1764226009, -7.5683191113, 0.0 ], [ 110.1764109027, -7.5683161984, 0.0 ], [ 110.1764060361, -7.5683161892, 0.0 ], [ 110.1764017456, -7.5683178002, 0.0 ], [ 110.176400229, -7.5683231166, 0.0 ], [ 110.176397543, -7.5683337491, 0.0 ], [ 110.1763931346, -7.5683540392, 0.0 ], [ 110.1763604483, -7.5685697301, 0.0 ], [ 110.1763604724, -7.5685775928, 0.0 ], [ 110.1763607661, -7.5685818688, 0.0 ], [ 110.1763607587, -7.5685857861, 0.0 ], [ 110.1763609223, -7.5685893637, 0.0 ], [ 110.176361084, -7.5685939624, 0.0 ] ], [ [ 110.1763872132, -7.5686510095, 0.0 ], [ 110.1763775903, -7.5686506576, 0.0 ], [ 110.1763720269, -7.5686509935, 0.0 ], [ 110.1763688962, -7.568652376, 0.0 ], [ 110.1763665724, -7.5686556087, 0.0 ], [ 110.176363808, -7.5686597705, 0.0 ], [ 110.1763613406, -7.5686646184, 0.0 ], [ 110.1763596609, -7.5686680043, 0.0 ], [ 110.1763567351, -7.568683176, 0.0 ], [ 110.1763508751, -7.5687180345, 0.0 ], [ 110.1763381841, -7.568770163, 0.0 ], [ 110.1763292642, -7.56881205, 0.0 ], [ 110.1763154273, -7.5688876205, 0.0 ], [ 110.1763044792, -7.5689316843, 0.0 ], [ 110.1762964485, -7.5689654552, 0.0 ], [ 110.1762870981, -7.5690015716, 0.0 ], [ 110.1762830654, -7.5690163649, 0.0 ], [ 110.1762784313, -7.5690352273, 0.0 ], [ 110.1762745529, -7.5690470606, 0.0 ], [ 110.1762732075, -7.5690524605, 0.0 ], [ 110.1762694094, -7.5690606669, 0.0 ], [ 110.1762673904, -7.5690694701, 0.0 ], [ 110.1762638053, -7.569082932, 0.0 ], [ 110.1762573094, -7.5691055652, 0.0 ], [ 110.1762547654, -7.5691173268, 0.0 ], [ 110.1762522272, -7.5691264989, 0.0 ], [ 110.1762483451, -7.5691398119, 0.0 ], [ 110.1762452942, -7.5691521261, 0.0 ], [ 110.1762125661, -7.5692842427, 0.0 ], [ 110.1762120845, -7.5692987017, 0.0 ], [ 110.1762140337, -7.569313775, 0.0 ], [ 110.1762170759, -7.5693213151, 0.0 ], [ 110.1762273141, -7.5693331976, 0.0 ], [ 110.1764555857, -7.5694026311, 0.0 ], [ 110.1766380012, -7.5694581175, 0.0 ], [ 110.1768834698, -7.5695327813, 0.0 ], [ 110.1768910335, -7.5695339814, 0.0 ], [ 110.1768959897, -7.5695345615, 0.0 ], [ 110.1769018053, -7.5695340967, 0.0 ], [ 110.1769067671, -7.5695317282, 0.0 ], [ 110.1769100478, -7.5695272617, 0.0 ], [ 110.1769884347, -7.5692659734, 0.0 ], [ 110.1771098451, -7.5688484744, 0.0 ], [ 110.1769192136, -7.568804588, 0.0 ], [ 110.1766143365, -7.5687082872, 0.0 ], [ 110.1763872132, -7.5686510095, 0.0 ] ], [ [ 110.1768710327, -7.5695685871, 0.0 ], [ 110.1762209735, -7.569359062, 0.0 ], [ 110.1762171688, -7.5693592963, 0.0 ], [ 110.1762135989, -7.5693608968, 0.0 ], [ 110.1762112912, -7.5693642219, 0.0 ], [ 110.1762089345, -7.5693684839, 0.0 ], [ 110.176169554, -7.5695421669, 0.0 ], [ 110.1761429747, -7.5696940001, 0.0 ], [ 110.1761308501, -7.5697413658, 0.0 ], [ 110.1761291334, -7.5697494586, 0.0 ], [ 110.1761293871, -7.5697537689, 0.0 ], [ 110.1761343352, -7.5697672288, 0.0 ], [ 110.176142299, -7.5697772999, 0.0 ], [ 110.1761522032, -7.5697813391, 0.0 ], [ 110.1761777155, -7.5697885626, 0.0 ], [ 110.1762375881, -7.5698052513, 0.0 ], [ 110.1762764732, -7.5698180545, 0.0 ], [ 110.1763921784, -7.5698591277, 0.0 ], [ 110.1764672571, -7.5698897715, 0.0 ], [ 110.1764745535, -7.5698722907, 0.0 ], [ 110.1765564724, -7.5698817617, 0.0 ], [ 110.176765698, -7.569923215, 0.0 ], [ 110.1767718501, -7.5699236273, 0.0 ], [ 110.1767756056, -7.5699235612, 0.0 ], [ 110.1767791421, -7.5699223188, 0.0 ], [ 110.1767815761, -7.5699202657, 0.0 ], [ 110.1767842848, -7.5699167704, 0.0 ], [ 110.1768935803, -7.5696148786, 0.0 ], [ 110.1768963176, -7.569597307, 0.0 ], [ 110.1768941004, -7.5695882363, 0.0 ], [ 110.1768905402, -7.5695809466, 0.0 ], [ 110.1768844439, -7.56957499, 0.0 ], [ 110.1768710327, -7.5695685871, 0.0 ] ], [ [ 110.1763211012, -7.5686528374, 0.0 ], [ 110.1763184398, -7.5686437875, 0.0 ], [ 110.1763158528, -7.5686390468, 0.0 ], [ 110.1763097957, -7.568634957, 0.0 ], [ 110.1763048382, -7.5686321691, 0.0 ], [ 110.1763008763, -7.5686302242, 0.0 ], [ 110.1762975024, -7.5686293767, 0.0 ], [ 110.1762913453, -7.5686268343, 0.0 ], [ 110.1760103888, -7.5685559815, 0.0 ], [ 110.1759664737, -7.5685466746, 0.0 ], [ 110.1755097417, -7.5684324268, 0.0 ], [ 110.1754092357, -7.5684029876, 0.0 ], [ 110.175406616, -7.5684030604, 0.0 ], [ 110.1754044954, -7.5684037999, 0.0 ], [ 110.1754022882, -7.5684052239, 0.0 ], [ 110.1753998224, -7.5684068192, 0.0 ], [ 110.1753977006, -7.5684082154, 0.0 ], [ 110.1753956928, -7.5684101553, 0.0 ], [ 110.1753942877, -7.5684111521, 0.0 ], [ 110.1753931971, -7.5684121793, 0.0 ], [ 110.1753925365, -7.5684130636, 0.0 ], [ 110.1753922208, -7.5684136916, 0.0 ], [ 110.1753918187, -7.5684144624, 0.0 ], [ 110.1753899031, -7.5684236655, 0.0 ], [ 110.1753867354, -7.5684478553, 0.0 ], [ 110.1753866237, -7.5684560633, 0.0 ], [ 110.1753876501, -7.5684678606, 0.0 ], [ 110.1753898188, -7.5684799458, 0.0 ], [ 110.1753930328, -7.5684944101, 0.0 ], [ 110.1753971999, -7.568509067, 0.0 ], [ 110.1754037496, -7.5685234425, 0.0 ], [ 110.1754179906, -7.5685539089, 0.0 ], [ 110.1754704236, -7.5686419012, 0.0 ], [ 110.1754803781, -7.5686580741, 0.0 ], [ 110.175489879, -7.5686806038, 0.0 ], [ 110.1754920322, -7.5686894826, 0.0 ], [ 110.1754943918, -7.5687032316, 0.0 ], [ 110.1754963253, -7.5687131927, 0.0 ], [ 110.1754964132, -7.5687236912, 0.0 ], [ 110.1754951951, -7.5687370011, 0.0 ], [ 110.1754922293, -7.5687570171, 0.0 ], [ 110.1754874661, -7.5687927297, 0.0 ], [ 110.1754737848, -7.5688369294, 0.0 ], [ 110.1754676228, -7.5688513018, 0.0 ], [ 110.175457462, -7.568876457, 0.0 ], [ 110.1754503758, -7.5688925163, 0.0 ], [ 110.1754481481, -7.5688928594, 0.0 ], [ 110.1754461919, -7.568896745, 0.0 ], [ 110.1754470243, -7.5688979965, 0.0 ], [ 110.1754414325, -7.5689109029, 0.0 ], [ 110.1754318552, -7.5689333168, 0.0 ], [ 110.1754133459, -7.5689767512, 0.0 ], [ 110.1754135024, -7.5689959664, 0.0 ], [ 110.1754169542, -7.5690212252, 0.0 ], [ 110.1754245236, -7.5690432654, 0.0 ], [ 110.175435712, -7.5690636031, 0.0 ], [ 110.1754491923, -7.5690793883, 0.0 ], [ 110.1754692765, -7.5690939758, 0.0 ], [ 110.1755207503, -7.569120011, 0.0 ], [ 110.1758376797, -7.5692146775, 0.0 ], [ 110.1761330771, -7.5693045319, 0.0 ], [ 110.1761475408, -7.5693074988, 0.0 ], [ 110.1761559435, -7.5693060223, 0.0 ], [ 110.176165615, -7.5693022517, 0.0 ], [ 110.1761739144, -7.5692945757, 0.0 ], [ 110.1761843007, -7.5692766793, 0.0 ], [ 110.1762330448, -7.5691072089, 0.0 ], [ 110.1762356646, -7.5690937181, 0.0 ], [ 110.176238382, -7.5690841855, 0.0 ], [ 110.1762413218, -7.5690721198, 0.0 ], [ 110.1762435009, -7.5690621004, 0.0 ], [ 110.1762465025, -7.5690470817, 0.0 ], [ 110.1762538935, -7.569020825, 0.0 ], [ 110.1762600043, -7.5690023969, 0.0 ], [ 110.1762658947, -7.5689758849, 0.0 ], [ 110.1762713009, -7.5689499935, 0.0 ], [ 110.176279411, -7.5689097177, 0.0 ], [ 110.1762839989, -7.5688803307, 0.0 ], [ 110.1762898302, -7.5688472449, 0.0 ], [ 110.176298145, -7.5688079979, 0.0 ], [ 110.1763045891, -7.5687777913, 0.0 ], [ 110.1763097897, -7.5687512826, 0.0 ], [ 110.1763147907, -7.5687210741, 0.0 ], [ 110.1763210493, -7.568680178, 0.0 ], [ 110.1763229384, -7.5686614751, 0.0 ], [ 110.1763211012, -7.5686528374, 0.0 ] ] ] ] } },
{ "type": "Feature", "properties": { "FID_Fisnet_Kerban": 2, "FID_PL": 0, "NAMOBJ": "Kerban", "FCODE": "BA03070040", "METADATA": "TASWIL1000020230928_DATA_BATAS_DESAKELURAHAN", "SRS_ID": "SRGI 2013", "KDCPUM": "33.08.11", "KDEPUM": "33.08.11.2002", "KDPKAB": "33.08", "KDPPUM": "33", "WADMKC": "Tempuran", "WADMKD": "Sumberarum", "WADMKK": "Magelang", "WADMPR": "Jawa Tengah", "DUSUN": "Kerban", "Toponimi": "Dusun Kerban", "Shape_Leng": 3646.39056914, "Shape_Le_1": 12240.167946899999, "KETERANGAN": null, "KET_DETAIL": " ", "PL": "3", "Shape_Length": 276.1473674640738, "Shape_Area": 804.61520252609841 }, "geometry": { "type": "MultiPolygon", "coordinates": [ [ [ [ 110.1752224855, -7.5677897966, 0.0 ], [ 110.1752249892, -7.5678416987, 0.0 ], [ 110.1752254606, -7.5678483783, 0.0 ], [ 110.1752436252, -7.5681065611, 0.0 ], [ 110.1752492747, -7.5681868763, 0.0 ], [ 110.1752508981, -7.5682106953, 0.0 ], [ 110.1752525202, -7.5682242656, 0.0 ], [ 110.1752528997, -7.5682411232, 0.0 ], [ 110.1752537282, -7.5682497354, 0.0 ], [ 110.1752114933, -7.5682434489, 0.0 ], [ 110.1751823446, -7.5682457201, 0.0 ], [ 110.1751357268, -7.568238652, 0.0 ], [ 110.1750774329, -7.5682408689, 0.0 ], [ 110.1750016996, -7.5682186228, 0.0 ], [ 110.1749935789, -7.5681976686, 0.0 ], [ 110.175033697, -7.5680748236, 0.0 ], [ 110.1750452286, -7.5680385557, 0.0 ], [ 110.1750524162, -7.5680397017, 0.0 ], [ 110.175058302, -7.5679941866, 0.0 ], [ 110.1750604755, -7.5679938045, 0.0 ], [ 110.1750621003, -7.5679854122, 0.0 ], [ 110.1750957414, -7.5679921428, 0.0 ], [ 110.1750995835, -7.5679698464, 0.0 ], [ 110.1751070622, -7.5679713783, 0.0 ], [ 110.1751187007, -7.5679752136, 0.0 ], [ 110.175115656, -7.5679952702, 0.0 ], [ 110.1751155126, -7.5680053911, 0.0 ], [ 110.1751465608, -7.5680095236, 0.0 ], [ 110.175149587, -7.5679796516, 0.0 ], [ 110.1751530696, -7.5679700281, 0.0 ], [ 110.1751576768, -7.5679548506, 0.0 ], [ 110.1751575618, -7.5679500358, 0.0 ], [ 110.1751790807, -7.567955138, 0.0 ], [ 110.1752048728, -7.5678603681, 0.0 ], [ 110.175155533, -7.5678457062, 0.0 ], [ 110.1751401967, -7.5678425902, 0.0 ], [ 110.1751365096, -7.5678415313, 0.0 ], [ 110.1751246156, -7.5678381161, 0.0 ], [ 110.1750804647, -7.5678288973, 0.0 ], [ 110.1750545806, -7.5678232631, 0.0 ], [ 110.1749652509, -7.5678005444, 0.0 ], [ 110.1749600569, -7.5678206946, 0.0 ], [ 110.1749361733, -7.5678121889, 0.0 ], [ 110.1749461181, -7.5677652415, 0.0 ], [ 110.1749400038, -7.567763535, 0.0 ], [ 110.174936954, -7.5677591207, 0.0 ], [ 110.1749432864, -7.5677347198, 0.0 ], [ 110.1749473773, -7.5677212671, 0.0 ], [ 110.1750007079, -7.5677384175, 0.0 ], [ 110.1750755004, -7.5677557894, 0.0 ], [ 110.1752224855, -7.5677897966, 0.0 ] ], [ [ 110.1750826473, -7.5680764547, 0.0 ], [ 110.1750780332, -7.5680905188, 0.0 ], [ 110.1750630893, -7.5680874397, 0.0 ], [ 110.1750603119, -7.5680865336, 0.0 ], [ 110.1750400197, -7.5681724039, 0.0 ], [ 110.1750335563, -7.5681979976, 0.0 ], [ 110.1750529019, -7.5682033507, 0.0 ], [ 110.1750829003, -7.5682118716, 0.0 ], [ 110.1751566476, -7.5682279463, 0.0 ], [ 110.175156958, -7.5682248563, 0.0 ], [ 110.1751604399, -7.5682089675, 0.0 ], [ 110.1751625707, -7.5682052632, 0.0 ], [ 110.1751668182, -7.5682052712, 0.0 ], [ 110.1751765334, -7.5682061688, 0.0 ], [ 110.1751797666, -7.5682038015, 0.0 ], [ 110.1751891911, -7.5681616044, 0.0 ], [ 110.1751896186, -7.5681589325, 0.0 ], [ 110.1751822296, -7.5681578585, 0.0 ], [ 110.1751740798, -7.5681564863, 0.0 ], [ 110.175176333, -7.5681327533, 0.0 ], [ 110.1751727717, -7.5681293557, 0.0 ], [ 110.1751531669, -7.5681244443, 0.0 ], [ 110.1751558192, -7.5681086381, 0.0 ], [ 110.1751566971, -7.5680940586, 0.0 ], [ 110.1751406983, -7.5680894987, 0.0 ], [ 110.1751251252, -7.5680850598, 0.0 ], [ 110.1751225623, -7.5680843296, 0.0 ], [ 110.1751076798, -7.5680813935, 0.0 ], [ 110.1750918315, -7.5680782666, 0.0 ], [ 110.1750826473, -7.5680764547, 0.0 ] ] ] ] } },
{ "type": "Feature", "properties": { "FID_Fisnet_Kerban": 2, "FID_PL": 0, "NAMOBJ": "Kerban", "FCODE": "BA03070040", "METADATA": "TASWIL1000020230928_DATA_BATAS_DESAKELURAHAN", "SRS_ID": "SRGI 2013", "KDCPUM": "33.08.11", "KDEPUM": "33.08.11.2002", "KDPKAB": "33.08", "KDPPUM": "33", "WADMKC": "Tempuran", "WADMKD": "Sumberarum", "WADMKK": "Magelang", "WADMPR": "Jawa Tengah", "DUSUN": "Kerban", "Toponimi": "Dusun Kerban", "Shape_Leng": 3646.39056914, "Shape_Le_1": 12240.167946899999, "KETERANGAN": null, "KET_DETAIL": " ", "PL": "3", "Shape_Length": 287.94047462823636, "Shape_Area": 910.28800803142667 }, "geometry": { "type": "MultiPolygon", "coordinates": [ [ [ [ 110.1769100487, -7.5695272617, 0.0 ], [ 110.1769067671, -7.5695317282, 0.0 ], [ 110.1769018053, -7.5695340967, 0.0 ], [ 110.1768959897, -7.5695345615, 0.0 ], [ 110.1768910335, -7.5695339814, 0.0 ], [ 110.1768834698, -7.5695327813, 0.0 ], [ 110.1766380012, -7.5694581175, 0.0 ], [ 110.1764555857, -7.5694026311, 0.0 ], [ 110.1762273141, -7.5693331985, 0.0 ], [ 110.1762170759, -7.5693213151, 0.0 ], [ 110.1762140337, -7.569313775, 0.0 ], [ 110.1762120845, -7.5692987017, 0.0 ], [ 110.1762125652, -7.5692842427, 0.0 ], [ 110.176228003, -7.5692219267, 0.0 ], [ 110.1762409869, -7.5692256533, 0.0 ], [ 110.1762718901, -7.5692355444, 0.0 ], [ 110.1762651549, -7.5692649183, 0.0 ], [ 110.1763053383, -7.5692766494, 0.0 ], [ 110.1763446073, -7.5692891747, 0.0 ], [ 110.1763581373, -7.5692931737, 0.0 ], [ 110.1763882271, -7.5693022898, 0.0 ], [ 110.176392493, -7.5693035822, 0.0 ], [ 110.17640863, -7.5693094195, 0.0 ], [ 110.1764033873, -7.569323714, 0.0 ], [ 110.1764722731, -7.5693496228, 0.0 ], [ 110.1764748145, -7.5693507157, 0.0 ], [ 110.1764960695, -7.5692890304, 0.0 ], [ 110.1764979651, -7.5692898633, 0.0 ], [ 110.1765253998, -7.5693004669, 0.0 ], [ 110.1765213801, -7.5693108084, 0.0 ], [ 110.1765178518, -7.5693182311, 0.0 ], [ 110.1765212436, -7.5693196793, 0.0 ], [ 110.1765477587, -7.5693281926, 0.0 ], [ 110.1766127133, -7.5693498276, 0.0 ], [ 110.1766318641, -7.5692926317, 0.0 ], [ 110.1766556572, -7.569206047, 0.0 ], [ 110.1766568836, -7.5692017612, 0.0 ], [ 110.1767008233, -7.5692129856, 0.0 ], [ 110.1766956667, -7.5692310891, 0.0 ], [ 110.1766768144, -7.5692269842, 0.0 ], [ 110.1766645338, -7.5692801247, 0.0 ], [ 110.1766594816, -7.5693062665, 0.0 ], [ 110.1766812208, -7.5693114079, 0.0 ], [ 110.1766804508, -7.5693163983, 0.0 ], [ 110.1766610569, -7.569393297, 0.0 ], [ 110.1766562358, -7.5694122775, 0.0 ], [ 110.1767244244, -7.5694292179, 0.0 ], [ 110.1767282821, -7.5694297516, 0.0 ], [ 110.1767309225, -7.569417329, 0.0 ], [ 110.1767483113, -7.5693471604, 0.0 ], [ 110.1767532785, -7.5693252198, 0.0 ], [ 110.1767807653, -7.5693299144, 0.0 ], [ 110.1767590026, -7.569428926, 0.0 ], [ 110.1767961988, -7.5694356532, 0.0 ], [ 110.1768314242, -7.5694406094, 0.0 ], [ 110.1768406051, -7.5693982499, 0.0 ], [ 110.1768428279, -7.5693986014, 0.0 ], [ 110.1769031219, -7.5694081472, 0.0 ], [ 110.1769095108, -7.5693611271, 0.0 ], [ 110.1769111557, -7.5693560027, 0.0 ], [ 110.17691527, -7.5693417051, 0.0 ], [ 110.176963893, -7.5693477882, 0.0 ], [ 110.1769100487, -7.5695272617, 0.0 ] ] ] ] } },
{ "type": "Feature", "properties": { "FID_Fisnet_Kerban": 2, "FID_PL": 0, "NAMOBJ": "Kerban", "FCODE": "BA03070040", "METADATA": "TASWIL1000020230928_DATA_BATAS_DESAKELURAHAN", "SRS_ID": "SRGI 2013", "KDCPUM": "33.08.11", "KDEPUM": "33.08.11.2002", "KDPKAB": "33.08", "KDPPUM": "33", "WADMKC": "Tempuran", "WADMKD": "Sumberarum", "WADMKK": "Magelang", "WADMPR": "Jawa Tengah", "DUSUN": "Kerban", "Toponimi": "Dusun Kerban", "Shape_Leng": 3646.39056914, "Shape_Le_1": 12240.167946899999, "KETERANGAN": null, "KET_DETAIL": " ", "PL": "3", "Shape_Length": 1320.46596552898, "Shape_Area": 7275.1946350878598 }, "geometry": { "type": "MultiPolygon", "coordinates": [ [ [ [ 110.1753962785, -7.5675048795, 0.0 ], [ 110.1754231013, -7.5675169291, 0.0 ], [ 110.1754837322, -7.5675441113, 0.0 ], [ 110.1755558165, -7.5675771745, 0.0 ], [ 110.1756653469, -7.5676237019, 0.0 ], [ 110.1757729171, -7.5676719008, 0.0 ], [ 110.1758550606, -7.5677094474, 0.0 ], [ 110.1759042358, -7.5677315844, 0.0 ], [ 110.1759332919, -7.5677455919, 0.0 ], [ 110.1759900345, -7.5677765249, 0.0 ], [ 110.1760807363, -7.5678151241, 0.0 ], [ 110.1762025207, -7.5678616819, 0.0 ], [ 110.1763499598, -7.5679135006, 0.0 ], [ 110.176376384, -7.5679235397, 0.0 ], [ 110.1763989431, -7.5679374534, 0.0 ], [ 110.1764084501, -7.5679482348, 0.0 ], [ 110.1764138248, -7.5679584701, 0.0 ], [ 110.1764182957, -7.5679706773, 0.0 ], [ 110.1764204392, -7.5679856071, 0.0 ], [ 110.1764215678, -7.5679970039, 0.0 ], [ 110.1764197673, -7.568013889, 0.0 ], [ 110.1763982934, -7.5681475148, 0.0 ], [ 110.1763538966, -7.5684021016, 0.0 ], [ 110.1762230342, -7.5683779217, 0.0 ], [ 110.1762247556, -7.5683678481, 0.0 ], [ 110.1762688503, -7.5683747305, 0.0 ], [ 110.1762762561, -7.5683296533, 0.0 ], [ 110.1762889219, -7.5683319239, 0.0 ], [ 110.1762919113, -7.5683142307, 0.0 ], [ 110.1762795267, -7.5683123811, 0.0 ], [ 110.176282385, -7.5682897699, 0.0 ], [ 110.1761344942, -7.5682561982, 0.0 ], [ 110.1761309242, -7.5682812475, 0.0 ], [ 110.1761162564, -7.5682788636, 0.0 ], [ 110.1760431102, -7.5682669815, 0.0 ], [ 110.1760413936, -7.5682817295, 0.0 ], [ 110.1760370302, -7.5682811587, 0.0 ], [ 110.176035427, -7.5682910244, 0.0 ], [ 110.1760201243, -7.5682878696, 0.0 ], [ 110.1759756626, -7.5682757053, 0.0 ], [ 110.1759663056, -7.5683105247, 0.0 ], [ 110.1759442142, -7.5683066913, 0.0 ], [ 110.1759421623, -7.5683060977, 0.0 ], [ 110.1759376942, -7.5683277516, 0.0 ], [ 110.17593693, -7.568331133, 0.0 ], [ 110.1759214286, -7.5683996653, 0.0 ], [ 110.1759165428, -7.5684212641, 0.0 ], [ 110.1759116738, -7.5684392243, 0.0 ], [ 110.1759169496, -7.5684409419, 0.0 ], [ 110.175938221, -7.5684460481, 0.0 ], [ 110.1759661435, -7.5684527516, 0.0 ], [ 110.1759780975, -7.5684556215, 0.0 ], [ 110.1759987146, -7.5684597279, 0.0 ], [ 110.175999937, -7.5684532315, 0.0 ], [ 110.1760640883, -7.5684638855, 0.0 ], [ 110.1760827123, -7.5684679348, 0.0 ], [ 110.1760860843, -7.5684683608, 0.0 ], [ 110.176087832, -7.568468754, 0.0 ], [ 110.1760880614, -7.5684668179, 0.0 ], [ 110.1760886938, -7.5684626485, 0.0 ], [ 110.1760983969, -7.5684641964, 0.0 ], [ 110.1762050493, -7.5684832473, 0.0 ], [ 110.1762039323, -7.5684924646, 0.0 ], [ 110.176229001, -7.5684960241, 0.0 ], [ 110.1762531862, -7.5685013375, 0.0 ], [ 110.1762565085, -7.5684892717, 0.0 ], [ 110.1763106023, -7.5684983735, 0.0 ], [ 110.1763121719, -7.5684823535, 0.0 ], [ 110.1763407619, -7.5684854801, 0.0 ], [ 110.1763261114, -7.5685843377, 0.0 ], [ 110.1763257883, -7.5685859923, 0.0 ], [ 110.1763254607, -7.5685880937, 0.0 ], [ 110.1763235062, -7.5685891591, 0.0 ], [ 110.176320531, -7.568590257, 0.0 ], [ 110.17631486, -7.5685919015, 0.0 ], [ 110.1763100185, -7.5685934788, 0.0 ], [ 110.1763071041, -7.5685945614, 0.0 ], [ 110.1763007732, -7.5685957343, 0.0 ], [ 110.1762961583, -7.5685958567, 0.0 ], [ 110.1762927302, -7.5685958502, 0.0 ], [ 110.1762852185, -7.5685939945, 0.0 ], [ 110.176273621, -7.5685914726, 0.0 ], [ 110.1762530618, -7.5685869602, 0.0 ], [ 110.1762346116, -7.5685825838, 0.0 ], [ 110.1762194626, -7.5685782037, 0.0 ], [ 110.1761979536, -7.5685736162, 0.0 ], [ 110.1761854729, -7.5685698037, 0.0 ], [ 110.1761656672, -7.5685637216, 0.0 ], [ 110.1757989961, -7.5684790473, 0.0 ], [ 110.1755224971, -7.568414222, 0.0 ], [ 110.1755035534, -7.5684081777, 0.0 ], [ 110.1754735315, -7.5683986383, 0.0 ], [ 110.1754031308, -7.5683691836, 0.0 ], [ 110.175367661, -7.5683526577, 0.0 ], [ 110.1753454064, -7.5683373551, 0.0 ], [ 110.1753193343, -7.5683185577, 0.0 ], [ 110.1753180871, -7.5683175568, 0.0 ], [ 110.1753143176, -7.5683145151, 0.0 ], [ 110.1753102794, -7.5683126551, 0.0 ], [ 110.1753079896, -7.5683103615, 0.0 ], [ 110.1753051543, -7.5683079584, 0.0 ], [ 110.17530221, -7.5683052276, 0.0 ], [ 110.1752995936, -7.5683026069, 0.0 ], [ 110.1752968844, -7.5682991891, 0.0 ], [ 110.1752944739, -7.5682960144, 0.0 ], [ 110.1752918857, -7.5682923934, 0.0 ], [ 110.1752905029, -7.568290248, 0.0 ], [ 110.1752885399, -7.5682872523, 0.0 ], [ 110.1752876481, -7.5682857329, 0.0 ], [ 110.1752861323, -7.5682835005, 0.0 ], [ 110.1752834386, -7.5682761889, 0.0 ], [ 110.1752816193, -7.5682690989, 0.0 ], [ 110.1752792857, -7.5682583709, 0.0 ], [ 110.1752561581, -7.5679636015, 0.0 ], [ 110.1752453874, -7.5678417346, 0.0 ], [ 110.1752322147, -7.5675280884, 0.0 ], [ 110.1752321006, -7.5675199162, 0.0 ], [ 110.1752340765, -7.5675104328, 0.0 ], [ 110.1752374485, -7.5675017888, 0.0 ], [ 110.1752424962, -7.5674942649, 0.0 ], [ 110.1752528648, -7.5674828437, 0.0 ], [ 110.175257349, -7.5674775501, 0.0 ], [ 110.1752780569, -7.5674700549, 0.0 ], [ 110.1752973519, -7.5674700914, 0.0 ], [ 110.1753135653, -7.5674729124, 0.0 ], [ 110.1753479354, -7.5674866505, 0.0 ], [ 110.1753962785, -7.5675048795, 0.0 ] ], [ [ 110.1752798734, -7.5676642535, 0.0 ], [ 110.1753054123, -7.5676764915, 0.0 ], [ 110.1753164477, -7.5676590107, 0.0 ], [ 110.1753349921, -7.5676667619, 0.0 ], [ 110.1753883782, -7.567550152, 0.0 ], [ 110.17531672, -7.5675156787, 0.0 ], [ 110.1752934301, -7.5675634764, 0.0 ], [ 110.1752625644, -7.567630744, 0.0 ], [ 110.1752540815, -7.5676520367, 0.0 ], [ 110.1752798734, -7.5676642535, 0.0 ] ], [ [ 110.1754760385, -7.5676156613, 0.0 ], [ 110.1754313477, -7.5677241617, 0.0 ], [ 110.1754646844, -7.5677384125, 0.0 ], [ 110.1754946444, -7.5677513933, 0.0 ], [ 110.1755237611, -7.5677659273, 0.0 ], [ 110.1755162646, -7.5677833245, 0.0 ], [ 110.1755150896, -7.5677858123, 0.0 ], [ 110.1755083776, -7.5677824629, 0.0 ], [ 110.175443267, -7.5677572214, 0.0 ], [ 110.1754382853, -7.5677553117, 0.0 ], [ 110.175432758, -7.5677538151, 0.0 ], [ 110.1753419965, -7.5677185233, 0.0 ], [ 110.1753412566, -7.5677200631, 0.0 ], [ 110.1753196056, -7.5677807021, 0.0 ], [ 110.1752957338, -7.5678418326, 0.0 ], [ 110.1752926415, -7.5678497527, 0.0 ], [ 110.1754267617, -7.5679019002, 0.0 ], [ 110.175430316, -7.5678965207, 0.0 ], [ 110.1754625323, -7.56790796, 0.0 ], [ 110.1754711591, -7.5678867644, 0.0 ], [ 110.1754891652, -7.5678939629, 0.0 ], [ 110.175505578, -7.567849042, 0.0 ], [ 110.1755234792, -7.5678566356, 0.0 ], [ 110.1755522723, -7.5678683226, 0.0 ], [ 110.1755646318, -7.5678423412, 0.0 ], [ 110.1755900362, -7.5677889397, 0.0 ], [ 110.1756081448, -7.5677512217, 0.0 ], [ 110.1756433123, -7.567765116, 0.0 ], [ 110.1756638739, -7.5677096241, 0.0 ], [ 110.1756322278, -7.5676948583, 0.0 ], [ 110.1755662855, -7.5676703705, 0.0 ], [ 110.1755367724, -7.5676583393, 0.0 ], [ 110.175543274, -7.5676445854, 0.0 ], [ 110.1755083945, -7.5676275215, 0.0 ], [ 110.1754760385, -7.5676156613, 0.0 ] ], [ [ 110.1757555097, -7.56775567, 0.0 ], [ 110.1757362745, -7.5678076532, 0.0 ], [ 110.175720709, -7.5678426363, 0.0 ], [ 110.1757203695, -7.5678433999, 0.0 ], [ 110.1756988672, -7.5678987914, 0.0 ], [ 110.1757879466, -7.5679335174, 0.0 ], [ 110.1758031967, -7.5678951365, 0.0 ], [ 110.1758203401, -7.5679021922, 0.0 ], [ 110.1758349212, -7.5678686381, 0.0 ], [ 110.1758509698, -7.5678732777, 0.0 ], [ 110.1758635071, -7.5678429063, 0.0 ], [ 110.1758715205, -7.5678234922, 0.0 ], [ 110.1758367911, -7.5678109158, 0.0 ], [ 110.1758458487, -7.5677900818, 0.0 ], [ 110.1757555097, -7.56775567, 0.0 ] ], [ [ 110.176048672, -7.567870218, 0.0 ], [ 110.1760425171, -7.5678861171, 0.0 ], [ 110.1760292748, -7.5679201368, 0.0 ], [ 110.1760185822, -7.5679170016, 0.0 ], [ 110.1760166787, -7.5679227514, 0.0 ], [ 110.1760110982, -7.5679215732, 0.0 ], [ 110.1760101716, -7.5679212567, 0.0 ], [ 110.1760061153, -7.5679341514, 0.0 ], [ 110.1760045988, -7.5679384838, 0.0 ], [ 110.1759982664, -7.5679370671, 0.0 ], [ 110.1759835724, -7.5679838093, 0.0 ], [ 110.1759957429, -7.5679881611, 0.0 ], [ 110.1759928459, -7.5679953481, 0.0 ], [ 110.1760405694, -7.5680091919, 0.0 ], [ 110.1760468719, -7.5680115283, 0.0 ], [ 110.1760452448, -7.5680144169, 0.0 ], [ 110.1760406333, -7.5680237578, 0.0 ], [ 110.1760746702, -7.5680339804, 0.0 ], [ 110.1760803817, -7.5680152919, 0.0 ], [ 110.1760862769, -7.5680163902, 0.0 ], [ 110.1761198961, -7.5679080804, 0.0 ], [ 110.1761175905, -7.567907385, 0.0 ], [ 110.176122119, -7.5678921467, 0.0 ], [ 110.176048672, -7.567870218, 0.0 ] ], [ [ 110.1761474823, -7.5680146092, 0.0 ], [ 110.1761423829, -7.5680307545, 0.0 ], [ 110.1761637662, -7.568038521, 0.0 ], [ 110.1761864701, -7.5680477408, 0.0 ], [ 110.1761922151, -7.568031972, 0.0 ], [ 110.1762203544, -7.5680404541, 0.0 ], [ 110.1762322527, -7.5680019863, 0.0 ], [ 110.1762441414, -7.5679685764, 0.0 ], [ 110.1762549047, -7.5679344615, 0.0 ], [ 110.1761581124, -7.5679021107, 0.0 ], [ 110.1761513176, -7.5679223257, 0.0 ], [ 110.176146644, -7.5679366457, 0.0 ], [ 110.1761361722, -7.5679657032, 0.0 ], [ 110.1761214578, -7.5680045872, 0.0 ], [ 110.1761474823, -7.5680146092, 0.0 ] ], [ [ 110.1758942062, -7.5680390064, 0.0 ], [ 110.1758966975, -7.568023511, 0.0 ], [ 110.1758971001, -7.5680215201, 0.0 ], [ 110.1758990173, -7.5680090744, 0.0 ], [ 110.1759008858, -7.5679969443, 0.0 ], [ 110.1759093728, -7.5679295773, 0.0 ], [ 110.1758790293, -7.5679238127, 0.0 ], [ 110.1758803819, -7.5679064763, 0.0 ], [ 110.1758579544, -7.5679016049, 0.0 ], [ 110.1758352113, -7.5679006239, 0.0 ], [ 110.1758285908, -7.5679592752, 0.0 ], [ 110.1758174368, -7.5680411234, 0.0 ], [ 110.1758545986, -7.5680473396, 0.0 ], [ 110.1758918349, -7.5680533986, 0.0 ], [ 110.1758942062, -7.5680390064, 0.0 ] ], [ [ 110.1756191015, -7.567967535, 0.0 ], [ 110.1756308152, -7.5679518246, 0.0 ], [ 110.1756517676, -7.5679640856, 0.0 ], [ 110.175676482, -7.5679226926, 0.0 ], [ 110.175689049, -7.5679024885, 0.0 ], [ 110.1756682399, -7.5678892446, 0.0 ], [ 110.1756754429, -7.5678770368, 0.0 ], [ 110.1756480254, -7.5678592852, 0.0 ], [ 110.1756140048, -7.5678424345, 0.0 ], [ 110.1756127234, -7.5678417999, 0.0 ], [ 110.1756123687, -7.5678424314, 0.0 ], [ 110.1755922422, -7.5678782842, 0.0 ], [ 110.1755771945, -7.5678716557, 0.0 ], [ 110.1755755222, -7.5678706938, 0.0 ], [ 110.1755650563, -7.5678861018, 0.0 ], [ 110.1755439491, -7.5679214995, 0.0 ], [ 110.1755425243, -7.5679233645, 0.0 ], [ 110.1755590589, -7.5679331479, 0.0 ], [ 110.1755933699, -7.5679517538, 0.0 ], [ 110.1756191015, -7.567967535, 0.0 ] ], [ [ 110.1762426872, -7.5681224795, 0.0 ], [ 110.1762402488, -7.5681325717, 0.0 ], [ 110.1762147334, -7.5681323037, 0.0 ], [ 110.1761985353, -7.5682068992, 0.0 ], [ 110.1762264587, -7.5682126593, 0.0 ], [ 110.1762240212, -7.5682223118, 0.0 ], [ 110.176277015, -7.5682311918, 0.0 ], [ 110.1763316436, -7.5682388221, 0.0 ], [ 110.1763486732, -7.5681411168, 0.0 ], [ 110.1762970008, -7.568131362, 0.0 ], [ 110.1762426872, -7.5681224795, 0.0 ] ], [ [ 110.1755912428, -7.5682030902, 0.0 ], [ 110.1755472124, -7.5681943646, 0.0 ], [ 110.1755408414, -7.568223343, 0.0 ], [ 110.175532927, -7.5682593445, 0.0 ], [ 110.1755722347, -7.5682672146, 0.0 ], [ 110.175557454, -7.5683462376, 0.0 ], [ 110.1755524532, -7.5683667282, 0.0 ], [ 110.1755732295, -7.5683719529, 0.0 ], [ 110.1755942533, -7.5683771781, 0.0 ], [ 110.1755959895, -7.568375082, 0.0 ], [ 110.1756008486, -7.5683570658, 0.0 ], [ 110.1756442534, -7.5683682585, 0.0 ], [ 110.1756513906, -7.5683702085, 0.0 ], [ 110.1756450674, -7.5683973989, 0.0 ], [ 110.1756386943, -7.5684236178, 0.0 ], [ 110.1756599778, -7.5684290333, 0.0 ], [ 110.1756790195, -7.5684341299, 0.0 ], [ 110.1756808468, -7.5684346471, 0.0 ], [ 110.1756812542, -7.5684315401, 0.0 ], [ 110.1756815064, -7.5684290741, 0.0 ], [ 110.1757282585, -7.5684384216, 0.0 ], [ 110.1757368731, -7.5683974486, 0.0 ], [ 110.1757563978, -7.568402547, 0.0 ], [ 110.1757441206, -7.5684534525, 0.0 ], [ 110.1757743827, -7.5684600907, 0.0 ], [ 110.1757757451, -7.5684514799, 0.0 ], [ 110.1757937137, -7.5684550703, 0.0 ], [ 110.1757940354, -7.5684522164, 0.0 ], [ 110.1758205129, -7.5684590103, 0.0 ], [ 110.1758332665, -7.5684622652, 0.0 ], [ 110.1758528216, -7.5684676386, 0.0 ], [ 110.1758545324, -7.5684679322, 0.0 ], [ 110.175899159, -7.5683087118, 0.0 ], [ 110.1759120273, -7.5682492067, 0.0 ], [ 110.1759082806, -7.5682484652, 0.0 ], [ 110.1758777449, -7.5682432112, 0.0 ], [ 110.1758747645, -7.5682561288, 0.0 ], [ 110.1758463409, -7.568249333, 0.0 ], [ 110.1758412348, -7.56826997, 0.0 ], [ 110.1758380107, -7.5682823246, 0.0 ], [ 110.1757862057, -7.5682713086, 0.0 ], [ 110.1757682978, -7.5683450842, 0.0 ], [ 110.1757534192, -7.5683419681, 0.0 ], [ 110.1757560696, -7.56832242, 0.0 ], [ 110.1757015304, -7.56830923, 0.0 ], [ 110.1756670227, -7.5683029907, 0.0 ], [ 110.1756725047, -7.5682820035, 0.0 ], [ 110.1756820335, -7.5682440884, 0.0 ], [ 110.1756616999, -7.5682391513, 0.0 ], [ 110.1756648311, -7.5682189086, 0.0 ], [ 110.1755912428, -7.5682030902, 0.0 ] ], [ [ 110.1754638284, -7.5682019456, 0.0 ], [ 110.1754324425, -7.568187117, 0.0 ], [ 110.1753965227, -7.5681731842, 0.0 ], [ 110.1753349496, -7.5682974431, 0.0 ], [ 110.175382279, -7.5683183096, 0.0 ], [ 110.1753877174, -7.5683050095, 0.0 ], [ 110.1754157228, -7.5683191443, 0.0 ], [ 110.1754273696, -7.5682942813, 0.0 ], [ 110.1754538352, -7.5683049419, 0.0 ], [ 110.1754482003, -7.5683199782, 0.0 ], [ 110.1755225948, -7.5683384446, 0.0 ], [ 110.1755311559, -7.5683099108, 0.0 ], [ 110.1754646886, -7.5682916511, 0.0 ], [ 110.1754618178, -7.5682907928, 0.0 ], [ 110.1754668461, -7.5682748698, 0.0 ], [ 110.1754692722, -7.5682683848, 0.0 ], [ 110.1754764659, -7.5682491591, 0.0 ], [ 110.1754902884, -7.5682122172, 0.0 ], [ 110.1754638284, -7.5682019456, 0.0 ] ] ] ] } },
{ "type": "Feature", "properties": { "FID_Fisnet_Kerban": 3, "FID_PL": 0, "NAMOBJ": "Kerban", "FCODE": "BA03070040", "METADATA": "TASWIL1000020230928_DATA_BATAS_DESAKELURAHAN", "SRS_ID": "SRGI 2013", "KDCPUM": "33.08.11", "KDEPUM": "33.08.11.2002", "KDPKAB": "33.08", "KDPPUM": "33", "WADMKC": "Tempuran", "WADMKD": "Sumberarum", "WADMKK": "Magelang", "WADMPR": "Jawa Tengah", "DUSUN": "Kerban", "Toponimi": "Dusun Kerban", "Shape_Leng": 3646.39056914, "Shape_Le_1": 12240.167946899999, "KETERANGAN": null, "KET_DETAIL": " ", "PL": "23", "Shape_Length": 649.46324055070897, "Shape_Area": 22041.28542151345 }, "geometry": { "type": "MultiPolygon", "coordinates": [ [ [ [ 110.1714307977, -7.5659056511, 0.0 ], [ 110.1714378237, -7.5660655362, 0.0 ], [ 110.1714102686, -7.5660654748, 0.0 ], [ 110.1712647773, -7.5660301225, 0.0 ], [ 110.1712048009, -7.5660102718, 0.0 ], [ 110.1712083224, -7.565994573, 0.0 ], [ 110.1712094277, -7.5659896484, 0.0 ], [ 110.1712013426, -7.5659871548, 0.0 ], [ 110.1707726751, -7.5658549014, 0.0 ], [ 110.1694431496, -7.565349266, 0.0 ], [ 110.1693732585, -7.5652936746, 0.0 ], [ 110.1693329289, -7.5652615899, 0.0 ], [ 110.1693486794, -7.5652461452, 0.0 ], [ 110.1693679044, -7.5652272935, 0.0 ], [ 110.169409471, -7.5651865335, 0.0 ], [ 110.169445053, -7.5651427195, 0.0 ], [ 110.1694828921, -7.5650935778, 0.0 ], [ 110.1695269357, -7.565036379, 0.0 ], [ 110.1695516463, -7.5649985998, 0.0 ], [ 110.169577185, -7.5649595549, 0.0 ], [ 110.1696011746, -7.5649228786, 0.0 ], [ 110.1696352238, -7.5648586882, 0.0 ], [ 110.1696707319, -7.5647889868, 0.0 ], [ 110.1697036834, -7.5647233706, 0.0 ], [ 110.1697268099, -7.5646773177, 0.0 ], [ 110.169762441, -7.564630026, 0.0 ], [ 110.1697732765, -7.5646180758, 0.0 ], [ 110.1698017628, -7.5645866604, 0.0 ], [ 110.1698244922, -7.5645719533, 0.0 ], [ 110.1698710054, -7.5645466856, 0.0 ], [ 110.1699255699, -7.5645225756, 0.0 ], [ 110.1699410926, -7.5645157501, 0.0 ], [ 110.1699640234, -7.5645332294, 0.0 ], [ 110.1699714289, -7.5645388513, 0.0 ], [ 110.1702171143, -7.5646392423, 0.0 ], [ 110.1704299801, -7.5647343899, 0.0 ], [ 110.1707401055, -7.5648297215, 0.0 ], [ 110.1709715401, -7.5649017946, 0.0 ], [ 110.1709903633, -7.5649053697, 0.0 ], [ 110.171060576, -7.5649264726, 0.0 ], [ 110.1710402986, -7.5649919385, 0.0 ], [ 110.1711032874, -7.5650314484, 0.0 ], [ 110.1711188542, -7.5650367104, 0.0 ], [ 110.1713923191, -7.5650825193, 0.0 ], [ 110.1713929636, -7.5650991178, 0.0 ], [ 110.1714026912, -7.5652825381, 0.0 ], [ 110.1714139665, -7.5654951516, 0.0 ], [ 110.1714307977, -7.5659056511, 0.0 ] ] ] ] } },
{ "type": "Feature", "properties": { "FID_Fisnet_Kerban": 3, "FID_PL": 0, "NAMOBJ": "Kerban", "FCODE": "BA03070040", "METADATA": "TASWIL1000020230928_DATA_BATAS_DESAKELURAHAN", "SRS_ID": "SRGI 2013", "KDCPUM": "33.08.11", "KDEPUM": "33.08.11.2002", "KDPKAB": "33.08", "KDPPUM": "33", "WADMKC": "Tempuran", "WADMKD": "Sumberarum", "WADMKK": "Magelang", "WADMPR": "Jawa Tengah", "DUSUN": "Kerban", "Toponimi": "Dusun Kerban", "Shape_Leng": 3646.39056914, "Shape_Le_1": 12240.167946899999, "KETERANGAN": " ", "KET_DETAIL": " ", "PL": "23", "Shape_Length": 113.2146401617521, "Shape_Area": 687.0109607384552 }, "geometry": { "type": "MultiPolygon", "coordinates": [ [ [ [ 110.1719471386, -7.566976418, 0.0 ], [ 110.1718959066, -7.5671265208, 0.0 ], [ 110.171557955, -7.5670496237, 0.0 ], [ 110.171598393, -7.5668930361, 0.0 ], [ 110.1719471386, -7.566976418, 0.0 ] ] ] ] } },
{ "type": "Feature", "properties": { "FID_Fisnet_Kerban": 3, "FID_PL": 0, "NAMOBJ": "Kerban", "FCODE": "BA03070040", "METADATA": "TASWIL1000020230928_DATA_BATAS_DESAKELURAHAN", "SRS_ID": "SRGI 2013", "KDCPUM": "33.08.11", "KDEPUM": "33.08.11.2002", "KDPKAB": "33.08", "KDPPUM": "33", "WADMKC": "Tempuran", "WADMKD": "Sumberarum", "WADMKK": "Magelang", "WADMPR": "Jawa Tengah", "DUSUN": "Kerban", "Toponimi": "Dusun Kerban", "Shape_Leng": 3646.39056914, "Shape_Le_1": 12240.167946899999, "KETERANGAN": " ", "KET_DETAIL": " ", "PL": "23", "Shape_Length": 208.61105088750247, "Shape_Area": 2869.0150313421191 }, "geometry": { "type": "MultiPolygon", "coordinates": [ [ [ [ 110.1720942989, -7.5663111931, 0.0 ], [ 110.1719659823, -7.566810077, 0.0 ], [ 110.1719010929, -7.5668353725, 0.0 ], [ 110.1717529617, -7.5667958085, 0.0 ], [ 110.1716603802, -7.566770214, 0.0 ], [ 110.1715854626, -7.5667098042, 0.0 ], [ 110.1715802029, -7.5663125268, 0.0 ], [ 110.1716542887, -7.5663219113, 0.0 ], [ 110.1716913802, -7.5663011841, 0.0 ], [ 110.1717401163, -7.5662458184, 0.0 ], [ 110.1717957331, -7.5662251273, 0.0 ], [ 110.1720942989, -7.5663111931, 0.0 ] ] ] ] } },
{ "type": "Feature", "properties": { "FID_Fisnet_Kerban": 3, "FID_PL": 0, "NAMOBJ": "Kerban", "FCODE": "BA03070040", "METADATA": "TASWIL1000020230928_DATA_BATAS_DESAKELURAHAN", "SRS_ID": "SRGI 2013", "KDCPUM": "33.08.11", "KDEPUM": "33.08.11.2002", "KDPKAB": "33.08", "KDPPUM": "33", "WADMKC": "Tempuran", "WADMKD": "Sumberarum", "WADMKK": "Magelang", "WADMPR": "Jawa Tengah", "DUSUN": "Kerban", "Toponimi": "Dusun Kerban", "Shape_Leng": 3646.39056914, "Shape_Le_1": 12240.167946899999, "KETERANGAN": null, "KET_DETAIL": " ", "PL": "23", "Shape_Length": 204.54153035716774, "Shape_Area": 1973.9183429192685 }, "geometry": { "type": "MultiPolygon", "coordinates": [ [ [ [ 110.1722985183, -7.5645458996, 0.0 ], [ 110.1722494209, -7.5646787083, 0.0 ], [ 110.1721897763, -7.5646579467, 0.0 ], [ 110.1720643359, -7.5650240329, 0.0 ], [ 110.1718393004, -7.5649419263, 0.0 ], [ 110.1718295022, -7.564939462, 0.0 ], [ 110.1718259836, -7.5649374682, 0.0 ], [ 110.1718247622, -7.5649353268, 0.0 ], [ 110.1718387019, -7.5648750632, 0.0 ], [ 110.171839021, -7.5648721839, 0.0 ], [ 110.1718404653, -7.5648714983, 0.0 ], [ 110.1718419711, -7.5648713755, 0.0 ], [ 110.1718436645, -7.564871755, 0.0 ], [ 110.1718451993, -7.5648720934, 0.0 ], [ 110.1718586595, -7.5648750577, 0.0 ], [ 110.1718699022, -7.5648781841, 0.0 ], [ 110.1718719045, -7.5648748377, 0.0 ], [ 110.1718742213, -7.564871983, 0.0 ], [ 110.1718915665, -7.5648358955, 0.0 ], [ 110.1718474711, -7.5648201398, 0.0 ], [ 110.1718261731, -7.5648115176, 0.0 ], [ 110.1718239389, -7.5648066617, 0.0 ], [ 110.1719681936, -7.5644346001, 0.0 ], [ 110.1719746331, -7.5644197354, 0.0 ], [ 110.1721322767, -7.5644738993, 0.0 ], [ 110.1722405911, -7.564507227, 0.0 ], [ 110.1723067083, -7.5645275713, 0.0 ], [ 110.1722985183, -7.5645458996, 0.0 ] ] ] ] } },
{ "type": "Feature", "properties": { "FID_Fisnet_Kerban": 3, "FID_PL": 0, "NAMOBJ": "Kerban", "FCODE": "BA03070040", "METADATA": "TASWIL1000020230928_DATA_BATAS_DESAKELURAHAN", "SRS_ID": "SRGI 2013", "KDCPUM": "33.08.11", "KDEPUM": "33.08.11.2002", "KDPKAB": "33.08", "KDPPUM": "33", "WADMKC": "Tempuran", "WADMKD": "Sumberarum", "WADMKK": "Magelang", "WADMPR": "Jawa Tengah", "DUSUN": "Kerban", "Toponimi": "Dusun Kerban", "Shape_Leng": 3646.39056914, "Shape_Le_1": 12240.167946899999, "KETERANGAN": null, "KET_DETAIL": " ", "PL": "23", "Shape_Length": 264.98881403086313, "Shape_Area": 2961.1834006077461 }, "geometry": { "type": "MultiPolygon", "coordinates": [ [ [ [ 110.1721049456, -7.5651247019, 0.0 ], [ 110.1721089527, -7.5651171815, 0.0 ], [ 110.1721104801, -7.5651147785, 0.0 ], [ 110.1721120053, -7.5651135151, 0.0 ], [ 110.172120267, -7.5651132305, 0.0 ], [ 110.1721423926, -7.5651151855, 0.0 ], [ 110.1721471005, -7.5651138034, 0.0 ], [ 110.1722120942, -7.564991761, 0.0 ], [ 110.1722274258, -7.5649554263, 0.0 ], [ 110.172288081, -7.5649747762, 0.0 ], [ 110.172358335, -7.5649971082, 0.0 ], [ 110.1723766443, -7.5649616258, 0.0 ], [ 110.1725098031, -7.5646166964, 0.0 ], [ 110.1725201465, -7.5645932447, 0.0 ], [ 110.1725707595, -7.5646088182, 0.0 ], [ 110.1727234938, -7.5646616972, 0.0 ], [ 110.1727094588, -7.5646888141, 0.0 ], [ 110.1725238907, -7.5651822832, 0.0 ], [ 110.1725035745, -7.5652601015, 0.0 ], [ 110.1724995969, -7.5652664254, 0.0 ], [ 110.1724908553, -7.5652755106, 0.0 ], [ 110.1724785427, -7.5652853795, 0.0 ], [ 110.1724684853, -7.5652904437, 0.0 ], [ 110.1724267865, -7.5654059121, 0.0 ], [ 110.1724189598, -7.5654086297, 0.0 ], [ 110.1724124527, -7.5654095445, 0.0 ], [ 110.1724078055, -7.5654095356, 0.0 ], [ 110.172384179, -7.5654079595, 0.0 ], [ 110.1720965561, -7.5653356275, 0.0 ], [ 110.1720825926, -7.5653294795, 0.0 ], [ 110.1720752456, -7.5653221202, 0.0 ], [ 110.1720675977, -7.5653151982, 0.0 ], [ 110.1720587249, -7.5653075303, 0.0 ], [ 110.1720569881, -7.565304223, 0.0 ], [ 110.1721049456, -7.5651247019, 0.0 ] ] ] ] } },
{ "type": "Feature", "properties": { "FID_Fisnet_Kerban": 3, "FID_PL": 0, "NAMOBJ": "Kerban", "FCODE": "BA03070040", "METADATA": "TASWIL1000020230928_DATA_BATAS_DESAKELURAHAN", "SRS_ID": "SRGI 2013", "KDCPUM": "33.08.11", "KDEPUM": "33.08.11.2002", "KDPKAB": "33.08", "KDPPUM": "33", "WADMKC": "Tempuran", "WADMKD": "Sumberarum", "WADMKK": "Magelang", "WADMPR": "Jawa Tengah", "DUSUN": "Kerban", "Toponimi": "Dusun Kerban", "Shape_Leng": 3646.39056914, "Shape_Le_1": 12240.167946899999, "KETERANGAN": null, "KET_DETAIL": " ", "PL": "23", "Shape_Length": 134.62378447865495, "Shape_Area": 1132.6684714786245 }, "geometry": { "type": "MultiPolygon", "coordinates": [ [ [ [ 110.1726481568, -7.5652083283, 0.0 ], [ 110.1726282117, -7.565198409, 0.0 ], [ 110.1726246479, -7.5651954347, 0.0 ], [ 110.1726236683, -7.5651891014, 0.0 ], [ 110.1726246962, -7.5651800902, 0.0 ], [ 110.17268822, -7.5649983519, 0.0 ], [ 110.172696817, -7.5649899999, 0.0 ], [ 110.1726990027, -7.5649874317, 0.0 ], [ 110.1727031725, -7.564984472, 0.0 ], [ 110.1727085288, -7.5649828994, 0.0 ], [ 110.1727214767, -7.5649830397, 0.0 ], [ 110.1730527699, -7.565085861, 0.0 ], [ 110.1730553149, -7.5650898057, 0.0 ], [ 110.1730553096, -7.5650925752, 0.0 ], [ 110.1730545858, -7.5650980885, 0.0 ], [ 110.1730332338, -7.5651739621, 0.0 ], [ 110.1729797315, -7.5653180749, 0.0 ], [ 110.1729756575, -7.5653212048, 0.0 ], [ 110.1729662827, -7.5653229644, 0.0 ], [ 110.1726481568, -7.5652083283, 0.0 ] ] ] ] } },
{ "type": "Feature", "properties": { "FID_Fisnet_Kerban": 3, "FID_PL": 0, "NAMOBJ": "Kerban", "FCODE": "BA03070040", "METADATA": "TASWIL1000020230928_DATA_BATAS_DESAKELURAHAN", "SRS_ID": "SRGI 2013", "KDCPUM": "33.08.11", "KDEPUM": "33.08.11.2002", "KDPKAB": "33.08", "KDPPUM": "33", "WADMKC": "Tempuran", "WADMKD": "Sumberarum", "WADMKK": "Magelang", "WADMPR": "Jawa Tengah", "DUSUN": "Kerban", "Toponimi": "Dusun Kerban", "Shape_Leng": 3646.39056914, "Shape_Le_1": 12240.167946899999, "KETERANGAN": null, "KET_DETAIL": " ", "PL": "23", "Shape_Length": 171.52576432011546, "Shape_Area": 1404.9920487545858 }, "geometry": { "type": "MultiPolygon", "coordinates": [ [ [ [ 110.1722443456, -7.5657976851, 0.0 ], [ 110.1721304254, -7.5662184519, 0.0 ], [ 110.172003347, -7.566194515, 0.0 ], [ 110.1719130752, -7.5661722842, 0.0 ], [ 110.1719435654, -7.5660691768, 0.0 ], [ 110.1719762094, -7.5659659994, 0.0 ], [ 110.1719876558, -7.5659350535, 0.0 ], [ 110.1719404253, -7.5659167756, 0.0 ], [ 110.1719433011, -7.5659017223, 0.0 ], [ 110.1719444545, -7.5658943367, 0.0 ], [ 110.17193592, -7.5658903426, 0.0 ], [ 110.1719250992, -7.565890322, 0.0 ], [ 110.1719153803, -7.5659099091, 0.0 ], [ 110.171895101, -7.5659041534, 0.0 ], [ 110.1719514482, -7.5657090931, 0.0 ], [ 110.1720577702, -7.5657416501, 0.0 ], [ 110.1720769359, -7.5657477013, 0.0 ], [ 110.1720799958, -7.565748238, 0.0 ], [ 110.1720895065, -7.5657499068, 0.0 ], [ 110.1721084459, -7.5657566712, 0.0 ], [ 110.1721403232, -7.5657641873, 0.0 ], [ 110.1722443456, -7.5657976851, 0.0 ] ] ] ] } },
{ "type": "Feature", "properties": { "FID_Fisnet_Kerban": 3, "FID_PL": 0, "NAMOBJ": "Kerban", "FCODE": "BA03070040", "METADATA": "TASWIL1000020230928_DATA_BATAS_DESAKELURAHAN", "SRS_ID": "SRGI 2013", "KDCPUM": "33.08.11", "KDEPUM": "33.08.11.2002", "KDPKAB": "33.08", "KDPPUM": "33", "WADMKC": "Tempuran", "WADMKD": "Sumberarum", "WADMKK": "Magelang", "WADMPR": "Jawa Tengah", "DUSUN": "Kerban", "Toponimi": "Dusun Kerban", "Shape_Leng": 3646.39056914, "Shape_Le_1": 12240.167946899999, "KETERANGAN": null, "KET_DETAIL": " ", "PL": "23", "Shape_Length": 1217.7863773886029, "Shape_Area": 27491.88406147933 }, "geometry": { "type": "MultiPolygon", "coordinates": [ [ [ [ 110.1735973294, -7.566330439, 0.0 ], [ 110.1730592451, -7.5662273263, 0.0 ], [ 110.1727440955, -7.5661639122, 0.0 ], [ 110.172864593, -7.5657055719, 0.0 ], [ 110.1728744877, -7.5656640686, 0.0 ], [ 110.1731687942, -7.5657387002, 0.0 ], [ 110.1731781711, -7.5656972792, 0.0 ], [ 110.1731881329, -7.565649109, 0.0 ], [ 110.1731853458, -7.5656318688, 0.0 ], [ 110.173178657, -7.5656272831, 0.0 ], [ 110.1730094654, -7.5655742979, 0.0 ], [ 110.1729955117, -7.5655668167, 0.0 ], [ 110.1729913008, -7.5655600007, 0.0 ], [ 110.1729909985, -7.5655483304, 0.0 ], [ 110.1729959054, -7.5655305106, 0.0 ], [ 110.1730264983, -7.5654161172, 0.0 ], [ 110.1730403095, -7.5653604273, 0.0 ], [ 110.1730650581, -7.5653058887, 0.0 ], [ 110.173140412, -7.565050992, 0.0 ], [ 110.1731413237, -7.5650477783, 0.0 ], [ 110.1731454885, -7.5650440516, 0.0 ], [ 110.1731591933, -7.5650380058, 0.0 ], [ 110.1731698673, -7.5650304284, 0.0 ], [ 110.1731764853, -7.5650203107, 0.0 ], [ 110.1731873688, -7.5649859836, 0.0 ], [ 110.17321051, -7.5649286969, 0.0 ], [ 110.1732408113, -7.5649379068, 0.0 ], [ 110.1733208292, -7.5649622181, 0.0 ], [ 110.1733212675, -7.5649614727, 0.0 ], [ 110.1733223915, -7.5649595583, 0.0 ], [ 110.1733839805, -7.5649798413, 0.0 ], [ 110.1733906284, -7.564958765, 0.0 ], [ 110.1733917879, -7.5649591263, 0.0 ], [ 110.173396446, -7.5649605769, 0.0 ], [ 110.1734147885, -7.564898102, 0.0 ], [ 110.1734281044, -7.564849722, 0.0 ], [ 110.1736241545, -7.564899992, 0.0 ], [ 110.1738150906, -7.5649536649, 0.0 ], [ 110.1738444768, -7.5649622489, 0.0 ], [ 110.1738425421, -7.5649724415, 0.0 ], [ 110.173814973, -7.5650559634, 0.0 ], [ 110.1737738527, -7.5652086933, 0.0 ], [ 110.173754126, -7.5652888429, 0.0 ], [ 110.1737525791, -7.5653015027, 0.0 ], [ 110.173761189, -7.5653116492, 0.0 ], [ 110.1737774002, -7.5653283948, 0.0 ], [ 110.1737910917, -7.5653355118, 0.0 ], [ 110.1738535056, -7.5653462668, 0.0 ], [ 110.1738626375, -7.5653488166, 0.0 ], [ 110.1738636286, -7.5653614813, 0.0 ], [ 110.1738416093, -7.5654627416, 0.0 ], [ 110.1738355037, -7.5654703277, 0.0 ], [ 110.173818754, -7.5654697894, 0.0 ], [ 110.1737116766, -7.5654564173, 0.0 ], [ 110.1737071006, -7.5654604607, 0.0 ], [ 110.1736902015, -7.5655384313, 0.0 ], [ 110.1736912013, -7.5655465373, 0.0 ], [ 110.1737069223, -7.5655541648, 0.0 ], [ 110.1737794543, -7.5655826668, 0.0 ], [ 110.1738332334, -7.5655959379, 0.0 ], [ 110.1738448094, -7.5655949387, 0.0 ], [ 110.173856303, -7.5655919883, 0.0 ], [ 110.1738954409, -7.5655941853, 0.0 ], [ 110.1742458638, -7.5656637588, 0.0 ], [ 110.1742611382, -7.5656717481, 0.0 ], [ 110.174268426, -7.5656850297, 0.0 ], [ 110.1742629757, -7.5657107411, 0.0 ], [ 110.1746570905, -7.5657825651, 0.0 ], [ 110.1746810382, -7.5657849512, 0.0 ], [ 110.1746975319, -7.5657865987, 0.0 ], [ 110.1747570052, -7.5657922512, 0.0 ], [ 110.174894228, -7.5657853881, 0.0 ], [ 110.1749592877, -7.5657728484, 0.0 ], [ 110.1749965883, -7.5657602563, 0.0 ], [ 110.1750434138, -7.565743725, 0.0 ], [ 110.1750576914, -7.5657429606, 0.0 ], [ 110.1750632297, -7.5657500938, 0.0 ], [ 110.1750669773, -7.5658648572, 0.0 ], [ 110.1750744393, -7.5661117951, 0.0 ], [ 110.1750737854, -7.5661387339, 0.0 ], [ 110.1750610849, -7.5661442815, 0.0 ], [ 110.174762707, -7.5661301994, 0.0 ], [ 110.1747283014, -7.5662892083, 0.0 ], [ 110.1747239063, -7.5663248927, 0.0 ], [ 110.1749436746, -7.5663409571, 0.0 ], [ 110.1749607825, -7.5663580923, 0.0 ], [ 110.1749550043, -7.566392288, 0.0 ], [ 110.1749489712, -7.5666856456, 0.0 ], [ 110.1749551932, -7.5666949979, 0.0 ], [ 110.1749629791, -7.5667027957, 0.0 ], [ 110.1749816811, -7.5667129505, 0.0 ], [ 110.1750717273, -7.5667123846, 0.0 ], [ 110.1751006093, -7.5667135472, 0.0 ], [ 110.1751216077, -7.5667143928, 0.0 ], [ 110.1751654697, -7.5667196223, 0.0 ], [ 110.1751715335, -7.5667354451, 0.0 ], [ 110.1751723991, -7.5669215296, 0.0 ], [ 110.1751710512, -7.5669935672, 0.0 ], [ 110.1749727803, -7.5669302709, 0.0 ], [ 110.1748446817, -7.5668958869, 0.0 ], [ 110.1747183315, -7.5668619712, 0.0 ], [ 110.1745789401, -7.5668302377, 0.0 ], [ 110.1743355362, -7.5667748259, 0.0 ], [ 110.1742765512, -7.5667578293, 0.0 ], [ 110.1740385376, -7.5666892357, 0.0 ], [ 110.1739070258, -7.5666427991, 0.0 ], [ 110.1739190324, -7.5666117755, 0.0 ], [ 110.1739392286, -7.5665630965, 0.0 ], [ 110.1739737269, -7.5664536173, 0.0 ], [ 110.1739016106, -7.5664366582, 0.0 ], [ 110.173638064, -7.5663619243, 0.0 ], [ 110.1736135829, -7.5663469033, 0.0 ], [ 110.1736049692, -7.5663402354, 0.0 ], [ 110.1735973294, -7.566330439, 0.0 ] ], [ [ 110.173664056, -7.5662074826, 0.0 ], [ 110.1737336121, -7.5660146268, 0.0 ], [ 110.1737496361, -7.5659645262, 0.0 ], [ 110.1737669201, -7.5658966983, 0.0 ], [ 110.1737749441, -7.5658655342, 0.0 ], [ 110.173776419, -7.5658440194, 0.0 ], [ 110.1737677812, -7.5658485634, 0.0 ], [ 110.1737464651, -7.5658470035, 0.0 ], [ 110.1734567885, -7.5657623738, 0.0 ], [ 110.1734512078, -7.5657608437, 0.0 ], [ 110.1734435833, -7.5657664009, 0.0 ], [ 110.1733905475, -7.5658954604, 0.0 ], [ 110.1733131491, -7.5660234608, 0.0 ], [ 110.173315165, -7.5660310622, 0.0 ], [ 110.1733257975, -7.5660452647, 0.0 ], [ 110.1733480787, -7.566073165, 0.0 ], [ 110.1733556791, -7.5660802705, 0.0 ], [ 110.173399808, -7.566097069, 0.0 ], [ 110.1735986398, -7.5661739289, 0.0 ], [ 110.1736067507, -7.5661795159, 0.0 ], [ 110.1736610278, -7.5661983596, 0.0 ], [ 110.173664056, -7.5662074826, 0.0 ] ] ] ] } },
{ "type": "Feature", "properties": { "FID_Fisnet_Kerban": 3, "FID_PL": 0, "NAMOBJ": "Kerban", "FCODE": "BA03070040", "METADATA": "TASWIL1000020230928_DATA_BATAS_DESAKELURAHAN", "SRS_ID": "SRGI 2013", "KDCPUM": "33.08.11", "KDEPUM": "33.08.11.2002", "KDPKAB": "33.08", "KDPPUM": "33", "WADMKC": "Tempuran", "WADMKD": "Sumberarum", "WADMKK": "Magelang", "WADMPR": "Jawa Tengah", "DUSUN": "Kerban", "Toponimi": "Dusun Kerban", "Shape_Leng": 3646.39056914, "Shape_Le_1": 12240.167946899999, "KETERANGAN": null, "KET_DETAIL": " ", "PL": "26", "Shape_Length": 407.28545607402702, "Shape_Area": 10089.540377763284 }, "geometry": { "type": "MultiPolygon", "coordinates": [ [ [ [ 110.1699640243, -7.5645332303, 0.0 ], [ 110.1699410926, -7.5645157501, 0.0 ], [ 110.1699795091, -7.5644988587, 0.0 ], [ 110.1700394712, -7.5644610253, 0.0 ], [ 110.1700580312, -7.5644453209, 0.0 ], [ 110.1701128408, -7.564375459, 0.0 ], [ 110.170145964, -7.5643280268, 0.0 ], [ 110.1701927336, -7.5642577534, 0.0 ], [ 110.1702445054, -7.5641752745, 0.0 ], [ 110.1702793208, -7.5641198101, 0.0 ], [ 110.1703135986, -7.5640691682, 0.0 ], [ 110.1703453849, -7.5640222056, 0.0 ], [ 110.170389966, -7.563956341, 0.0 ], [ 110.1704185831, -7.5639204486, 0.0 ], [ 110.1704320821, -7.5639035171, 0.0 ], [ 110.1704461052, -7.5638945514, 0.0 ], [ 110.1704535859, -7.5638897682, 0.0 ], [ 110.1704642094, -7.5638829768, 0.0 ], [ 110.1704729117, -7.5638774127, 0.0 ], [ 110.1704785184, -7.563873828, 0.0 ], [ 110.1704829698, -7.5638709829, 0.0 ], [ 110.170486128, -7.5638689592, 0.0 ], [ 110.1705228309, -7.5638858994, 0.0 ], [ 110.1708355488, -7.5639894177, 0.0 ], [ 110.1710361342, -7.5640789664, 0.0 ], [ 110.1710906418, -7.5640988555, 0.0 ], [ 110.1711439321, -7.5641211022, 0.0 ], [ 110.171185242, -7.5641377888, 0.0 ], [ 110.1712463995, -7.5641636212, 0.0 ], [ 110.1712775707, -7.5641762572, 0.0 ], [ 110.1712460552, -7.5643464426, 0.0 ], [ 110.1712365111, -7.5643822483, 0.0 ], [ 110.1712273638, -7.5643987485, 0.0 ], [ 110.1711251047, -7.5647181448, 0.0 ], [ 110.171060576, -7.5649264726, 0.0 ], [ 110.1709903614, -7.5649053697, 0.0 ], [ 110.1709715383, -7.5649017946, 0.0 ], [ 110.1707401055, -7.5648297215, 0.0 ], [ 110.1704299801, -7.5647343899, 0.0 ], [ 110.1702171143, -7.5646392423, 0.0 ], [ 110.1699714299, -7.5645388522, 0.0 ], [ 110.1699640243, -7.5645332303, 0.0 ] ] ] ] } },
{ "type": "Feature", "properties": { "FID_Fisnet_Kerban": 4, "FID_PL": 0, "NAMOBJ": "Kerban", "FCODE": "BA03070040", "METADATA": "TASWIL1000020230928_DATA_BATAS_DESAKELURAHAN", "SRS_ID": "SRGI 2013", "KDCPUM": "33.08.11", "KDEPUM": "33.08.11.2002", "KDPKAB": "33.08", "KDPPUM": "33", "WADMKC": "Tempuran", "WADMKD": "Sumberarum", "WADMKK": "Magelang", "WADMPR": "Jawa Tengah", "DUSUN": "Kerban", "Toponimi": "Dusun Kerban", "Shape_Leng": 3646.39056914, "Shape_Le_1": 12240.167946899999, "KETERANGAN": null, "KET_DETAIL": " ", "PL": "32", "Shape_Length": 8697.223744320725, "Shape_Area": 142279.90252962802 }, "geometry": { "type": "MultiPolygon", "coordinates": [ [ [ [ 110.171560582, -7.5661778447, 0.0 ], [ 110.1715616402, -7.5661795679, 0.0 ], [ 110.1715871192, -7.5661793513, 0.0 ], [ 110.1715908059, -7.5661250677, 0.0 ], [ 110.1717117924, -7.5661531836, 0.0 ], [ 110.1722460079, -7.5662774482, 0.0 ], [ 110.1725825659, -7.5663344154, 0.0 ], [ 110.172763773, -7.5663680451, 0.0 ], [ 110.1730050904, -7.5664131761, 0.0 ], [ 110.1731756485, -7.566449384, 0.0 ], [ 110.1734150334, -7.5665107023, 0.0 ], [ 110.1734597171, -7.5665247025, 0.0 ], [ 110.1736863955, -7.5666057486, 0.0 ], [ 110.1738509849, -7.5666572207, 0.0 ], [ 110.1741304585, -7.5667538705, 0.0 ], [ 110.1742562429, -7.5667858904, 0.0 ], [ 110.1746110846, -7.5668741551, 0.0 ], [ 110.174868101, -7.5669335541, 0.0 ], [ 110.1751475962, -7.5670185743, 0.0 ], [ 110.1751530019, -7.567020143, 0.0 ], [ 110.175157345, -7.5670227742, 0.0 ], [ 110.175163301, -7.567028538, 0.0 ], [ 110.1751671349, -7.5670329844, 0.0 ], [ 110.1751701609, -7.5670371282, 0.0 ], [ 110.1751723788, -7.5670409665, 0.0 ], [ 110.1751739572, -7.567046532, 0.0 ], [ 110.1752017366, -7.5673742353, 0.0 ], [ 110.1752083756, -7.5674975849, 0.0 ], [ 110.1752224855, -7.5677897966, 0.0 ], [ 110.1750755004, -7.5677557894, 0.0 ], [ 110.1750007079, -7.5677384175, 0.0 ], [ 110.1749473764, -7.5677212689, 0.0 ], [ 110.1749432873, -7.567734718, 0.0 ], [ 110.1749159437, -7.5677282227, 0.0 ], [ 110.1748906393, -7.567721393, 0.0 ], [ 110.1748691298, -7.5677990745, 0.0 ], [ 110.1748750254, -7.567800882, 0.0 ], [ 110.1748710995, -7.567810539, 0.0 ], [ 110.1748986138, -7.5678168645, 0.0 ], [ 110.1749021989, -7.5678077161, 0.0 ], [ 110.1749220702, -7.5678126705, 0.0 ], [ 110.174925642, -7.567810473, 0.0 ], [ 110.1749361733, -7.5678121889, 0.0 ], [ 110.1749600569, -7.5678206946, 0.0 ], [ 110.1749568645, -7.56783308, 0.0 ], [ 110.1749452027, -7.5678886755, 0.0 ], [ 110.1749366548, -7.5679169687, 0.0 ], [ 110.1749323678, -7.5679368031, 0.0 ], [ 110.1749462956, -7.5679398785, 0.0 ], [ 110.1750309612, -7.5679604701, 0.0 ], [ 110.17504125, -7.5679623817, 0.0 ], [ 110.1750367363, -7.5679851173, 0.0 ], [ 110.1750166958, -7.5679833509, 0.0 ], [ 110.1750079984, -7.568032617, 0.0 ], [ 110.1750452286, -7.5680385557, 0.0 ], [ 110.1750336961, -7.5680748254, 0.0 ], [ 110.1749935789, -7.5681976686, 0.0 ], [ 110.1750016996, -7.5682186228, 0.0 ], [ 110.1750774329, -7.5682408689, 0.0 ], [ 110.1751357268, -7.568238652, 0.0 ], [ 110.1751823446, -7.5682457201, 0.0 ], [ 110.1752114933, -7.5682434489, 0.0 ], [ 110.1752537282, -7.5682497354, 0.0 ], [ 110.1752548828, -7.5682617473, 0.0 ], [ 110.1752596665, -7.5682848831, 0.0 ], [ 110.1752654329, -7.5682993476, 0.0 ], [ 110.1752712081, -7.5683096371, 0.0 ], [ 110.1752795558, -7.5683208947, 0.0 ], [ 110.1752949777, -7.5683356986, 0.0 ], [ 110.1753152303, -7.5683498704, 0.0 ], [ 110.1753563686, -7.5683708734, 0.0 ], [ 110.1753579969, -7.5683725697, 0.0 ], [ 110.1753583543, -7.5683728833, 0.0 ], [ 110.1753595161, -7.5683740016, 0.0 ], [ 110.1753643405, -7.5683780737, 0.0 ], [ 110.1753656811, -7.5683790133, 0.0 ], [ 110.1753664403, -7.5683797292, 0.0 ], [ 110.175368093, -7.5683810267, 0.0 ], [ 110.1753689849, -7.5683824575, 0.0 ], [ 110.1753706772, -7.568386747, 0.0 ], [ 110.175371391, -7.5683879531, 0.0 ], [ 110.175371747, -7.5683890256, 0.0 ], [ 110.1753722795, -7.5683911702, 0.0 ], [ 110.1753731574, -7.5683937777, 0.0 ], [ 110.1753678861, -7.568440761, 0.0 ], [ 110.1753677311, -7.5684588938, 0.0 ], [ 110.1753696269, -7.5684805969, 0.0 ], [ 110.1753730209, -7.568497101, 0.0 ], [ 110.1753790855, -7.5685192579, 0.0 ], [ 110.1753817884, -7.5685278628, 0.0 ], [ 110.1753940478, -7.5685622401, 0.0 ], [ 110.175400428, -7.5685751826, 0.0 ], [ 110.1754125256, -7.5685955229, 0.0 ], [ 110.1754268659, -7.5686147685, 0.0 ], [ 110.1754339143, -7.5686233536, 0.0 ], [ 110.1754604518, -7.5686691453, 0.0 ], [ 110.1754763196, -7.5687169483, 0.0 ], [ 110.1754753849, -7.5687437825, 0.0 ], [ 110.1753165642, -7.5686730464, 0.0 ], [ 110.1752987191, -7.5687089396, 0.0 ], [ 110.1752859566, -7.5687041416, 0.0 ], [ 110.1752697581, -7.5686973318, 0.0 ], [ 110.1752345535, -7.5687907182, 0.0 ], [ 110.175232002, -7.5687920692, 0.0 ], [ 110.1752176689, -7.5688239178, 0.0 ], [ 110.1752108783, -7.5688208532, 0.0 ], [ 110.1751970603, -7.5688496502, 0.0 ], [ 110.1751859457, -7.5688725678, 0.0 ], [ 110.1751837787, -7.5688757638, 0.0 ], [ 110.175175127, -7.5688928512, 0.0 ], [ 110.1751832762, -7.5688964474, 0.0 ], [ 110.1751803317, -7.5689014301, 0.0 ], [ 110.1751391456, -7.5689952438, 0.0 ], [ 110.1751481754, -7.568999577, 0.0 ], [ 110.1752159704, -7.5690308467, 0.0 ], [ 110.1753604398, -7.5690895867, 0.0 ], [ 110.1753743793, -7.5690993625, 0.0 ], [ 110.175375758, -7.5691084189, 0.0 ], [ 110.1753554404, -7.5691494694, 0.0 ], [ 110.1752930795, -7.569278885, 0.0 ], [ 110.1752902705, -7.5692879327, 0.0 ], [ 110.1753492236, -7.5693166992, 0.0 ], [ 110.1754303914, -7.5693550011, 0.0 ], [ 110.1754411407, -7.5693603144, 0.0 ], [ 110.1754264263, -7.569396711, 0.0 ], [ 110.1753949478, -7.5694634955, 0.0 ], [ 110.1754344308, -7.5694774359, 0.0 ], [ 110.1754779566, -7.5694908403, 0.0 ], [ 110.1754898382, -7.5694512067, 0.0 ], [ 110.1754927585, -7.5694522831, 0.0 ], [ 110.1755737185, -7.5694983831, 0.0 ], [ 110.1755947926, -7.5694623404, 0.0 ], [ 110.1756193218, -7.569407813, 0.0 ], [ 110.1756348845, -7.5693852584, 0.0 ], [ 110.175640032, -7.5693844125, 0.0 ], [ 110.1758036354, -7.5694469901, 0.0 ], [ 110.1759034005, -7.5694666785, 0.0 ], [ 110.1759131784, -7.5694632157, 0.0 ], [ 110.1759279032, -7.5694270298, 0.0 ], [ 110.1759376723, -7.5694277447, 0.0 ], [ 110.1760048977, -7.5694449439, 0.0 ], [ 110.1760006221, -7.5694583294, 0.0 ], [ 110.1760004396, -7.5694594172, 0.0 ], [ 110.1760037064, -7.5694617841, 0.0 ], [ 110.1759953506, -7.5694891569, 0.0 ], [ 110.1760502619, -7.5695060651, 0.0 ], [ 110.1760599025, -7.5694799103, 0.0 ], [ 110.1761015674, -7.5694889968, 0.0 ], [ 110.1761189552, -7.5694204147, 0.0 ], [ 110.1761283616, -7.5693882076, 0.0 ], [ 110.1761684396, -7.5693991371, 0.0 ], [ 110.1761813342, -7.5693462863, 0.0 ], [ 110.1761838335, -7.5693470906, 0.0 ], [ 110.1761869558, -7.5693496345, 0.0 ], [ 110.1761876087, -7.5693533513, 0.0 ], [ 110.1761876943, -7.5693579128, 0.0 ], [ 110.1761873028, -7.5693621423, 0.0 ], [ 110.1761465235, -7.5695459521, 0.0 ], [ 110.1761117815, -7.5697160476, 0.0 ], [ 110.1761075534, -7.5697344585, 0.0 ], [ 110.1761054477, -7.5697407226, 0.0 ], [ 110.1761024168, -7.5697439667, 0.0 ], [ 110.1760949683, -7.5697460429, 0.0 ], [ 110.1760793791, -7.569746245, 0.0 ], [ 110.1758738185, -7.5696832779, 0.0 ], [ 110.1756302543, -7.569631127, 0.0 ], [ 110.1756263646, -7.5696579222, 0.0 ], [ 110.1758219884, -7.5696948956, 0.0 ], [ 110.1758488, -7.5697019054, 0.0 ], [ 110.1759890286, -7.5697486682, 0.0 ], [ 110.1759740776, -7.5697765251, 0.0 ], [ 110.1759666823, -7.5697945248, 0.0 ], [ 110.1759505938, -7.5697884407, 0.0 ], [ 110.1759121728, -7.5698686979, 0.0 ], [ 110.1759762916, -7.5698951305, 0.0 ], [ 110.1760099952, -7.5699057767, 0.0 ], [ 110.1760473256, -7.5699196795, 0.0 ], [ 110.1760705787, -7.569929482, 0.0 ], [ 110.1760617475, -7.5699509133, 0.0 ], [ 110.1761411155, -7.5699843591, 0.0 ], [ 110.1761369115, -7.5699958264, 0.0 ], [ 110.1761539258, -7.570001223, 0.0 ], [ 110.1761647212, -7.56997889, 0.0 ], [ 110.1761524887, -7.5699718635, 0.0 ], [ 110.1761647956, -7.5699396989, 0.0 ], [ 110.1761743462, -7.5699432933, 0.0 ], [ 110.1761929461, -7.5698941816, 0.0 ], [ 110.1761837766, -7.5698908267, 0.0 ], [ 110.1761839704, -7.5698894921, 0.0 ], [ 110.1761863592, -7.5698897824, 0.0 ], [ 110.1761899899, -7.5698843117, 0.0 ], [ 110.1762241707, -7.5698937639, 0.0 ], [ 110.1762442906, -7.569836579, 0.0 ], [ 110.1762359412, -7.5698295598, 0.0 ], [ 110.1761705727, -7.5698067843, 0.0 ], [ 110.1762842288, -7.5698394873, 0.0 ], [ 110.1763990403, -7.5698814697, 0.0 ], [ 110.1764246441, -7.5698929914, 0.0 ], [ 110.1764268623, -7.5698938784, 0.0 ], [ 110.1764393708, -7.5698978247, 0.0 ], [ 110.1764386832, -7.569898604, 0.0 ], [ 110.1764316741, -7.5699113295, 0.0 ], [ 110.1764153216, -7.5699454582, 0.0 ], [ 110.1763962285, -7.5699383011, 0.0 ], [ 110.1763896587, -7.5699573824, 0.0 ], [ 110.1763707711, -7.5699503613, 0.0 ], [ 110.1763548214, -7.5699934063, 0.0 ], [ 110.1763503916, -7.5699915356, 0.0 ], [ 110.1763185126, -7.5700678472, 0.0 ], [ 110.1763441578, -7.5700795381, 0.0 ], [ 110.1764315141, -7.5701121606, 0.0 ], [ 110.1764412837, -7.5701154406, 0.0 ], [ 110.1764324801, -7.5701400105, 0.0 ], [ 110.176465816, -7.5701528512, 0.0 ], [ 110.1764498665, -7.5702005822, 0.0 ], [ 110.1765531779, -7.5702317451, 0.0 ], [ 110.1765632756, -7.5701968376, 0.0 ], [ 110.1765763392, -7.570200123, 0.0 ], [ 110.1766325511, -7.5702128024, 0.0 ], [ 110.1767632744, -7.5702365559, 0.0 ], [ 110.1767659134, -7.5702368268, 0.0 ], [ 110.176765251, -7.570266338, 0.0 ], [ 110.1767623137, -7.5703105743, 0.0 ], [ 110.1767514399, -7.5703249848, 0.0 ], [ 110.1767251553, -7.5703378466, 0.0 ], [ 110.1767143213, -7.5703399318, 0.0 ], [ 110.1766429535, -7.570301607, 0.0 ], [ 110.1766251648, -7.5703015734, 0.0 ], [ 110.1766116431, -7.5703156252, 0.0 ], [ 110.1765947708, -7.5703375876, 0.0 ], [ 110.1765898211, -7.5703350177, 0.0 ], [ 110.1765223803, -7.5702989135, 0.0 ], [ 110.1764942209, -7.5703429693, 0.0 ], [ 110.1764821249, -7.5703365906, 0.0 ], [ 110.1764915872, -7.5703174352, 0.0 ], [ 110.176460553, -7.5703020212, 0.0 ], [ 110.1764653531, -7.5702912534, 0.0 ], [ 110.1764556151, -7.5702865633, 0.0 ], [ 110.1764541817, -7.5702857556, 0.0 ], [ 110.176457154, -7.5702799843, 0.0 ], [ 110.1764077004, -7.5702510885, 0.0 ], [ 110.1763990723, -7.5702648058, 0.0 ], [ 110.1763953465, -7.5702635588, 0.0 ], [ 110.1763779921, -7.5702926141, 0.0 ], [ 110.1763646575, -7.5703184345, 0.0 ], [ 110.1763493585, -7.5703443353, 0.0 ], [ 110.1764078341, -7.570377909, 0.0 ], [ 110.1764072666, -7.5703788857, 0.0 ], [ 110.1764338082, -7.5703940045, 0.0 ], [ 110.1764362054, -7.5703907864, 0.0 ], [ 110.1764788561, -7.5704174126, 0.0 ], [ 110.17646667, -7.5704446317, 0.0 ], [ 110.1765016408, -7.5704609975, 0.0 ], [ 110.1765075011, -7.5704470379, 0.0 ], [ 110.1765191549, -7.5704524136, 0.0 ], [ 110.1765268664, -7.5704574426, 0.0 ], [ 110.1765023169, -7.5705011768, 0.0 ], [ 110.176560753, -7.5705302632, 0.0 ], [ 110.1765686634, -7.5705149617, 0.0 ], [ 110.176594359, -7.570527843, 0.0 ], [ 110.1766026878, -7.570510887, 0.0 ], [ 110.1766163608, -7.5705183622, 0.0 ], [ 110.1766216719, -7.5705210594, 0.0 ], [ 110.1766250335, -7.5705145626, 0.0 ], [ 110.1767357317, -7.5705728151, 0.0 ], [ 110.1767536453, -7.5705318722, 0.0 ], [ 110.1767632001, -7.570513191, 0.0 ], [ 110.1767719899, -7.570507854, 0.0 ], [ 110.1767786922, -7.5704929806, 0.0 ], [ 110.1767771453, -7.5704808341, 0.0 ], [ 110.1767783844, -7.5704483221, 0.0 ], [ 110.1767823555, -7.5704244341, 0.0 ], [ 110.1767784617, -7.5704075825, 0.0 ], [ 110.176773832, -7.5703648741, 0.0 ], [ 110.1767714896, -7.5703578183, 0.0 ], [ 110.176757153, -7.5703542303, 0.0 ], [ 110.1767667985, -7.5703483992, 0.0 ], [ 110.1768291848, -7.5703598348, 0.0 ], [ 110.1768721903, -7.5703690115, 0.0 ], [ 110.1768725112, -7.5703919326, 0.0 ], [ 110.1769178256, -7.570395742, 0.0 ], [ 110.1769807804, -7.570405159, 0.0 ], [ 110.1769769588, -7.5704309983, 0.0 ], [ 110.1769807272, -7.570430337, 0.0 ], [ 110.1770875263, -7.5704440001, 0.0 ], [ 110.1773268986, -7.5704704948, 0.0 ], [ 110.1773377737, -7.5704692038, 0.0 ], [ 110.1773413287, -7.570466848, 0.0 ], [ 110.1773429462, -7.5704455966, 0.0 ], [ 110.1773717235, -7.570236217, 0.0 ], [ 110.1775116667, -7.5702678495, 0.0 ], [ 110.1775198016, -7.5702259484, 0.0 ], [ 110.1775282284, -7.5701825726, 0.0 ], [ 110.1774847985, -7.5701725006, 0.0 ], [ 110.1774937478, -7.5701289757, 0.0 ], [ 110.1773999817, -7.5701104051, 0.0 ], [ 110.177379427, -7.5701062935, 0.0 ], [ 110.1773808038, -7.5701006159, 0.0 ], [ 110.1775189639, -7.5701184173, 0.0 ], [ 110.1775206532, -7.5701175784, 0.0 ], [ 110.1775210799, -7.5701153343, 0.0 ], [ 110.1775242177, -7.5700920443, 0.0 ], [ 110.1775233794, -7.570089096, 0.0 ], [ 110.1775204839, -7.5700878513, 0.0 ], [ 110.1774640399, -7.5700809033, 0.0 ], [ 110.177451969, -7.5700794198, 0.0 ], [ 110.1774624191, -7.5700388906, 0.0 ], [ 110.1775803108, -7.5700674831, 0.0 ], [ 110.1775894673, -7.5700661952, 0.0 ], [ 110.1776069351, -7.5699571412, 0.0 ], [ 110.177610296, -7.5699500492, 0.0 ], [ 110.1776496212, -7.5699555521, 0.0 ], [ 110.1776718012, -7.5699547582, 0.0 ], [ 110.1776800805, -7.5699500289, 0.0 ], [ 110.1777284117, -7.5695471222, 0.0 ], [ 110.1777294595, -7.5695289259, 0.0 ], [ 110.1777367636, -7.5695279231, 0.0 ], [ 110.1777560699, -7.5695239951, 0.0 ], [ 110.1777770964, -7.5695115737, 0.0 ], [ 110.1777935786, -7.5695002762, 0.0 ], [ 110.1778100724, -7.5694833148, 0.0 ], [ 110.1778271392, -7.5694629563, 0.0 ], [ 110.1778396861, -7.5694318277, 0.0 ], [ 110.1778488168, -7.5694063566, 0.0 ], [ 110.1778607588, -7.5693944852, 0.0 ], [ 110.1778863363, -7.5693764076, 0.0 ], [ 110.1779067966, -7.5693628527, 0.0 ], [ 110.1779488561, -7.5693340456, 0.0 ], [ 110.1779789726, -7.5693171098, 0.0 ], [ 110.1780267029, -7.5692905791, 0.0 ], [ 110.1780647661, -7.5692736583, 0.0 ], [ 110.1780787841, -7.5692693351, 0.0 ], [ 110.1781124271, -7.5693799364, 0.0 ], [ 110.1780342474, -7.5693995492, 0.0 ], [ 110.1780273708, -7.5694270877, 0.0 ], [ 110.1780334301, -7.5695549542, 0.0 ], [ 110.1780342895, -7.5695730807, 0.0 ], [ 110.1780844938, -7.5696569351, 0.0 ], [ 110.1780914353, -7.5697909627, 0.0 ], [ 110.1781162852, -7.5698923533, 0.0 ], [ 110.1781658755, -7.5700946857, 0.0 ], [ 110.178172708, -7.5701225621, 0.0 ], [ 110.1782051048, -7.5702522465, 0.0 ], [ 110.1783131476, -7.5706847462, 0.0 ], [ 110.1783255937, -7.5707345678, 0.0 ], [ 110.178347655, -7.5708228788, 0.0 ], [ 110.1783748527, -7.571125345, 0.0 ], [ 110.1784098066, -7.5715140592, 0.0 ], [ 110.1784205526, -7.5717346051, 0.0 ], [ 110.1784236911, -7.5717990229, 0.0 ], [ 110.1783835417, -7.5717725173, 0.0 ], [ 110.1782307809, -7.571686856, 0.0 ], [ 110.1780123459, -7.5715740701, 0.0 ], [ 110.1778767164, -7.5715326675, 0.0 ], [ 110.1777753513, -7.5715112516, 0.0 ], [ 110.1776482881, -7.5715169633, 0.0 ], [ 110.1775226527, -7.5715340959, 0.0 ], [ 110.1773085014, -7.5715883468, 0.0 ], [ 110.1771186199, -7.5716425982, 0.0 ], [ 110.1769815637, -7.5717111262, 0.0 ], [ 110.1768145252, -7.5717753718, 0.0 ], [ 110.1766831793, -7.5718082087, 0.0 ], [ 110.1765989459, -7.5718010714, 0.0 ], [ 110.1765189963, -7.5717839378, 0.0 ], [ 110.1764790224, -7.5717710891, 0.0 ], [ 110.1763847927, -7.5717225492, 0.0 ], [ 110.1762258362, -7.5716429681, 0.0 ], [ 110.1760687931, -7.5715668258, 0.0 ], [ 110.1758498821, -7.5714740261, 0.0 ], [ 110.1755833826, -7.5714097813, 0.0 ], [ 110.1753229839, -7.5713076654, 0.0 ], [ 110.1751112116, -7.5712529378, 0.0 ], [ 110.1749755827, -7.5712339021, 0.0 ], [ 110.1748851631, -7.5712505579, 0.0 ], [ 110.1747815047, -7.5713027049, 0.0 ], [ 110.1746030451, -7.5713645718, 0.0 ], [ 110.1744341031, -7.5714430937, 0.0 ], [ 110.1743008528, -7.5715287544, 0.0 ], [ 110.1741057374, -7.571626312, 0.0 ], [ 110.1740272147, -7.5716477278, 0.0 ], [ 110.173905863, -7.5716477284, 0.0 ], [ 110.1738723494, -7.5716429399, 0.0 ], [ 110.1738392373, -7.5716382091, 0.0 ], [ 110.1737583361, -7.571590621, 0.0 ], [ 110.1737036083, -7.5715239953, 0.0 ], [ 110.1734680414, -7.5711908709, 0.0 ], [ 110.1732560389, -7.5709622164, 0.0 ], [ 110.1731018636, -7.5707790855, 0.0 ], [ 110.1728364247, -7.5708080425, 0.0 ], [ 110.1725076478, -7.5708803115, 0.0 ], [ 110.1726466375, -7.570330804, 0.0 ], [ 110.172658464, -7.5702840458, 0.0 ], [ 110.1726846735, -7.5701804229, 0.0 ], [ 110.1727163195, -7.5701929051, 0.0 ], [ 110.1727064378, -7.5702141625, 0.0 ], [ 110.1727089854, -7.5702158044, 0.0 ], [ 110.1726832184, -7.5702670505, 0.0 ], [ 110.1728574182, -7.5703422424, 0.0 ], [ 110.17289199, -7.5702806504, 0.0 ], [ 110.1729697448, -7.5703172178, 0.0 ], [ 110.1730725506, -7.5703590236, 0.0 ], [ 110.1731635686, -7.5704025635, 0.0 ], [ 110.1732742611, -7.5704516092, 0.0 ], [ 110.1733249988, -7.5704800836, 0.0 ], [ 110.1733827529, -7.5705063336, 0.0 ], [ 110.173431116, -7.5705294408, 0.0 ], [ 110.1734719718, -7.5705536535, 0.0 ], [ 110.1735160349, -7.570583859, 0.0 ], [ 110.1735284894, -7.5705913799, 0.0 ], [ 110.1735350782, -7.5705957077, 0.0 ], [ 110.1735407894, -7.5705991573, 0.0 ], [ 110.1735455025, -7.570601735, 0.0 ], [ 110.1735519728, -7.570604041, 0.0 ], [ 110.1735569786, -7.570605646, 0.0 ], [ 110.1738497575, -7.5706555443, 0.0 ], [ 110.1738607328, -7.570658795, 0.0 ], [ 110.1738622724, -7.5706590168, 0.0 ], [ 110.1738663006, -7.5706609266, 0.0 ], [ 110.1738673987, -7.5706616604, 0.0 ], [ 110.1738687892, -7.5706630523, 0.0 ], [ 110.1738696662, -7.5706642244, 0.0 ], [ 110.1738702498, -7.5706657622, 0.0 ], [ 110.1738707582, -7.5706681772, 0.0 ], [ 110.1738711195, -7.5706712495, 0.0 ], [ 110.1738711139, -7.5706741755, 0.0 ], [ 110.1738708196, -7.5707345039, 0.0 ], [ 110.1738710438, -7.5707371472, 0.0 ], [ 110.1738725272, -7.5707402361, 0.0 ], [ 110.1738750432, -7.5707422986, 0.0 ], [ 110.1738775596, -7.5707441322, 0.0 ], [ 110.1738798488, -7.5707448222, 0.0 ], [ 110.1738832847, -7.5707450575, 0.0 ], [ 110.1738863765, -7.5707455202, 0.0 ], [ 110.1738891255, -7.5707456393, 0.0 ], [ 110.1738917603, -7.5707453015, 0.0 ], [ 110.1738942801, -7.5707453063, 0.0 ], [ 110.1738971451, -7.5707445122, 0.0 ], [ 110.1739008133, -7.570743147, 0.0 ], [ 110.1739031051, -7.5707424658, 0.0 ], [ 110.173904711, -7.5707416693, 0.0 ], [ 110.1739058572, -7.5707409858, 0.0 ], [ 110.1739066622, -7.5707395013, 0.0 ], [ 110.1739071522, -7.5707363528, 0.0 ], [ 110.1739168498, -7.5706808541, 0.0 ], [ 110.173925001, -7.5706215129, 0.0 ], [ 110.1739378967, -7.5705496518, 0.0 ], [ 110.1738760638, -7.5705437631, 0.0 ], [ 110.1738744426, -7.5705435628, 0.0 ], [ 110.1737448424, -7.5705275321, 0.0 ], [ 110.173736253, -7.5705994375, 0.0 ], [ 110.1736456444, -7.5705883242, 0.0 ], [ 110.1735894047, -7.5705817189, 0.0 ], [ 110.1735799008, -7.5705788228, 0.0 ], [ 110.1735762376, -7.5705775722, 0.0 ], [ 110.1735736021, -7.5705759581, 0.0 ], [ 110.1735675246, -7.570572069, 0.0 ], [ 110.1735637923, -7.5705689903, 0.0 ], [ 110.1735604984, -7.57056657, 0.0 ], [ 110.1735582287, -7.5705646636, 0.0 ], [ 110.173514516, -7.5705284765, 0.0 ], [ 110.1734925934, -7.5705163981, 0.0 ], [ 110.1733485933, -7.5704353239, 0.0 ], [ 110.173239703, -7.5703747378, 0.0 ], [ 110.1731121292, -7.5703127847, 0.0 ], [ 110.1729716626, -7.5702454798, 0.0 ], [ 110.1727691498, -7.5701539761, 0.0 ], [ 110.172699281, -7.5701226705, 0.0 ], [ 110.1727198242, -7.5700414526, 0.0 ], [ 110.1725273291, -7.5699420229, 0.0 ], [ 110.1722417939, -7.5697516661, 0.0 ], [ 110.1721109231, -7.5696297186, 0.0 ], [ 110.1719889755, -7.5694928993, 0.0 ], [ 110.1719737564, -7.5694659195, 0.0 ], [ 110.172036999, -7.5694673277, 0.0 ], [ 110.1720753525, -7.5694769727, 0.0 ], [ 110.1721634698, -7.5695498911, 0.0 ], [ 110.1722822303, -7.5696515851, 0.0 ], [ 110.1723626985, -7.5697110864, 0.0 ], [ 110.17244897, -7.569745711, 0.0 ], [ 110.1725064405, -7.5697917678, 0.0 ], [ 110.1726655065, -7.5698858799, 0.0 ], [ 110.1727114655, -7.5699319148, 0.0 ], [ 110.1727650663, -7.5699951956, 0.0 ], [ 110.1729605634, -7.5701008637, 0.0 ], [ 110.1731330821, -7.5701835134, 0.0 ], [ 110.1732845685, -7.5702278346, 0.0 ], [ 110.1733592775, -7.5702892396, 0.0 ], [ 110.1735547676, -7.570398737, 0.0 ], [ 110.1736410576, -7.5704237884, 0.0 ], [ 110.1737887911, -7.5704240685, 0.0 ], [ 110.173874627, -7.570447205, 0.0 ], [ 110.173901924, -7.5704587437, 0.0 ], [ 110.1739518403, -7.5704416079, 0.0 ], [ 110.1740036136, -7.5704570226, 0.0 ], [ 110.1740707946, -7.5704418334, 0.0 ], [ 110.1740862124, -7.570405488, 0.0 ], [ 110.1741035237, -7.570382546, 0.0 ], [ 110.1741495812, -7.5703768898, 0.0 ], [ 110.1741822601, -7.5703444058, 0.0 ], [ 110.174213041, -7.5703004312, 0.0 ], [ 110.1742648844, -7.5702794694, 0.0 ], [ 110.1743089793, -7.5702967834, 0.0 ], [ 110.1743338377, -7.5703408643, 0.0 ], [ 110.1743665011, -7.5703160375, 0.0 ], [ 110.1744067773, -7.5703237721, 0.0 ], [ 110.1744413851, -7.5702855473, 0.0 ], [ 110.1745065416, -7.5703258749, 0.0 ], [ 110.1745257644, -7.5703067671, 0.0 ], [ 110.1745813819, -7.5703183593, 0.0 ], [ 110.1746159169, -7.5703184247, 0.0 ], [ 110.1746312081, -7.5703490849, 0.0 ], [ 110.1746675955, -7.5703836146, 0.0 ], [ 110.1747557717, -7.5704259006, 0.0 ], [ 110.1747998676, -7.5704432145, 0.0 ], [ 110.1748478395, -7.5704394767, 0.0 ], [ 110.1749187555, -7.5704779004, 0.0 ], [ 110.1749513943, -7.5704664753, 0.0 ], [ 110.1749514489, -7.570437758, 0.0 ], [ 110.1749016154, -7.5704108612, 0.0 ], [ 110.1748594458, -7.5703897214, 0.0 ], [ 110.1748480524, -7.5703265208, 0.0 ], [ 110.1749036654, -7.5703419435, 0.0 ], [ 110.1749746069, -7.5703669655, 0.0 ], [ 110.1750034124, -7.5703536174, 0.0 ], [ 110.1749668302, -7.5704205568, 0.0 ], [ 110.1750530767, -7.5704685825, 0.0 ], [ 110.1750971907, -7.5704763243, 0.0 ], [ 110.1751374924, -7.5704706571, 0.0 ], [ 110.1752007774, -7.5704860925, 0.0 ], [ 110.1752487139, -7.5705014988, 0.0 ], [ 110.1753101273, -7.5704920429, 0.0 ], [ 110.1753428607, -7.5704308415, 0.0 ], [ 110.1752009667, -7.5703865392, 0.0 ], [ 110.1750073118, -7.5703116794, 0.0 ], [ 110.1750092874, -7.5702904523, 0.0 ], [ 110.1751454428, -7.5703251708, 0.0 ], [ 110.1752125729, -7.5703367847, 0.0 ], [ 110.1753161705, -7.5703408095, 0.0 ], [ 110.1754081546, -7.5703984182, 0.0 ], [ 110.1755174035, -7.5704579743, 0.0 ], [ 110.1755633083, -7.5705327262, 0.0 ], [ 110.1756592312, -7.5705367363, 0.0 ], [ 110.1757205655, -7.5705693992, 0.0 ], [ 110.175745325, -7.5706651702, 0.0 ], [ 110.1758353294, -7.570755322, 0.0 ], [ 110.1758927568, -7.5708243522, 0.0 ], [ 110.1759788616, -7.5709470425, 0.0 ], [ 110.1760382153, -7.5710122477, 0.0 ], [ 110.1760803414, -7.5710563603, 0.0 ], [ 110.1761378889, -7.5710622125, 0.0 ], [ 110.1761915304, -7.571104433, 0.0 ], [ 110.1762184597, -7.5710681083, 0.0 ], [ 110.1763047537, -7.5710912453, 0.0 ], [ 110.1763008114, -7.5711467586, 0.0 ], [ 110.1763026503, -7.5711888812, 0.0 ], [ 110.17630636, -7.571255895, 0.0 ], [ 110.1765151368, -7.5714419953, 0.0 ], [ 110.1764843659, -7.5714802275, 0.0 ], [ 110.1764592974, -7.5715471869, 0.0 ], [ 110.1764131416, -7.5716045343, 0.0 ], [ 110.176426524, -7.5716294483, 0.0 ], [ 110.1764571822, -7.5716505653, 0.0 ], [ 110.1765973141, -7.5716125407, 0.0 ], [ 110.1766951925, -7.5715974091, 0.0 ], [ 110.1767758398, -7.5715631007, 0.0 ], [ 110.1768202119, -7.5715505407, 0.0 ], [ 110.1768225555, -7.5715507324, 0.0 ], [ 110.1768262223, -7.5715505991, 0.0 ], [ 110.1768296089, -7.571550042, 0.0 ], [ 110.176833487, -7.5715503306, 0.0 ], [ 110.1768371538, -7.5715506903, 0.0 ], [ 110.1768382102, -7.571551396, 0.0 ], [ 110.1768389848, -7.5715521012, 0.0 ], [ 110.1768395466, -7.5715536498, 0.0 ], [ 110.1768394715, -7.5715559724, 0.0 ], [ 110.1768394681, -7.5715577316, 0.0 ], [ 110.1768395199, -7.5715610348, 0.0 ], [ 110.1768387267, -7.5715648683, 0.0 ], [ 110.1768266932, -7.571623012, 0.0 ], [ 110.1768266099, -7.5716234116, 0.0 ], [ 110.1768255581, -7.5716245683, 0.0 ], [ 110.1768248817, -7.5716256361, 0.0 ], [ 110.1768243244, -7.5716264663, 0.0 ], [ 110.1768232127, -7.5716271769, 0.0 ], [ 110.1768220218, -7.5716275708, 0.0 ], [ 110.1768204337, -7.5716280427, 0.0 ], [ 110.1768190843, -7.5716283965, 0.0 ], [ 110.1768170203, -7.5716293758, 0.0 ], [ 110.1767661117, -7.5716358317, 0.0 ], [ 110.1767528075, -7.5716427394, 0.0 ], [ 110.1767484993, -7.5716546433, 0.0 ], [ 110.1767487912, -7.5716622804, 0.0 ], [ 110.1767536788, -7.5716674814, 0.0 ], [ 110.1767570421, -7.5716696259, 0.0 ], [ 110.1767653049, -7.5716702529, 0.0 ], [ 110.1767738837, -7.5716662985, 0.0 ], [ 110.1767794914, -7.5716626595, 0.0 ], [ 110.1768792715, -7.5716551924, 0.0 ], [ 110.1769656782, -7.5716189801, 0.0 ], [ 110.1770290107, -7.5716095275, 0.0 ], [ 110.1770655519, -7.5715636479, 0.0 ], [ 110.1770982624, -7.5715139333, 0.0 ], [ 110.1771596805, -7.5715025623, 0.0 ], [ 110.1773170072, -7.5715028594, 0.0 ], [ 110.1775128003, -7.5714534517, 0.0 ], [ 110.1776567654, -7.5714173487, 0.0 ], [ 110.1777450183, -7.5714194291, 0.0 ], [ 110.1778083036, -7.571434865, 0.0 ], [ 110.1778658149, -7.5714598613, 0.0 ], [ 110.177900369, -7.5714503544, 0.0 ], [ 110.1778629069, -7.5714149808, 0.0 ], [ 110.177827559, -7.5713985258, 0.0 ], [ 110.1777777624, -7.5713524841, 0.0 ], [ 110.177720174, -7.571367691, 0.0 ], [ 110.1776684077, -7.571348449, 0.0 ], [ 110.1776704173, -7.5713005903, 0.0 ], [ 110.1776570774, -7.5712527026, 0.0 ], [ 110.1776187526, -7.5712277416, 0.0 ], [ 110.1775189989, -7.571219896, 0.0 ], [ 110.1774403288, -7.5712235762, 0.0 ], [ 110.1773616324, -7.571240658, 0.0 ], [ 110.1773155275, -7.5712712031, 0.0 ], [ 110.177273296, -7.5712826103, 0.0 ], [ 110.1771524814, -7.5712517501, 0.0 ], [ 110.1769932612, -7.5712380477, 0.0 ], [ 110.17694716, -7.5712666779, 0.0 ], [ 110.1769222982, -7.5712901584, 0.0 ], [ 110.1769176069, -7.5712923619, 0.0 ], [ 110.1769142778, -7.5712946114, 0.0 ], [ 110.1769114821, -7.5712956679, 0.0 ], [ 110.1769062971, -7.5712948622, 0.0 ], [ 110.1769036377, -7.5712943263, 0.0 ], [ 110.1769001824, -7.5712928599, 0.0 ], [ 110.1768928872, -7.5712891694, 0.0 ], [ 110.1768493398, -7.5712511775, 0.0 ], [ 110.1768013814, -7.5712472583, 0.0 ], [ 110.1767822785, -7.5712031883, 0.0 ], [ 110.1767554364, -7.5711935655, 0.0 ], [ 110.1767343683, -7.5711743805, 0.0 ], [ 110.17673447, -7.5711207747, 0.0 ], [ 110.1765734182, -7.5710611218, 0.0 ], [ 110.1764718992, -7.5709728632, 0.0 ], [ 110.1764490394, -7.570886668, 0.0 ], [ 110.176374377, -7.570800374, 0.0 ], [ 110.1763244416, -7.5708270831, 0.0 ], [ 110.1762438963, -7.5708077857, 0.0 ], [ 110.1761999421, -7.5707158071, 0.0 ], [ 110.1761904729, -7.5706506963, 0.0 ], [ 110.1761272642, -7.5705950569, 0.0 ], [ 110.1761082014, -7.570529928, 0.0 ], [ 110.1761217156, -7.5704859197, 0.0 ], [ 110.1760987504, -7.5704552451, 0.0 ], [ 110.1760545854, -7.5704743058, 0.0 ], [ 110.1760220057, -7.5704551, 0.0 ], [ 110.1760201668, -7.5704129774, 0.0 ], [ 110.1759434921, -7.5703764569, 0.0 ], [ 110.1758170048, -7.5703015526, 0.0 ], [ 110.1755985307, -7.5701709536, 0.0 ], [ 110.1754069678, -7.5700136029, 0.0 ], [ 110.1752768767, -7.5698161641, 0.0 ], [ 110.1752386286, -7.5697509988, 0.0 ], [ 110.175076078, -7.5694711753, 0.0 ], [ 110.175030279, -7.5693409038, 0.0 ], [ 110.1749978259, -7.5692546904, 0.0 ], [ 110.1749615049, -7.5691856982, 0.0 ], [ 110.1749713005, -7.5690785066, 0.0 ], [ 110.1749637605, -7.569007656, 0.0 ], [ 110.1749773366, -7.5689311019, 0.0 ], [ 110.174958374, -7.568814281, 0.0 ], [ 110.1749584377, -7.5687798212, 0.0 ], [ 110.1749412504, -7.5687376697, 0.0 ], [ 110.1749374681, -7.5687089452, 0.0 ], [ 110.1749471081, -7.5686840757, 0.0 ], [ 110.1749145577, -7.5686495533, 0.0 ], [ 110.174930019, -7.5685902331, 0.0 ], [ 110.1749377738, -7.5685481287, 0.0 ], [ 110.1748592343, -7.5684828872, 0.0 ], [ 110.1747958622, -7.5685133993, 0.0 ], [ 110.1747018651, -7.5685055631, 0.0 ], [ 110.1745867199, -7.5685206616, 0.0 ], [ 110.1745272721, -7.5685052325, 0.0 ], [ 110.174527385, -7.5684458842, 0.0 ], [ 110.1745120984, -7.5684133084, 0.0 ], [ 110.1744546241, -7.5683691666, 0.0 ], [ 110.1744681411, -7.5683232445, 0.0 ], [ 110.1743646241, -7.5682770998, 0.0 ], [ 110.1742113905, -7.568142796, 0.0 ], [ 110.174077551, -7.5678994013, 0.0 ], [ 110.1740642362, -7.5678394994, 0.0 ], [ 110.1740086782, -7.5677958885, 0.0 ], [ 110.1739704013, -7.5677460396, 0.0 ], [ 110.1739589698, -7.5677038989, 0.0 ], [ 110.173972495, -7.5676541472, 0.0 ], [ 110.1739495766, -7.567598584, 0.0 ], [ 110.1739439556, -7.567527737, 0.0 ], [ 110.173938331, -7.5674588047, 0.0 ], [ 110.1739211693, -7.5674032524, 0.0 ], [ 110.173880551, -7.5673348635, 0.0 ], [ 110.1738296966, -7.5672802368, 0.0 ], [ 110.1737898582, -7.5672298259, 0.0 ], [ 110.1737626139, -7.567187828, 0.0 ], [ 110.1737164783, -7.5671332111, 0.0 ], [ 110.1736702989, -7.5671016639, 0.0 ], [ 110.1736388316, -7.5670701446, 0.0 ], [ 110.1735779032, -7.567057445, 0.0 ], [ 110.1735400949, -7.5670447902, 0.0 ], [ 110.1735148697, -7.567046839, 0.0 ], [ 110.1734958977, -7.5670761652, 0.0 ], [ 110.1734707075, -7.5670593393, 0.0 ], [ 110.1734350252, -7.5670341044, 0.0 ], [ 110.1733845899, -7.5670298138, 0.0 ], [ 110.1733215116, -7.5670422783, 0.0 ], [ 110.1732604922, -7.5670778164, 0.0 ], [ 110.1732205021, -7.5671071028, 0.0 ], [ 110.1731994161, -7.5671427166, 0.0 ], [ 110.1731782781, -7.5672055959, 0.0 ], [ 110.1731677091, -7.5672370356, 0.0 ], [ 110.1731697312, -7.5672789857, 0.0 ], [ 110.1731570243, -7.567329296, 0.0 ], [ 110.1731569244, -7.5673817259, 0.0 ], [ 110.1731590011, -7.5674568833, 0.0 ], [ 110.1731798852, -7.5674911295, 0.0 ], [ 110.1732578469, -7.5675539887, 0.0 ], [ 110.1732976627, -7.5676471816, 0.0 ], [ 110.173324061, -7.5677859575, 0.0 ], [ 110.17337707, -7.5679995448, 0.0 ], [ 110.173382628, -7.568102935, 0.0 ], [ 110.1734035245, -7.5682121004, 0.0 ], [ 110.1735434075, -7.5683042619, 0.0 ], [ 110.1737255183, -7.5683869295, 0.0 ], [ 110.1738784086, -7.5684596548, 0.0 ], [ 110.1739287262, -7.5684734675, 0.0 ], [ 110.1739805248, -7.5684754795, 0.0 ], [ 110.1740399543, -7.5685004808, 0.0 ], [ 110.1741376927, -7.5685581024, 0.0 ], [ 110.1742142558, -7.5686539706, 0.0 ], [ 110.1742641893, -7.5686272627, 0.0 ], [ 110.1743543104, -7.5686561498, 0.0 ], [ 110.1744194666, -7.5686964775, 0.0 ], [ 110.1744730412, -7.5687731588, 0.0 ], [ 110.1745035207, -7.5688880858, 0.0 ], [ 110.1745398033, -7.568978136, 0.0 ], [ 110.1745761966, -7.5690500055, 0.0 ], [ 110.1746028787, -7.5691026951, 0.0 ], [ 110.1746237865, -7.5691426992, 0.0 ], [ 110.1746396618, -7.5691597788, 0.0 ], [ 110.1746514132, -7.5691762626, 0.0 ], [ 110.1746689186, -7.5692656568, 0.0 ], [ 110.1746706436, -7.5692880008, 0.0 ], [ 110.1746781453, -7.5693709099, 0.0 ], [ 110.1746774868, -7.5694073584, 0.0 ], [ 110.1746897209, -7.569480282, 0.0 ], [ 110.1747131395, -7.56955793, 0.0 ], [ 110.1747482968, -7.5696597047, 0.0 ], [ 110.1747929225, -7.5697391558, 0.0 ], [ 110.1748058755, -7.5697438836, 0.0 ], [ 110.1748235553, -7.5697415654, 0.0 ], [ 110.1748329799, -7.5697427591, 0.0 ], [ 110.1748553656, -7.5697439773, 0.0 ], [ 110.1748818685, -7.5697493187, 0.0 ], [ 110.174913019, -7.5697893558, 0.0 ], [ 110.1749301423, -7.5698275284, 0.0 ], [ 110.1749484786, -7.5698670628, 0.0 ], [ 110.1749613129, -7.5698955638, 0.0 ], [ 110.1749575786, -7.5699231145, 0.0 ], [ 110.1749280053, -7.5699827707, 0.0 ], [ 110.1748994367, -7.5699992487, 0.0 ], [ 110.1748601506, -7.5700161868, 0.0 ], [ 110.1748359896, -7.5700190806, 0.0 ], [ 110.1747853247, -7.570016633, 0.0 ], [ 110.1746806603, -7.5700097435, 0.0 ], [ 110.1746386287, -7.5699894794, 0.0 ], [ 110.1745973969, -7.5699680366, 0.0 ], [ 110.1745590651, -7.5699469058, 0.0 ], [ 110.1745073465, -7.569902774, 0.0 ], [ 110.1744268306, -7.5698681607, 0.0 ], [ 110.1743578072, -7.5698450561, 0.0 ], [ 110.1743044064, -7.5698441717, 0.0 ], [ 110.1742622697, -7.5698453283, 0.0 ], [ 110.1739151449, -7.5699151559, 0.0 ], [ 110.1738045126, -7.5699515678, 0.0 ], [ 110.173782653, -7.569958792, 0.0 ], [ 110.1737514352, -7.5699675136, 0.0 ], [ 110.1737261537, -7.5699662039, 0.0 ], [ 110.1736920386, -7.569956047, 0.0 ], [ 110.173651619, -7.5699370477, 0.0 ], [ 110.1736175192, -7.5699193221, 0.0 ], [ 110.173572057, -7.5698927445, 0.0 ], [ 110.1735442802, -7.5698737692, 0.0 ], [ 110.1734779077, -7.5698490342, 0.0 ], [ 110.1732852366, -7.5698185956, 0.0 ], [ 110.173178207, -7.5697962328, 0.0 ], [ 110.173144923, -7.569781924, 0.0 ], [ 110.1730917042, -7.5697469309, 0.0 ], [ 110.1729787795, -7.5696031301, 0.0 ], [ 110.172925165, -7.5695475085, 0.0 ], [ 110.1727769317, -7.5694819661, 0.0 ], [ 110.1727073307, -7.5694258004, 0.0 ], [ 110.1726146104, -7.5693077614, 0.0 ], [ 110.1725375292, -7.5691124649, 0.0 ], [ 110.1724643387, -7.5689075141, 0.0 ], [ 110.1724053789, -7.5687612098, 0.0 ], [ 110.1724932873, -7.5685709525, 0.0 ], [ 110.1725378617, -7.5684155123, 0.0 ], [ 110.172631914, -7.5683848552, 0.0 ], [ 110.1727836661, -7.5682894192, 0.0 ], [ 110.1729047539, -7.5681766936, 0.0 ], [ 110.1729990856, -7.5680083974, 0.0 ], [ 110.1730376107, -7.5678375559, 0.0 ], [ 110.1730074789, -7.5676312587, 0.0 ], [ 110.1729156489, -7.5674932414, 0.0 ], [ 110.1728198316, -7.5674337156, 0.0 ], [ 110.1728863374, -7.5669901137, 0.0 ], [ 110.1729044112, -7.5669408093, 0.0 ], [ 110.1728999718, -7.5669116458, 0.0 ], [ 110.1724439241, -7.5668098602, 0.0 ], [ 110.1722619792, -7.56675569, 0.0 ], [ 110.1722237726, -7.5667556174, 0.0 ], [ 110.1721832617, -7.5667846956, 0.0 ], [ 110.1719915808, -7.5674073642, 0.0 ], [ 110.1715363751, -7.5673563215, 0.0 ], [ 110.1714950606, -7.5661444361, 0.0 ], [ 110.1714968253, -7.5661359582, 0.0 ], [ 110.1714994989, -7.5661318406, 0.0 ], [ 110.1715035023, -7.5661291438, 0.0 ], [ 110.1715081262, -7.566127113, 0.0 ], [ 110.1715139055, -7.5661252626, 0.0 ], [ 110.1715227797, -7.5661232073, 0.0 ], [ 110.1715325564, -7.5661217787, 0.0 ], [ 110.1715272451, -7.5661234898, 0.0 ], [ 110.1715187383, -7.5661306245, 0.0 ], [ 110.1715157781, -7.5661699692, 0.0 ], [ 110.1715245014, -7.5661704932, 0.0 ], [ 110.1715246264, -7.566174333, 0.0 ], [ 110.171560582, -7.5661778447, 0.0 ] ], [ [ 110.1716049221, -7.5661685268, 0.0 ], [ 110.1715975571, -7.566203339, 0.0 ], [ 110.1715946358, -7.5662042605, 0.0 ], [ 110.1715796444, -7.5662023779, 0.0 ], [ 110.1715695586, -7.5662465734, 0.0 ], [ 110.1715873281, -7.5662484822, 0.0 ], [ 110.1715877368, -7.5662513791, 0.0 ], [ 110.1715827101, -7.5662778537, 0.0 ], [ 110.171623336, -7.566284965, 0.0 ], [ 110.17166241, -7.566293109, 0.0 ], [ 110.171663608, -7.5662908601, 0.0 ], [ 110.171670042, -7.5662575032, 0.0 ], [ 110.1716959061, -7.5662640402, 0.0 ], [ 110.1716988466, -7.5662530554, 0.0 ], [ 110.1717165312, -7.5661650314, 0.0 ], [ 110.1716582983, -7.5661530033, 0.0 ], [ 110.1716548433, -7.566155248, 0.0 ], [ 110.1716537735, -7.5661596155, 0.0 ], [ 110.1716383849, -7.5661569379, 0.0 ], [ 110.1716335754, -7.5661740109, 0.0 ], [ 110.1716049221, -7.5661685268, 0.0 ] ], [ [ 110.1717401163, -7.5662458184, 0.0 ], [ 110.1716913802, -7.5663011841, 0.0 ], [ 110.1716542887, -7.5663219113, 0.0 ], [ 110.1715802029, -7.5663125268, 0.0 ], [ 110.1715854626, -7.5667098042, 0.0 ], [ 110.1716603802, -7.566770214, 0.0 ], [ 110.1717529617, -7.5667958085, 0.0 ], [ 110.1719010929, -7.5668353725, 0.0 ], [ 110.1719659823, -7.566810077, 0.0 ], [ 110.1720942989, -7.5663111931, 0.0 ], [ 110.1717957331, -7.5662251273, 0.0 ], [ 110.1717401163, -7.5662458184, 0.0 ] ], [ [ 110.1731913046, -7.5666795493, 0.0 ], [ 110.1732549255, -7.5667062554, 0.0 ], [ 110.1732989528, -7.5666022809, 0.0 ], [ 110.1733213571, -7.5665264753, 0.0 ], [ 110.1732757844, -7.5665090526, 0.0 ], [ 110.1732845233, -7.5664814382, 0.0 ], [ 110.173260649, -7.5664738088, 0.0 ], [ 110.1732486474, -7.5665035833, 0.0 ], [ 110.173268176, -7.5665128298, 0.0 ], [ 110.1731913046, -7.5666795493, 0.0 ] ], [ [ 110.171557955, -7.5670496237, 0.0 ], [ 110.1718959066, -7.5671265208, 0.0 ], [ 110.1719471386, -7.566976418, 0.0 ], [ 110.171598393, -7.5668930361, 0.0 ], [ 110.171557955, -7.5670496237, 0.0 ] ], [ [ 110.174287566, -7.5669232565, 0.0 ], [ 110.1745609434, -7.566967372, 0.0 ], [ 110.1745802783, -7.5668858867, 0.0 ], [ 110.1743072872, -7.5668311931, 0.0 ], [ 110.174287566, -7.5669232565, 0.0 ] ], [ [ 110.1737156739, -7.5698355858, 0.0 ], [ 110.1738515656, -7.569856282, 0.0 ], [ 110.1739372389, -7.5698471545, 0.0 ], [ 110.1740266995, -7.5698045881, 0.0 ], [ 110.1740716402, -7.56967275, 0.0 ], [ 110.1740654255, -7.5696509619, 0.0 ], [ 110.1740416068, -7.5696425928, 0.0 ], [ 110.1739809474, -7.5696288699, 0.0 ], [ 110.1741491319, -7.5691311526, 0.0 ], [ 110.1741502056, -7.5691175675, 0.0 ], [ 110.1741397617, -7.5691018703, 0.0 ], [ 110.1738822415, -7.5690241884, 0.0 ], [ 110.1739201364, -7.5689171378, 0.0 ], [ 110.1739204183, -7.5689133033, 0.0 ], [ 110.1739077619, -7.5689094724, 0.0 ], [ 110.1738297069, -7.5688869195, 0.0 ], [ 110.1738233591, -7.5688878825, 0.0 ], [ 110.173816507, -7.5688976108, 0.0 ], [ 110.1737757301, -7.5689934521, 0.0 ], [ 110.1737729264, -7.568989704, 0.0 ], [ 110.173621061, -7.568946133, 0.0 ], [ 110.1736114109, -7.5689400854, 0.0 ], [ 110.1736080039, -7.5689347208, 0.0 ], [ 110.1736153742, -7.5689094066, 0.0 ], [ 110.1736415424, -7.5688296338, 0.0 ], [ 110.1736394659, -7.5688186422, 0.0 ], [ 110.1736280467, -7.5688072042, 0.0 ], [ 110.1735114056, -7.5687795845, 0.0 ], [ 110.1735022447, -7.5687841338, 0.0 ], [ 110.1734853693, -7.5688343323, 0.0 ], [ 110.1734768817, -7.5688375425, 0.0 ], [ 110.1733870196, -7.5688135968, 0.0 ], [ 110.1733717604, -7.5688166124, 0.0 ], [ 110.1732646033, -7.569015047, 0.0 ], [ 110.1732653491, -7.569024181, 0.0 ], [ 110.1733125727, -7.5690577581, 0.0 ], [ 110.1733079773, -7.5690676426, 0.0 ], [ 110.1731667425, -7.5692234205, 0.0 ], [ 110.1731766489, -7.5691777132, 0.0 ], [ 110.1731456411, -7.5691319283, 0.0 ], [ 110.1730306779, -7.5689928885, 0.0 ], [ 110.1732214367, -7.568862616, 0.0 ], [ 110.1732762336, -7.5687919098, 0.0 ], [ 110.1732898917, -7.5687699866, 0.0 ], [ 110.1732951908, -7.5687375972, 0.0 ], [ 110.1733015507, -7.5686978926, 0.0 ], [ 110.173271271, -7.5686476671, 0.0 ], [ 110.1731280903, -7.5684822597, 0.0 ], [ 110.1730691747, -7.5684211099, 0.0 ], [ 110.1730517524, -7.568417733, 0.0 ], [ 110.1730343071, -7.5684263956, 0.0 ], [ 110.1729899804, -7.5684704592, 0.0 ], [ 110.1729792062, -7.5684958566, 0.0 ], [ 110.1729778343, -7.568513249, 0.0 ], [ 110.172846388, -7.5683475598, 0.0 ], [ 110.1728364726, -7.568347541, 0.0 ], [ 110.1727692887, -7.5683824224, 0.0 ], [ 110.1727669812, -7.5683923122, 0.0 ], [ 110.1727905629, -7.5684250829, 0.0 ], [ 110.1727951177, -7.568436507, 0.0 ], [ 110.1727844313, -7.5684410534, 0.0 ], [ 110.1726996842, -7.5684865563, 0.0 ], [ 110.1726714282, -7.5685055294, 0.0 ], [ 110.1726698867, -7.5685138983, 0.0 ], [ 110.172771681, -7.5687033571, 0.0 ], [ 110.1726094529, -7.5688108291, 0.0 ], [ 110.1726028653, -7.5688320466, 0.0 ], [ 110.1726485309, -7.5689154198, 0.0 ], [ 110.1729106211, -7.5693754638, 0.0 ], [ 110.1729221247, -7.5693848922, 0.0 ], [ 110.172941832, -7.5693936262, 0.0 ], [ 110.1729427594, -7.5694063857, 0.0 ], [ 110.1729534096, -7.5694208659, 0.0 ], [ 110.1731196202, -7.5694516243, 0.0 ], [ 110.1731241736, -7.56946381, 0.0 ], [ 110.1731118964, -7.5695026007, 0.0 ], [ 110.1730666909, -7.569610587, 0.0 ], [ 110.1730712457, -7.5696220111, 0.0 ], [ 110.1730971617, -7.5696304322, 0.0 ], [ 110.1731648199, -7.5696673151, 0.0 ], [ 110.1733099587, -7.569721474, 0.0 ], [ 110.1734960591, -7.5697775693, 0.0 ], [ 110.1737156739, -7.5698355858, 0.0 ] ], [ [ 110.174226726, -7.5697404351, 0.0 ], [ 110.1742343719, -7.5697475045, 0.0 ], [ 110.1742455653, -7.5697475257, 0.0 ], [ 110.1743952472, -7.5697307607, 0.0 ], [ 110.1744105647, -7.5697313776, 0.0 ], [ 110.1744293938, -7.5697443465, 0.0 ], [ 110.1744658828, -7.5697649926, 0.0 ], [ 110.1744864962, -7.569769147, 0.0 ], [ 110.174599639, -7.569757603, 0.0 ], [ 110.17460613, -7.5697523241, 0.0 ], [ 110.1746061513, -7.5697411538, 0.0 ], [ 110.174555256, -7.5695505761, 0.0 ], [ 110.1744750506, -7.5692817513, 0.0 ], [ 110.1744685853, -7.5692735082, 0.0 ], [ 110.1744545209, -7.569276006, 0.0 ], [ 110.1743975719, -7.5691090908, 0.0 ], [ 110.1743773275, -7.5691044595, 0.0 ], [ 110.1742749768, -7.5691160067, 0.0 ], [ 110.1742689358, -7.5691201341, 0.0 ], [ 110.1742878042, -7.5692453222, 0.0 ], [ 110.1742464406, -7.5692499001, 0.0 ], [ 110.1742414736, -7.5692530971, 0.0 ], [ 110.1742390579, -7.569254537, 0.0 ], [ 110.1742691317, -7.5694383323, 0.0 ], [ 110.1742848851, -7.5695194934, 0.0 ], [ 110.1742729807, -7.5695829646, 0.0 ], [ 110.174265848, -7.5696158733, 0.0 ], [ 110.1742162841, -7.5696545817, 0.0 ], [ 110.1742050707, -7.569664555, 0.0 ], [ 110.1742050461, -7.5696774881, 0.0 ], [ 110.1742126383, -7.5697127773, 0.0 ], [ 110.174226726, -7.5697404351, 0.0 ] ], [ [ 110.1748320283, -7.5681178643, 0.0 ], [ 110.1748649037, -7.5681211438, 0.0 ], [ 110.1748746721, -7.5680764003, 0.0 ], [ 110.174888089, -7.5680787991, 0.0 ], [ 110.1748930137, -7.5680797129, 0.0 ], [ 110.1748919878, -7.5680844025, 0.0 ], [ 110.1748859866, -7.5681128751, 0.0 ], [ 110.1749578303, -7.5681289489, 0.0 ], [ 110.1749765536, -7.5680368574, 0.0 ], [ 110.1749808352, -7.5680146234, 0.0 ], [ 110.1749886551, -7.5679778664, 0.0 ], [ 110.1749869944, -7.5679774119, 0.0 ], [ 110.174954605, -7.5679702966, 0.0 ], [ 110.1749493407, -7.567993511, 0.0 ], [ 110.1749134472, -7.5679858292, 0.0 ], [ 110.1749060707, -7.5679848709, 0.0 ], [ 110.1749086949, -7.5679657488, 0.0 ], [ 110.1748670827, -7.5679585499, 0.0 ], [ 110.1748645292, -7.5679581498, 0.0 ], [ 110.1748617861, -7.5679721053, 0.0 ], [ 110.1748504314, -7.5680239957, 0.0 ], [ 110.1748456009, -7.568051273, 0.0 ], [ 110.1748320283, -7.5681178643, 0.0 ] ], [ [ 110.1777936874, -7.5707952856, 0.0 ], [ 110.177892529, -7.5708037146, 0.0 ], [ 110.1778960008, -7.5707997785, 0.0 ], [ 110.1779085832, -7.5706327071, 0.0 ], [ 110.1779120726, -7.5705438925, 0.0 ], [ 110.1779107526, -7.5705392501, 0.0 ], [ 110.1778221869, -7.5705334571, 0.0 ], [ 110.1778196306, -7.570534951, 0.0 ], [ 110.1778184088, -7.570536338, 0.0 ], [ 110.1777928848, -7.5707601033, 0.0 ], [ 110.1777918239, -7.5707694048, 0.0 ], [ 110.1777909277, -7.5707931594, 0.0 ], [ 110.1777936874, -7.5707952856, 0.0 ] ], [ [ 110.1779660164, -7.5709907556, 0.0 ], [ 110.1779318166, -7.5709916824, 0.0 ], [ 110.1779074226, -7.5709912448, 0.0 ], [ 110.1779024381, -7.5709912299, 0.0 ], [ 110.1778992169, -7.570991137, 0.0 ], [ 110.1778976468, -7.5709926111, 0.0 ], [ 110.1778976424, -7.5709949564, 0.0 ], [ 110.1778976356, -7.5709985192, 0.0 ], [ 110.177892029, -7.5711579862, 0.0 ], [ 110.1778924085, -7.5711610404, 0.0 ], [ 110.1778937665, -7.5711624006, 0.0 ], [ 110.1778979841, -7.5711624086, 0.0 ], [ 110.1779057364, -7.5711631024, 0.0 ], [ 110.1780168768, -7.5711690131, 0.0 ], [ 110.1780143804, -7.5711915707, 0.0 ], [ 110.1781106049, -7.5712077597, 0.0 ], [ 110.1781224067, -7.5711364761, 0.0 ], [ 110.178125507, -7.5711023441, 0.0 ], [ 110.1781255261, -7.5710410364, 0.0 ], [ 110.1781261142, -7.5710047886, 0.0 ], [ 110.178125631, -7.5709947786, 0.0 ], [ 110.178125499, -7.5709921988, 0.0 ], [ 110.1781235954, -7.5709917882, 0.0 ], [ 110.1781200585, -7.5709917815, 0.0 ], [ 110.1781132563, -7.5709919044, 0.0 ], [ 110.1780137489, -7.5709919039, 0.0 ], [ 110.1779924319, -7.5709916186, 0.0 ], [ 110.1779824057, -7.5709911954, 0.0 ], [ 110.1779660164, -7.5709907556, 0.0 ] ], [ [ 110.1749700806, -7.5705021183, 0.0 ], [ 110.1749479592, -7.5704997112, 0.0 ], [ 110.174930552, -7.5705130836, 0.0 ], [ 110.1747219564, -7.5704435048, 0.0 ], [ 110.1747012807, -7.5704496514, 0.0 ], [ 110.1745105513, -7.5707730261, 0.0 ], [ 110.1745014162, -7.5707954436, 0.0 ], [ 110.174501371, -7.5708191979, 0.0 ], [ 110.1745527479, -7.5708419417, 0.0 ], [ 110.1746677452, -7.5709029705, 0.0 ], [ 110.1746905693, -7.5709182163, 0.0 ], [ 110.1747091861, -7.570920785, 0.0 ], [ 110.1747269893, -7.5709056162, 0.0 ], [ 110.1747430776, -7.5709022684, 0.0 ], [ 110.1748267915, -7.570945502, 0.0 ], [ 110.1748656999, -7.5709599335, 0.0 ], [ 110.1748809449, -7.5709548945, 0.0 ], [ 110.1749220191, -7.5708442329, 0.0 ], [ 110.1751487085, -7.5708951285, 0.0 ], [ 110.1753770161, -7.5709263121, 0.0 ], [ 110.1754979263, -7.5709210208, 0.0 ], [ 110.1755611726, -7.5709053708, 0.0 ], [ 110.1755777651, -7.5709061909, 0.0 ], [ 110.1755776977, -7.5709416727, 0.0 ], [ 110.1755641026, -7.571026805, 0.0 ], [ 110.1755727779, -7.5710354945, 0.0 ], [ 110.1756936117, -7.5710704172, 0.0 ], [ 110.1757220622, -7.5710688945, 0.0 ], [ 110.1757680145, -7.5710051123, 0.0 ], [ 110.1757712201, -7.5709814634, 0.0 ], [ 110.1756931248, -7.5709111396, 0.0 ], [ 110.1756813014, -7.5708953476, 0.0 ], [ 110.175706675, -7.5708496631, 0.0 ], [ 110.1757011969, -7.5708212665, 0.0 ], [ 110.1756609405, -7.5707983241, 0.0 ], [ 110.1755945899, -7.5707847941, 0.0 ], [ 110.1755772219, -7.5707760873, 0.0 ], [ 110.1755464431, -7.5707555281, 0.0 ], [ 110.1755109297, -7.5707318059, 0.0 ], [ 110.1754920154, -7.5707049613, 0.0 ], [ 110.175355453, -7.5706305842, 0.0 ], [ 110.1749700806, -7.5705021183, 0.0 ] ] ] ] } },
{ "type": "Feature", "properties": { "FID_Fisnet_Kerban": 4, "FID_PL": 0, "NAMOBJ": "Kerban", "FCODE": "BA03070040", "METADATA": "TASWIL1000020230928_DATA_BATAS_DESAKELURAHAN", "SRS_ID": "SRGI 2013", "KDCPUM": "33.08.11", "KDEPUM": "33.08.11.2002", "KDPKAB": "33.08", "KDPPUM": "33", "WADMKC": "Tempuran", "WADMKD": "Sumberarum", "WADMKK": "Magelang", "WADMPR": "Jawa Tengah", "DUSUN": "Kerban", "Toponimi": "Dusun Kerban", "Shape_Leng": 3646.39056914, "Shape_Le_1": 12240.167946899999, "KETERANGAN": " ", "KET_DETAIL": " ", "PL": "27", "Shape_Length": 89.870545640393843, "Shape_Area": 491.84790994611063 }, "geometry": { "type": "MultiPolygon", "coordinates": [ [ [ [ 110.1770539848, -7.5672667689, 0.0 ], [ 110.1770505334, -7.5673421629, 0.0 ], [ 110.1770581128, -7.5673919545, 0.0 ], [ 110.1770599809, -7.5674187606, 0.0 ], [ 110.177057944, -7.5674819358, 0.0 ], [ 110.177002325, -7.5674703429, 0.0 ], [ 110.1769447889, -7.5674587474, 0.0 ], [ 110.1768987716, -7.5674433449, 0.0 ], [ 110.1768988369, -7.5674088842, 0.0 ], [ 110.1768758428, -7.5673935243, 0.0 ], [ 110.1768566819, -7.5673800864, 0.0 ], [ 110.1768529104, -7.5673456185, 0.0 ], [ 110.1768529503, -7.5673245595, 0.0 ], [ 110.1768491851, -7.5672862629, 0.0 ], [ 110.1768511964, -7.5672375566, 0.0 ], [ 110.1768843071, -7.5672376219, 0.0 ], [ 110.1770539848, -7.5672667689, 0.0 ] ] ] ] } },
{ "type": "Feature", "properties": { "FID_Fisnet_Kerban": 4, "FID_PL": 0, "NAMOBJ": "Kerban", "FCODE": "BA03070040", "METADATA": "TASWIL1000020230928_DATA_BATAS_DESAKELURAHAN", "SRS_ID": "SRGI 2013", "KDCPUM": "33.08.11", "KDEPUM": "33.08.11.2002", "KDPKAB": "33.08", "KDPPUM": "33", "WADMKC": "Tempuran", "WADMKD": "Sumberarum", "WADMKK": "Magelang", "WADMPR": "Jawa Tengah", "DUSUN": "Kerban", "Toponimi": "Dusun Kerban", "Shape_Leng": 3646.39056914, "Shape_Le_1": 12240.167946899999, "KETERANGAN": " ", "KET_DETAIL": " ", "PL": "6", "Shape_Length": 121.26741409030471, "Shape_Area": 520.56268406301069 }, "geometry": { "type": "MultiPolygon", "coordinates": [ [ [ [ 110.1750974089, -7.5663937884, 0.0 ], [ 110.1751113867, -7.5665718397, 0.0 ], [ 110.1751122288, -7.5666014206, 0.0 ], [ 110.175116012, -7.5666301451, 0.0 ], [ 110.1751331993, -7.5666722966, 0.0 ], [ 110.1751504266, -7.5666933883, 0.0 ], [ 110.1751216077, -7.5667143928, 0.0 ], [ 110.1751006093, -7.5667135463, 0.0 ], [ 110.1750717273, -7.5667123846, 0.0 ], [ 110.1750180465, -7.5666912212, 0.0 ], [ 110.1750200563, -7.5666433652, 0.0 ], [ 110.1750047841, -7.566577471, 0.0 ], [ 110.1750009513, -7.5665390395, 0.0 ], [ 110.1750141558, -7.5665387181, 0.0 ], [ 110.175004891, -7.5663967203, 0.0 ], [ 110.1750080041, -7.5663969487, 0.0 ], [ 110.175004176, -7.5663050017, 0.0 ], [ 110.1751261448, -7.5663024584, 0.0 ], [ 110.1751256563, -7.5663916232, 0.0 ], [ 110.1750974089, -7.5663937884, 0.0 ] ] ] ] } },
{ "type": "Feature", "properties": { "FID_Fisnet_Kerban": 4, "FID_PL": 0, "NAMOBJ": "Kerban", "FCODE": "BA03070040", "METADATA": "TASWIL1000020230928_DATA_BATAS_DESAKELURAHAN", "SRS_ID": "SRGI 2013", "KDCPUM": "33.08.11", "KDEPUM": "33.08.11.2002", "KDPKAB": "33.08", "KDPPUM": "33", "WADMKC": "Tempuran", "WADMKD": "Sumberarum", "WADMKK": "Magelang", "WADMPR": "Jawa Tengah", "DUSUN": "Kerban", "Toponimi": "Dusun Kerban", "Shape_Leng": 3646.39056914, "Shape_Le_1": 12240.167946899999, "KETERANGAN": null, "KET_DETAIL": " ", "PL": "23", "Shape_Length": 93.758717098374333, "Shape_Area": 402.78050410138428 }, "geometry": { "type": "MultiPolygon", "coordinates": [ [ [ [ 110.1765148918, -7.5675268545, 0.0 ], [ 110.1764994652, -7.567567035, 0.0 ], [ 110.1764878747, -7.5676091295, 0.0 ], [ 110.1764551244, -7.567679904, 0.0 ], [ 110.176437788, -7.5677162469, 0.0 ], [ 110.1764262401, -7.5677353693, 0.0 ], [ 110.1763840888, -7.5677046585, 0.0 ], [ 110.1763476842, -7.567679702, 0.0 ], [ 110.1763650914, -7.5676050689, 0.0 ], [ 110.1763920359, -7.5675610859, 0.0 ], [ 110.176401694, -7.5675266434, 0.0 ], [ 110.1764190231, -7.5674941301, 0.0 ], [ 110.1764363522, -7.5674616159, 0.0 ], [ 110.176438322, -7.5674348171, 0.0 ], [ 110.176432317, -7.5673984311, 0.0 ], [ 110.1764729257, -7.5673985069, 0.0 ], [ 110.1765208246, -7.5674330581, 0.0 ], [ 110.1765553203, -7.5674541833, 0.0 ], [ 110.1765341571, -7.5674847745, 0.0 ], [ 110.1765148918, -7.5675268545, 0.0 ] ] ] ] } },
{ "type": "Feature", "properties": { "FID_Fisnet_Kerban": 4, "FID_PL": 0, "NAMOBJ": "Kerban", "FCODE": "BA03070040", "METADATA": "TASWIL1000020230928_DATA_BATAS_DESAKELURAHAN", "SRS_ID": "SRGI 2013", "KDCPUM": "33.08.11", "KDEPUM": "33.08.11.2002", "KDPKAB": "33.08", "KDPPUM": "33", "WADMKC": "Tempuran", "WADMKD": "Sumberarum", "WADMKK": "Magelang", "WADMPR": "Jawa Tengah", "DUSUN": "Kerban", "Toponimi": "Dusun Kerban", "Shape_Leng": 3646.39056914, "Shape_Le_1": 12240.167946899999, "KETERANGAN": " ", "KET_DETAIL": " ", "PL": "3", "Shape_Length": 75.94545241900839, "Shape_Area": 255.89088125129831 }, "geometry": { "type": "MultiPolygon", "coordinates": [ [ [ [ 110.176432317, -7.5673984311, 0.0 ], [ 110.176438322, -7.5674348171, 0.0 ], [ 110.1764363522, -7.5674616159, 0.0 ], [ 110.1764190231, -7.5674941301, 0.0 ], [ 110.176401694, -7.5675266434, 0.0 ], [ 110.1763920359, -7.5675610859, 0.0 ], [ 110.1763650914, -7.5676050689, 0.0 ], [ 110.1763476842, -7.567679702, 0.0 ], [ 110.176311265, -7.5676604871, 0.0 ], [ 110.1762998443, -7.567612603, 0.0 ], [ 110.1762999678, -7.5675475112, 0.0 ], [ 110.1763173114, -7.5675073388, 0.0 ], [ 110.1763519443, -7.567455713, 0.0 ], [ 110.1763673626, -7.5674193674, 0.0 ], [ 110.1763866107, -7.5673868569, 0.0 ], [ 110.176432317, -7.5673984311, 0.0 ] ] ] ] } },
{ "type": "Feature", "properties": { "FID_Fisnet_Kerban": 4, "FID_PL": 0, "NAMOBJ": "Kerban", "FCODE": "BA03070040", "METADATA": "TASWIL1000020230928_DATA_BATAS_DESAKELURAHAN", "SRS_ID": "SRGI 2013", "KDCPUM": "33.08.11", "KDEPUM": "33.08.11.2002", "KDPKAB": "33.08", "KDPPUM": "33", "WADMKC": "Tempuran", "WADMKD": "Sumberarum", "WADMKK": "Magelang", "WADMPR": "Jawa Tengah", "DUSUN": "Kerban", "Toponimi": "Dusun Kerban", "Shape_Leng": 3646.39056914, "Shape_Le_1": 12240.167946899999, "KETERANGAN": " ", "KET_DETAIL": " ", "PL": "23", "Shape_Length": 140.25488858845353, "Shape_Area": 810.57140753652664 }, "geometry": { "type": "MultiPolygon", "coordinates": [ [ [ [ 110.1746079905, -7.5654058229, 0.0 ], [ 110.174596388, -7.5654536635, 0.0 ], [ 110.1745924674, -7.565497689, 0.0 ], [ 110.1745828166, -7.5655283029, 0.0 ], [ 110.1745692988, -7.565574225, 0.0 ], [ 110.1745653591, -7.5656278235, 0.0 ], [ 110.174559527, -7.5656680167, 0.0 ], [ 110.1745269076, -7.5656698698, 0.0 ], [ 110.1744962572, -7.5656449231, 0.0 ], [ 110.1744674602, -7.5656544407, 0.0 ], [ 110.1744233439, -7.5656486137, 0.0 ], [ 110.1744214723, -7.5656237224, 0.0 ], [ 110.1744292453, -7.5655720451, 0.0 ], [ 110.1744177884, -7.5655433061, 0.0 ], [ 110.1744159277, -7.5655126713, 0.0 ], [ 110.1744159823, -7.5654839541, 0.0 ], [ 110.174417974, -7.5654456675, 0.0 ], [ 110.1744256996, -7.5654188796, 0.0 ], [ 110.1744391655, -7.5653997599, 0.0 ], [ 110.1744736892, -7.5654055687, 0.0 ], [ 110.1744986384, -7.5654017873, 0.0 ], [ 110.1745006046, -7.5653769024, 0.0 ], [ 110.1744929736, -7.5653539141, 0.0 ], [ 110.174462305, -7.5653385404, 0.0 ], [ 110.1744661901, -7.5653136591, 0.0 ], [ 110.1744873307, -7.5652945539, 0.0 ], [ 110.1744816259, -7.5652677406, 0.0 ], [ 110.1744778436, -7.5652390161, 0.0 ], [ 110.1744798016, -7.5652179598, 0.0 ], [ 110.1744873, -7.5652038912, 0.0 ], [ 110.1745258586, -7.5652123036, 0.0 ], [ 110.1745469381, -7.5652257452, 0.0 ], [ 110.1745718573, -7.5652372793, 0.0 ], [ 110.1746102005, -7.5652526675, 0.0 ], [ 110.1746370241, -7.5652718634, 0.0 ], [ 110.1746427361, -7.5652948481, 0.0 ], [ 110.174638852, -7.5653197294, 0.0 ], [ 110.1746311264, -7.5653465173, 0.0 ], [ 110.1746214864, -7.5653713877, 0.0 ], [ 110.1746079905, -7.5654058229, 0.0 ] ] ] ] } },
{ "type": "Feature", "properties": { "FID_Fisnet_Kerban": 4, "FID_PL": 0, "NAMOBJ": "Kerban", "FCODE": "BA03070040", "METADATA": "TASWIL1000020230928_DATA_BATAS_DESAKELURAHAN", "SRS_ID": "SRGI 2013", "KDCPUM": "33.08.11", "KDEPUM": "33.08.11.2002", "KDPKAB": "33.08", "KDPPUM": "33", "WADMKC": "Tempuran", "WADMKD": "Sumberarum", "WADMKK": "Magelang", "WADMPR": "Jawa Tengah", "DUSUN": "Kerban", "Toponimi": "Dusun Kerban", "Shape_Leng": 3646.39056914, "Shape_Le_1": 12240.167946899999, "KETERANGAN": null, "KET_DETAIL": " ", "PL": "3", "Shape_Length": 141.91050575996709, "Shape_Area": 889.08094040067328 }, "geometry": { "type": "MultiPolygon", "coordinates": [ [ [ [ 110.1741745207, -7.5653360807, 0.0 ], [ 110.1741226934, -7.5653493843, 0.0 ], [ 110.1740900877, -7.5653435791, 0.0 ], [ 110.1740670574, -7.5653473641, 0.0 ], [ 110.1740420682, -7.5653722055, 0.0 ], [ 110.1740152265, -7.5653625816, 0.0 ], [ 110.1739864987, -7.5653357246, 0.0 ], [ 110.1739942207, -7.5653108506, 0.0 ], [ 110.1740096164, -7.565285992, 0.0 ], [ 110.1740135297, -7.5652457943, 0.0 ], [ 110.173998225, -7.5652227914, 0.0 ], [ 110.17395986, -7.5652188901, 0.0 ], [ 110.1739387704, -7.5652111919, 0.0 ], [ 110.173948425, -7.5651786642, 0.0 ], [ 110.1739906487, -7.5651710859, 0.0 ], [ 110.1740347914, -7.5651635122, 0.0 ], [ 110.1740348351, -7.5651405384, 0.0 ], [ 110.1740195149, -7.5651251929, 0.0 ], [ 110.1739965174, -7.5651117476, 0.0 ], [ 110.1739792938, -7.5650887411, 0.0 ], [ 110.1739832008, -7.5650523738, 0.0 ], [ 110.1739832518, -7.5650255705, 0.0 ], [ 110.1739900115, -7.5650047612, 0.0 ], [ 110.1740829994, -7.5650353325, 0.0 ], [ 110.1741271056, -7.5650469029, 0.0 ], [ 110.1742503451, -7.5650808843, 0.0 ], [ 110.1742729947, -7.5650823473, 0.0 ], [ 110.1742709194, -7.5650892934, 0.0 ], [ 110.1742593532, -7.5651179888, 0.0 ], [ 110.1742478126, -7.5651332835, 0.0 ], [ 110.1742381799, -7.5651543243, 0.0 ], [ 110.1742438884, -7.5651792237, 0.0 ], [ 110.174232304, -7.5652174913, 0.0 ], [ 110.174216911, -7.565240436, 0.0 ], [ 110.1742168419, -7.5652768114, 0.0 ], [ 110.1742129577, -7.5653016927, 0.0 ], [ 110.1741745207, -7.5653360807, 0.0 ] ] ] ] } },
{ "type": "Feature", "properties": { "FID_Fisnet_Kerban": 4, "FID_PL": 0, "NAMOBJ": "Kerban", "FCODE": "BA03070040", "METADATA": "TASWIL1000020230928_DATA_BATAS_DESAKELURAHAN", "SRS_ID": "SRGI 2013", "KDCPUM": "33.08.11", "KDEPUM": "33.08.11.2002", "KDPKAB": "33.08", "KDPPUM": "33", "WADMKC": "Tempuran", "WADMKD": "Sumberarum", "WADMKK": "Magelang", "WADMPR": "Jawa Tengah", "DUSUN": "Kerban", "Toponimi": "Dusun Kerban", "Shape_Leng": 3646.39056914, "Shape_Le_1": 12240.167946899999, "KETERANGAN": null, "KET_DETAIL": " ", "PL": "27", "Shape_Length": 81.630940421398961, "Shape_Area": 381.06629873621597 }, "geometry": { "type": "MultiPolygon", "coordinates": [ [ [ [ 110.1769712912, -7.5681422728, 0.0 ], [ 110.1769695927, -7.5681416934, 0.0 ], [ 110.176966307, -7.5681411753, 0.0 ], [ 110.1769636919, -7.5681407154, 0.0 ], [ 110.1769604042, -7.5681398282, 0.0 ], [ 110.1769582392, -7.5681391033, 0.0 ], [ 110.176954951, -7.5681379764, 0.0 ], [ 110.1769531067, -7.5681373325, 0.0 ], [ 110.1769509431, -7.5681358867, 0.0 ], [ 110.1769477376, -7.568133719, 0.0 ], [ 110.1769449317, -7.5681325125, 0.0 ], [ 110.1769433296, -7.568130828, 0.0 ], [ 110.1769406865, -7.5681284216, 0.0 ], [ 110.1769383615, -7.5681274558, 0.0 ], [ 110.1769365986, -7.5681260116, 0.0 ], [ 110.1769355945, -7.5681239746, 0.0 ], [ 110.1769359118, -7.5681205653, 0.0 ], [ 110.1769397749, -7.5680790306, 0.0 ], [ 110.1769360397, -7.5680254212, 0.0 ], [ 110.1769380493, -7.5679775625, 0.0 ], [ 110.1770032711, -7.5679834291, 0.0 ], [ 110.1770934441, -7.5679835993, 0.0 ], [ 110.1770992763, -7.5679839558, 0.0 ], [ 110.1771061761, -7.5679843686, 0.0 ], [ 110.1771142009, -7.5679843042, 0.0 ], [ 110.1771165277, -7.5679843086, 0.0 ], [ 110.1771183731, -7.567984312, 0.0 ], [ 110.1771190122, -7.5679857541, 0.0 ], [ 110.1771192507, -7.5679871158, 0.0 ], [ 110.1771190937, -7.5679900686, 0.0 ], [ 110.1771186435, -7.5680037915, 0.0 ], [ 110.1771122061, -7.5680334202, 0.0 ], [ 110.1771123222, -7.5680343231, 0.0 ], [ 110.1770754619, -7.5682123833, 0.0 ], [ 110.177032533, -7.5682045065, 0.0 ], [ 110.1770125226, -7.5681634088, 0.0 ], [ 110.1769837835, -7.5681422955, 0.0 ], [ 110.1769712912, -7.5681422728, 0.0 ] ] ] ] } },
{ "type": "Feature", "properties": { "FID_Fisnet_Kerban": null, "FID_PL": null, "NAMOBJ": "Kerban", "FCODE": "BA03070040", "METADATA": "TASWIL1000020230928_DATA_BATAS_DESAKELURAHAN", "SRS_ID": "SRGI 2013", "KDCPUM": "33.08.11", "KDEPUM": "33.08.11.2002", "KDPKAB": "33.08", "KDPPUM": "33", "WADMKC": "Tempuran", "WADMKD": "Sumberarum", "WADMKK": "Magelang", "WADMPR": "Jawa Tengah", "DUSUN": "Kerban", "Toponimi": "Dusun Kerban", "Shape_Leng": 3646.39056914, "Shape_Le_1": null, "KETERANGAN": "2", "KET_DETAIL": "Rumah", "PL": "2", "Shape_Length": 51.960943154155267, "Shape_Area": 143.72062615104988 }, "geometry": { "type": "MultiPolygon", "coordinates": [ [ [ [ 110.1767536462, -7.5705318704, 0.0 ], [ 110.1767357317, -7.5705728151, 0.0 ], [ 110.1766250317, -7.5705145653, 0.0 ], [ 110.1766326914, -7.5705014819, 0.0 ], [ 110.1766445251, -7.5704812683, 0.0 ], [ 110.1766821026, -7.5704170803, 0.0 ], [ 110.1767539359, -7.5704556185, 0.0 ], [ 110.1767304784, -7.5704995375, 0.0 ], [ 110.1767441562, -7.5705049441, 0.0 ], [ 110.1767632028, -7.5705131892, 0.0 ], [ 110.1767536462, -7.5705318704, 0.0 ] ] ] ] } },
{ "type": "Feature", "properties": { "FID_Fisnet_Kerban": null, "FID_PL": null, "NAMOBJ": "Kerban", "FCODE": "BA03070040", "METADATA": "TASWIL1000020230928_DATA_BATAS_DESAKELURAHAN", "SRS_ID": "SRGI 2013", "KDCPUM": "33.08.11", "KDEPUM": "33.08.11.2002", "KDPKAB": "33.08", "KDPPUM": "33", "WADMKC": "Tempuran", "WADMKD": "Sumberarum", "WADMKK": "Magelang", "WADMPR": "Jawa Tengah", "DUSUN": "Kerban", "Toponimi": "Dusun Kerban", "Shape_Leng": 3646.39056914, "Shape_Le_1": null, "KETERANGAN": "2", "KET_DETAIL": "Rumah", "PL": "2", "Shape_Length": 41.277923154847457, "Shape_Area": 106.60984809024467 }, "geometry": { "type": "MultiPolygon", "coordinates": [ [ [ [ 110.1766276563, -7.5704703654, 0.0 ], [ 110.1766258539, -7.5704729534, 0.0 ], [ 110.1765437323, -7.5704273968, 0.0 ], [ 110.1765888948, -7.5703469406, 0.0 ], [ 110.1766721883, -7.5703930448, 0.0 ], [ 110.1766276563, -7.5704703654, 0.0 ] ] ] ] } },
{ "type": "Feature", "properties": { "FID_Fisnet_Kerban": null, "FID_PL": null, "NAMOBJ": "Kerban", "FCODE": "BA03070040", "METADATA": "TASWIL1000020230928_DATA_BATAS_DESAKELURAHAN", "SRS_ID": "SRGI 2013", "KDCPUM": "33.08.11", "KDEPUM": "33.08.11.2002", "KDPKAB": "33.08", "KDPPUM": "33", "WADMKC": "Tempuran", "WADMKD": "Sumberarum", "WADMKK": "Magelang", "WADMPR": "Jawa Tengah", "DUSUN": "Kerban", "Toponimi": "Dusun Kerban", "Shape_Leng": 3646.39056914, "Shape_Le_1": null, "KETERANGAN": "2", "KET_DETAIL": "Rumah", "PL": "2", "Shape_Length": 57.775707454208053, "Shape_Area": 167.24843833452897 }, "geometry": { "type": "MultiPolygon", "coordinates": [ [ [ [ 110.1765947726, -7.5703375849, 0.0 ], [ 110.1765888939, -7.5703469415, 0.0 ], [ 110.1765437323, -7.5704273968, 0.0 ], [ 110.1765268664, -7.5704574426, 0.0 ], [ 110.1765191567, -7.5704524145, 0.0 ], [ 110.1765075011, -7.5704470379, 0.0 ], [ 110.1765016408, -7.5704609975, 0.0 ], [ 110.17646667, -7.5704446317, 0.0 ], [ 110.1764788561, -7.5704174126, 0.0 ], [ 110.1764362054, -7.5703907864, 0.0 ], [ 110.1764715528, -7.5703310144, 0.0 ], [ 110.1764821249, -7.5703365906, 0.0 ], [ 110.1764942209, -7.5703429693, 0.0 ], [ 110.1765223803, -7.5702989135, 0.0 ], [ 110.1765898229, -7.5703350186, 0.0 ], [ 110.1765947726, -7.5703375849, 0.0 ] ] ] ] } },
{ "type": "Feature", "properties": { "FID_Fisnet_Kerban": null, "FID_PL": null, "NAMOBJ": "Kerban", "FCODE": "BA03070040", "METADATA": "TASWIL1000020230928_DATA_BATAS_DESAKELURAHAN", "SRS_ID": "SRGI 2013", "KDCPUM": "33.08.11", "KDEPUM": "33.08.11.2002", "KDPKAB": "33.08", "KDPPUM": "33", "WADMKC": "Tempuran", "WADMKD": "Sumberarum", "WADMKK": "Magelang", "WADMPR": "Jawa Tengah", "DUSUN": "Kerban", "Toponimi": "Dusun Kerban", "Shape_Leng": 3646.39056914, "Shape_Le_1": null, "KETERANGAN": "2", "KET_DETAIL": "Rumah", "PL": "2", "Shape_Length": 38.556054842843167, "Shape_Area": 86.729727246767141 }, "geometry": { "type": "MultiPolygon", "coordinates": [ [ [ [ 110.176455616, -7.5702865606, 0.0 ], [ 110.1764078322, -7.5703779117, 0.0 ], [ 110.1763493585, -7.5703443353, 0.0 ], [ 110.1763646575, -7.5703184345, 0.0 ], [ 110.1763779921, -7.5702926141, 0.0 ], [ 110.1763953465, -7.5702635588, 0.0 ], [ 110.1763990723, -7.5702648058, 0.0 ], [ 110.1764077004, -7.5702510885, 0.0 ], [ 110.176457154, -7.5702799843, 0.0 ], [ 110.1764541835, -7.5702857565, 0.0 ], [ 110.176455616, -7.5702865606, 0.0 ] ] ] ] } },
{ "type": "Feature", "properties": { "FID_Fisnet_Kerban": null, "FID_PL": null, "NAMOBJ": "Kerban", "FCODE": "BA03070040", "METADATA": "TASWIL1000020230928_DATA_BATAS_DESAKELURAHAN", "SRS_ID": "SRGI 2013", "KDCPUM": "33.08.11", "KDEPUM": "33.08.11.2002", "KDPKAB": "33.08", "KDPPUM": "33", "WADMKC": "Tempuran", "WADMKD": "Sumberarum", "WADMKK": "Magelang", "WADMPR": "Jawa Tengah", "DUSUN": "Kerban", "Toponimi": "Dusun Kerban", "Shape_Leng": 3646.39056914, "Shape_Le_1": null, "KETERANGAN": "2", "KET_DETAIL": "Rumah", "PL": "2", "Shape_Length": 57.683442620825957, "Shape_Area": 196.1939081481373 }, "geometry": { "type": "MultiPolygon", "coordinates": [ [ [ [ 110.1771274906, -7.5703265633, 0.0 ], [ 110.1771152869, -7.5704171305, 0.0 ], [ 110.1770915972, -7.5704123563, 0.0 ], [ 110.1770875263, -7.5704440001, 0.0 ], [ 110.1769807263, -7.570430337, 0.0 ], [ 110.1769769588, -7.5704309983, 0.0 ], [ 110.1769817096, -7.5703988782, 0.0 ], [ 110.1769871402, -7.5703701277, 0.0 ], [ 110.1769900095, -7.5703531451, 0.0 ], [ 110.1769988352, -7.5703007081, 0.0 ], [ 110.1771274906, -7.5703265633, 0.0 ] ] ] ] } },
{ "type": "Feature", "properties": { "FID_Fisnet_Kerban": null, "FID_PL": null, "NAMOBJ": "Kerban", "FCODE": "BA03070040", "METADATA": "TASWIL1000020230928_DATA_BATAS_DESAKELURAHAN", "SRS_ID": "SRGI 2013", "KDCPUM": "33.08.11", "KDEPUM": "33.08.11.2002", "KDPKAB": "33.08", "KDPPUM": "33", "WADMKC": "Tempuran", "WADMKD": "Sumberarum", "WADMKK": "Magelang", "WADMPR": "Jawa Tengah", "DUSUN": "Kerban", "Toponimi": "Dusun Kerban", "Shape_Leng": 3646.39056914, "Shape_Le_1": null, "KETERANGAN": "2", "KET_DETAIL": "Rumah", "PL": "2", "Shape_Length": 60.421805500315116, "Shape_Area": 168.70499225444433 }, "geometry": { "type": "MultiPolygon", "coordinates": [ [ [ [ 110.1769379853, -7.5702807289, 0.0 ], [ 110.1769178256, -7.570395742, 0.0 ], [ 110.1768725112, -7.5703919326, 0.0 ], [ 110.1768721903, -7.5703690115, 0.0 ], [ 110.1768291848, -7.5703598348, 0.0 ], [ 110.1768347657, -7.5703163424, 0.0 ], [ 110.1768229736, -7.5703136384, 0.0 ], [ 110.1768253697, -7.5703100657, 0.0 ], [ 110.1768189491, -7.5703093092, 0.0 ], [ 110.1768198532, -7.5703052868, 0.0 ], [ 110.176817913, -7.5703045388, 0.0 ], [ 110.1768216607, -7.5702899683, 0.0 ], [ 110.1768089061, -7.57028667, 0.0 ], [ 110.1768250668, -7.5702241238, 0.0 ], [ 110.1768899343, -7.5702406184, 0.0 ], [ 110.1768851353, -7.5702718972, 0.0 ], [ 110.1769379853, -7.5702807289, 0.0 ] ] ] ] } },
{ "type": "Feature", "properties": { "FID_Fisnet_Kerban": null, "FID_PL": null, "NAMOBJ": "Kerban", "FCODE": "BA03070040", "METADATA": "TASWIL1000020230928_DATA_BATAS_DESAKELURAHAN", "SRS_ID": "SRGI 2013", "KDCPUM": "33.08.11", "KDEPUM": "33.08.11.2002", "KDPKAB": "33.08", "KDPPUM": "33", "WADMKC": "Tempuran", "WADMKD": "Sumberarum", "WADMKK": "Magelang", "WADMPR": "Jawa Tengah", "DUSUN": "Kerban", "Toponimi": "Dusun Kerban", "Shape_Leng": 3646.39056914, "Shape_Le_1": null, "KETERANGAN": "2", "KET_DETAIL": "Rumah", "PL": "2", "Shape_Length": 64.79969830117102, "Shape_Area": 213.62985137116596 }, "geometry": { "type": "MultiPolygon", "coordinates": [ [ [ [ 110.1775282293, -7.5701825699, 0.0 ], [ 110.1775116658, -7.5702678513, 0.0 ], [ 110.1773717235, -7.5702362188, 0.0 ], [ 110.1773802261, -7.5702002436, 0.0 ], [ 110.1773873076, -7.5701670299, 0.0 ], [ 110.1773895667, -7.5701577894, 0.0 ], [ 110.1773692602, -7.5701552195, 0.0 ], [ 110.1773785788, -7.5701104868, 0.0 ], [ 110.177379427, -7.5701062935, 0.0 ], [ 110.1773999808, -7.5701104042, 0.0 ], [ 110.1774937478, -7.5701289757, 0.0 ], [ 110.1774847985, -7.5701725006, 0.0 ], [ 110.1775282293, -7.5701825699, 0.0 ] ] ] ] } },
{ "type": "Feature", "properties": { "FID_Fisnet_Kerban": null, "FID_PL": null, "NAMOBJ": "Kerban", "FCODE": "BA03070040", "METADATA": "TASWIL1000020230928_DATA_BATAS_DESAKELURAHAN", "SRS_ID": "SRGI 2013", "KDCPUM": "33.08.11", "KDEPUM": "33.08.11.2002", "KDPKAB": "33.08", "KDPPUM": "33", "WADMKC": "Tempuran", "WADMKD": "Sumberarum", "WADMKK": "Magelang", "WADMPR": "Jawa Tengah", "DUSUN": "Kerban", "Toponimi": "Dusun Kerban", "Shape_Leng": 3646.39056914, "Shape_Le_1": null, "KETERANGAN": "2", "KET_DETAIL": "Rumah", "PL": "2", "Shape_Length": 43.639260229611537, "Shape_Area": 105.4206231118162 }, "geometry": { "type": "MultiPolygon", "coordinates": [ [ [ [ 110.1772375139, -7.5701704691, 0.0 ], [ 110.1772355009, -7.5702081669, 0.0 ], [ 110.1771550174, -7.5702026504, 0.0 ], [ 110.1771602025, -7.5701455855, 0.0 ], [ 110.177165055, -7.5701071487, 0.0 ], [ 110.1771671002, -7.5700873842, 0.0 ], [ 110.1771700982, -7.570087644, 0.0 ], [ 110.177239709, -7.5700907756, 0.0 ], [ 110.1772309645, -7.5701492023, 0.0 ], [ 110.177229301, -7.5701698575, 0.0 ], [ 110.1772375139, -7.5701704691, 0.0 ] ] ] ] } },
{ "type": "Feature", "properties": { "FID_Fisnet_Kerban": null, "FID_PL": null, "NAMOBJ": "Kerban", "FCODE": "BA03070040", "METADATA": "TASWIL1000020230928_DATA_BATAS_DESAKELURAHAN", "SRS_ID": "SRGI 2013", "KDCPUM": "33.08.11", "KDEPUM": "33.08.11.2002", "KDPKAB": "33.08", "KDPPUM": "33", "WADMKC": "Tempuran", "WADMKD": "Sumberarum", "WADMKK": "Magelang", "WADMPR": "Jawa Tengah", "DUSUN": "Kerban", "Toponimi": "Dusun Kerban", "Shape_Leng": 3646.39056914, "Shape_Le_1": null, "KETERANGAN": "2", "KET_DETAIL": "Rumah", "PL": "2", "Shape_Length": 58.018499762099829, "Shape_Area": 181.25416337917292 }, "geometry": { "type": "MultiPolygon", "coordinates": [ [ [ [ 110.177167107, -7.5702305765, 0.0 ], [ 110.1771541418, -7.5703001701, 0.0 ], [ 110.1771539953, -7.5703023813, 0.0 ], [ 110.1770995873, -7.5702938931, 0.0 ], [ 110.1770748039, -7.570290867, 0.0 ], [ 110.1770717955, -7.5703023355, 0.0 ], [ 110.1770482064, -7.5702985654, 0.0 ], [ 110.1770235756, -7.570293452, 0.0 ], [ 110.1770240443, -7.5702824254, 0.0 ], [ 110.1770213595, -7.5702804839, 0.0 ], [ 110.1769986688, -7.5702756717, 0.0 ], [ 110.1769996509, -7.5702706636, 0.0 ], [ 110.1770173198, -7.570180444, 0.0 ], [ 110.1771144359, -7.5701981129, 0.0 ], [ 110.1771253944, -7.57020116, 0.0 ], [ 110.1771211582, -7.5702204781, 0.0 ], [ 110.177167107, -7.5702305765, 0.0 ] ] ] ] } },
{ "type": "Feature", "properties": { "FID_Fisnet_Kerban": null, "FID_PL": null, "NAMOBJ": "Kerban", "FCODE": "BA03070040", "METADATA": "TASWIL1000020230928_DATA_BATAS_DESAKELURAHAN", "SRS_ID": "SRGI 2013", "KDCPUM": "33.08.11", "KDEPUM": "33.08.11.2002", "KDPKAB": "33.08", "KDPPUM": "33", "WADMKC": "Tempuran", "WADMKD": "Sumberarum", "WADMKK": "Magelang", "WADMPR": "Jawa Tengah", "DUSUN": "Kerban", "Toponimi": "Dusun Kerban", "Shape_Leng": 3646.39056914, "Shape_Le_1": null, "KETERANGAN": "2", "KET_DETAIL": "Rumah", "PL": "2", "Shape_Length": 47.387695516098972, "Shape_Area": 131.18383767345611 }, "geometry": { "type": "MultiPolygon", "coordinates": [ [ [ [ 110.1770173198, -7.570180444, 0.0 ], [ 110.1769996509, -7.5702706636, 0.0 ], [ 110.1769125065, -7.5702429024, 0.0 ], [ 110.1769182704, -7.5702253011, 0.0 ], [ 110.1769040914, -7.5702208035, 0.0 ], [ 110.1769034283, -7.5702206168, 0.0 ], [ 110.1769176996, -7.570173039, 0.0 ], [ 110.1769276865, -7.5701396933, 0.0 ], [ 110.1769296399, -7.5701344393, 0.0 ], [ 110.1769281482, -7.5701338214, 0.0 ], [ 110.1769717143, -7.5701441931, 0.0 ], [ 110.1769925385, -7.5701505267, 0.0 ], [ 110.1770022012, -7.5701532864, 0.0 ], [ 110.1770092023, -7.570155285, 0.0 ], [ 110.1770045409, -7.5701718174, 0.0 ], [ 110.1770181921, -7.5701759857, 0.0 ], [ 110.1770173198, -7.570180444, 0.0 ] ] ] ] } },
{ "type": "Feature", "properties": { "FID_Fisnet_Kerban": null, "FID_PL": null, "NAMOBJ": "Kerban", "FCODE": "BA03070040", "METADATA": "TASWIL1000020230928_DATA_BATAS_DESAKELURAHAN", "SRS_ID": "SRGI 2013", "KDCPUM": "33.08.11", "KDEPUM": "33.08.11.2002", "KDPKAB": "33.08", "KDPPUM": "33", "WADMKC": "Tempuran", "WADMKD": "Sumberarum", "WADMKK": "Magelang", "WADMPR": "Jawa Tengah", "DUSUN": "Kerban", "Toponimi": "Dusun Kerban", "Shape_Leng": 3646.39056914, "Shape_Le_1": null, "KETERANGAN": "2", "KET_DETAIL": "Rumah", "PL": "2", "Shape_Length": 41.783729329398376, "Shape_Area": 94.929613883072548 }, "geometry": { "type": "MultiPolygon", "coordinates": [ [ [ [ 110.1769717143, -7.5701441931, 0.0 ], [ 110.1769281482, -7.5701338214, 0.0 ], [ 110.1769250144, -7.5701329644, 0.0 ], [ 110.1769227559, -7.5701323478, 0.0 ], [ 110.1769205933, -7.5701317558, 0.0 ], [ 110.1769259108, -7.5701119757, 0.0 ], [ 110.1769264662, -7.5701092317, 0.0 ], [ 110.1769291112, -7.5701001457, 0.0 ], [ 110.1769429444, -7.5700441888, 0.0 ], [ 110.1769460381, -7.5700307785, 0.0 ], [ 110.1769473673, -7.5700310352, 0.0 ], [ 110.177006872, -7.5700453045, 0.0 ], [ 110.1769958831, -7.570091331, 0.0 ], [ 110.1770164829, -7.5700964341, 0.0 ], [ 110.1770022039, -7.5701532891, 0.0 ], [ 110.1769925385, -7.5701505267, 0.0 ], [ 110.1769717143, -7.5701441931, 0.0 ] ] ] ] } },
{ "type": "Feature", "properties": { "FID_Fisnet_Kerban": null, "FID_PL": null, "NAMOBJ": "Kerban", "FCODE": "BA03070040", "METADATA": "TASWIL1000020230928_DATA_BATAS_DESAKELURAHAN", "SRS_ID": "SRGI 2013", "KDCPUM": "33.08.11", "KDEPUM": "33.08.11.2002", "KDPKAB": "33.08", "KDPPUM": "33", "WADMKC": "Tempuran", "WADMKD": "Sumberarum", "WADMKK": "Magelang", "WADMPR": "Jawa Tengah", "DUSUN": "Kerban", "Toponimi": "Dusun Kerban", "Shape_Leng": 3646.39056914, "Shape_Le_1": null, "KETERANGAN": "2", "KET_DETAIL": "Rumah", "PL": "2", "Shape_Length": 71.536454714132063, "Shape_Area": 213.40395437470534 }, "geometry": { "type": "MultiPolygon", "coordinates": [ [ [ [ 110.1767044836, -7.5699797761, 0.0 ], [ 110.1766769909, -7.5701181481, 0.0 ], [ 110.1766750496, -7.5701179952, 0.0 ], [ 110.1766694729, -7.5701449572, 0.0 ], [ 110.1766455196, -7.5701415771, 0.0 ], [ 110.1766325511, -7.5702128024, 0.0 ], [ 110.1765763392, -7.570200123, 0.0 ], [ 110.1765916395, -7.5701247822, 0.0 ], [ 110.1765946014, -7.5701254553, 0.0 ], [ 110.1765995203, -7.5701021932, 0.0 ], [ 110.1765982792, -7.5701013325, 0.0 ], [ 110.1766244084, -7.569981214, 0.0 ], [ 110.1766258171, -7.5699802398, 0.0 ], [ 110.176629432, -7.5699644436, 0.0 ], [ 110.1767044836, -7.5699797761, 0.0 ] ] ] ] } },
{ "type": "Feature", "properties": { "FID_Fisnet_Kerban": null, "FID_PL": null, "NAMOBJ": "Kerban", "FCODE": "BA03070040", "METADATA": "TASWIL1000020230928_DATA_BATAS_DESAKELURAHAN", "SRS_ID": "SRGI 2013", "KDCPUM": "33.08.11", "KDEPUM": "33.08.11.2002", "KDPKAB": "33.08", "KDPPUM": "33", "WADMKC": "Tempuran", "WADMKD": "Sumberarum", "WADMKK": "Magelang", "WADMPR": "Jawa Tengah", "DUSUN": "Kerban", "Toponimi": "Dusun Kerban", "Shape_Leng": 3646.39056914, "Shape_Le_1": null, "KETERANGAN": "2", "KET_DETAIL": "Rumah", "PL": "2", "Shape_Length": 73.760038512893729, "Shape_Area": 274.68305520615905 }, "geometry": { "type": "MultiPolygon", "coordinates": [ [ [ [ 110.1765909245, -7.5700482923, 0.0 ], [ 110.1765853621, -7.5700585821, 0.0 ], [ 110.1765791007, -7.5700780257, 0.0 ], [ 110.1765587459, -7.5701258127, 0.0 ], [ 110.176537408, -7.5701804909, 0.0 ], [ 110.1765247381, -7.5701755945, 0.0 ], [ 110.1764881433, -7.5701614534, 0.0 ], [ 110.176465816, -7.5701528512, 0.0 ], [ 110.1764324801, -7.5701400105, 0.0 ], [ 110.1764412837, -7.5701154406, 0.0 ], [ 110.1764315141, -7.5701121606, 0.0 ], [ 110.1764561691, -7.5700452836, 0.0 ], [ 110.1764646166, -7.5700474097, 0.0 ], [ 110.1764876028, -7.5700526693, 0.0 ], [ 110.1764883605, -7.5700493802, 0.0 ], [ 110.1764906332, -7.5700444406, 0.0 ], [ 110.1765024577, -7.5700157402, 0.0 ], [ 110.1765032142, -7.5700106747, 0.0 ], [ 110.1765048612, -7.5700082936, 0.0 ], [ 110.1765263432, -7.5699511871, 0.0 ], [ 110.1766143206, -7.569982255, 0.0 ], [ 110.1765910307, -7.5700429516, 0.0 ], [ 110.1765909245, -7.5700482923, 0.0 ] ] ] ] } },
{ "type": "Feature", "properties": { "FID_Fisnet_Kerban": null, "FID_PL": null, "NAMOBJ": "Kerban", "FCODE": "BA03070040", "METADATA": "TASWIL1000020230928_DATA_BATAS_DESAKELURAHAN", "SRS_ID": "SRGI 2013", "KDCPUM": "33.08.11", "KDEPUM": "33.08.11.2002", "KDPKAB": "33.08", "KDPPUM": "33", "WADMKC": "Tempuran", "WADMKD": "Sumberarum", "WADMKK": "Magelang", "WADMPR": "Jawa Tengah", "DUSUN": "Kerban", "Toponimi": "Dusun Kerban", "Shape_Leng": 3646.39056914, "Shape_Le_1": null, "KETERANGAN": "2", "KET_DETAIL": "Rumah", "PL": "2", "Shape_Length": 33.964961787328669, "Shape_Area": 58.121368417425742 }, "geometry": { "type": "MultiPolygon", "coordinates": [ [ [ [ 110.1765632783, -7.5701968385, 0.0 ], [ 110.1765531779, -7.5702317451, 0.0 ], [ 110.1764498665, -7.5702005822, 0.0 ], [ 110.176465816, -7.5701528512, 0.0 ], [ 110.1764881433, -7.5701614534, 0.0 ], [ 110.1765247381, -7.5701755945, 0.0 ], [ 110.1765374089, -7.5701804881, 0.0 ], [ 110.1765354613, -7.570187032, 0.0 ], [ 110.1765632783, -7.5701968385, 0.0 ] ] ] ] } },
{ "type": "Feature", "properties": { "FID_Fisnet_Kerban": null, "FID_PL": null, "NAMOBJ": "Kerban", "FCODE": "BA03070040", "METADATA": "TASWIL1000020230928_DATA_BATAS_DESAKELURAHAN", "SRS_ID": "SRGI 2013", "KDCPUM": "33.08.11", "KDEPUM": "33.08.11.2002", "KDPKAB": "33.08", "KDPPUM": "33", "WADMKC": "Tempuran", "WADMKD": "Sumberarum", "WADMKK": "Magelang", "WADMPR": "Jawa Tengah", "DUSUN": "Kerban", "Toponimi": "Dusun Kerban", "Shape_Leng": 3646.39056914, "Shape_Le_1": null, "KETERANGAN": "2", "KET_DETAIL": "Rumah", "PL": "2", "Shape_Length": 61.531392235893144, "Shape_Area": 212.81943301201187 }, "geometry": { "type": "MultiPolygon", "coordinates": [ [ [ [ 110.1764561691, -7.5700452836, 0.0 ], [ 110.1764315141, -7.5701121606, 0.0 ], [ 110.1763441578, -7.5700795381, 0.0 ], [ 110.1763185126, -7.5700678472, 0.0 ], [ 110.1763503916, -7.5699915356, 0.0 ], [ 110.1763548214, -7.5699934063, 0.0 ], [ 110.1763707711, -7.5699503613, 0.0 ], [ 110.1763896587, -7.5699573824, 0.0 ], [ 110.1763962285, -7.5699383011, 0.0 ], [ 110.1764505586, -7.5699586615, 0.0 ], [ 110.1764536083, -7.5699502845, 0.0 ], [ 110.1764864873, -7.5699617558, 0.0 ], [ 110.1764630298, -7.5700266741, 0.0 ], [ 110.1764561691, -7.5700452836, 0.0 ] ] ] ] } },
{ "type": "Feature", "properties": { "FID_Fisnet_Kerban": null, "FID_PL": null, "NAMOBJ": "Kerban", "FCODE": "BA03070040", "METADATA": "TASWIL1000020230928_DATA_BATAS_DESAKELURAHAN", "SRS_ID": "SRGI 2013", "KDCPUM": "33.08.11", "KDEPUM": "33.08.11.2002", "KDPKAB": "33.08", "KDPPUM": "33", "WADMKC": "Tempuran", "WADMKD": "Sumberarum", "WADMKK": "Magelang", "WADMPR": "Jawa Tengah", "DUSUN": "Kerban", "Toponimi": "Dusun Kerban", "Shape_Leng": 3646.39056914, "Shape_Le_1": null, "KETERANGAN": "2", "KET_DETAIL": "Rumah", "PL": "2", "Shape_Length": 73.87843086847505, "Shape_Area": 205.64851031683858 }, "geometry": { "type": "MultiPolygon", "coordinates": [ [ [ [ 110.1762442906, -7.569836579, 0.0 ], [ 110.1762241707, -7.5698937639, 0.0 ], [ 110.1761899899, -7.5698843117, 0.0 ], [ 110.1761863592, -7.5698897824, 0.0 ], [ 110.1761839704, -7.5698894921, 0.0 ], [ 110.1761837766, -7.5698908267, 0.0 ], [ 110.1761929461, -7.5698941816, 0.0 ], [ 110.1761743462, -7.5699432933, 0.0 ], [ 110.1761647956, -7.5699396989, 0.0 ], [ 110.1761524887, -7.5699718635, 0.0 ], [ 110.1761647212, -7.56997889, 0.0 ], [ 110.1761539258, -7.570001223, 0.0 ], [ 110.1761369115, -7.5699958264, 0.0 ], [ 110.1761411155, -7.5699843591, 0.0 ], [ 110.1760617475, -7.5699509133, 0.0 ], [ 110.1760855586, -7.5698931103, 0.0 ], [ 110.1761070437, -7.5698387037, 0.0 ], [ 110.1761519638, -7.569854883, 0.0 ], [ 110.1761705736, -7.5698067852, 0.0 ], [ 110.1762359412, -7.5698295598, 0.0 ], [ 110.1762442906, -7.569836579, 0.0 ] ] ] ] } },
{ "type": "Feature", "properties": { "FID_Fisnet_Kerban": null, "FID_PL": null, "NAMOBJ": "Kerban", "FCODE": "BA03070040", "METADATA": "TASWIL1000020230928_DATA_BATAS_DESAKELURAHAN", "SRS_ID": "SRGI 2013", "KDCPUM": "33.08.11", "KDEPUM": "33.08.11.2002", "KDPKAB": "33.08", "KDPPUM": "33", "WADMKC": "Tempuran", "WADMKD": "Sumberarum", "WADMKK": "Magelang", "WADMPR": "Jawa Tengah", "DUSUN": "Kerban", "Toponimi": "Dusun Kerban", "Shape_Leng": 3646.39056914, "Shape_Le_1": null, "KETERANGAN": "2", "KET_DETAIL": "Rumah", "PL": "2", "Shape_Length": 38.420688512591362, "Shape_Area": 81.668744520384479 }, "geometry": { "type": "MultiPolygon", "coordinates": [ [ [ [ 110.1760133417, -7.569794566, 0.0 ], [ 110.1760059941, -7.569810348, 0.0 ], [ 110.1760086786, -7.5698124397, 0.0 ], [ 110.1759762916, -7.5698951305, 0.0 ], [ 110.1759121728, -7.5698686979, 0.0 ], [ 110.1759505938, -7.5697884407, 0.0 ], [ 110.1759666823, -7.5697945248, 0.0 ], [ 110.1759740776, -7.5697765251, 0.0 ], [ 110.1760133417, -7.569794566, 0.0 ] ] ] ] } },
{ "type": "Feature", "properties": { "FID_Fisnet_Kerban": null, "FID_PL": null, "NAMOBJ": "Kerban", "FCODE": "BA03070040", "METADATA": "TASWIL1000020230928_DATA_BATAS_DESAKELURAHAN", "SRS_ID": "SRGI 2013", "KDCPUM": "33.08.11", "KDEPUM": "33.08.11.2002", "KDPKAB": "33.08", "KDPPUM": "33", "WADMKC": "Tempuran", "WADMKD": "Sumberarum", "WADMKK": "Magelang", "WADMPR": "Jawa Tengah", "DUSUN": "Kerban", "Toponimi": "Dusun Kerban", "Shape_Leng": 3646.39056914, "Shape_Le_1": null, "KETERANGAN": "2", "KET_DETAIL": "Rumah", "PL": "2", "Shape_Length": 70.369596213828402, "Shape_Area": 276.81092004831487 }, "geometry": { "type": "MultiPolygon", "coordinates": [ [ [ [ 110.1763414739, -7.5696196433, 0.0 ], [ 110.1763074191, -7.5697013894, 0.0 ], [ 110.1762704119, -7.5696862689, 0.0 ], [ 110.1762638095, -7.5697029459, 0.0 ], [ 110.1762511224, -7.5696990481, 0.0 ], [ 110.1762421168, -7.5697230224, 0.0 ], [ 110.1761496947, -7.5696912705, 0.0 ], [ 110.1761722556, -7.5696288604, 0.0 ], [ 110.1761714694, -7.5696275772, 0.0 ], [ 110.1761726209, -7.5696250043, 0.0 ], [ 110.1761743415, -7.5696249117, 0.0 ], [ 110.1761926711, -7.5695730164, 0.0 ], [ 110.1762018277, -7.5695487447, 0.0 ], [ 110.1762068965, -7.5695348497, 0.0 ], [ 110.1762911457, -7.5695687669, 0.0 ], [ 110.1763448105, -7.5695904592, 0.0 ], [ 110.1763352432, -7.5696129067, 0.0 ], [ 110.1763434022, -7.5696161014, 0.0 ], [ 110.1763414739, -7.5696196433, 0.0 ] ] ] ] } },
{ "type": "Feature", "properties": { "FID_Fisnet_Kerban": null, "FID_PL": null, "NAMOBJ": "Kerban", "FCODE": "BA03070040", "METADATA": "TASWIL1000020230928_DATA_BATAS_DESAKELURAHAN", "SRS_ID": "SRGI 2013", "KDCPUM": "33.08.11", "KDEPUM": "33.08.11.2002", "KDPKAB": "33.08", "KDPPUM": "33", "WADMKC": "Tempuran", "WADMKD": "Sumberarum", "WADMKK": "Magelang", "WADMPR": "Jawa Tengah", "DUSUN": "Kerban", "Toponimi": "Dusun Kerban", "Shape_Leng": 3646.39056914, "Shape_Le_1": null, "KETERANGAN": "2", "KET_DETAIL": "Rumah", "PL": "2", "Shape_Length": 70.833102463486924, "Shape_Area": 230.65318603409705 }, "geometry": { "type": "MultiPolygon", "coordinates": [ [ [ [ 110.1763744788, -7.5695948188, 0.0 ], [ 110.1763639231, -7.5696241367, 0.0 ], [ 110.1763352432, -7.5696129067, 0.0 ], [ 110.1763448105, -7.5695904592, 0.0 ], [ 110.1762911475, -7.5695687669, 0.0 ], [ 110.1762002366, -7.569532168, 0.0 ], [ 110.1762410332, -7.5694285597, 0.0 ], [ 110.17639171, -7.5694912366, 0.0 ], [ 110.1763541931, -7.5695870969, 0.0 ], [ 110.1763744788, -7.5695948188, 0.0 ] ] ] ] } },
{ "type": "Feature", "properties": { "FID_Fisnet_Kerban": null, "FID_PL": null, "NAMOBJ": "Kerban", "FCODE": "BA03070040", "METADATA": "TASWIL1000020230928_DATA_BATAS_DESAKELURAHAN", "SRS_ID": "SRGI 2013", "KDCPUM": "33.08.11", "KDEPUM": "33.08.11.2002", "KDPKAB": "33.08", "KDPPUM": "33", "WADMKC": "Tempuran", "WADMKD": "Sumberarum", "WADMKK": "Magelang", "WADMPR": "Jawa Tengah", "DUSUN": "Kerban", "Toponimi": "Dusun Kerban", "Shape_Leng": 3646.39056914, "Shape_Le_1": null, "KETERANGAN": "2", "KET_DETAIL": "Masjid", "PL": "8", "Shape_Length": 100.86392159278459, "Shape_Area": 382.21587653845341 }, "geometry": { "type": "MultiPolygon", "coordinates": [ [ [ [ 110.1765006284, -7.5696188505, 0.0 ], [ 110.1764636349, -7.5697082774, 0.0 ], [ 110.1764631819, -7.5697101009, 0.0 ], [ 110.1764566117, -7.5697079159, 0.0 ], [ 110.1764563434, -7.5697079018, 0.0 ], [ 110.1764555944, -7.5697075775, 0.0 ], [ 110.1764373117, -7.569751992, 0.0 ], [ 110.1764789201, -7.5697689492, 0.0 ], [ 110.1764816129, -7.5697699953, 0.0 ], [ 110.1765006032, -7.5697773711, 0.0 ], [ 110.1765126831, -7.5697816974, 0.0 ], [ 110.1765103881, -7.5697864724, 0.0 ], [ 110.1764672571, -7.5698897715, 0.0 ], [ 110.1763921784, -7.5698591277, 0.0 ], [ 110.1763963986, -7.5698486573, 0.0 ], [ 110.1763213204, -7.569817781, 0.0 ], [ 110.1763192268, -7.569814284, 0.0 ], [ 110.1763279123, -7.5697870583, 0.0 ], [ 110.1763160184, -7.5697835427, 0.0 ], [ 110.1763279732, -7.5697549257, 0.0 ], [ 110.176340566, -7.5697589084, 0.0 ], [ 110.1763501727, -7.5697382031, 0.0 ], [ 110.1763417772, -7.5697353933, 0.0 ], [ 110.1763558433, -7.5697009591, 0.0 ], [ 110.1763726333, -7.5697065796, 0.0 ], [ 110.1763838486, -7.5696764752, 0.0 ], [ 110.1764235894, -7.5695890126, 0.0 ], [ 110.1765006284, -7.5696188505, 0.0 ] ] ] ] } },
{ "type": "Feature", "properties": { "FID_Fisnet_Kerban": null, "FID_PL": null, "NAMOBJ": "Kerban", "FCODE": "BA03070040", "METADATA": "TASWIL1000020230928_DATA_BATAS_DESAKELURAHAN", "SRS_ID": "SRGI 2013", "KDCPUM": "33.08.11", "KDEPUM": "33.08.11.2002", "KDPKAB": "33.08", "KDPPUM": "33", "WADMKC": "Tempuran", "WADMKD": "Sumberarum", "WADMKK": "Magelang", "WADMPR": "Jawa Tengah", "DUSUN": "Kerban", "Toponimi": "Dusun Kerban", "Shape_Leng": 3646.39056914, "Shape_Le_1": null, "KETERANGAN": "2", "KET_DETAIL": "Rumah", "PL": "2", "Shape_Length": 92.523948227849175, "Shape_Area": 418.38956213408341 }, "geometry": { "type": "MultiPolygon", "coordinates": [ [ [ [ 110.1766835007, -7.5695994258, 0.0 ], [ 110.1766639873, -7.5696518435, 0.0 ], [ 110.1766948769, -7.5696641215, 0.0 ], [ 110.1766787857, -7.5697034325, 0.0 ], [ 110.1767037342, -7.5697130273, 0.0 ], [ 110.176693179, -7.5697425767, 0.0 ], [ 110.1766926842, -7.5697439497, 0.0 ], [ 110.1766685483, -7.569810986, 0.0 ], [ 110.1766598297, -7.5698347185, 0.0 ], [ 110.1766581156, -7.5698337837, 0.0 ], [ 110.1765006032, -7.5697773711, 0.0 ], [ 110.1764816129, -7.5697699953, 0.0 ], [ 110.1764890767, -7.569748376, 0.0 ], [ 110.1765028689, -7.5697111771, 0.0 ], [ 110.176520302, -7.5696625996, 0.0 ], [ 110.1765326191, -7.5696250705, 0.0 ], [ 110.1765954512, -7.569646052, 0.0 ], [ 110.1766028069, -7.5696259493, 0.0 ], [ 110.1766226348, -7.5695759752, 0.0 ], [ 110.1766315714, -7.5695787634, 0.0 ], [ 110.1766835007, -7.5695994258, 0.0 ] ] ] ] } },
{ "type": "Feature", "properties": { "FID_Fisnet_Kerban": null, "FID_PL": null, "NAMOBJ": "Kerban", "FCODE": "BA03070040", "METADATA": "TASWIL1000020230928_DATA_BATAS_DESAKELURAHAN", "SRS_ID": "SRGI 2013", "KDCPUM": "33.08.11", "KDEPUM": "33.08.11.2002", "KDPKAB": "33.08", "KDPPUM": "33", "WADMKC": "Tempuran", "WADMKD": "Sumberarum", "WADMKK": "Magelang", "WADMPR": "Jawa Tengah", "DUSUN": "Kerban", "Toponimi": "Dusun Kerban", "Shape_Leng": 3646.39056914, "Shape_Le_1": null, "KETERANGAN": "2", "KET_DETAIL": "Rumah", "PL": "2", "Shape_Length": 40.77423283606926, "Shape_Area": 104.16201461394601 }, "geometry": { "type": "MultiPolygon", "coordinates": [ [ [ [ 110.1768037268, -7.5697366595, 0.0 ], [ 110.1767172007, -7.5697036534, 0.0 ], [ 110.1767293588, -7.5696725323, 0.0 ], [ 110.1767512678, -7.5696168403, 0.0 ], [ 110.1768355831, -7.5696493366, 0.0 ], [ 110.1768151637, -7.5697068196, 0.0 ], [ 110.1768096118, -7.5697206676, 0.0 ], [ 110.1768037268, -7.5697366595, 0.0 ] ] ] ] } },
{ "type": "Feature", "properties": { "FID_Fisnet_Kerban": null, "FID_PL": null, "NAMOBJ": "Kerban", "FCODE": "BA03070040", "METADATA": "TASWIL1000020230928_DATA_BATAS_DESAKELURAHAN", "SRS_ID": "SRGI 2013", "KDCPUM": "33.08.11", "KDEPUM": "33.08.11.2002", "KDPKAB": "33.08", "KDPPUM": "33", "WADMKC": "Tempuran", "WADMKD": "Sumberarum", "WADMKK": "Magelang", "WADMPR": "Jawa Tengah", "DUSUN": "Kerban", "Toponimi": "Dusun Kerban", "Shape_Leng": 3646.39056914, "Shape_Le_1": null, "KETERANGAN": "2", "KET_DETAIL": "Rumah", "PL": "2", "Shape_Length": 69.325444220180032, "Shape_Area": 249.0197307632387 }, "geometry": { "type": "MultiPolygon", "coordinates": [ [ [ [ 110.1770444674, -7.5696852619, 0.0 ], [ 110.1770299157, -7.5697311053, 0.0 ], [ 110.1770023213, -7.5698098961, 0.0 ], [ 110.1770008239, -7.5698141723, 0.0 ], [ 110.1769970664, -7.5698258114, 0.0 ], [ 110.1769928515, -7.569833951, 0.0 ], [ 110.1769462065, -7.5698215221, 0.0 ], [ 110.1769400939, -7.5698457263, 0.0 ], [ 110.1768752619, -7.569825812, 0.0 ], [ 110.1769130365, -7.5697173797, 0.0 ], [ 110.1769093193, -7.5697130357, 0.0 ], [ 110.176919646, -7.5696773435, 0.0 ], [ 110.1769415687, -7.5696832053, 0.0 ], [ 110.1769493222, -7.5696550462, 0.0 ], [ 110.176971946, -7.5696606777, 0.0 ], [ 110.1769780159, -7.5696590593, 0.0 ], [ 110.1769831675, -7.5696497546, 0.0 ], [ 110.1770204799, -7.5696617, 0.0 ], [ 110.1770190609, -7.5696714766, 0.0 ], [ 110.177022783, -7.5696775383, 0.0 ], [ 110.1770444674, -7.5696852619, 0.0 ] ] ] ] } },
{ "type": "Feature", "properties": { "FID_Fisnet_Kerban": null, "FID_PL": null, "NAMOBJ": "Kerban", "FCODE": "BA03070040", "METADATA": "TASWIL1000020230928_DATA_BATAS_DESAKELURAHAN", "SRS_ID": "SRGI 2013", "KDCPUM": "33.08.11", "KDEPUM": "33.08.11.2002", "KDPKAB": "33.08", "KDPPUM": "33", "WADMKC": "Tempuran", "WADMKD": "Sumberarum", "WADMKK": "Magelang", "WADMPR": "Jawa Tengah", "DUSUN": "Kerban", "Toponimi": "Dusun Kerban", "Shape_Leng": 3646.39056914, "Shape_Le_1": null, "KETERANGAN": "2", "KET_DETAIL": "Rumah", "PL": "2", "Shape_Length": 45.421051555512378, "Shape_Area": 107.38898909065585 }, "geometry": { "type": "MultiPolygon", "coordinates": [ [ [ [ 110.1770095773, -7.5698275508, 0.0 ], [ 110.1771057751, -7.5698572014, 0.0 ], [ 110.177083386, -7.5699357433, 0.0 ], [ 110.1769857759, -7.5699051648, 0.0 ], [ 110.1769967505, -7.56987004, 0.0 ], [ 110.1769746606, -7.5698634408, 0.0 ], [ 110.1769793301, -7.56984214, 0.0 ], [ 110.1770041125, -7.5698466576, 0.0 ], [ 110.1770095773, -7.5698275508, 0.0 ] ] ] ] } },
{ "type": "Feature", "properties": { "FID_Fisnet_Kerban": null, "FID_PL": null, "NAMOBJ": "Kerban", "FCODE": "BA03070040", "METADATA": "TASWIL1000020230928_DATA_BATAS_DESAKELURAHAN", "SRS_ID": "SRGI 2013", "KDCPUM": "33.08.11", "KDEPUM": "33.08.11.2002", "KDPKAB": "33.08", "KDPPUM": "33", "WADMKC": "Tempuran", "WADMKD": "Sumberarum", "WADMKK": "Magelang", "WADMPR": "Jawa Tengah", "DUSUN": "Kerban", "Toponimi": "Dusun Kerban", "Shape_Leng": 3646.39056914, "Shape_Le_1": null, "KETERANGAN": "2", "KET_DETAIL": "Rumah", "PL": "2", "Shape_Length": 60.3543767694173, "Shape_Area": 222.91411386602164 }, "geometry": { "type": "MultiPolygon", "coordinates": [ [ [ [ 110.1770555402, -7.5696671968, 0.0 ], [ 110.1771443201, -7.5696956955, 0.0 ], [ 110.1771647656, -7.5697014387, 0.0 ], [ 110.1771552177, -7.5697327384, 0.0 ], [ 110.1771474628, -7.5697615966, 0.0 ], [ 110.1771465575, -7.5697643636, 0.0 ], [ 110.1771359607, -7.5697967358, 0.0 ], [ 110.1771264838, -7.5698278493, 0.0 ], [ 110.1771209346, -7.5698460678, 0.0 ], [ 110.1770099271, -7.569812329, 0.0 ], [ 110.1770023213, -7.5698098961, 0.0 ], [ 110.1770299157, -7.5697311053, 0.0 ], [ 110.1770444674, -7.5696852619, 0.0 ], [ 110.1770493309, -7.5696864342, 0.0 ], [ 110.1770555402, -7.5696671968, 0.0 ] ] ] ] } },
{ "type": "Feature", "properties": { "FID_Fisnet_Kerban": null, "FID_PL": null, "NAMOBJ": "Kerban", "FCODE": "BA03070040", "METADATA": "TASWIL1000020230928_DATA_BATAS_DESAKELURAHAN", "SRS_ID": "SRGI 2013", "KDCPUM": "33.08.11", "KDEPUM": "33.08.11.2002", "KDPKAB": "33.08", "KDPPUM": "33", "WADMKC": "Tempuran", "WADMKD": "Sumberarum", "WADMKK": "Magelang", "WADMPR": "Jawa Tengah", "DUSUN": "Kerban", "Toponimi": "Dusun Kerban", "Shape_Leng": 3646.39056914, "Shape_Le_1": null, "KETERANGAN": "2", "KET_DETAIL": "Rumah", "PL": "2", "Shape_Length": 40.32092825257223, "Shape_Area": 102.68624501663385 }, "geometry": { "type": "MultiPolygon", "coordinates": [ [ [ [ 110.1772421453, -7.5697906447, 0.0 ], [ 110.1772415168, -7.569792267, 0.0 ], [ 110.1771465575, -7.5697643636, 0.0 ], [ 110.1771474628, -7.5697615966, 0.0 ], [ 110.1771552177, -7.5697327384, 0.0 ], [ 110.1771704799, -7.5696827068, 0.0 ], [ 110.1771919389, -7.5696869377, 0.0 ], [ 110.1772089623, -7.5696927911, 0.0 ], [ 110.1772619009, -7.5697089574, 0.0 ], [ 110.1772459018, -7.5697780813, 0.0 ], [ 110.1772421453, -7.5697906447, 0.0 ] ] ] ] } },
{ "type": "Feature", "properties": { "FID_Fisnet_Kerban": null, "FID_PL": null, "NAMOBJ": "Kerban", "FCODE": "BA03070040", "METADATA": "TASWIL1000020230928_DATA_BATAS_DESAKELURAHAN", "SRS_ID": "SRGI 2013", "KDCPUM": "33.08.11", "KDEPUM": "33.08.11.2002", "KDPKAB": "33.08", "KDPPUM": "33", "WADMKC": "Tempuran", "WADMKD": "Sumberarum", "WADMKK": "Magelang", "WADMPR": "Jawa Tengah", "DUSUN": "Kerban", "Toponimi": "Dusun Kerban", "Shape_Leng": 3646.39056914, "Shape_Le_1": null, "KETERANGAN": "2", "KET_DETAIL": "Rumah", "PL": "2", "Shape_Length": 54.192542936466069, "Shape_Area": 164.27366668080253 }, "geometry": { "type": "MultiPolygon", "coordinates": [ [ [ [ 110.1771880736, -7.5699093872, 0.0 ], [ 110.1771986916, -7.5698572104, 0.0 ], [ 110.1772021173, -7.5698580589, 0.0 ], [ 110.1772993776, -7.5698799338, 0.0 ], [ 110.1772946632, -7.5699053047, 0.0 ], [ 110.1772854841, -7.5699467335, 0.0 ], [ 110.1772950457, -7.569949778, 0.0 ], [ 110.1772879743, -7.5699872528, 0.0 ], [ 110.1772784127, -7.5699842074, 0.0 ], [ 110.1772753581, -7.569995145, 0.0 ], [ 110.1772529659, -7.5699906789, 0.0 ], [ 110.1772494627, -7.5699925355, 0.0 ], [ 110.1772452354, -7.5700067306, 0.0 ], [ 110.1772205109, -7.5700013285, 0.0 ], [ 110.1771964879, -7.5699954619, 0.0 ], [ 110.1771993139, -7.5699817299, 0.0 ], [ 110.1771974224, -7.5699792526, 0.0 ], [ 110.1771755584, -7.5699730265, 0.0 ], [ 110.1771880736, -7.5699093872, 0.0 ] ] ] ] } },
{ "type": "Feature", "properties": { "FID_Fisnet_Kerban": null, "FID_PL": null, "NAMOBJ": "Kerban", "FCODE": "BA03070040", "METADATA": "TASWIL1000020230928_DATA_BATAS_DESAKELURAHAN", "SRS_ID": "SRGI 2013", "KDCPUM": "33.08.11", "KDEPUM": "33.08.11.2002", "KDPKAB": "33.08", "KDPPUM": "33", "WADMKC": "Tempuran", "WADMKD": "Sumberarum", "WADMKK": "Magelang", "WADMPR": "Jawa Tengah", "DUSUN": "Kerban", "Toponimi": "Dusun Kerban", "Shape_Leng": 3646.39056914, "Shape_Le_1": null, "KETERANGAN": "2", "KET_DETAIL": "Rumah", "PL": "2", "Shape_Length": 100.53384843067633, "Shape_Area": 271.52225613010472 }, "geometry": { "type": "MultiPolygon", "coordinates": [ [ [ [ 110.1774558972, -7.5698299264, 0.0 ], [ 110.1774486783, -7.5698562894, 0.0 ], [ 110.1774664444, -7.5698591539, 0.0 ], [ 110.1774794281, -7.5698639469, 0.0 ], [ 110.1774744479, -7.5698913569, 0.0 ], [ 110.1774563915, -7.5698843194, 0.0 ], [ 110.1774420582, -7.5698823549, 0.0 ], [ 110.1774343822, -7.5699140815, 0.0 ], [ 110.1773736272, -7.5698999591, 0.0 ], [ 110.1773711804, -7.5699154618, 0.0 ], [ 110.1774299554, -7.5699302416, 0.0 ], [ 110.1774247825, -7.569950722, 0.0 ], [ 110.1774366764, -7.5699542367, 0.0 ], [ 110.1774256151, -7.5700040438, 0.0 ], [ 110.1774134847, -7.5700019252, 0.0 ], [ 110.1774123053, -7.5700086759, 0.0 ], [ 110.1773623926, -7.5699967067, 0.0 ], [ 110.177358423, -7.5699983291, 0.0 ], [ 110.1773558132, -7.5700084462, 0.0 ], [ 110.177312512, -7.569997451, 0.0 ], [ 110.1773337311, -7.5699116556, 0.0 ], [ 110.1773402077, -7.569882908, 0.0 ], [ 110.177352231, -7.5698425464, 0.0 ], [ 110.1773601448, -7.5698431574, 0.0 ], [ 110.1773688699, -7.5698097939, 0.0 ], [ 110.1773540913, -7.5698064873, 0.0 ], [ 110.177360271, -7.5697765461, 0.0 ], [ 110.1773635577, -7.5697761055, 0.0 ], [ 110.1773646209, -7.5697665697, 0.0 ], [ 110.1773807456, -7.569768836, 0.0 ], [ 110.1773793822, -7.5697789664, 0.0 ], [ 110.1774625239, -7.5698004329, 0.0 ], [ 110.1774558972, -7.5698299264, 0.0 ] ] ] ] } },
{ "type": "Feature", "properties": { "FID_Fisnet_Kerban": null, "FID_PL": null, "NAMOBJ": "Kerban", "FCODE": "BA03070040", "METADATA": "TASWIL1000020230928_DATA_BATAS_DESAKELURAHAN", "SRS_ID": "SRGI 2013", "KDCPUM": "33.08.11", "KDEPUM": "33.08.11.2002", "KDPKAB": "33.08", "KDPPUM": "33", "WADMKC": "Tempuran", "WADMKD": "Sumberarum", "WADMKK": "Magelang", "WADMPR": "Jawa Tengah", "DUSUN": "Kerban", "Toponimi": "Dusun Kerban", "Shape_Leng": 3646.39056914, "Shape_Le_1": null, "KETERANGAN": "2", "KET_DETAIL": "Rumah", "PL": "2", "Shape_Length": 69.561153569078996, "Shape_Area": 217.13447280444211 }, "geometry": { "type": "MultiPolygon", "coordinates": [ [ [ [ 110.1774041073, -7.5695324989, 0.0 ], [ 110.1773926004, -7.5695711293, 0.0 ], [ 110.1773727774, -7.5695655031, 0.0 ], [ 110.1773643245, -7.5695929626, 0.0 ], [ 110.1773429639, -7.5696597483, 0.0 ], [ 110.1773180087, -7.5696531816, 0.0 ], [ 110.1773152087, -7.5696531763, 0.0 ], [ 110.1773100337, -7.5696752848, 0.0 ], [ 110.1773090889, -7.5696787508, 0.0 ], [ 110.1773071237, -7.5696859595, 0.0 ], [ 110.177269539, -7.5696737377, 0.0 ], [ 110.1772717365, -7.5696673688, 0.0 ], [ 110.1772724848, -7.5696652013, 0.0 ], [ 110.1772769473, -7.5696493786, 0.0 ], [ 110.1772739223, -7.5696451815, 0.0 ], [ 110.1772450072, -7.569635581, 0.0 ], [ 110.1772717648, -7.569552041, 0.0 ], [ 110.1772542741, -7.5695468868, 0.0 ], [ 110.1772698682, -7.5694891125, 0.0 ], [ 110.1773185223, -7.5695050952, 0.0 ], [ 110.1773758946, -7.5695210365, 0.0 ], [ 110.1774041073, -7.5695324989, 0.0 ] ] ] ] } },
{ "type": "Feature", "properties": { "FID_Fisnet_Kerban": null, "FID_PL": null, "NAMOBJ": "Kerban", "FCODE": "BA03070040", "METADATA": "TASWIL1000020230928_DATA_BATAS_DESAKELURAHAN", "SRS_ID": "SRGI 2013", "KDCPUM": "33.08.11", "KDEPUM": "33.08.11.2002", "KDPKAB": "33.08", "KDPPUM": "33", "WADMKC": "Tempuran", "WADMKD": "Sumberarum", "WADMKK": "Magelang", "WADMPR": "Jawa Tengah", "DUSUN": "Kerban", "Toponimi": "Dusun Kerban", "Shape_Leng": 3646.39056914, "Shape_Le_1": null, "KETERANGAN": "2", "KET_DETAIL": "Rumah", "PL": "2", "Shape_Length": 40.57697860942919, "Shape_Area": 86.905863658206883 }, "geometry": { "type": "MultiPolygon", "coordinates": [ [ [ [ 110.1772421453, -7.5697906447, 0.0 ], [ 110.1772603358, -7.5697958047, 0.0 ], [ 110.1772497748, -7.5698279166, 0.0 ], [ 110.1772322796, -7.5698246238, 0.0 ], [ 110.1772231261, -7.5698530136, 0.0 ], [ 110.1771264838, -7.5698278493, 0.0 ], [ 110.1771359607, -7.5697967358, 0.0 ], [ 110.1771465575, -7.5697643636, 0.0 ], [ 110.1772415168, -7.569792267, 0.0 ], [ 110.1772421453, -7.5697906447, 0.0 ] ] ] ] } },
{ "type": "Feature", "properties": { "FID_Fisnet_Kerban": null, "FID_PL": null, "NAMOBJ": "Kerban", "FCODE": "BA03070040", "METADATA": "TASWIL1000020230928_DATA_BATAS_DESAKELURAHAN", "SRS_ID": "SRGI 2013", "KDCPUM": "33.08.11", "KDEPUM": "33.08.11.2002", "KDPKAB": "33.08", "KDPPUM": "33", "WADMKC": "Tempuran", "WADMKD": "Sumberarum", "WADMKK": "Magelang", "WADMPR": "Jawa Tengah", "DUSUN": "Kerban", "Toponimi": "Dusun Kerban", "Shape_Leng": 3646.39056914, "Shape_Le_1": null, "KETERANGAN": "2", "KET_DETAIL": "Rumah", "PL": "2", "Shape_Length": 61.688458790878187, "Shape_Area": 155.39804689679397 }, "geometry": { "type": "MultiPolygon", "coordinates": [ [ [ [ 110.1771708739, -7.5694691636, 0.0 ], [ 110.1771587178, -7.56951262, 0.0 ], [ 110.1770954556, -7.5695004827, 0.0 ], [ 110.1770924134, -7.5695049008, 0.0 ], [ 110.1770822746, -7.5695605309, 0.0 ], [ 110.1769921602, -7.5695431909, 0.0 ], [ 110.1770028394, -7.5694893645, 0.0 ], [ 110.1770122568, -7.5694451422, 0.0 ], [ 110.1770887699, -7.5694573941, 0.0 ], [ 110.1770944065, -7.5694385445, 0.0 ], [ 110.1771219269, -7.5694455817, 0.0 ], [ 110.1771172328, -7.5694602418, 0.0 ], [ 110.1771708739, -7.5694691636, 0.0 ] ] ] ] } },
{ "type": "Feature", "properties": { "FID_Fisnet_Kerban": null, "FID_PL": null, "NAMOBJ": "Kerban", "FCODE": "BA03070040", "METADATA": "TASWIL1000020230928_DATA_BATAS_DESAKELURAHAN", "SRS_ID": "SRGI 2013", "KDCPUM": "33.08.11", "KDEPUM": "33.08.11.2002", "KDPKAB": "33.08", "KDPPUM": "33", "WADMKC": "Tempuran", "WADMKD": "Sumberarum", "WADMKK": "Magelang", "WADMPR": "Jawa Tengah", "DUSUN": "Kerban", "Toponimi": "Dusun Kerban", "Shape_Leng": 3646.39056914, "Shape_Le_1": null, "KETERANGAN": "2", "KET_DETAIL": "Rumah", "PL": "2", "Shape_Length": 65.091570495096974, "Shape_Area": 224.23923615645691 }, "geometry": { "type": "MultiPolygon", "coordinates": [ [ [ [ 110.177061334, -7.569283876, 0.0 ], [ 110.1771497299, -7.5693040664, 0.0 ], [ 110.1771567721, -7.5692819605, 0.0 ], [ 110.1772118192, -7.569293706, 0.0 ], [ 110.1772077966, -7.5693228038, 0.0 ], [ 110.1771831303, -7.5694100724, 0.0 ], [ 110.177141614, -7.5694004481, 0.0 ], [ 110.1770117412, -7.5693685587, 0.0 ], [ 110.1770154699, -7.5693506144, 0.0 ], [ 110.1770313954, -7.569278218, 0.0 ], [ 110.177061334, -7.569283876, 0.0 ] ] ] ] } },
{ "type": "Feature", "properties": { "FID_Fisnet_Kerban": null, "FID_PL": null, "NAMOBJ": "Kerban", "FCODE": "BA03070040", "METADATA": "TASWIL1000020230928_DATA_BATAS_DESAKELURAHAN", "SRS_ID": "SRGI 2013", "KDCPUM": "33.08.11", "KDEPUM": "33.08.11.2002", "KDPKAB": "33.08", "KDPPUM": "33", "WADMKC": "Tempuran", "WADMKD": "Sumberarum", "WADMKK": "Magelang", "WADMPR": "Jawa Tengah", "DUSUN": "Kerban", "Toponimi": "Dusun Kerban", "Shape_Leng": 3646.39056914, "Shape_Le_1": null, "KETERANGAN": "2", "KET_DETAIL": "Rumah", "PL": "2", "Shape_Length": 60.955932925868439, "Shape_Area": 202.15314997637574 }, "geometry": { "type": "MultiPolygon", "coordinates": [ [ [ [ 110.1770713793, -7.5691532704, 0.0 ], [ 110.1772074183, -7.5691876335, 0.0 ], [ 110.1772299593, -7.5691919968, 0.0 ], [ 110.1772366563, -7.5691932667, 0.0 ], [ 110.1772152811, -7.5692825621, 0.0 ], [ 110.1771892157, -7.5692773646, 0.0 ], [ 110.1771409356, -7.5692658643, 0.0 ], [ 110.1771026817, -7.5692581085, 0.0 ], [ 110.1770351018, -7.5692418711, 0.0 ], [ 110.1770396248, -7.5692271104, 0.0 ], [ 110.1770521863, -7.5691844353, 0.0 ], [ 110.1770636165, -7.5691863192, 0.0 ], [ 110.1770713793, -7.5691532704, 0.0 ] ] ] ] } },
{ "type": "Feature", "properties": { "FID_Fisnet_Kerban": null, "FID_PL": null, "NAMOBJ": "Kerban", "FCODE": "BA03070040", "METADATA": "TASWIL1000020230928_DATA_BATAS_DESAKELURAHAN", "SRS_ID": "SRGI 2013", "KDCPUM": "33.08.11", "KDEPUM": "33.08.11.2002", "KDPKAB": "33.08", "KDPPUM": "33", "WADMKC": "Tempuran", "WADMKD": "Sumberarum", "WADMKK": "Magelang", "WADMPR": "Jawa Tengah", "DUSUN": "Kerban", "Toponimi": "Dusun Kerban", "Shape_Leng": 3646.39056914, "Shape_Le_1": null, "KETERANGAN": "2", "KET_DETAIL": "Rumah", "PL": "2", "Shape_Length": 37.814371409924782, "Shape_Area": 88.401356524736812 }, "geometry": { "type": "MultiPolygon", "coordinates": [ [ [ [ 110.1768493409, -7.5693449426, 0.0 ], [ 110.1768406042, -7.5693982526, 0.0 ], [ 110.1768314242, -7.5694406094, 0.0 ], [ 110.1767961988, -7.5694356532, 0.0 ], [ 110.1767590026, -7.569428926, 0.0 ], [ 110.1767807653, -7.5693299144, 0.0 ], [ 110.1768164539, -7.5693367338, 0.0 ], [ 110.1768493409, -7.5693449426, 0.0 ] ] ] ] } },
{ "type": "Feature", "properties": { "FID_Fisnet_Kerban": null, "FID_PL": null, "NAMOBJ": "Kerban", "FCODE": "BA03070040", "METADATA": "TASWIL1000020230928_DATA_BATAS_DESAKELURAHAN", "SRS_ID": "SRGI 2013", "KDCPUM": "33.08.11", "KDEPUM": "33.08.11.2002", "KDPKAB": "33.08", "KDPPUM": "33", "WADMKC": "Tempuran", "WADMKD": "Sumberarum", "WADMKK": "Magelang", "WADMPR": "Jawa Tengah", "DUSUN": "Kerban", "Toponimi": "Dusun Kerban", "Shape_Leng": 3646.39056914, "Shape_Le_1": null, "KETERANGAN": "2", "KET_DETAIL": "Rumah", "PL": "2", "Shape_Length": 26.02251601845138, "Shape_Area": 41.693353175038489 }, "geometry": { "type": "MultiPolygon", "coordinates": [ [ [ [ 110.1769095108, -7.5693611271, 0.0 ], [ 110.1769031219, -7.5694081472, 0.0 ], [ 110.1768428279, -7.5693986014, 0.0 ], [ 110.1768406042, -7.5693982526, 0.0 ], [ 110.1768493391, -7.5693449426, 0.0 ], [ 110.1769118209, -7.5693536993, 0.0 ], [ 110.1769111557, -7.5693560027, 0.0 ], [ 110.1769095108, -7.5693611271, 0.0 ] ] ] ] } },
{ "type": "Feature", "properties": { "FID_Fisnet_Kerban": null, "FID_PL": null, "NAMOBJ": "Kerban", "FCODE": "BA03070040", "METADATA": "TASWIL1000020230928_DATA_BATAS_DESAKELURAHAN", "SRS_ID": "SRGI 2013", "KDCPUM": "33.08.11", "KDEPUM": "33.08.11.2002", "KDPKAB": "33.08", "KDPPUM": "33", "WADMKC": "Tempuran", "WADMKD": "Sumberarum", "WADMKK": "Magelang", "WADMPR": "Jawa Tengah", "DUSUN": "Kerban", "Toponimi": "Dusun Kerban", "Shape_Leng": 3646.39056914, "Shape_Le_1": null, "KETERANGAN": "2", "KET_DETAIL": "Rumah", "PL": "2", "Shape_Length": 70.52473519268996, "Shape_Area": 214.05078059008909 }, "geometry": { "type": "MultiPolygon", "coordinates": [ [ [ [ 110.1767575962, -7.5692112739, 0.0 ], [ 110.1767498297, -7.5692467584, 0.0 ], [ 110.1767702658, -7.5692502404, 0.0 ], [ 110.1767483113, -7.5693471604, 0.0 ], [ 110.1767309225, -7.5694173299, 0.0 ], [ 110.1767282821, -7.5694297516, 0.0 ], [ 110.1767244262, -7.5694292179, 0.0 ], [ 110.1766562358, -7.5694122775, 0.0 ], [ 110.1766610569, -7.569393297, 0.0 ], [ 110.1766804508, -7.5693163983, 0.0 ], [ 110.1766812208, -7.5693114079, 0.0 ], [ 110.1766594816, -7.5693062665, 0.0 ], [ 110.1766645338, -7.5692801247, 0.0 ], [ 110.1766768144, -7.5692269842, 0.0 ], [ 110.1766956667, -7.5692310891, 0.0 ], [ 110.1767008233, -7.5692129856, 0.0 ], [ 110.1767054168, -7.5691968583, 0.0 ], [ 110.1767398998, -7.5692018393, 0.0 ], [ 110.1767590966, -7.5692054112, 0.0 ], [ 110.1767575962, -7.5692112739, 0.0 ] ] ] ] } },
{ "type": "Feature", "properties": { "FID_Fisnet_Kerban": null, "FID_PL": null, "NAMOBJ": "Kerban", "FCODE": "BA03070040", "METADATA": "TASWIL1000020230928_DATA_BATAS_DESAKELURAHAN", "SRS_ID": "SRGI 2013", "KDCPUM": "33.08.11", "KDEPUM": "33.08.11.2002", "KDPKAB": "33.08", "KDPPUM": "33", "WADMKC": "Tempuran", "WADMKD": "Sumberarum", "WADMKK": "Magelang", "WADMPR": "Jawa Tengah", "DUSUN": "Kerban", "Toponimi": "Dusun Kerban", "Shape_Leng": 3646.39056914, "Shape_Le_1": null, "KETERANGAN": "2", "KET_DETAIL": "Rumah", "PL": "2", "Shape_Length": 59.525335908978676, "Shape_Area": 192.5062367445417 }, "geometry": { "type": "MultiPolygon", "coordinates": [ [ [ [ 110.1766629689, -7.5691805011, 0.0 ], [ 110.1766568836, -7.5692017612, 0.0 ], [ 110.1766556572, -7.569206047, 0.0 ], [ 110.1766318641, -7.5692926317, 0.0 ], [ 110.1766127133, -7.5693498276, 0.0 ], [ 110.1765477587, -7.5693281926, 0.0 ], [ 110.1765212427, -7.5693196784, 0.0 ], [ 110.1765178518, -7.5693182311, 0.0 ], [ 110.1765213801, -7.5693108093, 0.0 ], [ 110.176526093, -7.5692986782, 0.0 ], [ 110.1765329191, -7.5692811089, 0.0 ], [ 110.1765524457, -7.5692231603, 0.0 ], [ 110.1765559467, -7.5692129525, 0.0 ], [ 110.1765604995, -7.5691972684, 0.0 ], [ 110.1765707219, -7.56917168, 0.0 ], [ 110.1765923028, -7.5691780177, 0.0 ], [ 110.1766189506, -7.5691858439, 0.0 ], [ 110.1766232267, -7.5691712708, 0.0 ], [ 110.1766629689, -7.5691805011, 0.0 ] ] ] ] } },
{ "type": "Feature", "properties": { "FID_Fisnet_Kerban": null, "FID_PL": null, "NAMOBJ": "Kerban", "FCODE": "BA03070040", "METADATA": "TASWIL1000020230928_DATA_BATAS_DESAKELURAHAN", "SRS_ID": "SRGI 2013", "KDCPUM": "33.08.11", "KDEPUM": "33.08.11.2002", "KDPKAB": "33.08", "KDPPUM": "33", "WADMKC": "Tempuran", "WADMKD": "Sumberarum", "WADMKK": "Magelang", "WADMPR": "Jawa Tengah", "DUSUN": "Kerban", "Toponimi": "Dusun Kerban", "Shape_Leng": 3646.39056914, "Shape_Le_1": null, "KETERANGAN": "2", "KET_DETAIL": "Rumah", "PL": "2", "Shape_Length": 73.774825194270207, "Shape_Area": 259.84552416688604 }, "geometry": { "type": "MultiPolygon", "coordinates": [ [ [ [ 110.1765329191, -7.5692811089, 0.0 ], [ 110.176526093, -7.5692986782, 0.0 ], [ 110.1765253998, -7.5693004669, 0.0 ], [ 110.1764979651, -7.5692898633, 0.0 ], [ 110.1764960695, -7.5692890304, 0.0 ], [ 110.1764748145, -7.5693507157, 0.0 ], [ 110.1764722749, -7.5693496228, 0.0 ], [ 110.1764033873, -7.569323714, 0.0 ], [ 110.176414301, -7.569293941, 0.0 ], [ 110.1764152059, -7.5692938043, 0.0 ], [ 110.1764532678, -7.5691877596, 0.0 ], [ 110.1764391868, -7.5691827909, 0.0 ], [ 110.1764504635, -7.5691499197, 0.0 ], [ 110.1764619014, -7.5691214574, 0.0 ], [ 110.1765426597, -7.5691482596, 0.0 ], [ 110.1765650498, -7.5691556906, 0.0 ], [ 110.1765607852, -7.5691680532, 0.0 ], [ 110.1765654563, -7.5691707746, 0.0 ], [ 110.1765707219, -7.56917168, 0.0 ], [ 110.1765604995, -7.5691972684, 0.0 ], [ 110.1765559467, -7.5692129535, 0.0 ], [ 110.1765524466, -7.5692231585, 0.0 ], [ 110.1765329191, -7.5692811089, 0.0 ] ] ] ] } },
{ "type": "Feature", "properties": { "FID_Fisnet_Kerban": null, "FID_PL": null, "NAMOBJ": "Kerban", "FCODE": "BA03070040", "METADATA": "TASWIL1000020230928_DATA_BATAS_DESAKELURAHAN", "SRS_ID": "SRGI 2013", "KDCPUM": "33.08.11", "KDEPUM": "33.08.11.2002", "KDPKAB": "33.08", "KDPPUM": "33", "WADMKC": "Tempuran", "WADMKD": "Sumberarum", "WADMKK": "Magelang", "WADMPR": "Jawa Tengah", "DUSUN": "Kerban", "Toponimi": "Dusun Kerban", "Shape_Leng": 3646.39056914, "Shape_Le_1": null, "KETERANGAN": "2", "KET_DETAIL": "Rumah", "PL": "2", "Shape_Length": 96.672894917224852, "Shape_Area": 537.13773183029321 }, "geometry": { "type": "MultiPolygon", "coordinates": [ [ [ [ 110.1763594088, -7.5690497128, 0.0 ], [ 110.1764153287, -7.5690666825, 0.0 ], [ 110.1764450053, -7.569075721, 0.0 ], [ 110.1764405443, -7.5690941197, 0.0 ], [ 110.176434802, -7.5691132523, 0.0 ], [ 110.1764619014, -7.5691214574, 0.0 ], [ 110.1764504635, -7.5691499197, 0.0 ], [ 110.1764391868, -7.5691827909, 0.0 ], [ 110.1764532678, -7.5691877596, 0.0 ], [ 110.1764152059, -7.5692938043, 0.0 ], [ 110.1764143064, -7.5692939428, 0.0 ], [ 110.17640863, -7.5693094195, 0.0 ], [ 110.1763924948, -7.5693035823, 0.0 ], [ 110.1763882271, -7.5693022898, 0.0 ], [ 110.1763581373, -7.5692931737, 0.0 ], [ 110.1763446073, -7.5692891747, 0.0 ], [ 110.1763053383, -7.5692766494, 0.0 ], [ 110.1762651549, -7.5692649183, 0.0 ], [ 110.1762718901, -7.5692355444, 0.0 ], [ 110.176240986, -7.5692256524, 0.0 ], [ 110.176228003, -7.5692219267, 0.0 ], [ 110.1762452952, -7.5691521243, 0.0 ], [ 110.1762483451, -7.5691398119, 0.0 ], [ 110.1762522272, -7.5691264989, 0.0 ], [ 110.1762547654, -7.5691173268, 0.0 ], [ 110.1762573094, -7.5691055652, 0.0 ], [ 110.1762638053, -7.569082932, 0.0 ], [ 110.1762673904, -7.5690694701, 0.0 ], [ 110.1762694094, -7.5690606669, 0.0 ], [ 110.1762732075, -7.5690524605, 0.0 ], [ 110.1762745529, -7.5690470606, 0.0 ], [ 110.1762756588, -7.5690436772, 0.0 ], [ 110.1762807606, -7.5690449224, 0.0 ], [ 110.1762994289, -7.5690504487, 0.0 ], [ 110.1763044461, -7.5690355921, 0.0 ], [ 110.1763274802, -7.569041854, 0.0 ], [ 110.1763594088, -7.5690497128, 0.0 ] ] ] ] } },
{ "type": "Feature", "properties": { "FID_Fisnet_Kerban": null, "FID_PL": null, "NAMOBJ": "Kerban", "FCODE": "BA03070040", "METADATA": "TASWIL1000020230928_DATA_BATAS_DESAKELURAHAN", "SRS_ID": "SRGI 2013", "KDCPUM": "33.08.11", "KDEPUM": "33.08.11.2002", "KDPKAB": "33.08", "KDPPUM": "33", "WADMKC": "Tempuran", "WADMKD": "Sumberarum", "WADMKK": "Magelang", "WADMPR": "Jawa Tengah", "DUSUN": "Kerban", "Toponimi": "Dusun Kerban", "Shape_Leng": 3646.39056914, "Shape_Le_1": null, "KETERANGAN": "2", "KET_DETAIL": "Rumah", "PL": "2", "Shape_Length": 72.871059091592457, "Shape_Area": 219.71994416343281 }, "geometry": { "type": "MultiPolygon", "coordinates": [ [ [ [ 110.1760433471, -7.5693287038, 0.0 ], [ 110.1761360666, -7.5693570256, 0.0 ], [ 110.1761430871, -7.5693339583, 0.0 ], [ 110.1761813342, -7.5693462863, 0.0 ], [ 110.1761684405, -7.5693991353, 0.0 ], [ 110.1761283616, -7.5693882076, 0.0 ], [ 110.1761189552, -7.5694204147, 0.0 ], [ 110.1761015674, -7.5694889968, 0.0 ], [ 110.1760599025, -7.5694799103, 0.0 ], [ 110.1760502619, -7.5695060651, 0.0 ], [ 110.1759953506, -7.5694891569, 0.0 ], [ 110.1760037064, -7.5694617841, 0.0 ], [ 110.1760004396, -7.5694594172, 0.0 ], [ 110.1760006221, -7.5694583294, 0.0 ], [ 110.176004895, -7.569444943, 0.0 ], [ 110.1760084862, -7.5694330812, 0.0 ], [ 110.1760125912, -7.5694188461, 0.0 ], [ 110.1760226707, -7.569390212, 0.0 ], [ 110.1760433471, -7.5693287038, 0.0 ] ] ] ] } },
{ "type": "Feature", "properties": { "FID_Fisnet_Kerban": null, "FID_PL": null, "NAMOBJ": "Kerban", "FCODE": "BA03070040", "METADATA": "TASWIL1000020230928_DATA_BATAS_DESAKELURAHAN", "SRS_ID": "SRGI 2013", "KDCPUM": "33.08.11", "KDEPUM": "33.08.11.2002", "KDPKAB": "33.08", "KDPPUM": "33", "WADMKC": "Tempuran", "WADMKD": "Sumberarum", "WADMKK": "Magelang", "WADMPR": "Jawa Tengah", "DUSUN": "Kerban", "Toponimi": "Dusun Kerban", "Shape_Leng": 3646.39056914, "Shape_Le_1": null, "KETERANGAN": "2", "KET_DETAIL": "Rumah", "PL": "2", "Shape_Length": 57.798545953008336, "Shape_Area": 175.35359424491415 }, "geometry": { "type": "MultiPolygon", "coordinates": [ [ [ [ 110.1758521332, -7.5692598168, 0.0 ], [ 110.1759502424, -7.569285146, 0.0 ], [ 110.1759528394, -7.5692860817, 0.0 ], [ 110.1759443447, -7.5693126375, 0.0 ], [ 110.175921217, -7.5693976495, 0.0 ], [ 110.1758972669, -7.569393535, 0.0 ], [ 110.1758902196, -7.5694101307, 0.0 ], [ 110.1758890495, -7.5694158475, 0.0 ], [ 110.1758602227, -7.569408928, 0.0 ], [ 110.1758172403, -7.56939909, 0.0 ], [ 110.1758131736, -7.5693979147, 0.0 ], [ 110.1758221252, -7.5693708767, 0.0 ], [ 110.1758450213, -7.5692822653, 0.0 ], [ 110.1758382833, -7.5692810595, 0.0 ], [ 110.1758290451, -7.569280541, 0.0 ], [ 110.1758303714, -7.5692770757, 0.0 ], [ 110.1758345236, -7.5692628479, 0.0 ], [ 110.1758412516, -7.5692640283, 0.0 ], [ 110.1758503813, -7.5692658907, 0.0 ], [ 110.1758521332, -7.5692598168, 0.0 ] ] ] ] } },
{ "type": "Feature", "properties": { "FID_Fisnet_Kerban": null, "FID_PL": null, "NAMOBJ": "Kerban", "FCODE": "BA03070040", "METADATA": "TASWIL1000020230928_DATA_BATAS_DESAKELURAHAN", "SRS_ID": "SRGI 2013", "KDCPUM": "33.08.11", "KDEPUM": "33.08.11.2002", "KDPKAB": "33.08", "KDPPUM": "33", "WADMKC": "Tempuran", "WADMKD": "Sumberarum", "WADMKK": "Magelang", "WADMPR": "Jawa Tengah", "DUSUN": "Kerban", "Toponimi": "Dusun Kerban", "Shape_Leng": 3646.39056914, "Shape_Le_1": null, "KETERANGAN": "2", "KET_DETAIL": "Rumah", "PL": "2", "Shape_Length": 56.635701884273459, "Shape_Area": 170.70719716866432 }, "geometry": { "type": "MultiPolygon", "coordinates": [ [ [ [ 110.1758345236, -7.5692628479, 0.0 ], [ 110.1758303714, -7.5692770757, 0.0 ], [ 110.1758290451, -7.569280541, 0.0 ], [ 110.1757856456, -7.5693939326, 0.0 ], [ 110.1757483799, -7.5693794185, 0.0 ], [ 110.1756804607, -7.5693547659, 0.0 ], [ 110.1756778522, -7.5693536756, 0.0 ], [ 110.1757034285, -7.5692856869, 0.0 ], [ 110.1757357048, -7.5692966, 0.0 ], [ 110.175737447, -7.5692956264, 0.0 ], [ 110.1757570044, -7.5692472672, 0.0 ], [ 110.1757638847, -7.5692317629, 0.0 ], [ 110.1758353858, -7.5692598937, 0.0 ], [ 110.1758345236, -7.5692628479, 0.0 ] ] ] ] } },
{ "type": "Feature", "properties": { "FID_Fisnet_Kerban": null, "FID_PL": null, "NAMOBJ": "Kerban", "FCODE": "BA03070040", "METADATA": "TASWIL1000020230928_DATA_BATAS_DESAKELURAHAN", "SRS_ID": "SRGI 2013", "KDCPUM": "33.08.11", "KDEPUM": "33.08.11.2002", "KDPKAB": "33.08", "KDPPUM": "33", "WADMKC": "Tempuran", "WADMKD": "Sumberarum", "WADMKK": "Magelang", "WADMPR": "Jawa Tengah", "DUSUN": "Kerban", "Toponimi": "Dusun Kerban", "Shape_Leng": 3646.39056914, "Shape_Le_1": null, "KETERANGAN": "2", "KET_DETAIL": "Rumah", "PL": "2", "Shape_Length": 57.849447643655395, "Shape_Area": 195.90584092690568 }, "geometry": { "type": "MultiPolygon", "coordinates": [ [ [ [ 110.1757034285, -7.5692856869, 0.0 ], [ 110.1756778522, -7.5693536756, 0.0 ], [ 110.1756578851, -7.5693466796, 0.0 ], [ 110.1756532975, -7.5693448665, 0.0 ], [ 110.1756515592, -7.5693437516, 0.0 ], [ 110.1755362078, -7.5692984124, 0.0 ], [ 110.1755541314, -7.569255042, 0.0 ], [ 110.1755774528, -7.5691964693, 0.0 ], [ 110.175655474, -7.5692268917, 0.0 ], [ 110.1757023149, -7.5692420634, 0.0 ], [ 110.1756890183, -7.5692808044, 0.0 ], [ 110.1757034285, -7.5692856869, 0.0 ] ] ] ] } },
{ "type": "Feature", "properties": { "FID_Fisnet_Kerban": null, "FID_PL": null, "NAMOBJ": "Kerban", "FCODE": "BA03070040", "METADATA": "TASWIL1000020230928_DATA_BATAS_DESAKELURAHAN", "SRS_ID": "SRGI 2013", "KDCPUM": "33.08.11", "KDEPUM": "33.08.11.2002", "KDPKAB": "33.08", "KDPPUM": "33", "WADMKC": "Tempuran", "WADMKD": "Sumberarum", "WADMKK": "Magelang", "WADMPR": "Jawa Tengah", "DUSUN": "Kerban", "Toponimi": "Dusun Kerban", "Shape_Leng": 3646.39056914, "Shape_Le_1": null, "KETERANGAN": "2", "KET_DETAIL": "Rumah", "PL": "2", "Shape_Length": 60.031038815284973, "Shape_Area": 184.45698736870776 }, "geometry": { "type": "MultiPolygon", "coordinates": [ [ [ [ 110.1754898373, -7.5694512094, 0.0 ], [ 110.1754779566, -7.5694908403, 0.0 ], [ 110.1754344299, -7.569477435, 0.0 ], [ 110.1753949478, -7.5694634955, 0.0 ], [ 110.1754264263, -7.5693967119, 0.0 ], [ 110.1754704883, -7.569287721, 0.0 ], [ 110.1755387297, -7.5693121499, 0.0 ], [ 110.175542312, -7.5693144649, 0.0 ], [ 110.1755301708, -7.5693457063, 0.0 ], [ 110.1755263605, -7.5693560699, 0.0 ], [ 110.1754898373, -7.5694512094, 0.0 ] ] ] ] } },
{ "type": "Feature", "properties": { "FID_Fisnet_Kerban": null, "FID_PL": null, "NAMOBJ": "Kerban", "FCODE": "BA03070040", "METADATA": "TASWIL1000020230928_DATA_BATAS_DESAKELURAHAN", "SRS_ID": "SRGI 2013", "KDCPUM": "33.08.11", "KDEPUM": "33.08.11.2002", "KDPKAB": "33.08", "KDPPUM": "33", "WADMKC": "Tempuran", "WADMKD": "Sumberarum", "WADMKK": "Magelang", "WADMPR": "Jawa Tengah", "DUSUN": "Kerban", "Toponimi": "Dusun Kerban", "Shape_Leng": 3646.39056914, "Shape_Le_1": null, "KETERANGAN": "2", "KET_DETAIL": "Rumah", "PL": "2", "Shape_Length": 58.150618607851214, "Shape_Area": 174.93041374863481 }, "geometry": { "type": "MultiPolygon", "coordinates": [ [ [ [ 110.1754840298, -7.56921072, 0.0 ], [ 110.1754371133, -7.5693107719, 0.0 ], [ 110.1754463975, -7.5693147638, 0.0 ], [ 110.1754303914, -7.5693550011, 0.0 ], [ 110.1753492236, -7.5693166992, 0.0 ], [ 110.1753588247, -7.5692936693, 0.0 ], [ 110.1753394565, -7.5692872741, 0.0 ], [ 110.1753730377, -7.5692115294, 0.0 ], [ 110.1753876422, -7.5692176912, 0.0 ], [ 110.1754052407, -7.569177986, 0.0 ], [ 110.1754840298, -7.56921072, 0.0 ] ] ] ] } },
{ "type": "Feature", "properties": { "FID_Fisnet_Kerban": null, "FID_PL": null, "NAMOBJ": "Kerban", "FCODE": "BA03070040", "METADATA": "TASWIL1000020230928_DATA_BATAS_DESAKELURAHAN", "SRS_ID": "SRGI 2013", "KDCPUM": "33.08.11", "KDEPUM": "33.08.11.2002", "KDPKAB": "33.08", "KDPPUM": "33", "WADMKC": "Tempuran", "WADMKD": "Sumberarum", "WADMKK": "Magelang", "WADMPR": "Jawa Tengah", "DUSUN": "Kerban", "Toponimi": "Dusun Kerban", "Shape_Leng": 3646.39056914, "Shape_Le_1": null, "KETERANGAN": "2", "KET_DETAIL": "Rumah", "PL": "2", "Shape_Length": 76.467546512170912, "Shape_Area": 315.05577190836203 }, "geometry": { "type": "MultiPolygon", "coordinates": [ [ [ [ 110.1761644015, -7.5691102132, 0.0 ], [ 110.1761467422, -7.5691934285, 0.0 ], [ 110.1760944254, -7.5691845136, 0.0 ], [ 110.176092374, -7.5691907832, 0.0 ], [ 110.1760719932, -7.5691863362, 0.0 ], [ 110.176067063, -7.5691878528, 0.0 ], [ 110.1760640741, -7.5691995457, 0.0 ], [ 110.1760221971, -7.5691918372, 0.0 ], [ 110.1760246762, -7.5691798919, 0.0 ], [ 110.1759992302, -7.5691735621, 0.0 ], [ 110.1759985444, -7.5691733917, 0.0 ], [ 110.1760333867, -7.5689900104, 0.0 ], [ 110.1760404179, -7.5689914627, 0.0 ], [ 110.1761385792, -7.5690108079, 0.0 ], [ 110.1761372206, -7.5690179272, 0.0 ], [ 110.1761305181, -7.5690577579, 0.0 ], [ 110.1761653367, -7.5690649447, 0.0 ], [ 110.1761581177, -7.5691085055, 0.0 ], [ 110.1761644015, -7.5691102132, 0.0 ] ] ] ] } },
{ "type": "Feature", "properties": { "FID_Fisnet_Kerban": null, "FID_PL": null, "NAMOBJ": "Kerban", "FCODE": "BA03070040", "METADATA": "TASWIL1000020230928_DATA_BATAS_DESAKELURAHAN", "SRS_ID": "SRGI 2013", "KDCPUM": "33.08.11", "KDEPUM": "33.08.11.2002", "KDPKAB": "33.08", "KDPPUM": "33", "WADMKC": "Tempuran", "WADMKD": "Sumberarum", "WADMKK": "Magelang", "WADMPR": "Jawa Tengah", "DUSUN": "Kerban", "Toponimi": "Dusun Kerban", "Shape_Leng": 3646.39056914, "Shape_Le_1": null, "KETERANGAN": "2", "KET_DETAIL": "Rumah", "PL": "2", "Shape_Length": 58.93967962220362, "Shape_Area": 190.38291368654086 }, "geometry": { "type": "MultiPolygon", "coordinates": [ [ [ [ 110.1759234379, -7.5691627224, 0.0 ], [ 110.1759219915, -7.5691716451, 0.0 ], [ 110.175901338, -7.569169012, 0.0 ], [ 110.1758921827, -7.5692078667, 0.0 ], [ 110.1758911779, -7.5692143156, 0.0 ], [ 110.1758633003, -7.5692054387, 0.0 ], [ 110.1758227807, -7.5691951387, 0.0 ], [ 110.1758141186, -7.5691923908, 0.0 ], [ 110.1758421306, -7.5690799306, 0.0 ], [ 110.1758587087, -7.5690290993, 0.0 ], [ 110.1759186599, -7.569043963, 0.0 ], [ 110.1759385334, -7.5690477306, 0.0 ], [ 110.1759473614, -7.5690490489, 0.0 ], [ 110.1759425284, -7.5690733477, 0.0 ], [ 110.1759412221, -7.569073887, 0.0 ], [ 110.1759368268, -7.5690977516, 0.0 ], [ 110.1759234379, -7.5691627224, 0.0 ] ] ] ] } },
{ "type": "Feature", "properties": { "FID_Fisnet_Kerban": null, "FID_PL": null, "NAMOBJ": "Kerban", "FCODE": "BA03070040", "METADATA": "TASWIL1000020230928_DATA_BATAS_DESAKELURAHAN", "SRS_ID": "SRGI 2013", "KDCPUM": "33.08.11", "KDEPUM": "33.08.11.2002", "KDPKAB": "33.08", "KDPPUM": "33", "WADMKC": "Tempuran", "WADMKD": "Sumberarum", "WADMKK": "Magelang", "WADMPR": "Jawa Tengah", "DUSUN": "Kerban", "Toponimi": "Dusun Kerban", "Shape_Leng": 3646.39056914, "Shape_Le_1": null, "KETERANGAN": "2", "KET_DETAIL": "Rumah", "PL": "2", "Shape_Length": 72.053087358592293, "Shape_Area": 301.93386347954964 }, "geometry": { "type": "MultiPolygon", "coordinates": [ [ [ [ 110.1757413518, -7.5690723143, 0.0 ], [ 110.1757226667, -7.5691467495, 0.0 ], [ 110.1757152475, -7.5691458175, 0.0 ], [ 110.1757070959, -7.569143937, 0.0 ], [ 110.1757018132, -7.5691692724, 0.0 ], [ 110.175700957, -7.5691738384, 0.0 ], [ 110.1755895909, -7.5691405735, 0.0 ], [ 110.175590951, -7.5691370088, 0.0 ], [ 110.1755991116, -7.5691088505, 0.0 ], [ 110.1756450895, -7.5689517655, 0.0 ], [ 110.1756515573, -7.5689534266, 0.0 ], [ 110.1757590568, -7.5689817747, 0.0 ], [ 110.1757651935, -7.5689835916, 0.0 ], [ 110.1757451869, -7.5690565899, 0.0 ], [ 110.1757413518, -7.5690723143, 0.0 ] ] ] ] } },
{ "type": "Feature", "properties": { "FID_Fisnet_Kerban": null, "FID_PL": null, "NAMOBJ": "Kerban", "FCODE": "BA03070040", "METADATA": "TASWIL1000020230928_DATA_BATAS_DESAKELURAHAN", "SRS_ID": "SRGI 2013", "KDCPUM": "33.08.11", "KDEPUM": "33.08.11.2002", "KDPKAB": "33.08", "KDPPUM": "33", "WADMKC": "Tempuran", "WADMKD": "Sumberarum", "WADMKK": "Magelang", "WADMPR": "Jawa Tengah", "DUSUN": "Kerban", "Toponimi": "Dusun Kerban", "Shape_Leng": 3646.39056914, "Shape_Le_1": null, "KETERANGAN": "2", "KET_DETAIL": "Rumah", "PL": "2", "Shape_Length": 77.263906912560273, "Shape_Area": 251.41778457389333 }, "geometry": { "type": "MultiPolygon", "coordinates": [ [ [ [ 110.1754676228, -7.5688513018, 0.0 ], [ 110.1755265171, -7.5688751775, 0.0 ], [ 110.175532855, -7.5688593475, 0.0 ], [ 110.1755333073, -7.568857922, 0.0 ], [ 110.1756149402, -7.5688885647, 0.0 ], [ 110.1756131018, -7.5688919766, 0.0 ], [ 110.1755881448, -7.5689613529, 0.0 ], [ 110.1755857301, -7.5689603616, 0.0 ], [ 110.1755353828, -7.5689396704, 0.0 ], [ 110.1755285415, -7.5689547216, 0.0 ], [ 110.1755462512, -7.5689628918, 0.0 ], [ 110.1755301902, -7.5690024687, 0.0 ], [ 110.1755285564, -7.5690040937, 0.0 ], [ 110.1755112804, -7.5689966805, 0.0 ], [ 110.1754944575, -7.5690341385, 0.0 ], [ 110.1754667515, -7.5690231826, 0.0 ], [ 110.1754491496, -7.5690159876, 0.0 ], [ 110.1754312233, -7.5690068392, 0.0 ], [ 110.1754384343, -7.5689894904, 0.0 ], [ 110.1754360471, -7.5689864477, 0.0 ], [ 110.1754170315, -7.5689785988, 0.0 ], [ 110.1754133459, -7.5689767512, 0.0 ], [ 110.1754318552, -7.5689333168, 0.0 ], [ 110.1754414325, -7.5689109029, 0.0 ], [ 110.1754470243, -7.5688979965, 0.0 ], [ 110.1754461919, -7.568896745, 0.0 ], [ 110.1754481481, -7.5688928594, 0.0 ], [ 110.1754503758, -7.5688925163, 0.0 ], [ 110.175457462, -7.568876457, 0.0 ], [ 110.1754676228, -7.5688513018, 0.0 ] ] ] ] } },
{ "type": "Feature", "properties": { "FID_Fisnet_Kerban": null, "FID_PL": null, "NAMOBJ": "Kerban", "FCODE": "BA03070040", "METADATA": "TASWIL1000020230928_DATA_BATAS_DESAKELURAHAN", "SRS_ID": "SRGI 2013", "KDCPUM": "33.08.11", "KDEPUM": "33.08.11.2002", "KDPKAB": "33.08", "KDPPUM": "33", "WADMKC": "Tempuran", "WADMKD": "Sumberarum", "WADMKK": "Magelang", "WADMPR": "Jawa Tengah", "DUSUN": "Kerban", "Toponimi": "Dusun Kerban", "Shape_Leng": 3646.39056914, "Shape_Le_1": null, "KETERANGAN": "2", "KET_DETAIL": "Rumah", "PL": "2", "Shape_Length": 75.921987194677442, "Shape_Area": 309.78440465243131 }, "geometry": { "type": "MultiPolygon", "coordinates": [ [ [ [ 110.1752792304, -7.5688108225, 0.0 ], [ 110.1753155752, -7.5688271783, 0.0 ], [ 110.1753321713, -7.5688346464, 0.0 ], [ 110.1753333567, -7.5688366837, 0.0 ], [ 110.1753173179, -7.56887175, 0.0 ], [ 110.1753094695, -7.5688886897, 0.0 ], [ 110.1753030079, -7.5689081021, 0.0 ], [ 110.1752839787, -7.5689494055, 0.0 ], [ 110.1752800813, -7.5689578641, 0.0 ], [ 110.1752606701, -7.5689960065, 0.0 ], [ 110.1752479362, -7.5690215096, 0.0 ], [ 110.1752265566, -7.5690107926, 0.0 ], [ 110.1752159704, -7.5690308467, 0.0 ], [ 110.1751481745, -7.5689995761, 0.0 ], [ 110.1751391456, -7.5689952438, 0.0 ], [ 110.1751803317, -7.568901431, 0.0 ], [ 110.1751832762, -7.5688964474, 0.0 ], [ 110.175175127, -7.5688928512, 0.0 ], [ 110.1751837796, -7.568875762, 0.0 ], [ 110.1751859448, -7.5688725687, 0.0 ], [ 110.1751970603, -7.5688496502, 0.0 ], [ 110.1752108783, -7.5688208532, 0.0 ], [ 110.1752176689, -7.5688239178, 0.0 ], [ 110.175232002, -7.5687920692, 0.0 ], [ 110.1752345535, -7.5687907182, 0.0 ], [ 110.1752792304, -7.5688108225, 0.0 ] ] ] ] } },
{ "type": "Feature", "properties": { "FID_Fisnet_Kerban": null, "FID_PL": null, "NAMOBJ": "Kerban", "FCODE": "BA03070040", "METADATA": "TASWIL1000020230928_DATA_BATAS_DESAKELURAHAN", "SRS_ID": "SRGI 2013", "KDCPUM": "33.08.11", "KDEPUM": "33.08.11.2002", "KDPKAB": "33.08", "KDPPUM": "33", "WADMKC": "Tempuran", "WADMKD": "Sumberarum", "WADMKK": "Magelang", "WADMPR": "Jawa Tengah", "DUSUN": "Kerban", "Toponimi": "Dusun Kerban", "Shape_Leng": 3646.39056914, "Shape_Le_1": null, "KETERANGAN": "2", "KET_DETAIL": "Rumah", "PL": "2", "Shape_Length": 68.368339349213144, "Shape_Area": 211.61129195387045 }, "geometry": { "type": "MultiPolygon", "coordinates": [ [ [ [ 110.1753660613, -7.5687342659, 0.0 ], [ 110.1753773509, -7.5687409433, 0.0 ], [ 110.1753826644, -7.5687299603, 0.0 ], [ 110.1754675568, -7.56876437, 0.0 ], [ 110.1754595335, -7.5687841919, 0.0 ], [ 110.1754550924, -7.5687963913, 0.0 ], [ 110.17544502, -7.5688212962, 0.0 ], [ 110.1754288043, -7.5688602614, 0.0 ], [ 110.1754079183, -7.5688531009, 0.0 ], [ 110.1753874161, -7.568843367, 0.0 ], [ 110.17534172, -7.5688239888, 0.0 ], [ 110.1753437613, -7.5688196828, 0.0 ], [ 110.1753485968, -7.5688088481, 0.0 ], [ 110.1753376619, -7.568802998, 0.0 ], [ 110.1753340691, -7.5688009155, 0.0 ], [ 110.1753137325, -7.5687913763, 0.0 ], [ 110.1753062178, -7.5688068532, 0.0 ], [ 110.1752766642, -7.5687946229, 0.0 ], [ 110.1752825646, -7.5687800936, 0.0 ], [ 110.1752618119, -7.5687714816, 0.0 ], [ 110.1752580226, -7.5687702923, 0.0 ], [ 110.1752589928, -7.5687668083, 0.0 ], [ 110.1752605332, -7.5687632349, 0.0 ], [ 110.1752850971, -7.5687062022, 0.0 ], [ 110.1752859566, -7.5687041416, 0.0 ], [ 110.1753375898, -7.5687235536, 0.0 ], [ 110.1753608428, -7.5687319523, 0.0 ], [ 110.1753660613, -7.5687342659, 0.0 ] ] ] ] } },
{ "type": "Feature", "properties": { "FID_Fisnet_Kerban": null, "FID_PL": null, "NAMOBJ": "Kerban", "FCODE": "BA03070040", "METADATA": "TASWIL1000020230928_DATA_BATAS_DESAKELURAHAN", "SRS_ID": "SRGI 2013", "KDCPUM": "33.08.11", "KDEPUM": "33.08.11.2002", "KDPKAB": "33.08", "KDPPUM": "33", "WADMKC": "Tempuran", "WADMKD": "Sumberarum", "WADMKK": "Magelang", "WADMPR": "Jawa Tengah", "DUSUN": "Kerban", "Toponimi": "Dusun Kerban", "Shape_Leng": 3646.39056914, "Shape_Le_1": null, "KETERANGAN": "2", "KET_DETAIL": "Rumah", "PL": "2", "Shape_Length": 63.037094118054078, "Shape_Area": 187.32293572223904 }, "geometry": { "type": "MultiPolygon", "coordinates": [ [ [ [ 110.1756200145, -7.5686016868, 0.0 ], [ 110.175633816, -7.5686063783, 0.0 ], [ 110.1756350205, -7.5686021494, 0.0 ], [ 110.1756664291, -7.5686121915, 0.0 ], [ 110.175659525, -7.5686402835, 0.0 ], [ 110.1756553629, -7.5686559006, 0.0 ], [ 110.1756700342, -7.5686602707, 0.0 ], [ 110.1756613863, -7.5686906359, 0.0 ], [ 110.1756537123, -7.5687131765, 0.0 ], [ 110.1756392761, -7.5687090818, 0.0 ], [ 110.1756330313, -7.5687336619, 0.0 ], [ 110.1756300932, -7.5687343076, 0.0 ], [ 110.1756159858, -7.5687761666, 0.0 ], [ 110.1755846888, -7.5687646051, 0.0 ], [ 110.1755870976, -7.5687562541, 0.0 ], [ 110.17556775, -7.5687514427, 0.0 ], [ 110.1755753169, -7.5687180355, 0.0 ], [ 110.1755383482, -7.5687080009, 0.0 ], [ 110.1755490888, -7.5686715425, 0.0 ], [ 110.1755487674, -7.5686689379, 0.0 ], [ 110.1755501845, -7.5686668783, 0.0 ], [ 110.1755574048, -7.5686441044, 0.0 ], [ 110.1755649594, -7.5686176418, 0.0 ], [ 110.1755632207, -7.5686167711, 0.0 ], [ 110.1755722277, -7.5685858874, 0.0 ], [ 110.1756066967, -7.56859627, 0.0 ], [ 110.1756063194, -7.5685982972, 0.0 ], [ 110.1756200145, -7.5686016868, 0.0 ] ] ] ] } },
{ "type": "Feature", "properties": { "FID_Fisnet_Kerban": null, "FID_PL": null, "NAMOBJ": "Kerban", "FCODE": "BA03070040", "METADATA": "TASWIL1000020230928_DATA_BATAS_DESAKELURAHAN", "SRS_ID": "SRGI 2013", "KDCPUM": "33.08.11", "KDEPUM": "33.08.11.2002", "KDPKAB": "33.08", "KDPPUM": "33", "WADMKC": "Tempuran", "WADMKD": "Sumberarum", "WADMKK": "Magelang", "WADMPR": "Jawa Tengah", "DUSUN": "Kerban", "Toponimi": "Dusun Kerban", "Shape_Leng": 3646.39056914, "Shape_Le_1": null, "KETERANGAN": "2", "KET_DETAIL": "Rumah", "PL": "2", "Shape_Length": 79.466553521257012, "Shape_Area": 304.60600600046524 }, "geometry": { "type": "MultiPolygon", "coordinates": [ [ [ [ 110.1757993582, -7.5686497347, 0.0 ], [ 110.1758008856, -7.5686444572, 0.0 ], [ 110.1758043648, -7.5686452227, 0.0 ], [ 110.1758161006, -7.5686493684, 0.0 ], [ 110.175818822, -7.5686482891, 0.0 ], [ 110.1758334365, -7.5686524837, 0.0 ], [ 110.1757749996, -7.5688335655, 0.0 ], [ 110.175682921, -7.5688034213, 0.0 ], [ 110.1756682531, -7.5687972504, 0.0 ], [ 110.1756209861, -7.5687773691, 0.0 ], [ 110.1756203359, -7.5687760663, 0.0 ], [ 110.1756338832, -7.5687427789, 0.0 ], [ 110.1756431201, -7.5687463772, 0.0 ], [ 110.1756537123, -7.5687131765, 0.0 ], [ 110.1756613863, -7.5686906359, 0.0 ], [ 110.1756700342, -7.5686602707, 0.0 ], [ 110.1756758316, -7.5686427013, 0.0 ], [ 110.1757244144, -7.568657008, 0.0 ], [ 110.1757214598, -7.5686663348, 0.0 ], [ 110.1757372179, -7.5686716812, 0.0 ], [ 110.1757424716, -7.568654004, 0.0 ], [ 110.1757936611, -7.568669401, 0.0 ], [ 110.1757993582, -7.5686497347, 0.0 ] ] ] ] } },
{ "type": "Feature", "properties": { "FID_Fisnet_Kerban": null, "FID_PL": null, "NAMOBJ": "Kerban", "FCODE": "BA03070040", "METADATA": "TASWIL1000020230928_DATA_BATAS_DESAKELURAHAN", "SRS_ID": "SRGI 2013", "KDCPUM": "33.08.11", "KDEPUM": "33.08.11.2002", "KDPKAB": "33.08", "KDPPUM": "33", "WADMKC": "Tempuran", "WADMKD": "Sumberarum", "WADMKK": "Magelang", "WADMPR": "Jawa Tengah", "DUSUN": "Kerban", "Toponimi": "Dusun Kerban", "Shape_Leng": 3646.39056914, "Shape_Le_1": null, "KETERANGAN": "2", "KET_DETAIL": "Rumah", "PL": "2", "Shape_Length": 38.869428091276809, "Shape_Area": 89.462577289760418 }, "geometry": { "type": "MultiPolygon", "coordinates": [ [ [ [ 110.1758334365, -7.5686524837, 0.0 ], [ 110.175818822, -7.5686482891, 0.0 ], [ 110.1758161006, -7.5686493684, 0.0 ], [ 110.1758043648, -7.5686452227, 0.0 ], [ 110.1758008856, -7.5686444572, 0.0 ], [ 110.1757993582, -7.5686497347, 0.0 ], [ 110.1757577762, -7.5686390067, 0.0 ], [ 110.1757768053, -7.5685447305, 0.0 ], [ 110.1758375798, -7.5685570315, 0.0 ], [ 110.1758354345, -7.5685678894, 0.0 ], [ 110.1758532125, -7.5685734864, 0.0 ], [ 110.1758334365, -7.5686524837, 0.0 ] ] ] ] } },
{ "type": "Feature", "properties": { "FID_Fisnet_Kerban": null, "FID_PL": null, "NAMOBJ": "Kerban", "FCODE": "BA03070040", "METADATA": "TASWIL1000020230928_DATA_BATAS_DESAKELURAHAN", "SRS_ID": "SRGI 2013", "KDCPUM": "33.08.11", "KDEPUM": "33.08.11.2002", "KDPKAB": "33.08", "KDPPUM": "33", "WADMKC": "Tempuran", "WADMKD": "Sumberarum", "WADMKK": "Magelang", "WADMPR": "Jawa Tengah", "DUSUN": "Kerban", "Toponimi": "Dusun Kerban", "Shape_Leng": 3646.39056914, "Shape_Le_1": null, "KETERANGAN": "2", "KET_DETAIL": "Rumah", "PL": "2", "Shape_Length": 56.724861324509028, "Shape_Area": 150.55211331296485 }, "geometry": { "type": "MultiPolygon", "coordinates": [ [ [ [ 110.1760103888, -7.5685559815, 0.0 ], [ 110.1760015003, -7.5685985017, 0.0 ], [ 110.1760509543, -7.5686108563, 0.0 ], [ 110.1760594677, -7.5686126579, 0.0 ], [ 110.1760338165, -7.5687101669, 0.0 ], [ 110.1760329558, -7.5687156826, 0.0 ], [ 110.1760245515, -7.5687136751, 0.0 ], [ 110.1759375634, -7.5686916972, 0.0 ], [ 110.1759518481, -7.5686404328, 0.0 ], [ 110.1759641086, -7.5685897498, 0.0 ], [ 110.1759537823, -7.5685870177, 0.0 ], [ 110.1759586057, -7.5685668433, 0.0 ], [ 110.1759617589, -7.5685669578, 0.0 ], [ 110.1759664737, -7.5685466746, 0.0 ], [ 110.1760103888, -7.5685559815, 0.0 ] ] ] ] } },
{ "type": "Feature", "properties": { "FID_Fisnet_Kerban": null, "FID_PL": null, "NAMOBJ": "Kerban", "FCODE": "BA03070040", "METADATA": "TASWIL1000020230928_DATA_BATAS_DESAKELURAHAN", "SRS_ID": "SRGI 2013", "KDCPUM": "33.08.11", "KDEPUM": "33.08.11.2002", "KDPKAB": "33.08", "KDPPUM": "33", "WADMKC": "Tempuran", "WADMKD": "Sumberarum", "WADMKK": "Magelang", "WADMPR": "Jawa Tengah", "DUSUN": "Kerban", "Toponimi": "Dusun Kerban", "Shape_Leng": 3646.39056914, "Shape_Le_1": null, "KETERANGAN": "2", "KET_DETAIL": "Rumah", "PL": "2", "Shape_Length": 60.413311203509956, "Shape_Area": 169.56156295720928 }, "geometry": { "type": "MultiPolygon", "coordinates": [ [ [ [ 110.1761366498, -7.5686023579, 0.0 ], [ 110.1761292925, -7.5686294721, 0.0 ], [ 110.1761491629, -7.5686344264, 0.0 ], [ 110.176137372, -7.5686807571, 0.0 ], [ 110.1761186479, -7.5687543285, 0.0 ], [ 110.1761172367, -7.5687537841, 0.0 ], [ 110.1761120992, -7.5687675551, 0.0 ], [ 110.1760792753, -7.5687585956, 0.0 ], [ 110.1760831082, -7.5687444956, 0.0 ], [ 110.1760645161, -7.5687393882, 0.0 ], [ 110.17605973, -7.5687542995, 0.0 ], [ 110.1760255877, -7.5687484698, 0.0 ], [ 110.1760317528, -7.5687233883, 0.0 ], [ 110.1760329558, -7.5687156826, 0.0 ], [ 110.1760338165, -7.5687101669, 0.0 ], [ 110.1760594677, -7.5686126579, 0.0 ], [ 110.176062162, -7.5686024152, 0.0 ], [ 110.1760950074, -7.5686095702, 0.0 ], [ 110.1760992868, -7.5685927929, 0.0 ], [ 110.1761366498, -7.5686023579, 0.0 ] ] ] ] } },
{ "type": "Feature", "properties": { "FID_Fisnet_Kerban": null, "FID_PL": null, "NAMOBJ": "Kerban", "FCODE": "BA03070040", "METADATA": "TASWIL1000020230928_DATA_BATAS_DESAKELURAHAN", "SRS_ID": "SRGI 2013", "KDCPUM": "33.08.11", "KDEPUM": "33.08.11.2002", "KDPKAB": "33.08", "KDPPUM": "33", "WADMKC": "Tempuran", "WADMKD": "Sumberarum", "WADMKK": "Magelang", "WADMPR": "Jawa Tengah", "DUSUN": "Kerban", "Toponimi": "Dusun Kerban", "Shape_Leng": 3646.39056914, "Shape_Le_1": null, "KETERANGAN": "2", "KET_DETAIL": "Rumah", "PL": "2", "Shape_Length": 49.091272904118256, "Shape_Area": 109.12163376596031 }, "geometry": { "type": "MultiPolygon", "coordinates": [ [ [ [ 110.1761087752, -7.5687857587, 0.0 ], [ 110.1761051734, -7.568803724, 0.0 ], [ 110.1760869835, -7.5688799267, 0.0 ], [ 110.1760843739, -7.5688799217, 0.0 ], [ 110.17607977, -7.5688991197, 0.0 ], [ 110.1760707463, -7.5688978002, 0.0 ], [ 110.1760154256, -7.5688817442, 0.0 ], [ 110.1760198132, -7.5688618946, 0.0 ], [ 110.1760208059, -7.5688541921, 0.0 ], [ 110.1760242027, -7.568841069, 0.0 ], [ 110.1760128982, -7.5688384427, 0.0 ], [ 110.1760192572, -7.5688110019, 0.0 ], [ 110.1760217776, -7.5688006973, 0.0 ], [ 110.1760224509, -7.5687898475, 0.0 ], [ 110.1760123381, -7.5687897199, 0.0 ], [ 110.1760138882, -7.5687748567, 0.0 ], [ 110.176031175, -7.5687770602, 0.0 ], [ 110.1760302779, -7.5687912733, 0.0 ], [ 110.1760375604, -7.5687930228, 0.0 ], [ 110.1760451575, -7.5687685275, 0.0 ], [ 110.1761087752, -7.5687857587, 0.0 ] ] ] ] } },
{ "type": "Feature", "properties": { "FID_Fisnet_Kerban": null, "FID_PL": null, "NAMOBJ": "Kerban", "FCODE": "BA03070040", "METADATA": "TASWIL1000020230928_DATA_BATAS_DESAKELURAHAN", "SRS_ID": "SRGI 2013", "KDCPUM": "33.08.11", "KDEPUM": "33.08.11.2002", "KDPKAB": "33.08", "KDPPUM": "33", "WADMKC": "Tempuran", "WADMKD": "Sumberarum", "WADMKK": "Magelang", "WADMPR": "Jawa Tengah", "DUSUN": "Kerban", "Toponimi": "Dusun Kerban", "Shape_Leng": 3646.39056914, "Shape_Le_1": null, "KETERANGAN": "2", "KET_DETAIL": "Rumah", "PL": "2", "Shape_Length": 80.533273002538337, "Shape_Area": 242.68206736815179 }, "geometry": { "type": "MultiPolygon", "coordinates": [ [ [ [ 110.1761186479, -7.5687543285, 0.0 ], [ 110.176137372, -7.5686807571, 0.0 ], [ 110.1761461896, -7.5686827636, 0.0 ], [ 110.1761467037, -7.5686764703, 0.0 ], [ 110.1761696343, -7.5686809221, 0.0 ], [ 110.1761737422, -7.568665162, 0.0 ], [ 110.1762248616, -7.5686783139, 0.0 ], [ 110.1762212634, -7.5686939058, 0.0 ], [ 110.1762411318, -7.568700386, 0.0 ], [ 110.1762402736, -7.5687046228, 0.0 ], [ 110.176254029, -7.5687087181, 0.0 ], [ 110.1762728543, -7.5686377128, 0.0 ], [ 110.1763156502, -7.5686498315, 0.0 ], [ 110.1762975014, -7.5687225339, 0.0 ], [ 110.1762891779, -7.5687209923, 0.0 ], [ 110.176282841, -7.5687477693, 0.0 ], [ 110.176285898, -7.5687484534, 0.0 ], [ 110.1762692855, -7.5688174286, 0.0 ], [ 110.1761563453, -7.5687892395, 0.0 ], [ 110.1761625088, -7.5687644973, 0.0 ], [ 110.1761186479, -7.5687543285, 0.0 ] ] ] ] } },
{ "type": "Feature", "properties": { "FID_Fisnet_Kerban": null, "FID_PL": null, "NAMOBJ": "Kerban", "FCODE": "BA03070040", "METADATA": "TASWIL1000020230928_DATA_BATAS_DESAKELURAHAN", "SRS_ID": "SRGI 2013", "KDCPUM": "33.08.11", "KDEPUM": "33.08.11.2002", "KDPKAB": "33.08", "KDPPUM": "33", "WADMKC": "Tempuran", "WADMKD": "Sumberarum", "WADMKK": "Magelang", "WADMPR": "Jawa Tengah", "DUSUN": "Kerban", "Toponimi": "Dusun Kerban", "Shape_Leng": 3646.39056914, "Shape_Le_1": null, "KETERANGAN": "2", "KET_DETAIL": "Rumah", "PL": "2", "Shape_Length": 51.394100758260919, "Shape_Area": 133.191924731173 }, "geometry": { "type": "MultiPolygon", "coordinates": [ [ [ [ 110.1748880881, -7.5680788018, 0.0 ], [ 110.1749060716, -7.5679848682, 0.0 ], [ 110.1749134472, -7.5679858292, 0.0 ], [ 110.1749493398, -7.5679935128, 0.0 ], [ 110.174954605, -7.5679702957, 0.0 ], [ 110.1749869962, -7.5679774119, 0.0 ], [ 110.1749886551, -7.5679778664, 0.0 ], [ 110.1749808361, -7.5680146216, 0.0 ], [ 110.1749765536, -7.5680368574, 0.0 ], [ 110.1749578303, -7.5681289489, 0.0 ], [ 110.1748859866, -7.5681128751, 0.0 ], [ 110.1748919878, -7.5680844025, 0.0 ], [ 110.1748930137, -7.5680797129, 0.0 ], [ 110.1748880881, -7.5680788018, 0.0 ] ] ] ] } },
{ "type": "Feature", "properties": { "FID_Fisnet_Kerban": null, "FID_PL": null, "NAMOBJ": "Kerban", "FCODE": "BA03070040", "METADATA": "TASWIL1000020230928_DATA_BATAS_DESAKELURAHAN", "SRS_ID": "SRGI 2013", "KDCPUM": "33.08.11", "KDEPUM": "33.08.11.2002", "KDPKAB": "33.08", "KDPPUM": "33", "WADMKC": "Tempuran", "WADMKD": "Sumberarum", "WADMKK": "Magelang", "WADMPR": "Jawa Tengah", "DUSUN": "Kerban", "Toponimi": "Dusun Kerban", "Shape_Leng": 3646.39056914, "Shape_Le_1": null, "KETERANGAN": "2", "KET_DETAIL": "Rumah", "PL": "2", "Shape_Length": 58.914969218115075, "Shape_Area": 197.62491870317174 }, "geometry": { "type": "MultiPolygon", "coordinates": [ [ [ [ 110.1751406983, -7.5680894987, 0.0 ], [ 110.1751566971, -7.5680940586, 0.0 ], [ 110.1751558192, -7.5681086381, 0.0 ], [ 110.1751531669, -7.5681244443, 0.0 ], [ 110.1751727717, -7.5681293557, 0.0 ], [ 110.175176333, -7.5681327533, 0.0 ], [ 110.1751740798, -7.5681564863, 0.0 ], [ 110.1751822315, -7.5681578585, 0.0 ], [ 110.1751896186, -7.5681589325, 0.0 ], [ 110.1751891921, -7.5681616026, 0.0 ], [ 110.1751797666, -7.5682038015, 0.0 ], [ 110.1751765334, -7.5682061688, 0.0 ], [ 110.1751668182, -7.5682052712, 0.0 ], [ 110.1751625707, -7.5682052632, 0.0 ], [ 110.1751604399, -7.5682089675, 0.0 ], [ 110.175156958, -7.5682248563, 0.0 ], [ 110.1751566476, -7.5682279463, 0.0 ], [ 110.1750829003, -7.5682118716, 0.0 ], [ 110.1750529019, -7.5682033507, 0.0 ], [ 110.1750335563, -7.5681979976, 0.0 ], [ 110.1750400206, -7.5681724021, 0.0 ], [ 110.1750603119, -7.5680865336, 0.0 ], [ 110.1750630884, -7.5680874388, 0.0 ], [ 110.1750780332, -7.5680905188, 0.0 ], [ 110.1750826473, -7.5680764547, 0.0 ], [ 110.1750918315, -7.5680782666, 0.0 ], [ 110.1751076798, -7.5680813935, 0.0 ], [ 110.1751225623, -7.5680843296, 0.0 ], [ 110.1751251252, -7.5680850598, 0.0 ], [ 110.1751406983, -7.5680894987, 0.0 ] ] ] ] } },
{ "type": "Feature", "properties": { "FID_Fisnet_Kerban": null, "FID_PL": null, "NAMOBJ": "Kerban", "FCODE": "BA03070040", "METADATA": "TASWIL1000020230928_DATA_BATAS_DESAKELURAHAN", "SRS_ID": "SRGI 2013", "KDCPUM": "33.08.11", "KDEPUM": "33.08.11.2002", "KDPKAB": "33.08", "KDPPUM": "33", "WADMKC": "Tempuran", "WADMKD": "Sumberarum", "WADMKK": "Magelang", "WADMPR": "Jawa Tengah", "DUSUN": "Kerban", "Toponimi": "Dusun Kerban", "Shape_Leng": 3646.39056914, "Shape_Le_1": null, "KETERANGAN": "2", "KET_DETAIL": "Rumah", "PL": "2", "Shape_Length": 34.222223452797515, "Shape_Area": 64.413485007089889 }, "geometry": { "type": "MultiPolygon", "coordinates": [ [ [ [ 110.1749461181, -7.5677652415, 0.0 ], [ 110.1749361733, -7.5678121889, 0.0 ], [ 110.174925642, -7.567810473, 0.0 ], [ 110.1749220702, -7.5678126705, 0.0 ], [ 110.1749021989, -7.5678077161, 0.0 ], [ 110.1748986138, -7.5678168645, 0.0 ], [ 110.1748710995, -7.567810539, 0.0 ], [ 110.1748750254, -7.567800882, 0.0 ], [ 110.1748691298, -7.5677990745, 0.0 ], [ 110.1748906393, -7.567721393, 0.0 ], [ 110.1749159437, -7.5677282227, 0.0 ], [ 110.1749432873, -7.5677347171, 0.0 ], [ 110.174936954, -7.5677591207, 0.0 ], [ 110.1749400038, -7.567763535, 0.0 ], [ 110.1749461181, -7.5677652415, 0.0 ] ] ] ] } },
{ "type": "Feature", "properties": { "FID_Fisnet_Kerban": null, "FID_PL": null, "NAMOBJ": "Kerban", "FCODE": "BA03070040", "METADATA": "TASWIL1000020230928_DATA_BATAS_DESAKELURAHAN", "SRS_ID": "SRGI 2013", "KDCPUM": "33.08.11", "KDEPUM": "33.08.11.2002", "KDPKAB": "33.08", "KDPPUM": "33", "WADMKC": "Tempuran", "WADMKD": "Sumberarum", "WADMKK": "Magelang", "WADMPR": "Jawa Tengah", "DUSUN": "Kerban", "Toponimi": "Dusun Kerban", "Shape_Leng": 3646.39056914, "Shape_Le_1": null, "KETERANGAN": "2", "KET_DETAIL": "Rumah", "PL": "2", "Shape_Length": 55.871080367062511, "Shape_Area": 190.68797351156428 }, "geometry": { "type": "MultiPolygon", "coordinates": [ [ [ [ 110.1750766511, -7.5678280643, 0.0 ], [ 110.1750538158, -7.5679080108, 0.0 ], [ 110.1750505927, -7.5679203283, 0.0 ], [ 110.1750442317, -7.5679473521, 0.0 ], [ 110.17504125, -7.5679623817, 0.0 ], [ 110.1750309612, -7.5679604701, 0.0 ], [ 110.1749462956, -7.5679398785, 0.0 ], [ 110.1749323669, -7.5679368058, 0.0 ], [ 110.1749366558, -7.567916966, 0.0 ], [ 110.1749452037, -7.5678886737, 0.0 ], [ 110.1749568645, -7.5678330809, 0.0 ], [ 110.1749600569, -7.5678206946, 0.0 ], [ 110.1749652509, -7.5678005444, 0.0 ], [ 110.1750545824, -7.5678232631, 0.0 ], [ 110.1750766511, -7.5678280643, 0.0 ] ] ] ] } },
{ "type": "Feature", "properties": { "FID_Fisnet_Kerban": null, "FID_PL": null, "NAMOBJ": "Kerban", "FCODE": "BA03070040", "METADATA": "TASWIL1000020230928_DATA_BATAS_DESAKELURAHAN", "SRS_ID": "SRGI 2013", "KDCPUM": "33.08.11", "KDEPUM": "33.08.11.2002", "KDPKAB": "33.08", "KDPPUM": "33", "WADMKC": "Tempuran", "WADMKD": "Sumberarum", "WADMKK": "Magelang", "WADMPR": "Jawa Tengah", "DUSUN": "Kerban", "Toponimi": "Dusun Kerban", "Shape_Leng": 3646.39056914, "Shape_Le_1": null, "KETERANGAN": "2", "KET_DETAIL": "Rumah", "PL": "2", "Shape_Length": 86.833620750089182, "Shape_Area": 264.00443251273737 }, "geometry": { "type": "MultiPolygon", "coordinates": [ [ [ [ 110.1752048728, -7.5678603681, 0.0 ], [ 110.1751790807, -7.567955138, 0.0 ], [ 110.1751575618, -7.5679500358, 0.0 ], [ 110.1751576768, -7.5679548506, 0.0 ], [ 110.1751530696, -7.5679700281, 0.0 ], [ 110.175149587, -7.5679796516, 0.0 ], [ 110.1751465608, -7.5680095236, 0.0 ], [ 110.1751155126, -7.5680053911, 0.0 ], [ 110.175115656, -7.5679952684, 0.0 ], [ 110.1751187007, -7.5679752154, 0.0 ], [ 110.1751070622, -7.5679713783, 0.0 ], [ 110.1750995835, -7.5679698464, 0.0 ], [ 110.1750957414, -7.5679921428, 0.0 ], [ 110.1750621003, -7.5679854122, 0.0 ], [ 110.1750604755, -7.5679938045, 0.0 ], [ 110.175058302, -7.5679941866, 0.0 ], [ 110.1750524162, -7.5680397017, 0.0 ], [ 110.1750079984, -7.568032617, 0.0 ], [ 110.1750166958, -7.5679833509, 0.0 ], [ 110.1750367363, -7.5679851173, 0.0 ], [ 110.17504125, -7.5679623817, 0.0 ], [ 110.1750442317, -7.5679473521, 0.0 ], [ 110.1750505937, -7.5679203265, 0.0 ], [ 110.1750538167, -7.567908009, 0.0 ], [ 110.1750766511, -7.5678280643, 0.0 ], [ 110.1750804638, -7.5678288964, 0.0 ], [ 110.1751246156, -7.5678381161, 0.0 ], [ 110.1751365096, -7.5678415313, 0.0 ], [ 110.1751401967, -7.5678425902, 0.0 ], [ 110.175155533, -7.5678457062, 0.0 ], [ 110.1752048728, -7.5678603681, 0.0 ] ] ] ] } },
{ "type": "Feature", "properties": { "FID_Fisnet_Kerban": null, "FID_PL": null, "NAMOBJ": "Kerban", "FCODE": "BA03070040", "METADATA": "TASWIL1000020230928_DATA_BATAS_DESAKELURAHAN", "SRS_ID": "SRGI 2013", "KDCPUM": "33.08.11", "KDEPUM": "33.08.11.2002", "KDPKAB": "33.08", "KDPPUM": "33", "WADMKC": "Tempuran", "WADMKD": "Sumberarum", "WADMKK": "Magelang", "WADMPR": "Jawa Tengah", "DUSUN": "Kerban", "Toponimi": "Dusun Kerban", "Shape_Leng": 3646.39056914, "Shape_Le_1": null, "KETERANGAN": "2", "KET_DETAIL": "Rumah", "PL": "2", "Shape_Length": 47.147351734919823, "Shape_Area": 130.19291236540346 }, "geometry": { "type": "MultiPolygon", "coordinates": [ [ [ [ 110.1754325412, -7.5673997893, 0.0 ], [ 110.1754183745, -7.5674323565, 0.0 ], [ 110.1753978058, -7.5674237675, 0.0 ], [ 110.1753892865, -7.5674379816, 0.0 ], [ 110.1753682703, -7.5674292986, 0.0 ], [ 110.1753471297, -7.5674202455, 0.0 ], [ 110.1753492443, -7.5674145702, 0.0 ], [ 110.175353092, -7.567406003, 0.0 ], [ 110.1753277114, -7.5673934704, 0.0 ], [ 110.1753660394, -7.5673010632, 0.0 ], [ 110.1754575189, -7.5673424263, 0.0 ], [ 110.1754325412, -7.5673997893, 0.0 ] ] ] ] } },
{ "type": "Feature", "properties": { "FID_Fisnet_Kerban": null, "FID_PL": null, "NAMOBJ": "Kerban", "FCODE": "BA03070040", "METADATA": "TASWIL1000020230928_DATA_BATAS_DESAKELURAHAN", "SRS_ID": "SRGI 2013", "KDCPUM": "33.08.11", "KDEPUM": "33.08.11.2002", "KDPKAB": "33.08", "KDPPUM": "33", "WADMKC": "Tempuran", "WADMKD": "Sumberarum", "WADMKK": "Magelang", "WADMPR": "Jawa Tengah", "DUSUN": "Kerban", "Toponimi": "Dusun Kerban", "Shape_Leng": 3646.39056914, "Shape_Le_1": null, "KETERANGAN": "2", "KET_DETAIL": "Rumah", "PL": "2", "Shape_Length": 50.317179358983225, "Shape_Area": 141.66981997405335 }, "geometry": { "type": "MultiPolygon", "coordinates": [ [ [ [ 110.1753883782, -7.567550152, 0.0 ], [ 110.1753349921, -7.5676667619, 0.0 ], [ 110.1753164477, -7.5676590107, 0.0 ], [ 110.1753054123, -7.5676764915, 0.0 ], [ 110.1752798734, -7.5676642535, 0.0 ], [ 110.1752540815, -7.5676520367, 0.0 ], [ 110.1752625644, -7.567630744, 0.0 ], [ 110.1752934301, -7.5675634764, 0.0 ], [ 110.17531672, -7.5675156787, 0.0 ], [ 110.1753883782, -7.567550152, 0.0 ] ] ] ] } },
{ "type": "Feature", "properties": { "FID_Fisnet_Kerban": null, "FID_PL": null, "NAMOBJ": "Kerban", "FCODE": "BA03070040", "METADATA": "TASWIL1000020230928_DATA_BATAS_DESAKELURAHAN", "SRS_ID": "SRGI 2013", "KDCPUM": "33.08.11", "KDEPUM": "33.08.11.2002", "KDPKAB": "33.08", "KDPPUM": "33", "WADMKC": "Tempuran", "WADMKD": "Sumberarum", "WADMKK": "Magelang", "WADMPR": "Jawa Tengah", "DUSUN": "Kerban", "Toponimi": "Dusun Kerban", "Shape_Leng": 3646.39056914, "Shape_Le_1": null, "KETERANGAN": "2", "KET_DETAIL": "Rumah", "PL": "2", "Shape_Length": 74.184511202443744, "Shape_Area": 192.38338325226513 }, "geometry": { "type": "MultiPolygon", "coordinates": [ [ [ [ 110.1754668461, -7.5682748689, 0.0 ], [ 110.1754618178, -7.5682907928, 0.0 ], [ 110.1754646895, -7.568291652, 0.0 ], [ 110.1755311559, -7.5683099108, 0.0 ], [ 110.1755225948, -7.5683384446, 0.0 ], [ 110.1754482003, -7.5683199782, 0.0 ], [ 110.1754538352, -7.5683049419, 0.0 ], [ 110.1754273696, -7.5682942813, 0.0 ], [ 110.1754157228, -7.5683191443, 0.0 ], [ 110.1753877174, -7.5683050095, 0.0 ], [ 110.175382279, -7.5683183096, 0.0 ], [ 110.1753349496, -7.5682974431, 0.0 ], [ 110.1753965227, -7.5681731842, 0.0 ], [ 110.1754324425, -7.568187117, 0.0 ], [ 110.1754638284, -7.5682019456, 0.0 ], [ 110.1754902884, -7.5682122172, 0.0 ], [ 110.1754764659, -7.5682491591, 0.0 ], [ 110.1754692722, -7.5682683848, 0.0 ], [ 110.1754668461, -7.5682748689, 0.0 ] ] ] ] } },
{ "type": "Feature", "properties": { "FID_Fisnet_Kerban": null, "FID_PL": null, "NAMOBJ": "Kerban", "FCODE": "BA03070040", "METADATA": "TASWIL1000020230928_DATA_BATAS_DESAKELURAHAN", "SRS_ID": "SRGI 2013", "KDCPUM": "33.08.11", "KDEPUM": "33.08.11.2002", "KDPKAB": "33.08", "KDPPUM": "33", "WADMKC": "Tempuran", "WADMKD": "Sumberarum", "WADMKK": "Magelang", "WADMPR": "Jawa Tengah", "DUSUN": "Kerban", "Toponimi": "Dusun Kerban", "Shape_Leng": 3646.39056914, "Shape_Le_1": null, "KETERANGAN": "2", "KET_DETAIL": "Rumah", "PL": "2", "Shape_Length": 68.056317320533338, "Shape_Area": 220.131494477659 }, "geometry": { "type": "MultiPolygon", "coordinates": [ [ [ [ 110.1756820344, -7.5682440866, 0.0 ], [ 110.1756725038, -7.5682820053, 0.0 ], [ 110.1756670227, -7.5683029907, 0.0 ], [ 110.175666191, -7.5683065664, 0.0 ], [ 110.1756513906, -7.5683702085, 0.0 ], [ 110.1756442552, -7.5683682585, 0.0 ], [ 110.1756008486, -7.5683570658, 0.0 ], [ 110.1755959895, -7.568375082, 0.0 ], [ 110.1755942533, -7.5683771781, 0.0 ], [ 110.1755732295, -7.5683719529, 0.0 ], [ 110.1755524532, -7.5683667282, 0.0 ], [ 110.1755574549, -7.5683462358, 0.0 ], [ 110.1755722338, -7.5682672164, 0.0 ], [ 110.175532927, -7.5682593445, 0.0 ], [ 110.1755408414, -7.568223343, 0.0 ], [ 110.1755472124, -7.5681943646, 0.0 ], [ 110.1755912428, -7.5682030902, 0.0 ], [ 110.1756648311, -7.5682189086, 0.0 ], [ 110.1756616999, -7.5682391513, 0.0 ], [ 110.1756820344, -7.5682440866, 0.0 ] ] ] ] } },
{ "type": "Feature", "properties": { "FID_Fisnet_Kerban": null, "FID_PL": null, "NAMOBJ": "Kerban", "FCODE": "BA03070040", "METADATA": "TASWIL1000020230928_DATA_BATAS_DESAKELURAHAN", "SRS_ID": "SRGI 2013", "KDCPUM": "33.08.11", "KDEPUM": "33.08.11.2002", "KDPKAB": "33.08", "KDPPUM": "33", "WADMKC": "Tempuran", "WADMKD": "Sumberarum", "WADMKK": "Magelang", "WADMPR": "Jawa Tengah", "DUSUN": "Kerban", "Toponimi": "Dusun Kerban", "Shape_Leng": 3646.39056914, "Shape_Le_1": null, "KETERANGAN": "2", "KET_DETAIL": "Rumah", "PL": "2", "Shape_Length": 51.647475541993288, "Shape_Area": 148.61439126884295 }, "geometry": { "type": "MultiPolygon", "coordinates": [ [ [ [ 110.1757682978, -7.5683450842, 0.0 ], [ 110.1757563978, -7.568402547, 0.0 ], [ 110.1757368731, -7.5683974486, 0.0 ], [ 110.1757282585, -7.5684384216, 0.0 ], [ 110.1756815064, -7.5684290741, 0.0 ], [ 110.1756812542, -7.568431541, 0.0 ], [ 110.1756808468, -7.5684346471, 0.0 ], [ 110.1756790213, -7.5684341299, 0.0 ], [ 110.1756599778, -7.5684290333, 0.0 ], [ 110.1756386943, -7.5684236178, 0.0 ], [ 110.1756450674, -7.5683973989, 0.0 ], [ 110.1756513906, -7.5683702085, 0.0 ], [ 110.1756670227, -7.5683029907, 0.0 ], [ 110.1757015304, -7.56830923, 0.0 ], [ 110.1757560696, -7.56832242, 0.0 ], [ 110.1757534192, -7.5683419681, 0.0 ], [ 110.1757682978, -7.5683450842, 0.0 ] ] ] ] } },
{ "type": "Feature", "properties": { "FID_Fisnet_Kerban": null, "FID_PL": null, "NAMOBJ": "Kerban", "FCODE": "BA03070040", "METADATA": "TASWIL1000020230928_DATA_BATAS_DESAKELURAHAN", "SRS_ID": "SRGI 2013", "KDCPUM": "33.08.11", "KDEPUM": "33.08.11.2002", "KDPKAB": "33.08", "KDPPUM": "33", "WADMKC": "Tempuran", "WADMKD": "Sumberarum", "WADMKK": "Magelang", "WADMPR": "Jawa Tengah", "DUSUN": "Kerban", "Toponimi": "Dusun Kerban", "Shape_Leng": 3646.39056914, "Shape_Le_1": null, "KETERANGAN": "2", "KET_DETAIL": "Rumah", "PL": "2", "Shape_Length": 63.598727381351914, "Shape_Area": 170.9631896131043 }, "geometry": { "type": "MultiPolygon", "coordinates": [ [ [ [ 110.1757940345, -7.5684522191, 0.0 ], [ 110.1758380116, -7.568282321, 0.0 ], [ 110.1758412348, -7.5682699709, 0.0 ], [ 110.1758463409, -7.568249333, 0.0 ], [ 110.1758747645, -7.5682561288, 0.0 ], [ 110.1758777449, -7.5682432112, 0.0 ], [ 110.1759082824, -7.5682484652, 0.0 ], [ 110.1759120273, -7.5682492067, 0.0 ], [ 110.17589916, -7.5683087109, 0.0 ], [ 110.1758545324, -7.5684679322, 0.0 ], [ 110.1758528234, -7.5684676386, 0.0 ], [ 110.1758332665, -7.5684622652, 0.0 ], [ 110.1758205129, -7.5684590103, 0.0 ], [ 110.1757940345, -7.5684522191, 0.0 ] ] ] ] } },
{ "type": "Feature", "properties": { "FID_Fisnet_Kerban": null, "FID_PL": null, "NAMOBJ": "Kerban", "FCODE": "BA03070040", "METADATA": "TASWIL1000020230928_DATA_BATAS_DESAKELURAHAN", "SRS_ID": "SRGI 2013", "KDCPUM": "33.08.11", "KDEPUM": "33.08.11.2002", "KDPKAB": "33.08", "KDPPUM": "33", "WADMKC": "Tempuran", "WADMKD": "Sumberarum", "WADMKK": "Magelang", "WADMPR": "Jawa Tengah", "DUSUN": "Kerban", "Toponimi": "Dusun Kerban", "Shape_Leng": 3646.39056914, "Shape_Le_1": null, "KETERANGAN": "2", "KET_DETAIL": "Rumah", "PL": "2", "Shape_Length": 63.565041773871229, "Shape_Area": 221.1238101457877 }, "geometry": { "type": "MultiPolygon", "coordinates": [ [ [ [ 110.1759999361, -7.5684532342, 0.0 ], [ 110.1760354279, -7.5682910217, 0.0 ], [ 110.1760370302, -7.5682811587, 0.0 ], [ 110.1760413936, -7.5682817295, 0.0 ], [ 110.1760431084, -7.5682669815, 0.0 ], [ 110.1761162582, -7.5682788636, 0.0 ], [ 110.1761309242, -7.5682812475, 0.0 ], [ 110.1761275032, -7.5683052107, 0.0 ], [ 110.1761204109, -7.568342178, 0.0 ], [ 110.1760983969, -7.5684641964, 0.0 ], [ 110.1760886938, -7.5684626485, 0.0 ], [ 110.1760880614, -7.5684668188, 0.0 ], [ 110.176087832, -7.568468754, 0.0 ], [ 110.1760860861, -7.5684683608, 0.0 ], [ 110.1760827113, -7.5684679339, 0.0 ], [ 110.1760640901, -7.5684638855, 0.0 ], [ 110.1759999361, -7.5684532342, 0.0 ] ] ] ] } },
{ "type": "Feature", "properties": { "FID_Fisnet_Kerban": null, "FID_PL": null, "NAMOBJ": "Kerban", "FCODE": "BA03070040", "METADATA": "TASWIL1000020230928_DATA_BATAS_DESAKELURAHAN", "SRS_ID": "SRGI 2013", "KDCPUM": "33.08.11", "KDEPUM": "33.08.11.2002", "KDPKAB": "33.08", "KDPPUM": "33", "WADMKC": "Tempuran", "WADMKD": "Sumberarum", "WADMKK": "Magelang", "WADMPR": "Jawa Tengah", "DUSUN": "Kerban", "Toponimi": "Dusun Kerban", "Shape_Leng": 3646.39056914, "Shape_Le_1": null, "KETERANGAN": "2", "KET_DETAIL": "Rumah", "PL": "2", "Shape_Length": 74.711089045939332, "Shape_Area": 319.33165664354743 }, "geometry": { "type": "MultiPolygon", "coordinates": [ [ [ [ 110.1755083757, -7.567782462, 0.0 ], [ 110.1755150896, -7.5677858123, 0.0 ], [ 110.1755140586, -7.5677879603, 0.0 ], [ 110.1755050982, -7.5678067566, 0.0 ], [ 110.1754922465, -7.5678422622, 0.0 ], [ 110.1755006604, -7.5678467878, 0.0 ], [ 110.175505578, -7.567849042, 0.0 ], [ 110.1754891652, -7.5678939629, 0.0 ], [ 110.1754711591, -7.5678867644, 0.0 ], [ 110.1754625323, -7.56790796, 0.0 ], [ 110.175430316, -7.5678965207, 0.0 ], [ 110.1754267617, -7.5679019002, 0.0 ], [ 110.1752926415, -7.5678497527, 0.0 ], [ 110.1752957338, -7.5678418326, 0.0 ], [ 110.1753196056, -7.5677807021, 0.0 ], [ 110.1753412575, -7.5677200622, 0.0 ], [ 110.1753419965, -7.5677185233, 0.0 ], [ 110.175432758, -7.5677538151, 0.0 ], [ 110.1754382853, -7.5677553117, 0.0 ], [ 110.175443267, -7.5677572214, 0.0 ], [ 110.1755083757, -7.567782462, 0.0 ] ] ] ] } },
{ "type": "Feature", "properties": { "FID_Fisnet_Kerban": null, "FID_PL": null, "NAMOBJ": "Kerban", "FCODE": "BA03070040", "METADATA": "TASWIL1000020230928_DATA_BATAS_DESAKELURAHAN", "SRS_ID": "SRGI 2013", "KDCPUM": "33.08.11", "KDEPUM": "33.08.11.2002", "KDPKAB": "33.08", "KDPPUM": "33", "WADMKC": "Tempuran", "WADMKD": "Sumberarum", "WADMKK": "Magelang", "WADMPR": "Jawa Tengah", "DUSUN": "Kerban", "Toponimi": "Dusun Kerban", "Shape_Leng": 3646.39056914, "Shape_Le_1": null, "KETERANGAN": "2", "KET_DETAIL": "Rumah", "PL": "2", "Shape_Length": 90.485996391703637, "Shape_Area": 330.52691889496253 }, "geometry": { "type": "MultiPolygon", "coordinates": [ [ [ [ 110.1756638739, -7.5677096241, 0.0 ], [ 110.1756433123, -7.567765116, 0.0 ], [ 110.1756081448, -7.5677512217, 0.0 ], [ 110.1755900362, -7.5677889397, 0.0 ], [ 110.1755646318, -7.5678423412, 0.0 ], [ 110.1755522723, -7.5678683226, 0.0 ], [ 110.1755234792, -7.5678566356, 0.0 ], [ 110.175505578, -7.567849042, 0.0 ], [ 110.1755006595, -7.5678467869, 0.0 ], [ 110.1754922465, -7.5678422622, 0.0 ], [ 110.1755050982, -7.5678067575, 0.0 ], [ 110.1755162655, -7.5677833226, 0.0 ], [ 110.1755237602, -7.5677659291, 0.0 ], [ 110.1754946444, -7.5677513933, 0.0 ], [ 110.1754646844, -7.5677384125, 0.0 ], [ 110.1754313477, -7.5677241617, 0.0 ], [ 110.1754760358, -7.5676156604, 0.0 ], [ 110.1755083945, -7.5676275215, 0.0 ], [ 110.1755432767, -7.5676445863, 0.0 ], [ 110.1755367724, -7.5676583393, 0.0 ], [ 110.1755662855, -7.5676703705, 0.0 ], [ 110.1756322278, -7.5676948583, 0.0 ], [ 110.1756638739, -7.5677096241, 0.0 ] ] ] ] } },
{ "type": "Feature", "properties": { "FID_Fisnet_Kerban": null, "FID_PL": null, "NAMOBJ": "Kerban", "FCODE": "BA03070040", "METADATA": "TASWIL1000020230928_DATA_BATAS_DESAKELURAHAN", "SRS_ID": "SRGI 2013", "KDCPUM": "33.08.11", "KDEPUM": "33.08.11.2002", "KDPKAB": "33.08", "KDPPUM": "33", "WADMKC": "Tempuran", "WADMKD": "Sumberarum", "WADMKK": "Magelang", "WADMPR": "Jawa Tengah", "DUSUN": "Kerban", "Toponimi": "Dusun Kerban", "Shape_Leng": 3646.39056914, "Shape_Le_1": null, "KETERANGAN": "2", "KET_DETAIL": "Rumah", "PL": "2", "Shape_Length": 48.327093875949508, "Shape_Area": 128.59786314285475 }, "geometry": { "type": "MultiPolygon", "coordinates": [ [ [ [ 110.1756754429, -7.5678770368, 0.0 ], [ 110.1756682399, -7.5678892446, 0.0 ], [ 110.175689049, -7.5679024885, 0.0 ], [ 110.175676482, -7.5679226926, 0.0 ], [ 110.1756517676, -7.5679640856, 0.0 ], [ 110.1756308152, -7.5679518246, 0.0 ], [ 110.1756191015, -7.567967535, 0.0 ], [ 110.1755933699, -7.5679517538, 0.0 ], [ 110.175559058, -7.567933147, 0.0 ], [ 110.1755425243, -7.5679233645, 0.0 ], [ 110.1755439482, -7.5679215004, 0.0 ], [ 110.1755650572, -7.5678860999, 0.0 ], [ 110.1755755222, -7.5678706938, 0.0 ], [ 110.1755771936, -7.5678716548, 0.0 ], [ 110.1755922422, -7.5678782842, 0.0 ], [ 110.1756123687, -7.5678424314, 0.0 ], [ 110.1756127234, -7.5678417999, 0.0 ], [ 110.1756140048, -7.5678424345, 0.0 ], [ 110.1756480254, -7.5678592852, 0.0 ], [ 110.1756754429, -7.5678770368, 0.0 ] ] ] ] } },
{ "type": "Feature", "properties": { "FID_Fisnet_Kerban": null, "FID_PL": null, "NAMOBJ": "Kerban", "FCODE": "BA03070040", "METADATA": "TASWIL1000020230928_DATA_BATAS_DESAKELURAHAN", "SRS_ID": "SRGI 2013", "KDCPUM": "33.08.11", "KDEPUM": "33.08.11.2002", "KDPKAB": "33.08", "KDPPUM": "33", "WADMKC": "Tempuran", "WADMKD": "Sumberarum", "WADMKK": "Magelang", "WADMPR": "Jawa Tengah", "DUSUN": "Kerban", "Toponimi": "Dusun Kerban", "Shape_Leng": 3646.39056914, "Shape_Le_1": null, "KETERANGAN": "2", "KET_DETAIL": "Rumah", "PL": "2", "Shape_Length": 63.274420436845979, "Shape_Area": 212.67315555735269 }, "geometry": { "type": "MultiPolygon", "coordinates": [ [ [ [ 110.1758715205, -7.5678234922, 0.0 ], [ 110.1758635071, -7.5678429063, 0.0 ], [ 110.1758509698, -7.5678732777, 0.0 ], [ 110.1758349212, -7.5678686381, 0.0 ], [ 110.1758203401, -7.5679021922, 0.0 ], [ 110.1758031967, -7.5678951365, 0.0 ], [ 110.1757879466, -7.5679335174, 0.0 ], [ 110.1756988672, -7.5678987914, 0.0 ], [ 110.1757203695, -7.5678433999, 0.0 ], [ 110.175720709, -7.5678426363, 0.0 ], [ 110.1757362745, -7.5678076532, 0.0 ], [ 110.1757555097, -7.56775567, 0.0 ], [ 110.1758458487, -7.5677900818, 0.0 ], [ 110.1758367911, -7.5678109158, 0.0 ], [ 110.1758715205, -7.5678234922, 0.0 ] ] ] ] } },
{ "type": "Feature", "properties": { "FID_Fisnet_Kerban": null, "FID_PL": null, "NAMOBJ": "Kerban", "FCODE": "BA03070040", "METADATA": "TASWIL1000020230928_DATA_BATAS_DESAKELURAHAN", "SRS_ID": "SRGI 2013", "KDCPUM": "33.08.11", "KDEPUM": "33.08.11.2002", "KDPKAB": "33.08", "KDPPUM": "33", "WADMKC": "Tempuran", "WADMKD": "Sumberarum", "WADMKK": "Magelang", "WADMPR": "Jawa Tengah", "DUSUN": "Kerban", "Toponimi": "Dusun Kerban", "Shape_Leng": 3646.39056914, "Shape_Le_1": null, "KETERANGAN": "2", "KET_DETAIL": "Rumah", "PL": "2", "Shape_Length": 48.179436775552844, "Shape_Area": 126.98897008580839 }, "geometry": { "type": "MultiPolygon", "coordinates": [ [ [ [ 110.1758942072, -7.5680390046, 0.0 ], [ 110.1758918349, -7.5680534004, 0.0 ], [ 110.1758545986, -7.5680473396, 0.0 ], [ 110.1758174368, -7.5680411234, 0.0 ], [ 110.1758285908, -7.5679592752, 0.0 ], [ 110.1758352113, -7.5679006239, 0.0 ], [ 110.1758579544, -7.5679016049, 0.0 ], [ 110.1758803819, -7.5679064763, 0.0 ], [ 110.1758790293, -7.5679238127, 0.0 ], [ 110.1759093728, -7.5679295773, 0.0 ], [ 110.1759008858, -7.5679969443, 0.0 ], [ 110.17589728, -7.5680203537, 0.0 ], [ 110.1758970938, -7.5680215192, 0.0 ], [ 110.1758966948, -7.5680235101, 0.0 ], [ 110.1758942072, -7.5680390046, 0.0 ] ] ] ] } },
{ "type": "Feature", "properties": { "FID_Fisnet_Kerban": null, "FID_PL": null, "NAMOBJ": "Kerban", "FCODE": "BA03070040", "METADATA": "TASWIL1000020230928_DATA_BATAS_DESAKELURAHAN", "SRS_ID": "SRGI 2013", "KDCPUM": "33.08.11", "KDEPUM": "33.08.11.2002", "KDPKAB": "33.08", "KDPPUM": "33", "WADMKC": "Tempuran", "WADMKD": "Sumberarum", "WADMKK": "Magelang", "WADMPR": "Jawa Tengah", "DUSUN": "Kerban", "Toponimi": "Dusun Kerban", "Shape_Leng": 3646.39056914, "Shape_Le_1": null, "KETERANGAN": "2", "KET_DETAIL": "Rumah", "PL": "2", "Shape_Length": 56.474752374877141, "Shape_Area": 161.96691473760379 }, "geometry": { "type": "MultiPolygon", "coordinates": [ [ [ [ 110.1760452439, -7.5680144187, 0.0 ], [ 110.1760468719, -7.5680115283, 0.0 ], [ 110.1760405676, -7.5680091919, 0.0 ], [ 110.1759928459, -7.5679953481, 0.0 ], [ 110.1759957429, -7.5679881611, 0.0 ], [ 110.1759835724, -7.5679838093, 0.0 ], [ 110.1759982664, -7.5679370671, 0.0 ], [ 110.1760045988, -7.5679384838, 0.0 ], [ 110.1760061162, -7.5679341496, 0.0 ], [ 110.1760101716, -7.5679212567, 0.0 ], [ 110.1760110973, -7.5679215723, 0.0 ], [ 110.1760166787, -7.5679227514, 0.0 ], [ 110.1760185822, -7.5679170016, 0.0 ], [ 110.1760292757, -7.5679201359, 0.0 ], [ 110.1760425171, -7.567886118, 0.0 ], [ 110.1760486702, -7.567870218, 0.0 ], [ 110.1761221199, -7.5678921476, 0.0 ], [ 110.1761175905, -7.567907385, 0.0 ], [ 110.1761198961, -7.5679080804, 0.0 ], [ 110.1760862769, -7.5680163902, 0.0 ], [ 110.1760803817, -7.5680152919, 0.0 ], [ 110.1760746702, -7.5680339804, 0.0 ], [ 110.1760406333, -7.5680237578, 0.0 ], [ 110.1760452439, -7.5680144187, 0.0 ] ] ] ] } },
{ "type": "Feature", "properties": { "FID_Fisnet_Kerban": null, "FID_PL": null, "NAMOBJ": "Kerban", "FCODE": "BA03070040", "METADATA": "TASWIL1000020230928_DATA_BATAS_DESAKELURAHAN", "SRS_ID": "SRGI 2013", "KDCPUM": "33.08.11", "KDEPUM": "33.08.11.2002", "KDPKAB": "33.08", "KDPPUM": "33", "WADMKC": "Tempuran", "WADMKD": "Sumberarum", "WADMKK": "Magelang", "WADMPR": "Jawa Tengah", "DUSUN": "Kerban", "Toponimi": "Dusun Kerban", "Shape_Leng": 3646.39056914, "Shape_Le_1": null, "KETERANGAN": "2", "KET_DETAIL": "Rumah", "PL": "2", "Shape_Length": 50.88016557736848, "Shape_Area": 149.08736615823003 }, "geometry": { "type": "MultiPolygon", "coordinates": [ [ [ [ 110.1762322527, -7.5680019863, 0.0 ], [ 110.1762203544, -7.5680404541, 0.0 ], [ 110.1761922151, -7.568031972, 0.0 ], [ 110.1761864701, -7.5680477408, 0.0 ], [ 110.1761637662, -7.568038521, 0.0 ], [ 110.1761423829, -7.5680307545, 0.0 ], [ 110.1761474823, -7.5680146092, 0.0 ], [ 110.1761214578, -7.5680045872, 0.0 ], [ 110.1761361722, -7.5679657032, 0.0 ], [ 110.176146644, -7.5679366457, 0.0 ], [ 110.1761513176, -7.5679223257, 0.0 ], [ 110.1761581124, -7.5679021107, 0.0 ], [ 110.1762549047, -7.5679344615, 0.0 ], [ 110.1762441414, -7.5679685764, 0.0 ], [ 110.1762322527, -7.5680019863, 0.0 ] ] ] ] } },
{ "type": "Feature", "properties": { "FID_Fisnet_Kerban": null, "FID_PL": null, "NAMOBJ": "Kerban", "FCODE": "BA03070040", "METADATA": "TASWIL1000020230928_DATA_BATAS_DESAKELURAHAN", "SRS_ID": "SRGI 2013", "KDCPUM": "33.08.11", "KDEPUM": "33.08.11.2002", "KDPKAB": "33.08", "KDPPUM": "33", "WADMKC": "Tempuran", "WADMKD": "Sumberarum", "WADMKK": "Magelang", "WADMPR": "Jawa Tengah", "DUSUN": "Kerban", "Toponimi": "Dusun Kerban", "Shape_Leng": 3646.39056914, "Shape_Le_1": null, "KETERANGAN": "2", "KET_DETAIL": "Rumah", "PL": "2", "Shape_Length": 56.716630009830141, "Shape_Area": 181.44374094539322 }, "geometry": { "type": "MultiPolygon", "coordinates": [ [ [ [ 110.1761085623, -7.5675521667, 0.0 ], [ 110.1760910166, -7.5675861158, 0.0 ], [ 110.1760876351, -7.5675944623, 0.0 ], [ 110.1760943549, -7.5675975847, 0.0 ], [ 110.1760975039, -7.5675989582, 0.0 ], [ 110.1760743967, -7.5676551435, 0.0 ], [ 110.1760577128, -7.5676944407, 0.0 ], [ 110.1760520862, -7.5676917627, 0.0 ], [ 110.1760506044, -7.5676959368, 0.0 ], [ 110.1759633885, -7.5676517309, 0.0 ], [ 110.175989899, -7.5675990732, 0.0 ], [ 110.1759970243, -7.5675843653, 0.0 ], [ 110.1760284212, -7.5675122333, 0.0 ], [ 110.1761085623, -7.5675521667, 0.0 ] ] ] ] } },
{ "type": "Feature", "properties": { "FID_Fisnet_Kerban": null, "FID_PL": null, "NAMOBJ": "Kerban", "FCODE": "BA03070040", "METADATA": "TASWIL1000020230928_DATA_BATAS_DESAKELURAHAN", "SRS_ID": "SRGI 2013", "KDCPUM": "33.08.11", "KDEPUM": "33.08.11.2002", "KDPKAB": "33.08", "KDPPUM": "33", "WADMKC": "Tempuran", "WADMKD": "Sumberarum", "WADMKK": "Magelang", "WADMPR": "Jawa Tengah", "DUSUN": "Kerban", "Toponimi": "Dusun Kerban", "Shape_Leng": 3646.39056914, "Shape_Le_1": null, "KETERANGAN": "2", "KET_DETAIL": "Rumah", "PL": "2", "Shape_Length": 42.424758983374836, "Shape_Area": 108.83051421680032 }, "geometry": { "type": "MultiPolygon", "coordinates": [ [ [ [ 110.1760577128, -7.5676944407, 0.0 ], [ 110.1760743967, -7.5676551435, 0.0 ], [ 110.1760975039, -7.5675989582, 0.0 ], [ 110.1760998552, -7.5675932409, 0.0 ], [ 110.1761210968, -7.5676011473, 0.0 ], [ 110.1761558433, -7.5676142773, 0.0 ], [ 110.1761635746, -7.5676203321, 0.0 ], [ 110.1761440406, -7.5676769058, 0.0 ], [ 110.1761279257, -7.5677119937, 0.0 ], [ 110.1761176087, -7.5677330451, 0.0 ], [ 110.1761101474, -7.5677333123, 0.0 ], [ 110.1760862351, -7.5677227317, 0.0 ], [ 110.1760540266, -7.5677076401, 0.0 ], [ 110.1760577128, -7.5676944407, 0.0 ] ] ] ] } },
{ "type": "Feature", "properties": { "FID_Fisnet_Kerban": null, "FID_PL": null, "NAMOBJ": "Kerban", "FCODE": "BA03070040", "METADATA": "TASWIL1000020230928_DATA_BATAS_DESAKELURAHAN", "SRS_ID": "SRGI 2013", "KDCPUM": "33.08.11", "KDEPUM": "33.08.11.2002", "KDPKAB": "33.08", "KDPPUM": "33", "WADMKC": "Tempuran", "WADMKD": "Sumberarum", "WADMKK": "Magelang", "WADMPR": "Jawa Tengah", "DUSUN": "Kerban", "Toponimi": "Dusun Kerban", "Shape_Leng": 3646.39056914, "Shape_Le_1": null, "KETERANGAN": "2", "KET_DETAIL": "Rumah", "PL": "2", "Shape_Length": 44.068614153381517, "Shape_Area": 119.92433511166433 }, "geometry": { "type": "MultiPolygon", "coordinates": [ [ [ [ 110.176267566, -7.5677627838, 0.0 ], [ 110.1762420564, -7.5678144024, 0.0 ], [ 110.1761553661, -7.5677731072, 0.0 ], [ 110.1761853845, -7.5677185115, 0.0 ], [ 110.1762050322, -7.5676807964, 0.0 ], [ 110.1762898582, -7.5677224399, 0.0 ], [ 110.176267566, -7.5677627838, 0.0 ] ] ] ] } },
{ "type": "Feature", "properties": { "FID_Fisnet_Kerban": null, "FID_PL": null, "NAMOBJ": "Kerban", "FCODE": "BA03070040", "METADATA": "TASWIL1000020230928_DATA_BATAS_DESAKELURAHAN", "SRS_ID": "SRGI 2013", "KDCPUM": "33.08.11", "KDEPUM": "33.08.11.2002", "KDPKAB": "33.08", "KDPPUM": "33", "WADMKC": "Tempuran", "WADMKD": "Sumberarum", "WADMKK": "Magelang", "WADMPR": "Jawa Tengah", "DUSUN": "Kerban", "Toponimi": "Dusun Kerban", "Shape_Leng": 3646.39056914, "Shape_Le_1": null, "KETERANGAN": "2", "KET_DETAIL": "Rumah", "PL": "2", "Shape_Length": 51.217254649359631, "Shape_Area": 163.10889088869877 }, "geometry": { "type": "MultiPolygon", "coordinates": [ [ [ [ 110.1762259582, -7.5683608135, 0.0 ], [ 110.1762247556, -7.5683678481, 0.0 ], [ 110.1762230342, -7.5683779217, 0.0 ], [ 110.1762050493, -7.5684832473, 0.0 ], [ 110.1760983969, -7.5684641964, 0.0 ], [ 110.1761204109, -7.568342178, 0.0 ], [ 110.1762259582, -7.5683608135, 0.0 ] ] ] ] } },
{ "type": "Feature", "properties": { "FID_Fisnet_Kerban": null, "FID_PL": null, "NAMOBJ": "Kerban", "FCODE": "BA03070040", "METADATA": "TASWIL1000020230928_DATA_BATAS_DESAKELURAHAN", "SRS_ID": "SRGI 2013", "KDCPUM": "33.08.11", "KDEPUM": "33.08.11.2002", "KDPKAB": "33.08", "KDPPUM": "33", "WADMKC": "Tempuran", "WADMKD": "Sumberarum", "WADMKK": "Magelang", "WADMPR": "Jawa Tengah", "DUSUN": "Kerban", "Toponimi": "Dusun Kerban", "Shape_Leng": 3646.39056914, "Shape_Le_1": null, "KETERANGAN": "2", "KET_DETAIL": "Rumah", "PL": "2", "Shape_Length": 56.260496684050509, "Shape_Area": 160.36374172673857 }, "geometry": { "type": "MultiPolygon", "coordinates": [ [ [ [ 110.1762247556, -7.5683678481, 0.0 ], [ 110.1762259582, -7.5683608135, 0.0 ], [ 110.1761204109, -7.568342178, 0.0 ], [ 110.1761275032, -7.5683052107, 0.0 ], [ 110.1761309215, -7.5682812466, 0.0 ], [ 110.1761344942, -7.5682561982, 0.0 ], [ 110.176282385, -7.5682897699, 0.0 ], [ 110.1762795267, -7.5683123811, 0.0 ], [ 110.1762919113, -7.5683142307, 0.0 ], [ 110.1762889219, -7.5683319239, 0.0 ], [ 110.1762762561, -7.5683296533, 0.0 ], [ 110.1762688503, -7.5683747305, 0.0 ], [ 110.1762247556, -7.5683678481, 0.0 ] ] ] ] } },
{ "type": "Feature", "properties": { "FID_Fisnet_Kerban": null, "FID_PL": null, "NAMOBJ": "Kerban", "FCODE": "BA03070040", "METADATA": "TASWIL1000020230928_DATA_BATAS_DESAKELURAHAN", "SRS_ID": "SRGI 2013", "KDCPUM": "33.08.11", "KDEPUM": "33.08.11.2002", "KDPKAB": "33.08", "KDPPUM": "33", "WADMKC": "Tempuran", "WADMKD": "Sumberarum", "WADMKK": "Magelang", "WADMPR": "Jawa Tengah", "DUSUN": "Kerban", "Toponimi": "Dusun Kerban", "Shape_Leng": 3646.39056914, "Shape_Le_1": null, "KETERANGAN": "2", "KET_DETAIL": "Rumah", "PL": "2", "Shape_Length": 54.768012561673608, "Shape_Area": 169.97829251760334 }, "geometry": { "type": "MultiPolygon", "coordinates": [ [ [ [ 110.1763538975, -7.5684020989, 0.0 ], [ 110.1763481026, -7.5684418156, 0.0 ], [ 110.1763407619, -7.5684854801, 0.0 ], [ 110.1763121719, -7.5684823535, 0.0 ], [ 110.1763106023, -7.5684983735, 0.0 ], [ 110.1762565085, -7.5684892717, 0.0 ], [ 110.1762531862, -7.5685013375, 0.0 ], [ 110.176229001, -7.5684960241, 0.0 ], [ 110.1762039323, -7.5684924646, 0.0 ], [ 110.1762050493, -7.5684832473, 0.0 ], [ 110.1762230342, -7.5683779217, 0.0 ], [ 110.1763538975, -7.5684020989, 0.0 ] ] ] ] } },
{ "type": "Feature", "properties": { "FID_Fisnet_Kerban": null, "FID_PL": null, "NAMOBJ": "Kerban", "FCODE": "BA03070040", "METADATA": "TASWIL1000020230928_DATA_BATAS_DESAKELURAHAN", "SRS_ID": "SRGI 2013", "KDCPUM": "33.08.11", "KDEPUM": "33.08.11.2002", "KDPKAB": "33.08", "KDPPUM": "33", "WADMKC": "Tempuran", "WADMKD": "Sumberarum", "WADMKK": "Magelang", "WADMPR": "Jawa Tengah", "DUSUN": "Kerban", "Toponimi": "Dusun Kerban", "Shape_Leng": 3646.39056914, "Shape_Le_1": null, "KETERANGAN": "2", "KET_DETAIL": "Rumah", "PL": "2", "Shape_Length": 51.500059441498244, "Shape_Area": 159.13418634232511 }, "geometry": { "type": "MultiPolygon", "coordinates": [ [ [ [ 110.1762970008, -7.568131362, 0.0 ], [ 110.1763486732, -7.5681411168, 0.0 ], [ 110.1763316436, -7.5682388221, 0.0 ], [ 110.176277015, -7.5682311918, 0.0 ], [ 110.1762240212, -7.5682223118, 0.0 ], [ 110.1762264587, -7.5682126593, 0.0 ], [ 110.1761985353, -7.5682068992, 0.0 ], [ 110.1762147334, -7.5681323037, 0.0 ], [ 110.1762402488, -7.5681325717, 0.0 ], [ 110.1762426872, -7.5681224795, 0.0 ], [ 110.1762970008, -7.568131362, 0.0 ] ] ] ] } },
{ "type": "Feature", "properties": { "FID_Fisnet_Kerban": null, "FID_PL": null, "NAMOBJ": "Kerban", "FCODE": "BA03070040", "METADATA": "TASWIL1000020230928_DATA_BATAS_DESAKELURAHAN", "SRS_ID": "SRGI 2013", "KDCPUM": "33.08.11", "KDEPUM": "33.08.11.2002", "KDPKAB": "33.08", "KDPPUM": "33", "WADMKC": "Tempuran", "WADMKD": "Sumberarum", "WADMKK": "Magelang", "WADMPR": "Jawa Tengah", "DUSUN": "Kerban", "Toponimi": "Dusun Kerban", "Shape_Leng": 3646.39056914, "Shape_Le_1": null, "KETERANGAN": "2", "KET_DETAIL": "Rumah", "PL": "2", "Shape_Length": 50.887151964330428, "Shape_Area": 139.80939718751659 }, "geometry": { "type": "MultiPolygon", "coordinates": [ [ [ [ 110.1765216683, -7.5684919932, 0.0 ], [ 110.1765222077, -7.5684881447, 0.0 ], [ 110.1765090583, -7.5684870824, 0.0 ], [ 110.1765048587, -7.5684866847, 0.0 ], [ 110.1764940872, -7.5684849476, 0.0 ], [ 110.1765079173, -7.5683952644, 0.0 ], [ 110.1765273853, -7.5683973082, 0.0 ], [ 110.1765309786, -7.56837616, 0.0 ], [ 110.1765375723, -7.5683769712, 0.0 ], [ 110.1766078224, -7.5683903256, 0.0 ], [ 110.1765896509, -7.5684712018, 0.0 ], [ 110.1765842872, -7.5684962648, 0.0 ], [ 110.1765900499, -7.5684973937, 0.0 ], [ 110.1765859214, -7.5685159088, 0.0 ], [ 110.1765852046, -7.5685191219, 0.0 ], [ 110.1765200369, -7.5685076512, 0.0 ], [ 110.1765216683, -7.5684919932, 0.0 ] ] ] ] } },
{ "type": "Feature", "properties": { "FID_Fisnet_Kerban": null, "FID_PL": null, "NAMOBJ": "Kerban", "FCODE": "BA03070040", "METADATA": "TASWIL1000020230928_DATA_BATAS_DESAKELURAHAN", "SRS_ID": "SRGI 2013", "KDCPUM": "33.08.11", "KDEPUM": "33.08.11.2002", "KDPKAB": "33.08", "KDPPUM": "33", "WADMKC": "Tempuran", "WADMKD": "Sumberarum", "WADMKK": "Magelang", "WADMPR": "Jawa Tengah", "DUSUN": "Kerban", "Toponimi": "Dusun Kerban", "Shape_Leng": 3646.39056914, "Shape_Le_1": null, "KETERANGAN": "2", "KET_DETAIL": "Rumah", "PL": "2", "Shape_Length": 51.789824789605532, "Shape_Area": 163.65434883919119 }, "geometry": { "type": "MultiPolygon", "coordinates": [ [ [ [ 110.1767206662, -7.5684047717, 0.0 ], [ 110.1766944217, -7.5685193481, 0.0 ], [ 110.1766383918, -7.5685035088, 0.0 ], [ 110.1766360383, -7.5685084962, 0.0 ], [ 110.1766075525, -7.568501998, 0.0 ], [ 110.1765900499, -7.5684973937, 0.0 ], [ 110.1765842872, -7.5684962648, 0.0 ], [ 110.1765896509, -7.5684712018, 0.0 ], [ 110.1766078224, -7.5683903256, 0.0 ], [ 110.1766108499, -7.5683778431, 0.0 ], [ 110.1767206662, -7.5684047717, 0.0 ] ] ] ] } },
{ "type": "Feature", "properties": { "FID_Fisnet_Kerban": null, "FID_PL": null, "NAMOBJ": "Kerban", "FCODE": "BA03070040", "METADATA": "TASWIL1000020230928_DATA_BATAS_DESAKELURAHAN", "SRS_ID": "SRGI 2013", "KDCPUM": "33.08.11", "KDEPUM": "33.08.11.2002", "KDPKAB": "33.08", "KDPPUM": "33", "WADMKC": "Tempuran", "WADMKD": "Sumberarum", "WADMKK": "Magelang", "WADMPR": "Jawa Tengah", "DUSUN": "Kerban", "Toponimi": "Dusun Kerban", "Shape_Leng": 3646.39056914, "Shape_Le_1": null, "KETERANGAN": "2", "KET_DETAIL": "Rumah", "PL": "2", "Shape_Length": 43.39376721018256, "Shape_Area": 107.08907540829088 }, "geometry": { "type": "MultiPolygon", "coordinates": [ [ [ [ 110.1765606474, -7.5686463417, 0.0 ], [ 110.1765743555, -7.5685817505, 0.0 ], [ 110.1765781897, -7.5685559727, 0.0 ], [ 110.1766802315, -7.5685800357, 0.0 ], [ 110.1766781301, -7.5685893045, 0.0 ], [ 110.1766737694, -7.5686087923, 0.0 ], [ 110.1766624739, -7.5686530427, 0.0 ], [ 110.1766341375, -7.5686456376, 0.0 ], [ 110.1766310637, -7.5686600221, 0.0 ], [ 110.1765846394, -7.5686484203, 0.0 ], [ 110.1765835087, -7.568653373, 0.0 ], [ 110.1765606474, -7.5686463417, 0.0 ] ] ] ] } },
{ "type": "Feature", "properties": { "FID_Fisnet_Kerban": null, "FID_PL": null, "NAMOBJ": "Kerban", "FCODE": "BA03070040", "METADATA": "TASWIL1000020230928_DATA_BATAS_DESAKELURAHAN", "SRS_ID": "SRGI 2013", "KDCPUM": "33.08.11", "KDEPUM": "33.08.11.2002", "KDPKAB": "33.08", "KDPPUM": "33", "WADMKC": "Tempuran", "WADMKD": "Sumberarum", "WADMKK": "Magelang", "WADMPR": "Jawa Tengah", "DUSUN": "Kerban", "Toponimi": "Dusun Kerban", "Shape_Leng": 3646.39056914, "Shape_Le_1": null, "KETERANGAN": "2", "KET_DETAIL": "Rumah", "PL": "2", "Shape_Length": 36.781803274170834, "Shape_Area": 59.868015801910857 }, "geometry": { "type": "MultiPolygon", "coordinates": [ [ [ [ 110.1766781301, -7.5685893045, 0.0 ], [ 110.1766802315, -7.5685800357, 0.0 ], [ 110.1765781897, -7.5685559727, 0.0 ], [ 110.1765788975, -7.5685512346, 0.0 ], [ 110.1765852046, -7.5685191219, 0.0 ], [ 110.1765859214, -7.5685159088, 0.0 ], [ 110.1766172332, -7.5685225381, 0.0 ], [ 110.176700165, -7.5685417142, 0.0 ], [ 110.1766872572, -7.5685915567, 0.0 ], [ 110.1766781301, -7.5685893045, 0.0 ] ] ] ] } },
{ "type": "Feature", "properties": { "FID_Fisnet_Kerban": null, "FID_PL": null, "NAMOBJ": "Kerban", "FCODE": "BA03070040", "METADATA": "TASWIL1000020230928_DATA_BATAS_DESAKELURAHAN", "SRS_ID": "SRGI 2013", "KDCPUM": "33.08.11", "KDEPUM": "33.08.11.2002", "KDPKAB": "33.08", "KDPPUM": "33", "WADMKC": "Tempuran", "WADMKD": "Sumberarum", "WADMKK": "Magelang", "WADMPR": "Jawa Tengah", "DUSUN": "Kerban", "Toponimi": "Dusun Kerban", "Shape_Leng": 3646.39056914, "Shape_Le_1": null, "KETERANGAN": "2", "KET_DETAIL": "Rumah", "PL": "2", "Shape_Length": 60.407879893311105, "Shape_Area": 193.6474470506042 }, "geometry": { "type": "MultiPolygon", "coordinates": [ [ [ [ 110.1768247146, -7.5684892063, 0.0 ], [ 110.1768456898, -7.56849612, 0.0 ], [ 110.1768531286, -7.5684991695, 0.0 ], [ 110.1768271598, -7.5686002615, 0.0 ], [ 110.1768061475, -7.568594728, 0.0 ], [ 110.176806907, -7.5685904838, 0.0 ], [ 110.176796651, -7.5685874679, 0.0 ], [ 110.1767956422, -7.5685917107, 0.0 ], [ 110.1767074247, -7.5685674378, 0.0 ], [ 110.1767332022, -7.5684668429, 0.0 ], [ 110.1767346298, -7.5684668456, 0.0 ], [ 110.1767442706, -7.5684262425, 0.0 ], [ 110.1768078312, -7.5684405874, 0.0 ], [ 110.1768003846, -7.5684822881, 0.0 ], [ 110.1768247146, -7.5684892063, 0.0 ] ] ] ] } },
{ "type": "Feature", "properties": { "FID_Fisnet_Kerban": null, "FID_PL": null, "NAMOBJ": "Kerban", "FCODE": "BA03070040", "METADATA": "TASWIL1000020230928_DATA_BATAS_DESAKELURAHAN", "SRS_ID": "SRGI 2013", "KDCPUM": "33.08.11", "KDEPUM": "33.08.11.2002", "KDPKAB": "33.08", "KDPPUM": "33", "WADMKC": "Tempuran", "WADMKD": "Sumberarum", "WADMKK": "Magelang", "WADMPR": "Jawa Tengah", "DUSUN": "Kerban", "Toponimi": "Dusun Kerban", "Shape_Leng": 3646.39056914, "Shape_Le_1": null, "KETERANGAN": "1", "KET_DETAIL": "Gudang", "PL": "2", "Shape_Length": 59.996902970636313, "Shape_Area": 209.33939062845076 }, "geometry": { "type": "MultiPolygon", "coordinates": [ [ [ [ 110.1770475915, -7.5687967959, 0.0 ], [ 110.1770454669, -7.5688048861, 0.0 ], [ 110.1770094556, -7.5687956837, 0.0 ], [ 110.1769806225, -7.5687883138, 0.0 ], [ 110.176971491, -7.5687859757, 0.0 ], [ 110.1769480044, -7.5687798288, 0.0 ], [ 110.1769199527, -7.5687709363, 0.0 ], [ 110.1768784023, -7.5687593158, 0.0 ], [ 110.176881683, -7.5687510116, 0.0 ], [ 110.1769117365, -7.5686621441, 0.0 ], [ 110.1770030877, -7.568690162, 0.0 ], [ 110.17707026, -7.5687047813, 0.0 ], [ 110.1770638164, -7.5687309349, 0.0 ], [ 110.1770475915, -7.5687967959, 0.0 ] ] ] ] } },
{ "type": "Feature", "properties": { "FID_Fisnet_Kerban": null, "FID_PL": null, "NAMOBJ": "Kerban", "FCODE": "BA03070040", "METADATA": "TASWIL1000020230928_DATA_BATAS_DESAKELURAHAN", "SRS_ID": "SRGI 2013", "KDCPUM": "33.08.11", "KDEPUM": "33.08.11.2002", "KDPKAB": "33.08", "KDPPUM": "33", "WADMKC": "Tempuran", "WADMKD": "Sumberarum", "WADMKK": "Magelang", "WADMPR": "Jawa Tengah", "DUSUN": "Kerban", "Toponimi": "Dusun Kerban", "Shape_Leng": 3646.39056914, "Shape_Le_1": null, "KETERANGAN": "2", "KET_DETAIL": "Rumah", "PL": "2", "Shape_Length": 56.665267459585571, "Shape_Area": 167.24561051133267 }, "geometry": { "type": "MultiPolygon", "coordinates": [ [ [ [ 110.1771770121, -7.5687200407, 0.0 ], [ 110.177171517, -7.5687589231, 0.0 ], [ 110.1771614955, -7.5687579951, 0.0 ], [ 110.1771578076, -7.5687807187, 0.0 ], [ 110.1771394079, -7.5687774107, 0.0 ], [ 110.1771360959, -7.5687941347, 0.0 ], [ 110.177088183, -7.5687854977, 0.0 ], [ 110.1770970247, -7.5687360519, 0.0 ], [ 110.1770709194, -7.5687322562, 0.0 ], [ 110.1770638164, -7.5687309349, 0.0 ], [ 110.17707026, -7.5687047813, 0.0 ], [ 110.1770844222, -7.5686339074, 0.0 ], [ 110.1770891876, -7.5686352017, 0.0 ], [ 110.1771862558, -7.5686507286, 0.0 ], [ 110.1771770121, -7.5687200407, 0.0 ] ] ] ] } },
{ "type": "Feature", "properties": { "FID_Fisnet_Kerban": null, "FID_PL": null, "NAMOBJ": "Kerban", "FCODE": "BA03070040", "METADATA": "TASWIL1000020230928_DATA_BATAS_DESAKELURAHAN", "SRS_ID": "SRGI 2013", "KDCPUM": "33.08.11", "KDEPUM": "33.08.11.2002", "KDPKAB": "33.08", "KDPPUM": "33", "WADMKC": "Tempuran", "WADMKD": "Sumberarum", "WADMKK": "Magelang", "WADMPR": "Jawa Tengah", "DUSUN": "Kerban", "Toponimi": "Dusun Kerban", "Shape_Leng": 3646.39056914, "Shape_Le_1": null, "KETERANGAN": "2", "KET_DETAIL": "Rumah", "PL": "2", "Shape_Length": 55.149868648663585, "Shape_Area": 165.47031088143009 }, "geometry": { "type": "MultiPolygon", "coordinates": [ [ [ [ 110.1772943971, -7.5690210137, 0.0 ], [ 110.1772937099, -7.5690239493, 0.0 ], [ 110.1772463792, -7.5690142082, 0.0 ], [ 110.1771938084, -7.5690020667, 0.0 ], [ 110.1771879165, -7.5690006789, 0.0 ], [ 110.177188565, -7.5689985655, 0.0 ], [ 110.1771926728, -7.5689804483, 0.0 ], [ 110.1771598097, -7.5689740268, 0.0 ], [ 110.1771684499, -7.5689347642, 0.0 ], [ 110.1771816925, -7.5688861388, 0.0 ], [ 110.1772547073, -7.5689038309, 0.0 ], [ 110.1772501209, -7.568920007, 0.0 ], [ 110.177310781, -7.5689333957, 0.0 ], [ 110.1772943971, -7.5690210137, 0.0 ] ] ] ] } },
{ "type": "Feature", "properties": { "FID_Fisnet_Kerban": null, "FID_PL": null, "NAMOBJ": "Kerban", "FCODE": "BA03070040", "METADATA": "TASWIL1000020230928_DATA_BATAS_DESAKELURAHAN", "SRS_ID": "SRGI 2013", "KDCPUM": "33.08.11", "KDEPUM": "33.08.11.2002", "KDPKAB": "33.08", "KDPPUM": "33", "WADMKC": "Tempuran", "WADMKD": "Sumberarum", "WADMKK": "Magelang", "WADMPR": "Jawa Tengah", "DUSUN": "Kerban", "Toponimi": "Dusun Kerban", "Shape_Leng": 3646.39056914, "Shape_Le_1": null, "KETERANGAN": "2", "KET_DETAIL": "Rumah", "PL": "2", "Shape_Length": 77.080496923808809, "Shape_Area": 279.74817276660656 }, "geometry": { "type": "MultiPolygon", "coordinates": [ [ [ [ 110.177503221, -7.5689361232, 0.0 ], [ 110.1775004375, -7.5689623045, 0.0 ], [ 110.1775058973, -7.5689659518, 0.0 ], [ 110.1775056944, -7.5689768622, 0.0 ], [ 110.1775086077, -7.5689783221, 0.0 ], [ 110.1775290079, -7.5689839982, 0.0 ], [ 110.1775306404, -7.56898782, 0.0 ], [ 110.177548124, -7.5689938533, 0.0 ], [ 110.1775420525, -7.5690245744, 0.0 ], [ 110.1775258419, -7.5690198161, 0.0 ], [ 110.177522133, -7.5690536322, 0.0 ], [ 110.177520453, -7.5690749034, 0.0 ], [ 110.1775123888, -7.5691273301, 0.0 ], [ 110.1775079612, -7.5691267085, 0.0 ], [ 110.1774720667, -7.5691237311, 0.0 ], [ 110.177474436, -7.5690946329, 0.0 ], [ 110.1774576393, -7.5690910846, 0.0 ], [ 110.1773681426, -7.5690797507, 0.0 ], [ 110.1773749435, -7.5690218957, 0.0 ], [ 110.1773799355, -7.5689844441, 0.0 ], [ 110.1773860342, -7.5689393572, 0.0 ], [ 110.1774674792, -7.56894824, 0.0 ], [ 110.1774684184, -7.5689333296, 0.0 ], [ 110.177503221, -7.5689361232, 0.0 ] ] ] ] } },
{ "type": "Feature", "properties": { "FID_Fisnet_Kerban": null, "FID_PL": null, "NAMOBJ": "Kerban", "FCODE": "BA03070040", "METADATA": "TASWIL1000020230928_DATA_BATAS_DESAKELURAHAN", "SRS_ID": "SRGI 2013", "KDCPUM": "33.08.11", "KDEPUM": "33.08.11.2002", "KDPKAB": "33.08", "KDPPUM": "33", "WADMKC": "Tempuran", "WADMKD": "Sumberarum", "WADMKK": "Magelang", "WADMPR": "Jawa Tengah", "DUSUN": "Kerban", "Toponimi": "Dusun Kerban", "Shape_Leng": 3646.39056914, "Shape_Le_1": null, "KETERANGAN": "2", "KET_DETAIL": "Rumah", "PL": "2", "Shape_Length": 62.671863144441744, "Shape_Area": 226.18907005983709 }, "geometry": { "type": "MultiPolygon", "coordinates": [ [ [ [ 110.1777260611, -7.5689563654, 0.0 ], [ 110.1777210109, -7.5690245484, 0.0 ], [ 110.1777185883, -7.5690530939, 0.0 ], [ 110.1776952621, -7.5690526863, 0.0 ], [ 110.1776943236, -7.5690672322, 0.0 ], [ 110.1776926713, -7.5690734121, 0.0 ], [ 110.1776804624, -7.5690730255, 0.0 ], [ 110.1776644291, -7.5690708127, 0.0 ], [ 110.1776600563, -7.5690704409, 0.0 ], [ 110.17765841, -7.5690738929, 0.0 ], [ 110.1776573035, -7.5690804375, 0.0 ], [ 110.1776511077, -7.5690806076, 0.0 ], [ 110.1776285093, -7.5690807468, 0.0 ], [ 110.1776175768, -7.5690798171, 0.0 ], [ 110.1775691058, -7.5690771795, 0.0 ], [ 110.1775624691, -7.5690771272, 0.0 ], [ 110.1775657532, -7.5690191642, 0.0 ], [ 110.1775689424, -7.5689711621, 0.0 ], [ 110.1775917199, -7.5689726594, 0.0 ], [ 110.1775928613, -7.5689472031, 0.0 ], [ 110.1776285769, -7.5689489076, 0.0 ], [ 110.1777260611, -7.5689563654, 0.0 ] ] ] ] } },
{ "type": "Feature", "properties": { "FID_Fisnet_Kerban": null, "FID_PL": null, "NAMOBJ": "Kerban", "FCODE": "BA03070040", "METADATA": "TASWIL1000020230928_DATA_BATAS_DESAKELURAHAN", "SRS_ID": "SRGI 2013", "KDCPUM": "33.08.11", "KDEPUM": "33.08.11.2002", "KDPKAB": "33.08", "KDPPUM": "33", "WADMKC": "Tempuran", "WADMKD": "Sumberarum", "WADMKK": "Magelang", "WADMPR": "Jawa Tengah", "DUSUN": "Kerban", "Toponimi": "Dusun Kerban", "Shape_Leng": 3646.39056914, "Shape_Le_1": null, "KETERANGAN": "2", "KET_DETAIL": "Gudang", "PL": "2", "Shape_Length": 53.189155317773597, "Shape_Area": 145.40477193779915 }, "geometry": { "type": "MultiPolygon", "coordinates": [ [ [ [ 110.1773608798, -7.5694233882, 0.0 ], [ 110.1774188065, -7.5694365908, 0.0 ], [ 110.1774226486, -7.569428597, 0.0 ], [ 110.1774787486, -7.5694443414, 0.0 ], [ 110.1774635154, -7.5695015935, 0.0 ], [ 110.1774580509, -7.5695224334, 0.0 ], [ 110.1774483513, -7.5695204777, 0.0 ], [ 110.1774037215, -7.5695113016, 0.0 ], [ 110.1773978747, -7.5695191107, 0.0 ], [ 110.1773073656, -7.5694918795, 0.0 ], [ 110.1773183688, -7.5694493136, 0.0 ], [ 110.1773216258, -7.5694358511, 0.0 ], [ 110.1773245902, -7.5694365948, 0.0 ], [ 110.1773537304, -7.5694455607, 0.0 ], [ 110.1773608798, -7.5694233882, 0.0 ] ] ] ] } },
{ "type": "Feature", "properties": { "FID_Fisnet_Kerban": null, "FID_PL": null, "NAMOBJ": "Kerban", "FCODE": "BA03070040", "METADATA": "TASWIL1000020230928_DATA_BATAS_DESAKELURAHAN", "SRS_ID": "SRGI 2013", "KDCPUM": "33.08.11", "KDEPUM": "33.08.11.2002", "KDPKAB": "33.08", "KDPPUM": "33", "WADMKC": "Tempuran", "WADMKD": "Sumberarum", "WADMKK": "Magelang", "WADMPR": "Jawa Tengah", "DUSUN": "Kerban", "Toponimi": "Dusun Kerban", "Shape_Leng": 3646.39056914, "Shape_Le_1": null, "KETERANGAN": "2", "KET_DETAIL": "Rumah", "PL": "2", "Shape_Length": 80.316367693541139, "Shape_Area": 251.5648811861702 }, "geometry": { "type": "MultiPolygon", "coordinates": [ [ [ [ 110.1775939719, -7.568745718, 0.0 ], [ 110.1775886447, -7.5687802022, 0.0 ], [ 110.177595758, -7.5687827726, 0.0 ], [ 110.1775845791, -7.5688219627, 0.0 ], [ 110.1775694941, -7.5688182403, 0.0 ], [ 110.1775603218, -7.5688503303, 0.0 ], [ 110.1775833724, -7.5688574777, 0.0 ], [ 110.1775793461, -7.5688784966, 0.0 ], [ 110.1775969925, -7.5688827918, 0.0 ], [ 110.1775929721, -7.5689006848, 0.0 ], [ 110.1775810127, -7.5689006623, 0.0 ], [ 110.1775727476, -7.5689046246, 0.0 ], [ 110.1775673264, -7.5689102972, 0.0 ], [ 110.1775590212, -7.5689397171, 0.0 ], [ 110.177500514, -7.568921934, 0.0 ], [ 110.1775091323, -7.5688937638, 0.0 ], [ 110.1774559512, -7.5688774796, 0.0 ], [ 110.1774339069, -7.568872163, 0.0 ], [ 110.1774487736, -7.5688174554, 0.0 ], [ 110.1774603192, -7.5687832904, 0.0 ], [ 110.1774647232, -7.5687676593, 0.0 ], [ 110.1774843837, -7.5687748563, 0.0 ], [ 110.1774853075, -7.5687718814, 0.0 ], [ 110.177491175, -7.5687531615, 0.0 ], [ 110.177508628, -7.5687571362, 0.0 ], [ 110.1775114144, -7.5687475629, 0.0 ], [ 110.1775516649, -7.5687601859, 0.0 ], [ 110.1775579064, -7.5687363754, 0.0 ], [ 110.1775939719, -7.568745718, 0.0 ] ] ] ] } },
{ "type": "Feature", "properties": { "FID_Fisnet_Kerban": null, "FID_PL": null, "NAMOBJ": "Kerban", "FCODE": "BA03070040", "METADATA": "TASWIL1000020230928_DATA_BATAS_DESAKELURAHAN", "SRS_ID": "SRGI 2013", "KDCPUM": "33.08.11", "KDEPUM": "33.08.11.2002", "KDPKAB": "33.08", "KDPPUM": "33", "WADMKC": "Tempuran", "WADMKD": "Sumberarum", "WADMKK": "Magelang", "WADMPR": "Jawa Tengah", "DUSUN": "Kerban", "Toponimi": "Dusun Kerban", "Shape_Leng": 3646.39056914, "Shape_Le_1": null, "KETERANGAN": "2", "KET_DETAIL": "Rumah", "PL": "2", "Shape_Length": 78.857804666953129, "Shape_Area": 211.44885482666828 }, "geometry": { "type": "MultiPolygon", "coordinates": [ [ [ [ 110.1773424582, -7.5688448179, 0.0 ], [ 110.1773741829, -7.5687436571, 0.0 ], [ 110.1773774488, -7.5687340577, 0.0 ], [ 110.1773861043, -7.5687096846, 0.0 ], [ 110.1774139733, -7.5687173738, 0.0 ], [ 110.1774255237, -7.5686806627, 0.0 ], [ 110.1774606761, -7.5686910944, 0.0 ], [ 110.1774494873, -7.5687292606, 0.0 ], [ 110.1774687954, -7.5687343892, 0.0 ], [ 110.1774743865, -7.5687151307, 0.0 ], [ 110.1774923377, -7.5687202857, 0.0 ], [ 110.1774932744, -7.5687186585, 0.0 ], [ 110.1774999849, -7.5687204458, 0.0 ], [ 110.1774977832, -7.5687280791, 0.0 ], [ 110.1775150863, -7.568733204, 0.0 ], [ 110.1775114144, -7.5687475629, 0.0 ], [ 110.177508628, -7.5687571362, 0.0 ], [ 110.177491175, -7.5687531615, 0.0 ], [ 110.1774853075, -7.5687718814, 0.0 ], [ 110.1774843837, -7.5687748563, 0.0 ], [ 110.1774647232, -7.5687676593, 0.0 ], [ 110.1774603192, -7.5687832904, 0.0 ], [ 110.1774487736, -7.5688174554, 0.0 ], [ 110.1774339069, -7.568872163, 0.0 ], [ 110.1773805429, -7.5688562429, 0.0 ], [ 110.1773752189, -7.5688765991, 0.0 ], [ 110.1773362419, -7.5688658979, 0.0 ], [ 110.1773424582, -7.5688448179, 0.0 ] ] ] ] } },
{ "type": "Feature", "properties": { "FID_Fisnet_Kerban": null, "FID_PL": null, "NAMOBJ": "Kerban", "FCODE": "BA03070040", "METADATA": "TASWIL1000020230928_DATA_BATAS_DESAKELURAHAN", "SRS_ID": "SRGI 2013", "KDCPUM": "33.08.11", "KDEPUM": "33.08.11.2002", "KDPKAB": "33.08", "KDPPUM": "33", "WADMKC": "Tempuran", "WADMKD": "Sumberarum", "WADMKK": "Magelang", "WADMPR": "Jawa Tengah", "DUSUN": "Kerban", "Toponimi": "Dusun Kerban", "Shape_Leng": 3646.39056914, "Shape_Le_1": null, "KETERANGAN": "2", "KET_DETAIL": "Rumah", "PL": "2", "Shape_Length": 47.963600768502872, "Shape_Area": 115.74327976931163 }, "geometry": { "type": "MultiPolygon", "coordinates": [ [ [ [ 110.1773992414, -7.5686516977, 0.0 ], [ 110.1774078754, -7.568655388, 0.0 ], [ 110.1773861043, -7.5687096846, 0.0 ], [ 110.1773774488, -7.5687340577, 0.0 ], [ 110.1773741829, -7.568743658, 0.0 ], [ 110.1773731606, -7.5687469249, 0.0 ], [ 110.1773463251, -7.5687367033, 0.0 ], [ 110.1772662486, -7.5687041066, 0.0 ], [ 110.1772606539, -7.5687018294, 0.0 ], [ 110.1772608842, -7.568701307, 0.0 ], [ 110.1772887887, -7.5686381363, 0.0 ], [ 110.1773616327, -7.5686655512, 0.0 ], [ 110.177372788, -7.5686388629, 0.0 ], [ 110.1773992414, -7.5686516977, 0.0 ] ] ] ] } },
{ "type": "Feature", "properties": { "FID_Fisnet_Kerban": null, "FID_PL": null, "NAMOBJ": "Kerban", "FCODE": "BA03070040", "METADATA": "TASWIL1000020230928_DATA_BATAS_DESAKELURAHAN", "SRS_ID": "SRGI 2013", "KDCPUM": "33.08.11", "KDEPUM": "33.08.11.2002", "KDPKAB": "33.08", "KDPPUM": "33", "WADMKC": "Tempuran", "WADMKD": "Sumberarum", "WADMKK": "Magelang", "WADMPR": "Jawa Tengah", "DUSUN": "Kerban", "Toponimi": "Dusun Kerban", "Shape_Leng": 3646.39056914, "Shape_Le_1": null, "KETERANGAN": "2", "KET_DETAIL": "Rumah", "PL": "2", "Shape_Length": 72.464318037780515, "Shape_Area": 270.56948835170169 }, "geometry": { "type": "MultiPolygon", "coordinates": [ [ [ [ 110.1774928307, -7.5685524272, 0.0 ], [ 110.1774804537, -7.5686225864, 0.0 ], [ 110.1774406058, -7.5686137024, 0.0 ], [ 110.1774434861, -7.5685966601, 0.0 ], [ 110.1773953844, -7.5685857716, 0.0 ], [ 110.1773930771, -7.5686008269, 0.0 ], [ 110.1773458226, -7.568593918, 0.0 ], [ 110.1773559024, -7.5685339842, 0.0 ], [ 110.1773351845, -7.5685299609, 0.0 ], [ 110.1773446124, -7.568486843, 0.0 ], [ 110.1773552368, -7.5684413494, 0.0 ], [ 110.177359781, -7.5684416474, 0.0 ], [ 110.1775083683, -7.5684675003, 0.0 ], [ 110.1774928307, -7.5685524272, 0.0 ] ] ] ] } },
{ "type": "Feature", "properties": { "FID_Fisnet_Kerban": null, "FID_PL": null, "NAMOBJ": "Kerban", "FCODE": "BA03070040", "METADATA": "TASWIL1000020230928_DATA_BATAS_DESAKELURAHAN", "SRS_ID": "SRGI 2013", "KDCPUM": "33.08.11", "KDEPUM": "33.08.11.2002", "KDPKAB": "33.08", "KDPPUM": "33", "WADMKC": "Tempuran", "WADMKD": "Sumberarum", "WADMKK": "Magelang", "WADMPR": "Jawa Tengah", "DUSUN": "Kerban", "Toponimi": "Dusun Kerban", "Shape_Leng": 3646.39056914, "Shape_Le_1": null, "KETERANGAN": "2", "KET_DETAIL": "Rumah", "PL": "2", "Shape_Length": 42.657861890902574, "Shape_Area": 109.54696869038958 }, "geometry": { "type": "MultiPolygon", "coordinates": [ [ [ [ 110.1771842475, -7.5685080878, 0.0 ], [ 110.1771818694, -7.5685609332, 0.0 ], [ 110.1771004423, -7.5685550966, 0.0 ], [ 110.1771106159, -7.568445724, 0.0 ], [ 110.1771112292, -7.5684396741, 0.0 ], [ 110.1771892404, -7.5684514938, 0.0 ], [ 110.1771842475, -7.5685080878, 0.0 ] ] ] ] } },
{ "type": "Feature", "properties": { "FID_Fisnet_Kerban": null, "FID_PL": null, "NAMOBJ": "Kerban", "FCODE": "BA03070040", "METADATA": "TASWIL1000020230928_DATA_BATAS_DESAKELURAHAN", "SRS_ID": "SRGI 2013", "KDCPUM": "33.08.11", "KDEPUM": "33.08.11.2002", "KDPKAB": "33.08", "KDPPUM": "33", "WADMKC": "Tempuran", "WADMKD": "Sumberarum", "WADMKK": "Magelang", "WADMPR": "Jawa Tengah", "DUSUN": "Kerban", "Toponimi": "Dusun Kerban", "Shape_Leng": 3646.39056914, "Shape_Le_1": null, "KETERANGAN": "2", "KET_DETAIL": "Rumah", "PL": "2", "Shape_Length": 40.769495799579197, "Shape_Area": 103.71382706851034 }, "geometry": { "type": "MultiPolygon", "coordinates": [ [ [ [ 110.1774260995, -7.5683051025, 0.0 ], [ 110.1774176621, -7.5683999885, 0.0 ], [ 110.1773289404, -7.5683896638, 0.0 ], [ 110.1773378471, -7.5682944231, 0.0 ], [ 110.1774260995, -7.5683051025, 0.0 ] ] ] ] } },
{ "type": "Feature", "properties": { "FID_Fisnet_Kerban": null, "FID_PL": null, "NAMOBJ": "Kerban", "FCODE": "BA03070040", "METADATA": "TASWIL1000020230928_DATA_BATAS_DESAKELURAHAN", "SRS_ID": "SRGI 2013", "KDCPUM": "33.08.11", "KDEPUM": "33.08.11.2002", "KDPKAB": "33.08", "KDPPUM": "33", "WADMKC": "Tempuran", "WADMKD": "Sumberarum", "WADMKK": "Magelang", "WADMPR": "Jawa Tengah", "DUSUN": "Kerban", "Toponimi": "Dusun Kerban", "Shape_Leng": 3646.39056914, "Shape_Le_1": null, "KETERANGAN": "2", "KET_DETAIL": "Rumah", "PL": "2", "Shape_Length": 53.241768979259945, "Shape_Area": 137.85644345608009 }, "geometry": { "type": "MultiPolygon", "coordinates": [ [ [ [ 110.1772843291, -7.5682866503, 0.0 ], [ 110.1772776983, -7.5683298268, 0.0 ], [ 110.1772438225, -7.5683249321, 0.0 ], [ 110.177241521, -7.5683374295, 0.0 ], [ 110.177255182, -7.5683411492, 0.0 ], [ 110.1772502939, -7.5683658604, 0.0 ], [ 110.177234922, -7.5683638424, 0.0 ], [ 110.1772286162, -7.568385709, 0.0 ], [ 110.1771444365, -7.5683706913, 0.0 ], [ 110.1771630638, -7.5682668158, 0.0 ], [ 110.1772843291, -7.5682866503, 0.0 ] ] ] ] } },
{ "type": "Feature", "properties": { "FID_Fisnet_Kerban": null, "FID_PL": null, "NAMOBJ": "Kerban", "FCODE": "BA03070040", "METADATA": "TASWIL1000020230928_DATA_BATAS_DESAKELURAHAN", "SRS_ID": "SRGI 2013", "KDCPUM": "33.08.11", "KDEPUM": "33.08.11.2002", "KDPKAB": "33.08", "KDPPUM": "33", "WADMKC": "Tempuran", "WADMKD": "Sumberarum", "WADMKK": "Magelang", "WADMPR": "Jawa Tengah", "DUSUN": "Kerban", "Toponimi": "Dusun Kerban", "Shape_Leng": 3646.39056914, "Shape_Le_1": null, "KETERANGAN": "2", "KET_DETAIL": "Rumah", "PL": "2", "Shape_Length": 48.284419862156554, "Shape_Area": 123.18905213916567 }, "geometry": { "type": "MultiPolygon", "coordinates": [ [ [ [ 110.1770754628, -7.5682123797, 0.0 ], [ 110.1770710049, -7.5682372744, 0.0 ], [ 110.1770972994, -7.5682426225, 0.0 ], [ 110.1771016034, -7.5682434003, 0.0 ], [ 110.1771004378, -7.5682496029, 0.0 ], [ 110.1770803168, -7.5683567308, 0.0 ], [ 110.1770028881, -7.5683446508, 0.0 ], [ 110.177032533, -7.5682045065, 0.0 ], [ 110.1770754628, -7.5682123797, 0.0 ] ] ] ] } },
{ "type": "Feature", "properties": { "FID_Fisnet_Kerban": null, "FID_PL": null, "NAMOBJ": "Kerban", "FCODE": "BA03070040", "METADATA": "TASWIL1000020230928_DATA_BATAS_DESAKELURAHAN", "SRS_ID": "SRGI 2013", "KDCPUM": "33.08.11", "KDEPUM": "33.08.11.2002", "KDPKAB": "33.08", "KDPPUM": "33", "WADMKC": "Tempuran", "WADMKD": "Sumberarum", "WADMKK": "Magelang", "WADMPR": "Jawa Tengah", "DUSUN": "Kerban", "Toponimi": "Dusun Kerban", "Shape_Leng": 3646.39056914, "Shape_Le_1": null, "KETERANGAN": "2", "KET_DETAIL": "Rumah", "PL": "2", "Shape_Length": 75.066711191792507, "Shape_Area": 286.15458808323666 }, "geometry": { "type": "MultiPolygon", "coordinates": [ [ [ [ 110.1771640867, -7.5682560996, 0.0 ], [ 110.1771617133, -7.5682586413, 0.0 ], [ 110.1771407597, -7.5682566019, 0.0 ], [ 110.1771183496, -7.5682534681, 0.0 ], [ 110.1771004378, -7.5682496029, 0.0 ], [ 110.1771016034, -7.5682434003, 0.0 ], [ 110.1770972984, -7.5682426216, 0.0 ], [ 110.1770710049, -7.5682372744, 0.0 ], [ 110.1770754628, -7.5682123815, 0.0 ], [ 110.1771123222, -7.5680343231, 0.0 ], [ 110.1771122061, -7.5680334202, 0.0 ], [ 110.1771186426, -7.5680037924, 0.0 ], [ 110.1772108208, -7.5680210593, 0.0 ], [ 110.1771957277, -7.5681004951, 0.0 ], [ 110.1771796651, -7.5682013101, 0.0 ], [ 110.1771791305, -7.5682035748, 0.0 ], [ 110.1771750815, -7.5682241152, 0.0 ], [ 110.1771737812, -7.5682382345, 0.0 ], [ 110.1771735933, -7.5682402973, 0.0 ], [ 110.1771670309, -7.5682411939, 0.0 ], [ 110.1771640867, -7.5682560996, 0.0 ] ] ] ] } },
{ "type": "Feature", "properties": { "FID_Fisnet_Kerban": null, "FID_PL": null, "NAMOBJ": "Kerban", "FCODE": "BA03070040", "METADATA": "TASWIL1000020230928_DATA_BATAS_DESAKELURAHAN", "SRS_ID": "SRGI 2013", "KDCPUM": "33.08.11", "KDEPUM": "33.08.11.2002", "KDPKAB": "33.08", "KDPPUM": "33", "WADMKC": "Tempuran", "WADMKD": "Sumberarum", "WADMKK": "Magelang", "WADMPR": "Jawa Tengah", "DUSUN": "Kerban", "Toponimi": "Dusun Kerban", "Shape_Leng": 3646.39056914, "Shape_Le_1": null, "KETERANGAN": "2", "KET_DETAIL": "Rumah", "PL": "2", "Shape_Length": 58.872756146075666, "Shape_Area": 155.50711640952269 }, "geometry": { "type": "MultiPolygon", "coordinates": [ [ [ [ 110.1773190043, -7.5681523755, 0.0 ], [ 110.177309801, -7.5682003663, 0.0 ], [ 110.1772813829, -7.5681944933, 0.0 ], [ 110.1772690831, -7.5682421137, 0.0 ], [ 110.1772168029, -7.5682301952, 0.0 ], [ 110.1772160466, -7.5682447415, 0.0 ], [ 110.1772022012, -7.5682421693, 0.0 ], [ 110.1771852584, -7.5682392285, 0.0 ], [ 110.1771737822, -7.5682382318, 0.0 ], [ 110.1771750815, -7.5682241152, 0.0 ], [ 110.1771791305, -7.5682035748, 0.0 ], [ 110.1771796651, -7.5682013101, 0.0 ], [ 110.1771957277, -7.5681004951, 0.0 ], [ 110.177208294, -7.5681036121, 0.0 ], [ 110.1772401699, -7.5681129478, 0.0 ], [ 110.1772344777, -7.568135304, 0.0 ], [ 110.1773190043, -7.5681523755, 0.0 ] ] ] ] } },
{ "type": "Feature", "properties": { "FID_Fisnet_Kerban": null, "FID_PL": null, "NAMOBJ": "Kerban", "FCODE": "BA03070040", "METADATA": "TASWIL1000020230928_DATA_BATAS_DESAKELURAHAN", "SRS_ID": "SRGI 2013", "KDCPUM": "33.08.11", "KDEPUM": "33.08.11.2002", "KDPKAB": "33.08", "KDPPUM": "33", "WADMKC": "Tempuran", "WADMKD": "Sumberarum", "WADMKK": "Magelang", "WADMPR": "Jawa Tengah", "DUSUN": "Kerban", "Toponimi": "Dusun Kerban", "Shape_Leng": 3646.39056914, "Shape_Le_1": null, "KETERANGAN": "2", "KET_DETAIL": "Rumah", "PL": "2", "Shape_Length": 58.992433651438709, "Shape_Area": 172.64959802422919 }, "geometry": { "type": "MultiPolygon", "coordinates": [ [ [ [ 110.1766507988, -7.568121305, 0.0 ], [ 110.1766532478, -7.5681223579, 0.0 ], [ 110.1766608276, -7.5681231862, 0.0 ], [ 110.1766691791, -7.5681247939, 0.0 ], [ 110.1766682759, -7.568127872, 0.0 ], [ 110.176659982, -7.5681771353, 0.0 ], [ 110.1766432677, -7.5682458426, 0.0 ], [ 110.1766324201, -7.5682961937, 0.0 ], [ 110.1766303923, -7.5683081914, 0.0 ], [ 110.1766296085, -7.568309525, 0.0 ], [ 110.1766278334, -7.5683125516, 0.0 ], [ 110.176595046, -7.5683039423, 0.0 ], [ 110.1765948587, -7.5683066699, 0.0 ], [ 110.1765559058, -7.5682971083, 0.0 ], [ 110.1765689269, -7.5682391555, 0.0 ], [ 110.1765750078, -7.5682120958, 0.0 ], [ 110.1765900263, -7.5681452494, 0.0 ], [ 110.1765953915, -7.5681213704, 0.0 ], [ 110.1766035725, -7.5681225381, 0.0 ], [ 110.1766060057, -7.5681113543, 0.0 ], [ 110.1766216551, -7.5681147331, 0.0 ], [ 110.1766288811, -7.5681171907, 0.0 ], [ 110.1766507988, -7.568121305, 0.0 ] ] ] ] } },
{ "type": "Feature", "properties": { "FID_Fisnet_Kerban": null, "FID_PL": null, "NAMOBJ": "Kerban", "FCODE": "BA03070040", "METADATA": "TASWIL1000020230928_DATA_BATAS_DESAKELURAHAN", "SRS_ID": "SRGI 2013", "KDCPUM": "33.08.11", "KDEPUM": "33.08.11.2002", "KDPKAB": "33.08", "KDPPUM": "33", "WADMKC": "Tempuran", "WADMKD": "Sumberarum", "WADMKK": "Magelang", "WADMPR": "Jawa Tengah", "DUSUN": "Kerban", "Toponimi": "Dusun Kerban", "Shape_Leng": 3646.39056914, "Shape_Le_1": null, "KETERANGAN": "2", "KET_DETAIL": "Rumah", "PL": "2", "Shape_Length": 75.671923138945459, "Shape_Area": 246.8691902106093 }, "geometry": { "type": "MultiPolygon", "coordinates": [ [ [ [ 110.176763184, -7.5681481696, 0.0 ], [ 110.1767601509, -7.5681482797, 0.0 ], [ 110.1767534292, -7.5681872556, 0.0 ], [ 110.1767460093, -7.5682134626, 0.0 ], [ 110.1767292147, -7.5682103059, 0.0 ], [ 110.1767027114, -7.5683241492, 0.0 ], [ 110.1766813961, -7.5683206538, 0.0 ], [ 110.1766296085, -7.568309525, 0.0 ], [ 110.1766303923, -7.5683081914, 0.0 ], [ 110.1766324201, -7.5682961937, 0.0 ], [ 110.1766432677, -7.5682458426, 0.0 ], [ 110.176659982, -7.5681771353, 0.0 ], [ 110.1766682759, -7.568127872, 0.0 ], [ 110.1766691791, -7.5681247939, 0.0 ], [ 110.1766730966, -7.5681114548, 0.0 ], [ 110.176673578, -7.568103309, 0.0 ], [ 110.1766774686, -7.5680812035, 0.0 ], [ 110.1767850811, -7.5681024722, 0.0 ], [ 110.1767783736, -7.5681335339, 0.0 ], [ 110.1767648498, -7.5681305987, 0.0 ], [ 110.176763184, -7.5681481696, 0.0 ] ] ] ] } },
{ "type": "Feature", "properties": { "FID_Fisnet_Kerban": null, "FID_PL": null, "NAMOBJ": "Kerban", "FCODE": "BA03070040", "METADATA": "TASWIL1000020230928_DATA_BATAS_DESAKELURAHAN", "SRS_ID": "SRGI 2013", "KDCPUM": "33.08.11", "KDEPUM": "33.08.11.2002", "KDPKAB": "33.08", "KDPPUM": "33", "WADMKC": "Tempuran", "WADMKD": "Sumberarum", "WADMKK": "Magelang", "WADMPR": "Jawa Tengah", "DUSUN": "Kerban", "Toponimi": "Dusun Kerban", "Shape_Leng": 3646.39056914, "Shape_Le_1": null, "KETERANGAN": "2", "KET_DETAIL": "Rumah", "PL": "2", "Shape_Length": 34.124134010981784, "Shape_Area": 62.93184741468292 }, "geometry": { "type": "MultiPolygon", "coordinates": [ [ [ [ 110.1765967579, -7.5681139833, 0.0 ], [ 110.1765953915, -7.5681213704, 0.0 ], [ 110.1765900263, -7.5681452494, 0.0 ], [ 110.1765750078, -7.5682120958, 0.0 ], [ 110.1765214344, -7.5682010594, 0.0 ], [ 110.176527678, -7.5681761581, 0.0 ], [ 110.176531361, -7.5681559798, 0.0 ], [ 110.176541466, -7.5681129011, 0.0 ], [ 110.1765733466, -7.5681187808, 0.0 ], [ 110.176575186, -7.5681100551, 0.0 ], [ 110.1765886646, -7.568112444, 0.0 ], [ 110.1765967579, -7.5681139833, 0.0 ] ] ] ] } },
{ "type": "Feature", "properties": { "FID_Fisnet_Kerban": null, "FID_PL": null, "NAMOBJ": "Kerban", "FCODE": "BA03070040", "METADATA": "TASWIL1000020230928_DATA_BATAS_DESAKELURAHAN", "SRS_ID": "SRGI 2013", "KDCPUM": "33.08.11", "KDEPUM": "33.08.11.2002", "KDPKAB": "33.08", "KDPPUM": "33", "WADMKC": "Tempuran", "WADMKD": "Sumberarum", "WADMKK": "Magelang", "WADMPR": "Jawa Tengah", "DUSUN": "Kerban", "Toponimi": "Dusun Kerban", "Shape_Leng": 3646.39056914, "Shape_Le_1": null, "KETERANGAN": "1", "KET_DETAIL": "Gudang", "PL": "6", "Shape_Length": 27.949572264539015, "Shape_Area": 45.607132411210692 }, "geometry": { "type": "MultiPolygon", "coordinates": [ [ [ [ 110.1766774686, -7.5680812035, 0.0 ], [ 110.176673578, -7.568103309, 0.0 ], [ 110.1766730966, -7.5681114548, 0.0 ], [ 110.1766691791, -7.5681247939, 0.0 ], [ 110.1766608276, -7.5681231862, 0.0 ], [ 110.1766532478, -7.5681223579, 0.0 ], [ 110.1766507988, -7.568121305, 0.0 ], [ 110.1766288811, -7.5681171907, 0.0 ], [ 110.1766216551, -7.5681147331, 0.0 ], [ 110.1766060057, -7.5681113543, 0.0 ], [ 110.1766114853, -7.5680921208, 0.0 ], [ 110.1766085817, -7.5680855687, 0.0 ], [ 110.176618125, -7.5680504901, 0.0 ], [ 110.1766592971, -7.5680574781, 0.0 ], [ 110.1766563518, -7.5680729301, 0.0 ], [ 110.176671463, -7.5680800498, 0.0 ], [ 110.1766774686, -7.5680812035, 0.0 ] ] ] ] } },
{ "type": "Feature", "properties": { "FID_Fisnet_Kerban": null, "FID_PL": null, "NAMOBJ": "Kerban", "FCODE": "BA03070040", "METADATA": "TASWIL1000020230928_DATA_BATAS_DESAKELURAHAN", "SRS_ID": "SRGI 2013", "KDCPUM": "33.08.11", "KDEPUM": "33.08.11.2002", "KDPKAB": "33.08", "KDPPUM": "33", "WADMKC": "Tempuran", "WADMKD": "Sumberarum", "WADMKK": "Magelang", "WADMPR": "Jawa Tengah", "DUSUN": "Kerban", "Toponimi": "Dusun Kerban", "Shape_Leng": 3646.39056914, "Shape_Le_1": null, "KETERANGAN": "1", "KET_DETAIL": "Gudang", "PL": "6", "Shape_Length": 59.949275903298712, "Shape_Area": 182.49987726214084 }, "geometry": { "type": "MultiPolygon", "coordinates": [ [ [ [ 110.17289199, -7.5702806504, 0.0 ], [ 110.1728574182, -7.5703422424, 0.0 ], [ 110.1726832184, -7.5702670505, 0.0 ], [ 110.1727089854, -7.5702158044, 0.0 ], [ 110.1727064378, -7.5702141625, 0.0 ], [ 110.1727163195, -7.5701929051, 0.0 ], [ 110.172753469, -7.5702069779, 0.0 ], [ 110.172757837, -7.5702098959, 0.0 ], [ 110.1727580119, -7.570213715, 0.0 ], [ 110.1728339426, -7.5702471368, 0.0 ], [ 110.17289199, -7.5702806504, 0.0 ] ] ] ] } },
{ "type": "Feature", "properties": { "FID_Fisnet_Kerban": null, "FID_PL": null, "NAMOBJ": "Kerban", "FCODE": "BA03070040", "METADATA": "TASWIL1000020230928_DATA_BATAS_DESAKELURAHAN", "SRS_ID": "SRGI 2013", "KDCPUM": "33.08.11", "KDEPUM": "33.08.11.2002", "KDPKAB": "33.08", "KDPPUM": "33", "WADMKC": "Tempuran", "WADMKD": "Sumberarum", "WADMKK": "Magelang", "WADMPR": "Jawa Tengah", "DUSUN": "Kerban", "Toponimi": "Dusun Kerban", "Shape_Leng": 3646.39056914, "Shape_Le_1": null, "KETERANGAN": "1", "KET_DETAIL": "Gudang", "PL": "6", "Shape_Length": 58.483632043117069, "Shape_Area": 168.86952268539306 }, "geometry": { "type": "MultiPolygon", "coordinates": [ [ [ [ 110.1739378967, -7.5705496518, 0.0 ], [ 110.173925001, -7.5706215147, 0.0 ], [ 110.1738743055, -7.5706155856, 0.0 ], [ 110.173736253, -7.5705994375, 0.0 ], [ 110.1737448424, -7.5705275321, 0.0 ], [ 110.1738744426, -7.5705435628, 0.0 ], [ 110.1738760638, -7.5705437631, 0.0 ], [ 110.1739378967, -7.5705496518, 0.0 ] ] ] ] } },
{ "type": "Feature", "properties": { "FID_Fisnet_Kerban": null, "FID_PL": null, "NAMOBJ": "Kerban", "FCODE": "BA03070040", "METADATA": "TASWIL1000020230928_DATA_BATAS_DESAKELURAHAN", "SRS_ID": "SRGI 2013", "KDCPUM": "33.08.11", "KDEPUM": "33.08.11.2002", "KDPKAB": "33.08", "KDPPUM": "33", "WADMKC": "Tempuran", "WADMKD": "Sumberarum", "WADMKK": "Magelang", "WADMPR": "Jawa Tengah", "DUSUN": "Kerban", "Toponimi": "Dusun Kerban", "Shape_Leng": 3646.39056914, "Shape_Le_1": null, "KETERANGAN": "1", "KET_DETAIL": "Gudang", "PL": "7", "Shape_Length": 73.856338520334617, "Shape_Area": 280.61434742863543 }, "geometry": { "type": "MultiPolygon", "coordinates": [ [ [ [ 110.1744530623, -7.5651964214, 0.0 ], [ 110.1744011294, -7.5653663622, 0.0 ], [ 110.1742917299, -7.5653390758, 0.0 ], [ 110.1743330564, -7.5651331527, 0.0 ], [ 110.1743561867, -7.5651358602, 0.0 ], [ 110.174379752, -7.5651438959, 0.0 ], [ 110.1743725621, -7.565181175, 0.0 ], [ 110.1744530623, -7.5651964214, 0.0 ] ] ] ] } },
{ "type": "Feature", "properties": { "FID_Fisnet_Kerban": null, "FID_PL": null, "NAMOBJ": "Kerban", "FCODE": "BA03070040", "METADATA": "TASWIL1000020230928_DATA_BATAS_DESAKELURAHAN", "SRS_ID": "SRGI 2013", "KDCPUM": "33.08.11", "KDEPUM": "33.08.11.2002", "KDPKAB": "33.08", "KDPPUM": "33", "WADMKC": "Tempuran", "WADMKD": "Sumberarum", "WADMKK": "Magelang", "WADMPR": "Jawa Tengah", "DUSUN": "Kerban", "Toponimi": "Dusun Kerban", "Shape_Leng": 3646.39056914, "Shape_Le_1": null, "KETERANGAN": "2", "KET_DETAIL": "Pembuatan Batu Bata", "PL": "34", "Shape_Length": 64.336975575368669, "Shape_Area": 209.76428826581756 }, "geometry": { "type": "MultiPolygon", "coordinates": [ [ [ [ 110.1733317118, -7.5648750285, 0.0 ], [ 110.1733446667, -7.5648781717, 0.0 ], [ 110.1733462105, -7.5648738196, 0.0 ], [ 110.1734147885, -7.5648981011, 0.0 ], [ 110.173396446, -7.5649605769, 0.0 ], [ 110.1733917879, -7.5649591263, 0.0 ], [ 110.1733906284, -7.564958765, 0.0 ], [ 110.1733839805, -7.5649798413, 0.0 ], [ 110.1733223915, -7.5649595583, 0.0 ], [ 110.1733212675, -7.5649614727, 0.0 ], [ 110.1733208292, -7.5649622181, 0.0 ], [ 110.1732408113, -7.5649379068, 0.0 ], [ 110.1731950599, -7.5649240059, 0.0 ], [ 110.1732191461, -7.5648450504, 0.0 ], [ 110.173240714, -7.5648533583, 0.0 ], [ 110.1732681503, -7.5648610387, 0.0 ], [ 110.1733091389, -7.5648680511, 0.0 ], [ 110.1733317118, -7.5648750285, 0.0 ] ] ] ] } },
{ "type": "Feature", "properties": { "FID_Fisnet_Kerban": null, "FID_PL": null, "NAMOBJ": "Kerban", "FCODE": "BA03070040", "METADATA": "TASWIL1000020230928_DATA_BATAS_DESAKELURAHAN", "SRS_ID": "SRGI 2013", "KDCPUM": "33.08.11", "KDEPUM": "33.08.11.2002", "KDPKAB": "33.08", "KDPPUM": "33", "WADMKC": "Tempuran", "WADMKD": "Sumberarum", "WADMKK": "Magelang", "WADMPR": "Jawa Tengah", "DUSUN": "Kerban", "Toponimi": "Dusun Kerban", "Shape_Leng": 3646.39056914, "Shape_Le_1": null, "KETERANGAN": "1", "KET_DETAIL": "Gudang", "PL": "7", "Shape_Length": 145.11414601991763, "Shape_Area": 1172.6873405352592 }, "geometry": { "type": "MultiPolygon", "coordinates": [ [ [ [ 110.1723766443, -7.5649616258, 0.0 ], [ 110.172358335, -7.5649971082, 0.0 ], [ 110.172288081, -7.5649747762, 0.0 ], [ 110.1721466838, -7.5649296681, 0.0 ], [ 110.1722235543, -7.564748677, 0.0 ], [ 110.1722985192, -7.5645458978, 0.0 ], [ 110.1723067083, -7.5645275713, 0.0 ], [ 110.1725201465, -7.5645932447, 0.0 ], [ 110.1725098031, -7.5646166964, 0.0 ], [ 110.1723766443, -7.5649616258, 0.0 ] ] ] ] } },
{ "type": "Feature", "properties": { "FID_Fisnet_Kerban": null, "FID_PL": null, "NAMOBJ": "Kerban", "FCODE": "BA03070040", "METADATA": "TASWIL1000020230928_DATA_BATAS_DESAKELURAHAN", "SRS_ID": "SRGI 2013", "KDCPUM": "33.08.11", "KDEPUM": "33.08.11.2002", "KDPKAB": "33.08", "KDPPUM": "33", "WADMKC": "Tempuran", "WADMKD": "Sumberarum", "WADMKK": "Magelang", "WADMPR": "Jawa Tengah", "DUSUN": "Kerban", "Toponimi": "Dusun Kerban", "Shape_Leng": 3646.39056914, "Shape_Le_1": null, "KETERANGAN": "2", "KET_DETAIL": "Pembuatan Batu Bata", "PL": "7", "Shape_Length": 62.54755528088733, "Shape_Area": 200.5787006913917 }, "geometry": { "type": "MultiPolygon", "coordinates": [ [ [ [ 110.1716996152, -7.5644935038, 0.0 ], [ 110.1717724946, -7.5645188926, 0.0 ], [ 110.1717725666, -7.5645200839, 0.0 ], [ 110.1718689938, -7.5645522152, 0.0 ], [ 110.1718423558, -7.5646339967, 0.0 ], [ 110.1717476304, -7.5646021635, 0.0 ], [ 110.1717484559, -7.5645994372, 0.0 ], [ 110.1716719116, -7.5645722994, 0.0 ], [ 110.1716739183, -7.5645651994, 0.0 ], [ 110.171659113, -7.5645603621, 0.0 ], [ 110.1716787007, -7.5645009866, 0.0 ], [ 110.1716807262, -7.5644954786, 0.0 ], [ 110.1716965404, -7.5645012439, 0.0 ], [ 110.1716996152, -7.5644935038, 0.0 ] ] ] ] } },
{ "type": "Feature", "properties": { "FID_Fisnet_Kerban": null, "FID_PL": null, "NAMOBJ": "Kerban", "FCODE": "BA03070040", "METADATA": "TASWIL1000020230928_DATA_BATAS_DESAKELURAHAN", "SRS_ID": "SRGI 2013", "KDCPUM": "33.08.11", "KDEPUM": "33.08.11.2002", "KDPKAB": "33.08", "KDPPUM": "33", "WADMKC": "Tempuran", "WADMKD": "Sumberarum", "WADMKK": "Magelang", "WADMPR": "Jawa Tengah", "DUSUN": "Kerban", "Toponimi": "Dusun Kerban", "Shape_Leng": 3646.39056914, "Shape_Le_1": null, "KETERANGAN": "2", "KET_DETAIL": "Rumah", "PL": "2", "Shape_Length": 56.29752440837138, "Shape_Area": 182.55986316156466 }, "geometry": { "type": "MultiPolygon", "coordinates": [ [ [ [ 110.1714938454, -7.5642781745, 0.0 ], [ 110.1715789095, -7.5642994304, 0.0 ], [ 110.1715722901, -7.5643306958, 0.0 ], [ 110.1715678814, -7.5643486902, 0.0 ], [ 110.1715552278, -7.5643904912, 0.0 ], [ 110.1715469714, -7.5644193891, 0.0 ], [ 110.1715451283, -7.5644304782, 0.0 ], [ 110.1715358371, -7.5644288243, 0.0 ], [ 110.1715303646, -7.5644319054, 0.0 ], [ 110.1715300637, -7.5644323653, 0.0 ], [ 110.1714451214, -7.5644090121, 0.0 ], [ 110.1714565004, -7.564366845, 0.0 ], [ 110.1714647622, -7.5643346738, 0.0 ], [ 110.1714501962, -7.5643279177, 0.0 ], [ 110.1714562862, -7.5642881049, 0.0 ], [ 110.1714604747, -7.5642895673, 0.0 ], [ 110.1714626737, -7.5642833893, 0.0 ], [ 110.1714856274, -7.5642874335, 0.0 ], [ 110.1714876456, -7.5642805271, 0.0 ], [ 110.171491107, -7.564281079, 0.0 ], [ 110.1714938454, -7.5642781745, 0.0 ] ] ] ] } },
{ "type": "Feature", "properties": { "FID_Fisnet_Kerban": null, "FID_PL": null, "NAMOBJ": "Kerban", "FCODE": "BA03070040", "METADATA": "TASWIL1000020230928_DATA_BATAS_DESAKELURAHAN", "SRS_ID": "SRGI 2013", "KDCPUM": "33.08.11", "KDEPUM": "33.08.11.2002", "KDPKAB": "33.08", "KDPPUM": "33", "WADMKC": "Tempuran", "WADMKD": "Sumberarum", "WADMKK": "Magelang", "WADMPR": "Jawa Tengah", "DUSUN": "Kerban", "Toponimi": "Dusun Kerban", "Shape_Leng": 3646.39056914, "Shape_Le_1": null, "KETERANGAN": "2", "KET_DETAIL": "Rumah", "PL": "2", "Shape_Length": 36.531816030850017, "Shape_Area": 79.638780965529065 }, "geometry": { "type": "MultiPolygon", "coordinates": [ [ [ [ 110.1712513268, -7.5643179777, 0.0 ], [ 110.1712557695, -7.5643182747, 0.0 ], [ 110.1713394145, -7.5643184336, 0.0 ], [ 110.1713406666, -7.5643852464, 0.0 ], [ 110.1712550862, -7.564389012, 0.0 ], [ 110.1712549151, -7.5643831922, 0.0 ], [ 110.1712365111, -7.5643822483, 0.0 ], [ 110.1712460552, -7.5643464426, 0.0 ], [ 110.1712513268, -7.5643179777, 0.0 ] ] ] ] } },
{ "type": "Feature", "properties": { "FID_Fisnet_Kerban": null, "FID_PL": null, "NAMOBJ": "Kerban", "FCODE": "BA03070040", "METADATA": "TASWIL1000020230928_DATA_BATAS_DESAKELURAHAN", "SRS_ID": "SRGI 2013", "KDCPUM": "33.08.11", "KDEPUM": "33.08.11.2002", "KDPKAB": "33.08", "KDPPUM": "33", "WADMKC": "Tempuran", "WADMKD": "Sumberarum", "WADMKK": "Magelang", "WADMPR": "Jawa Tengah", "DUSUN": "Kerban", "Toponimi": "Dusun Kerban", "Shape_Leng": 3646.39056914, "Shape_Le_1": null, "KETERANGAN": "1", "KET_DETAIL": "Gudang", "PL": "7", "Shape_Length": 92.334184138974521, "Shape_Area": 523.68255932981197 }, "geometry": { "type": "MultiPolygon", "coordinates": [ [ [ [ 110.1717321774, -7.5648485233, 0.0 ], [ 110.1716958004, -7.5650260402, 0.0 ], [ 110.1714649855, -7.5649758778, 0.0 ], [ 110.1715008092, -7.5647976128, 0.0 ], [ 110.1717321774, -7.5648485233, 0.0 ] ] ] ] } },
{ "type": "Feature", "properties": { "FID_Fisnet_Kerban": null, "FID_PL": null, "NAMOBJ": "Kerban", "FCODE": "BA03070040", "METADATA": "TASWIL1000020230928_DATA_BATAS_DESAKELURAHAN", "SRS_ID": "SRGI 2013", "KDCPUM": "33.08.11", "KDEPUM": "33.08.11.2002", "KDPKAB": "33.08", "KDPPUM": "33", "WADMKC": "Tempuran", "WADMKD": "Sumberarum", "WADMKK": "Magelang", "WADMPR": "Jawa Tengah", "DUSUN": "Kerban", "Toponimi": "Dusun Kerban", "Shape_Leng": 3646.39056914, "Shape_Le_1": null, "KETERANGAN": "2", "KET_DETAIL": "Pabrik", "PL": "7", "Shape_Length": 83.084329329263994, "Shape_Area": 172.68931594367669 }, "geometry": { "type": "MultiPolygon", "coordinates": [ [ [ [ 110.1715461948, -7.5652089697, 0.0 ], [ 110.1715476221, -7.5652247936, 0.0 ], [ 110.17154981, -7.5652244342, 0.0 ], [ 110.1715542411, -7.5652897254, 0.0 ], [ 110.1715261041, -7.5652915587, 0.0 ], [ 110.1715261596, -7.5652985848, 0.0 ], [ 110.171532021, -7.5653786064, 0.0 ], [ 110.1715294666, -7.5653800569, 0.0 ], [ 110.1715337104, -7.5654480756, 0.0 ], [ 110.1715266014, -7.5654489711, 0.0 ], [ 110.1715247556, -7.5654615155, 0.0 ], [ 110.1715258404, -7.5654658817, 0.0 ], [ 110.1715334945, -7.5654657144, 0.0 ], [ 110.1715361575, -7.5655028168, 0.0 ], [ 110.1715330966, -7.5655041686, 0.0 ], [ 110.1715318272, -7.5655043896, 0.0 ], [ 110.1715313726, -7.5655075174, 0.0 ], [ 110.171522639, -7.56550765, 0.0 ], [ 110.1715227199, -7.5655046708, 0.0 ], [ 110.1715142096, -7.5655051015, 0.0 ], [ 110.1714974118, -7.5655064842, 0.0 ], [ 110.1714882784, -7.5653812512, 0.0 ], [ 110.1714857277, -7.5653812464, 0.0 ], [ 110.1714814937, -7.5653010506, 0.0 ], [ 110.1714809179, -7.5652945037, 0.0 ], [ 110.1714891746, -7.5652939659, 0.0 ], [ 110.1714832823, -7.5652301263, 0.0 ], [ 110.1714863829, -7.5652288596, 0.0 ], [ 110.1714855244, -7.5652127482, 0.0 ], [ 110.1715461948, -7.5652089697, 0.0 ] ] ] ] } },
{ "type": "Feature", "properties": { "FID_Fisnet_Kerban": null, "FID_PL": null, "NAMOBJ": "Kerban", "FCODE": "BA03070040", "METADATA": "TASWIL1000020230928_DATA_BATAS_DESAKELURAHAN", "SRS_ID": "SRGI 2013", "KDCPUM": "33.08.11", "KDEPUM": "33.08.11.2002", "KDPKAB": "33.08", "KDPPUM": "33", "WADMKC": "Tempuran", "WADMKD": "Sumberarum", "WADMKK": "Magelang", "WADMPR": "Jawa Tengah", "DUSUN": "Kerban", "Toponimi": "Dusun Kerban", "Shape_Leng": 3646.39056914, "Shape_Le_1": null, "KETERANGAN": "1", "KET_DETAIL": "Pabrik", "PL": "7", "Shape_Length": 185.54170312155736, "Shape_Area": 1571.7256372819943 }, "geometry": { "type": "MultiPolygon", "coordinates": [ [ [ [ 110.1719649401, -7.5653232377, 0.0 ], [ 110.1720593406, -7.565347335, 0.0 ], [ 110.1720615072, -7.5653462221, 0.0 ], [ 110.1720641193, -7.5653463754, 0.0 ], [ 110.1720645642, -7.5653478659, 0.0 ], [ 110.1721099221, -7.5653618069, 0.0 ], [ 110.1720945283, -7.5654098618, 0.0 ], [ 110.172053003, -7.5653966896, 0.0 ], [ 110.1719889937, -7.5655985127, 0.0 ], [ 110.1719871906, -7.5656048407, 0.0 ], [ 110.1719855474, -7.5656052102, 0.0 ], [ 110.1718893824, -7.5655752602, 0.0 ], [ 110.1718866147, -7.5655735871, 0.0 ], [ 110.1718847055, -7.565572773, 0.0 ], [ 110.1718802889, -7.5655839667, 0.0 ], [ 110.1718792832, -7.5655851569, 0.0 ], [ 110.1715535769, -7.5654815702, 0.0 ], [ 110.1715526854, -7.5654813107, 0.0 ], [ 110.1715703759, -7.5654295971, 0.0 ], [ 110.1716030189, -7.5653260127, 0.0 ], [ 110.1716213455, -7.5652682131, 0.0 ], [ 110.1715584151, -7.565244615, 0.0 ], [ 110.1715751952, -7.5651959315, 0.0 ], [ 110.1716387528, -7.5652186019, 0.0 ], [ 110.1719649401, -7.5653232377, 0.0 ] ] ] ] } },
{ "type": "Feature", "properties": { "FID_Fisnet_Kerban": null, "FID_PL": null, "NAMOBJ": "Kerban", "FCODE": "BA03070040", "METADATA": "TASWIL1000020230928_DATA_BATAS_DESAKELURAHAN", "SRS_ID": "SRGI 2013", "KDCPUM": "33.08.11", "KDEPUM": "33.08.11.2002", "KDPKAB": "33.08", "KDPPUM": "33", "WADMKC": "Tempuran", "WADMKD": "Sumberarum", "WADMKK": "Magelang", "WADMPR": "Jawa Tengah", "DUSUN": "Kerban", "Toponimi": "Dusun Kerban", "Shape_Leng": 3646.39056914, "Shape_Le_1": null, "KETERANGAN": "1", "KET_DETAIL": "Pabrik", "PL": "7", "Shape_Length": 77.92410087471039, "Shape_Area": 224.93336146228535 }, "geometry": { "type": "MultiPolygon", "coordinates": [ [ [ [ 110.1716949359, -7.5655724018, 0.0 ], [ 110.171806406, -7.5656037096, 0.0 ], [ 110.1718091468, -7.5655995325, 0.0 ], [ 110.1718457572, -7.5656099673, 0.0 ], [ 110.1718473945, -7.5656112431, 0.0 ], [ 110.1718466602, -7.5656141514, 0.0 ], [ 110.1719517483, -7.5656472651, 0.0 ], [ 110.1719528474, -7.5656441756, 0.0 ], [ 110.1719703325, -7.5656493011, 0.0 ], [ 110.1719514482, -7.5657090931, 0.0 ], [ 110.1719454321, -7.5657101724, 0.0 ], [ 110.1718641964, -7.5656880148, 0.0 ], [ 110.171784058, -7.5656636768, 0.0 ], [ 110.1716782945, -7.5656338903, 0.0 ], [ 110.1716949359, -7.5655724018, 0.0 ] ] ] ] } },
{ "type": "Feature", "properties": { "FID_Fisnet_Kerban": null, "FID_PL": null, "NAMOBJ": "Kerban", "FCODE": "BA03070040", "METADATA": "TASWIL1000020230928_DATA_BATAS_DESAKELURAHAN", "SRS_ID": "SRGI 2013", "KDCPUM": "33.08.11", "KDEPUM": "33.08.11.2002", "KDPKAB": "33.08", "KDPPUM": "33", "WADMKC": "Tempuran", "WADMKD": "Sumberarum", "WADMKK": "Magelang", "WADMPR": "Jawa Tengah", "DUSUN": "Kerban", "Toponimi": "Dusun Kerban", "Shape_Leng": 3646.39056914, "Shape_Le_1": null, "KETERANGAN": "1", "KET_DETAIL": "Gudang", "PL": "7", "Shape_Length": 92.706918951531364, "Shape_Area": 371.96002767096115 }, "geometry": { "type": "MultiPolygon", "coordinates": [ [ [ [ 110.1721562674, -7.565717483, 0.0 ], [ 110.1721403232, -7.5657641873, 0.0 ], [ 110.1721084459, -7.5657566712, 0.0 ], [ 110.1720895065, -7.5657499068, 0.0 ], [ 110.1720799958, -7.565748238, 0.0 ], [ 110.1720769359, -7.5657477013, 0.0 ], [ 110.1720577702, -7.5657416501, 0.0 ], [ 110.172064594, -7.5657215428, 0.0 ], [ 110.1720573677, -7.5657188518, 0.0 ], [ 110.1721377933, -7.5654661349, 0.0 ], [ 110.1721632139, -7.565419084, 0.0 ], [ 110.1722187367, -7.5654504673, 0.0 ], [ 110.1722185365, -7.5654599233, 0.0 ], [ 110.1722365664, -7.5654659587, 0.0 ], [ 110.1721810143, -7.5656415182, 0.0 ], [ 110.1721562674, -7.565717483, 0.0 ] ] ] ] } },
{ "type": "Feature", "properties": { "FID_Fisnet_Kerban": null, "FID_PL": null, "NAMOBJ": "Kerban", "FCODE": "BA03070040", "METADATA": "TASWIL1000020230928_DATA_BATAS_DESAKELURAHAN", "SRS_ID": "SRGI 2013", "KDCPUM": "33.08.11", "KDEPUM": "33.08.11.2002", "KDPKAB": "33.08", "KDPPUM": "33", "WADMKC": "Tempuran", "WADMKD": "Sumberarum", "WADMKK": "Magelang", "WADMPR": "Jawa Tengah", "DUSUN": "Kerban", "Toponimi": "Dusun Kerban", "Shape_Leng": 3646.39056914, "Shape_Le_1": null, "KETERANGAN": "2", "KET_DETAIL": "Rumah", "PL": "2", "Shape_Length": 62.601840930361583, "Shape_Area": 194.37851004537967 }, "geometry": { "type": "MultiPolygon", "coordinates": [ [ [ [ 110.1719433011, -7.5659017223, 0.0 ], [ 110.1719404253, -7.5659167756, 0.0 ], [ 110.1719876567, -7.5659350508, 0.0 ], [ 110.1719762094, -7.5659659994, 0.0 ], [ 110.1719435645, -7.5660691786, 0.0 ], [ 110.171916521, -7.5660622614, 0.0 ], [ 110.1719108852, -7.5660820362, 0.0 ], [ 110.1718699656, -7.5660720662, 0.0 ], [ 110.1718715023, -7.5660614776, 0.0 ], [ 110.171844338, -7.5660556075, 0.0 ], [ 110.1718951019, -7.5659041507, 0.0 ], [ 110.1719153803, -7.5659099091, 0.0 ], [ 110.1719250992, -7.565890322, 0.0 ], [ 110.17193592, -7.5658903426, 0.0 ], [ 110.1719444545, -7.5658943367, 0.0 ], [ 110.1719433011, -7.5659017223, 0.0 ] ] ] ] } },
{ "type": "Feature", "properties": { "FID_Fisnet_Kerban": null, "FID_PL": null, "NAMOBJ": "Kerban", "FCODE": "BA03070040", "METADATA": "TASWIL1000020230928_DATA_BATAS_DESAKELURAHAN", "SRS_ID": "SRGI 2013", "KDCPUM": "33.08.11", "KDEPUM": "33.08.11.2002", "KDPKAB": "33.08", "KDPPUM": "33", "WADMKC": "Tempuran", "WADMKD": "Sumberarum", "WADMKK": "Magelang", "WADMPR": "Jawa Tengah", "DUSUN": "Kerban", "Toponimi": "Dusun Kerban", "Shape_Leng": 3646.39056914, "Shape_Le_1": null, "KETERANGAN": "2", "KET_DETAIL": "Rumah", "PL": "2", "Shape_Length": 57.75758107485315, "Shape_Area": 168.76087972483722 }, "geometry": { "type": "MultiPolygon", "coordinates": [ [ [ [ 110.1716582983, -7.5661530033, 0.0 ], [ 110.1717165312, -7.5661650314, 0.0 ], [ 110.1716988466, -7.5662530554, 0.0 ], [ 110.1716959061, -7.5662640402, 0.0 ], [ 110.171670042, -7.5662575032, 0.0 ], [ 110.171663608, -7.5662908601, 0.0 ], [ 110.17166241, -7.566293109, 0.0 ], [ 110.171623336, -7.566284965, 0.0 ], [ 110.1715827101, -7.5662778537, 0.0 ], [ 110.1715877368, -7.5662513791, 0.0 ], [ 110.1715873281, -7.5662484822, 0.0 ], [ 110.1715695586, -7.5662465734, 0.0 ], [ 110.1715796444, -7.5662023779, 0.0 ], [ 110.1715946358, -7.5662042605, 0.0 ], [ 110.1715975571, -7.566203339, 0.0 ], [ 110.1716049221, -7.5661685268, 0.0 ], [ 110.1716335754, -7.5661740109, 0.0 ], [ 110.1716383849, -7.5661569379, 0.0 ], [ 110.1716537735, -7.5661596155, 0.0 ], [ 110.1716548433, -7.566155248, 0.0 ], [ 110.1716582983, -7.5661530033, 0.0 ] ] ] ] } },
{ "type": "Feature", "properties": { "FID_Fisnet_Kerban": null, "FID_PL": null, "NAMOBJ": "Kerban", "FCODE": "BA03070040", "METADATA": "TASWIL1000020230928_DATA_BATAS_DESAKELURAHAN", "SRS_ID": "SRGI 2013", "KDCPUM": "33.08.11", "KDEPUM": "33.08.11.2002", "KDPKAB": "33.08", "KDPPUM": "33", "WADMKC": "Tempuran", "WADMKD": "Sumberarum", "WADMKK": "Magelang", "WADMPR": "Jawa Tengah", "DUSUN": "Kerban", "Toponimi": "Dusun Kerban", "Shape_Leng": 3646.39056914, "Shape_Le_1": null, "KETERANGAN": "2", "KET_DETAIL": "Rumah", "PL": "2", "Shape_Length": 27.065053570779291, "Shape_Area": 46.279453489668654 }, "geometry": { "type": "MultiPolygon", "coordinates": [ [ [ [ 110.1715871192, -7.5661793513, 0.0 ], [ 110.1715616402, -7.5661795679, 0.0 ], [ 110.171560582, -7.5661778447, 0.0 ], [ 110.1715246264, -7.566174333, 0.0 ], [ 110.1715245014, -7.5661704932, 0.0 ], [ 110.1715157781, -7.5661699692, 0.0 ], [ 110.1715187383, -7.5661306245, 0.0 ], [ 110.1715272451, -7.5661234898, 0.0 ], [ 110.1715325564, -7.5661217787, 0.0 ], [ 110.1715908059, -7.5661250677, 0.0 ], [ 110.1715871192, -7.5661793513, 0.0 ] ] ] ] } },
{ "type": "Feature", "properties": { "FID_Fisnet_Kerban": null, "FID_PL": null, "NAMOBJ": "Kerban", "FCODE": "BA03070040", "METADATA": "TASWIL1000020230928_DATA_BATAS_DESAKELURAHAN", "SRS_ID": "SRGI 2013", "KDCPUM": "33.08.11", "KDEPUM": "33.08.11.2002", "KDPKAB": "33.08", "KDPPUM": "33", "WADMKC": "Tempuran", "WADMKD": "Sumberarum", "WADMKK": "Magelang", "WADMPR": "Jawa Tengah", "DUSUN": "Kerban", "Toponimi": "Dusun Kerban", "Shape_Leng": 3646.39056914, "Shape_Le_1": null, "KETERANGAN": "1", "KET_DETAIL": "Sekolah", "PL": "5", "Shape_Length": 130.29427294350242, "Shape_Area": 661.27891600557257 }, "geometry": { "type": "MultiPolygon", "coordinates": [ [ [ [ 110.1711032987, -7.5666887559, 0.0 ], [ 110.171148141, -7.5666974527, 0.0 ], [ 110.171147926, -7.5667013832, 0.0 ], [ 110.1711651309, -7.5667036916, 0.0 ], [ 110.1711521299, -7.5667802213, 0.0 ], [ 110.1712381538, -7.5667932122, 0.0 ], [ 110.1712417085, -7.5667777016, 0.0 ], [ 110.1714134448, -7.5668006717, 0.0 ], [ 110.1713962769, -7.5669327785, 0.0 ], [ 110.1712606263, -7.5669083927, 0.0 ], [ 110.1710149064, -7.5668642201, 0.0 ], [ 110.1710544602, -7.5666804368, 0.0 ], [ 110.1710547079, -7.5666793311, 0.0 ], [ 110.1711032987, -7.5666887559, 0.0 ] ] ] ] } },
{ "type": "Feature", "properties": { "FID_Fisnet_Kerban": null, "FID_PL": null, "NAMOBJ": "Kerban", "FCODE": "BA03070040", "METADATA": "TASWIL1000020230928_DATA_BATAS_DESAKELURAHAN", "SRS_ID": "SRGI 2013", "KDCPUM": "33.08.11", "KDEPUM": "33.08.11.2002", "KDPKAB": "33.08", "KDPPUM": "33", "WADMKC": "Tempuran", "WADMKD": "Sumberarum", "WADMKK": "Magelang", "WADMPR": "Jawa Tengah", "DUSUN": "Kerban", "Toponimi": "Dusun Kerban", "Shape_Leng": 3646.39056914, "Shape_Le_1": null, "KETERANGAN": "1", "KET_DETAIL": "Sekolah", "PL": "5", "Shape_Length": 158.70631965875316, "Shape_Area": 654.40600453434502 }, "geometry": { "type": "MultiPolygon", "coordinates": [ [ [ [ 110.1714102686, -7.5660654748, 0.0 ], [ 110.1714069198, -7.5660899509, 0.0 ], [ 110.1714083244, -7.5660953678, 0.0 ], [ 110.1714135114, -7.5660970256, 0.0 ], [ 110.1714042308, -7.566139146, 0.0 ], [ 110.1714021021, -7.5661417315, 0.0 ], [ 110.1713870102, -7.5661384078, 0.0 ], [ 110.1713848784, -7.5661431116, 0.0 ], [ 110.1713815632, -7.5661494611, 0.0 ], [ 110.1713365199, -7.5661406653, 0.0 ], [ 110.1713028005, -7.5661323623, 0.0 ], [ 110.1712957241, -7.5661318776, 0.0 ], [ 110.1712926505, -7.5661351677, 0.0 ], [ 110.1712878885, -7.5661582293, 0.0 ], [ 110.1713227867, -7.5661672409, 0.0 ], [ 110.1713232455, -7.5661738327, 0.0 ], [ 110.1713020901, -7.5662571261, 0.0 ], [ 110.171292107, -7.5662964213, 0.0 ], [ 110.1713248775, -7.5663075481, 0.0 ], [ 110.1713091875, -7.5663706077, 0.0 ], [ 110.1712815991, -7.5663632579, 0.0 ], [ 110.171276408, -7.5663637184, 0.0 ], [ 110.1712497697, -7.5664768999, 0.0 ], [ 110.1712397803, -7.5665194892, 0.0 ], [ 110.1712362336, -7.56652372, 0.0 ], [ 110.1711848285, -7.5665109107, 0.0 ], [ 110.1711821333, -7.5665101367, 0.0 ], [ 110.1711518174, -7.5665014304, 0.0 ], [ 110.1711394168, -7.5664994116, 0.0 ], [ 110.1711888715, -7.5663060423, 0.0 ], [ 110.1711924464, -7.5663065312, 0.0 ], [ 110.1712237086, -7.5661785404, 0.0 ], [ 110.1712315997, -7.5661449033, 0.0 ], [ 110.1712357755, -7.566145889, 0.0 ], [ 110.1712647773, -7.5660301225, 0.0 ], [ 110.1714102686, -7.5660654748, 0.0 ] ] ] ] } },
{ "type": "Feature", "properties": { "FID_Fisnet_Kerban": null, "FID_PL": null, "NAMOBJ": "Kerban", "FCODE": "BA03070040", "METADATA": "TASWIL1000020230928_DATA_BATAS_DESAKELURAHAN", "SRS_ID": "SRGI 2013", "KDCPUM": "33.08.11", "KDEPUM": "33.08.11.2002", "KDPKAB": "33.08", "KDPPUM": "33", "WADMKC": "Tempuran", "WADMKD": "Sumberarum", "WADMKK": "Magelang", "WADMPR": "Jawa Tengah", "DUSUN": "Kerban", "Toponimi": "Dusun Kerban", "Shape_Leng": 3646.39056914, "Shape_Le_1": null, "KETERANGAN": "2", "KET_DETAIL": "Rumah", "PL": "2", "Shape_Length": 41.448241567361215, "Shape_Area": 107.67270337431431 }, "geometry": { "type": "MultiPolygon", "coordinates": [ [ [ [ 110.1769250144, -7.5701329644, 0.0 ], [ 110.1769281509, -7.5701338223, 0.0 ], [ 110.1769296399, -7.5701344393, 0.0 ], [ 110.1769276865, -7.5701396933, 0.0 ], [ 110.1769176996, -7.570173039, 0.0 ], [ 110.1769034283, -7.5702206168, 0.0 ], [ 110.176810207, -7.5701943989, 0.0 ], [ 110.1768184835, -7.5701614814, 0.0 ], [ 110.1768261496, -7.570134971, 0.0 ], [ 110.1768344146, -7.5701081633, 0.0 ], [ 110.1769250144, -7.5701329644, 0.0 ] ] ] ] } },
{ "type": "Feature", "properties": { "FID_Fisnet_Kerban": null, "FID_PL": null, "NAMOBJ": "Kerban", "FCODE": "BA03070040", "METADATA": "TASWIL1000020230928_DATA_BATAS_DESAKELURAHAN", "SRS_ID": "SRGI 2013", "KDCPUM": "33.08.11", "KDEPUM": "33.08.11.2002", "KDPKAB": "33.08", "KDPPUM": "33", "WADMKC": "Tempuran", "WADMKD": "Sumberarum", "WADMKK": "Magelang", "WADMPR": "Jawa Tengah", "DUSUN": "Kerban", "Toponimi": "Dusun Kerban", "Shape_Leng": 3646.39056914, "Shape_Le_1": null, "KETERANGAN": "2", "KET_DETAIL": "Rumah", "PL": "2", "Shape_Length": 44.159881724813928, "Shape_Area": 99.579618081900847 }, "geometry": { "type": "MultiPolygon", "coordinates": [ [ [ [ 110.1765437323, -7.5704273968, 0.0 ], [ 110.1766258539, -7.5704729534, 0.0 ], [ 110.1766276563, -7.5704703654, 0.0 ], [ 110.1766396174, -7.570478096, 0.0 ], [ 110.1766448061, -7.5704807876, 0.0 ], [ 110.1766445251, -7.5704812683, 0.0 ], [ 110.1766326914, -7.5705014819, 0.0 ], [ 110.1766250335, -7.5705145626, 0.0 ], [ 110.1766216719, -7.5705210594, 0.0 ], [ 110.1766163626, -7.5705183631, 0.0 ], [ 110.1766026878, -7.570510887, 0.0 ], [ 110.176594359, -7.570527843, 0.0 ], [ 110.1765686634, -7.5705149617, 0.0 ], [ 110.176560753, -7.5705302632, 0.0 ], [ 110.1765023169, -7.5705011768, 0.0 ], [ 110.1765437323, -7.5704273968, 0.0 ] ] ] ] } },
{ "type": "Feature", "properties": { "FID_Fisnet_Kerban": null, "FID_PL": null, "NAMOBJ": "Kerban", "FCODE": "BA03070040", "METADATA": "TASWIL1000020230928_DATA_BATAS_DESAKELURAHAN", "SRS_ID": "SRGI 2013", "KDCPUM": "33.08.11", "KDEPUM": "33.08.11.2002", "KDPKAB": "33.08", "KDPPUM": "33", "WADMKC": "Tempuran", "WADMKD": "Sumberarum", "WADMKK": "Magelang", "WADMPR": "Jawa Tengah", "DUSUN": "Kerban", "Toponimi": "Dusun Kerban", "Shape_Leng": 3646.39056914, "Shape_Le_1": null, "KETERANGAN": "2", "KET_DETAIL": "Rumah", "PL": "2", "Shape_Length": 45.115304476263901, "Shape_Area": 120.42555753412057 }, "geometry": { "type": "MultiPolygon", "coordinates": [ [ [ [ 110.1771107116, -7.570192281, 0.0 ], [ 110.1771095356, -7.5701972218, 0.0 ], [ 110.1770173198, -7.570180444, 0.0 ], [ 110.1770181921, -7.5701759857, 0.0 ], [ 110.1770386343, -7.5700716153, 0.0 ], [ 110.1770397147, -7.5700687601, 0.0 ], [ 110.1770805943, -7.5700781344, 0.0 ], [ 110.1771081138, -7.5700851717, 0.0 ], [ 110.177104562, -7.5701126405, 0.0 ], [ 110.1771257858, -7.570118036, 0.0 ], [ 110.1771107116, -7.570192281, 0.0 ] ] ] ] } },
{ "type": "Feature", "properties": { "FID_Fisnet_Kerban": null, "FID_PL": null, "NAMOBJ": "Kerban", "FCODE": "BA03070040", "METADATA": "TASWIL1000020230928_DATA_BATAS_DESAKELURAHAN", "SRS_ID": "SRGI 2013", "KDCPUM": "33.08.11", "KDEPUM": "33.08.11.2002", "KDPKAB": "33.08", "KDPPUM": "33", "WADMKC": "Tempuran", "WADMKD": "Sumberarum", "WADMKK": "Magelang", "WADMPR": "Jawa Tengah", "DUSUN": "Kerban", "Toponimi": "Dusun Kerban", "Shape_Leng": 3646.39056914, "Shape_Le_1": null, "KETERANGAN": "2", "KET_DETAIL": "Rumah", "PL": "2", "Shape_Length": 55.350820316986201, "Shape_Area": 186.27208900483527 }, "geometry": { "type": "MultiPolygon", "coordinates": [ [ [ [ 110.1716334523, -7.5659810258, 0.0 ], [ 110.171627968, -7.5661052948, 0.0 ], [ 110.1715277787, -7.5660951046, 0.0 ], [ 110.1715027979, -7.5660917078, 0.0 ], [ 110.1715053758, -7.566042243, 0.0 ], [ 110.1715007477, -7.5660422342, 0.0 ], [ 110.1715020557, -7.5660122793, 0.0 ], [ 110.1715070586, -7.5660125384, 0.0 ], [ 110.1715093971, -7.5659750783, 0.0 ], [ 110.1716334523, -7.5659810258, 0.0 ] ] ] ] } },
{ "type": "Feature", "properties": { "FID_Fisnet_Kerban": null, "FID_PL": null, "NAMOBJ": "Kerban", "FCODE": "BA03070040", "METADATA": "TASWIL1000020230928_DATA_BATAS_DESAKELURAHAN", "SRS_ID": "SRGI 2013", "KDCPUM": "33.08.11", "KDEPUM": "33.08.11.2002", "KDPKAB": "33.08", "KDPPUM": "33", "WADMKC": "Tempuran", "WADMKD": "Sumberarum", "WADMKK": "Magelang", "WADMPR": "Jawa Tengah", "DUSUN": "Kerban", "Toponimi": "Dusun Kerban", "Shape_Leng": 3646.39056914, "Shape_Le_1": null, "KETERANGAN": "2", "KET_DETAIL": "Rumah", "PL": "2", "Shape_Length": 78.428521411635529, "Shape_Area": 251.52563193995124 }, "geometry": { "type": "MultiPolygon", "coordinates": [ [ [ [ 110.1716699963, -7.5658538238, 0.0 ], [ 110.1716687442, -7.5658953624, 0.0 ], [ 110.1716716681, -7.565899269, 0.0 ], [ 110.1716708678, -7.5659092141, 0.0 ], [ 110.1717304793, -7.5659103033, 0.0 ], [ 110.1717301356, -7.5659883169, 0.0 ], [ 110.1716334523, -7.5659810258, 0.0 ], [ 110.1715093971, -7.5659750783, 0.0 ], [ 110.1715093744, -7.5659736673, 0.0 ], [ 110.1715052919, -7.5659736595, 0.0 ], [ 110.1715083971, -7.565933871, 0.0 ], [ 110.1715356291, -7.5659341732, 0.0 ], [ 110.1715356207, -7.5659385672, 0.0 ], [ 110.1715475495, -7.5659384298, 0.0 ], [ 110.1715506929, -7.5658932894, 0.0 ], [ 110.1715620767, -7.565893311, 0.0 ], [ 110.1715635434, -7.5658661622, 0.0 ], [ 110.1715638507, -7.5658604473, 0.0 ], [ 110.1716191605, -7.5658628923, 0.0 ], [ 110.1716201592, -7.5658515819, 0.0 ], [ 110.1716699963, -7.5658538238, 0.0 ] ] ] ] } },
{ "type": "Feature", "properties": { "FID_Fisnet_Kerban": null, "FID_PL": null, "NAMOBJ": "Kerban", "FCODE": "BA03070040", "METADATA": "TASWIL1000020230928_DATA_BATAS_DESAKELURAHAN", "SRS_ID": "SRGI 2013", "KDCPUM": "33.08.11", "KDEPUM": "33.08.11.2002", "KDPKAB": "33.08", "KDPPUM": "33", "WADMKC": "Tempuran", "WADMKD": "Sumberarum", "WADMKK": "Magelang", "WADMPR": "Jawa Tengah", "DUSUN": "Kerban", "Toponimi": "Dusun Kerban", "Shape_Leng": 3646.39056914, "Shape_Le_1": null, "KETERANGAN": "2", "KET_DETAIL": "Rumah", "PL": "2", "Shape_Length": 68.829419556420135, "Shape_Area": 139.58771717945828 }, "geometry": { "type": "MultiPolygon", "coordinates": [ [ [ [ 110.1716699963, -7.5658538238, 0.0 ], [ 110.1716201592, -7.5658515819, 0.0 ], [ 110.1716191605, -7.5658628923, 0.0 ], [ 110.1715638507, -7.5658604473, 0.0 ], [ 110.1715635434, -7.5658661622, 0.0 ], [ 110.1715249756, -7.5658664037, 0.0 ], [ 110.1715253884, -7.5658466822, 0.0 ], [ 110.1714949924, -7.5658457507, 0.0 ], [ 110.171496319, -7.5658065584, 0.0 ], [ 110.1715323387, -7.5658097473, 0.0 ], [ 110.1715972557, -7.5658126176, 0.0 ], [ 110.1715995444, -7.5657931493, 0.0 ], [ 110.1716523281, -7.5657959956, 0.0 ], [ 110.1716553316, -7.5657952524, 0.0 ], [ 110.1716568781, -7.5657714141, 0.0 ], [ 110.1716828914, -7.5657743343, 0.0 ], [ 110.1717124047, -7.5657785094, 0.0 ], [ 110.1717087606, -7.5658199594, 0.0 ], [ 110.1716730017, -7.5658150154, 0.0 ], [ 110.1716699963, -7.5658538238, 0.0 ] ] ] ] } },
{ "type": "Feature", "properties": { "FID_Fisnet_Kerban": null, "FID_PL": null, "NAMOBJ": "Kerban", "FCODE": "BA03070040", "METADATA": "TASWIL1000020230928_DATA_BATAS_DESAKELURAHAN", "SRS_ID": "SRGI 2013", "KDCPUM": "33.08.11", "KDEPUM": "33.08.11.2002", "KDPKAB": "33.08", "KDPPUM": "33", "WADMKC": "Tempuran", "WADMKD": "Sumberarum", "WADMKK": "Magelang", "WADMPR": "Jawa Tengah", "DUSUN": "Kerban", "Toponimi": "Dusun Kerban", "Shape_Leng": 3646.39056914, "Shape_Le_1": null, "KETERANGAN": "2", "KET_DETAIL": "Rumah", "PL": "2", "Shape_Length": 64.296928922348016, "Shape_Area": 215.6998027198033 }, "geometry": { "type": "MultiPolygon", "coordinates": [ [ [ [ 110.1772717648, -7.569552041, 0.0 ], [ 110.1772450072, -7.569635581, 0.0 ], [ 110.1772256461, -7.5696301872, 0.0 ], [ 110.1772051252, -7.5696245614, 0.0 ], [ 110.177201156, -7.5696254856, 0.0 ], [ 110.177198101, -7.5696375854, 0.0 ], [ 110.1771973326, -7.5696407885, 0.0 ], [ 110.1771952266, -7.5696495725, 0.0 ], [ 110.1771548519, -7.5696364455, 0.0 ], [ 110.177156579, -7.5696305217, 0.0 ], [ 110.1771594717, -7.5696117275, 0.0 ], [ 110.1771315172, -7.5696017616, 0.0 ], [ 110.1771530295, -7.5695329565, 0.0 ], [ 110.1771587178, -7.56951262, 0.0 ], [ 110.1771708739, -7.5694691636, 0.0 ], [ 110.1771734694, -7.5694598831, 0.0 ], [ 110.1772686181, -7.5694887022, 0.0 ], [ 110.1772698682, -7.5694891125, 0.0 ], [ 110.1772542741, -7.5695468868, 0.0 ], [ 110.1772717648, -7.569552041, 0.0 ] ] ] ] } },
{ "type": "Feature", "properties": { "FID_Fisnet_Kerban": null, "FID_PL": null, "NAMOBJ": "Kerban", "FCODE": "BA03070040", "METADATA": "TASWIL1000020230928_DATA_BATAS_DESAKELURAHAN", "SRS_ID": "SRGI 2013", "KDCPUM": "33.08.11", "KDEPUM": "33.08.11.2002", "KDPKAB": "33.08", "KDPPUM": "33", "WADMKC": "Tempuran", "WADMKD": "Sumberarum", "WADMKK": "Magelang", "WADMPR": "Jawa Tengah", "DUSUN": "Kerban", "Toponimi": "Dusun Kerban", "Shape_Leng": 3646.39056914, "Shape_Le_1": null, "KETERANGAN": "2", "KET_DETAIL": "Gudang", "PL": "6", "Shape_Length": 23.849113050334928, "Shape_Area": 32.823074094553341 }, "geometry": { "type": "MultiPolygon", "coordinates": [ [ [ [ 110.1760730003, -7.569857137, 0.0 ], [ 110.1760473256, -7.5699196795, 0.0 ], [ 110.1760099952, -7.5699057767, 0.0 ], [ 110.1760379084, -7.569841528, 0.0 ], [ 110.1760730003, -7.569857137, 0.0 ] ] ] ] } },
{ "type": "Feature", "properties": { "FID_Fisnet_Kerban": null, "FID_PL": null, "NAMOBJ": "Kerban", "FCODE": "BA03070040", "METADATA": "TASWIL1000020230928_DATA_BATAS_DESAKELURAHAN", "SRS_ID": "SRGI 2013", "KDCPUM": "33.08.11", "KDEPUM": "33.08.11.2002", "KDPKAB": "33.08", "KDPPUM": "33", "WADMKC": "Tempuran", "WADMKD": "Sumberarum", "WADMKK": "Magelang", "WADMPR": "Jawa Tengah", "DUSUN": "Kerban", "Toponimi": "Dusun Kerban", "Shape_Leng": 3646.39056914, "Shape_Le_1": null, "KETERANGAN": "2", "KET_DETAIL": "Pembuatan Batu Bata", "PL": "6", "Shape_Length": 80.936958144844112, "Shape_Area": 300.91324808241785 }, "geometry": { "type": "MultiPolygon", "coordinates": [ [ [ [ 110.1745802783, -7.5668858867, 0.0 ], [ 110.1745609434, -7.566967372, 0.0 ], [ 110.174287566, -7.5669232565, 0.0 ], [ 110.1743072872, -7.5668311931, 0.0 ], [ 110.1745802783, -7.5668858867, 0.0 ] ] ] ] } },
{ "type": "Feature", "properties": { "FID_Fisnet_Kerban": null, "FID_PL": null, "NAMOBJ": "Kerban", "FCODE": "BA03070040", "METADATA": "TASWIL1000020230928_DATA_BATAS_DESAKELURAHAN", "SRS_ID": "SRGI 2013", "KDCPUM": "33.08.11", "KDEPUM": "33.08.11.2002", "KDPKAB": "33.08", "KDPPUM": "33", "WADMKC": "Tempuran", "WADMKD": "Sumberarum", "WADMKK": "Magelang", "WADMPR": "Jawa Tengah", "DUSUN": "Kerban", "Toponimi": "Dusun Kerban", "Shape_Leng": 3646.39056914, "Shape_Le_1": null, "KETERANGAN": "2", "KET_DETAIL": "Pembuatan Batu Bata", "PL": "6", "Shape_Length": 66.406580027547506, "Shape_Area": 159.68687390743429 }, "geometry": { "type": "MultiPolygon", "coordinates": [ [ [ [ 110.1732989528, -7.5666022809, 0.0 ], [ 110.1732549255, -7.5667062554, 0.0 ], [ 110.1731913046, -7.5666795493, 0.0 ], [ 110.173268176, -7.5665128298, 0.0 ], [ 110.1732486474, -7.5665035833, 0.0 ], [ 110.173260649, -7.5664738088, 0.0 ], [ 110.1732845233, -7.5664814382, 0.0 ], [ 110.1732757844, -7.5665090526, 0.0 ], [ 110.1733213571, -7.5665264753, 0.0 ], [ 110.1732989528, -7.5666022809, 0.0 ] ] ] ] } },
{ "type": "Feature", "properties": { "FID_Fisnet_Kerban": null, "FID_PL": null, "NAMOBJ": "Kerban", "FCODE": "BA03070040", "METADATA": "TASWIL1000020230928_DATA_BATAS_DESAKELURAHAN", "SRS_ID": "SRGI 2013", "KDCPUM": "33.08.11", "KDEPUM": "33.08.11.2002", "KDPKAB": "33.08", "KDPPUM": "33", "WADMKC": "Tempuran", "WADMKD": "Sumberarum", "WADMKK": "Magelang", "WADMPR": "Jawa Tengah", "DUSUN": "Kerban", "Toponimi": "Dusun Kerban", "Shape_Leng": 3646.39056914, "Shape_Le_1": null, "KETERANGAN": null, "KET_DETAIL": "Pembuatan Batu Bata", "PL": "6", "Shape_Length": 90.784107196534521, "Shape_Area": 507.45883784540729 }, "geometry": { "type": "MultiPolygon", "coordinates": [ [ [ [ 110.1761134737, -7.5668585153, 0.0 ], [ 110.1760553299, -7.5668753175, 0.0 ], [ 110.1760140025, -7.5666870608, 0.0 ], [ 110.1760087592, -7.5666668131, 0.0 ], [ 110.176123244, -7.5666282805, 0.0 ], [ 110.1761792679, -7.5666089146, 0.0 ], [ 110.1762476767, -7.5668286822, 0.0 ], [ 110.1762252957, -7.5668342088, 0.0 ], [ 110.1761792929, -7.5668455699, 0.0 ], [ 110.1761134737, -7.5668585153, 0.0 ] ] ] ] } },
{ "type": "Feature", "properties": { "FID_Fisnet_Kerban": null, "FID_PL": null, "NAMOBJ": "Kerban", "FCODE": "BA03070040", "METADATA": "TASWIL1000020230928_DATA_BATAS_DESAKELURAHAN", "SRS_ID": "SRGI 2013", "KDCPUM": "33.08.11", "KDEPUM": "33.08.11.2002", "KDPKAB": "33.08", "KDPPUM": "33", "WADMKC": "Tempuran", "WADMKD": "Sumberarum", "WADMKK": "Magelang", "WADMPR": "Jawa Tengah", "DUSUN": "Kerban", "Toponimi": "Dusun Kerban", "Shape_Leng": 3646.39056914, "Shape_Le_1": null, "KETERANGAN": "2", "KET_DETAIL": "Pembuatan Batu Bata", "PL": "6", "Shape_Length": 62.809392836730176, "Shape_Area": 198.11981188197117 }, "geometry": { "type": "MultiPolygon", "coordinates": [ [ [ [ 110.1762904399, -7.5666114103, 0.0 ], [ 110.1763343594, -7.5666904754, 0.0 ], [ 110.1763233068, -7.5667031526, 0.0 ], [ 110.1763317465, -7.5667251773, 0.0 ], [ 110.1762952349, -7.5667437325, 0.0 ], [ 110.1762833837, -7.5667301655, 0.0 ], [ 110.1762604649, -7.5667377416, 0.0 ], [ 110.1761955962, -7.5666123264, 0.0 ], [ 110.1762055742, -7.5666055806, 0.0 ], [ 110.176188692, -7.5665606837, 0.0 ], [ 110.1762472783, -7.566533706, 0.0 ], [ 110.1762904399, -7.5666114103, 0.0 ] ] ] ] } },
{ "type": "Feature", "properties": { "FID_Fisnet_Kerban": null, "FID_PL": null, "NAMOBJ": "Kerban", "FCODE": "BA03070040", "METADATA": "TASWIL1000020230928_DATA_BATAS_DESAKELURAHAN", "SRS_ID": "SRGI 2013", "KDCPUM": "33.08.11", "KDEPUM": "33.08.11.2002", "KDPKAB": "33.08", "KDPPUM": "33", "WADMKC": "Tempuran", "WADMKD": "Sumberarum", "WADMKK": "Magelang", "WADMPR": "Jawa Tengah", "DUSUN": "Kerban", "Toponimi": "Dusun Kerban", "Shape_Leng": 3646.39056914, "Shape_Le_1": null, "KETERANGAN": "2", "KET_DETAIL": "Rumah", "PL": "2", "Shape_Length": 37.967238717936098, "Shape_Area": 87.660915869709129 }, "geometry": { "type": "MultiPolygon", "coordinates": [ [ [ [ 110.1768027073, -7.5697394307, 0.0 ], [ 110.176777197, -7.5698037591, 0.0 ], [ 110.1766924298, -7.569769585, 0.0 ], [ 110.1766844047, -7.5697669459, 0.0 ], [ 110.1766926842, -7.5697439497, 0.0 ], [ 110.176693179, -7.5697425767, 0.0 ], [ 110.1767037342, -7.5697130273, 0.0 ], [ 110.1767085447, -7.569701999, 0.0 ], [ 110.1767090401, -7.5697008304, 0.0 ], [ 110.1767172026, -7.5697036534, 0.0 ], [ 110.1768037268, -7.5697366595, 0.0 ], [ 110.1768027073, -7.5697394307, 0.0 ] ] ] ] } },
{ "type": "Feature", "properties": { "FID_Fisnet_Kerban": null, "FID_PL": null, "NAMOBJ": "Kerban", "FCODE": "BA03070040", "METADATA": "TASWIL1000020230928_DATA_BATAS_DESAKELURAHAN", "SRS_ID": "SRGI 2013", "KDCPUM": "33.08.11", "KDEPUM": "33.08.11.2002", "KDPKAB": "33.08", "KDPPUM": "33", "WADMKC": "Tempuran", "WADMKD": "Sumberarum", "WADMKK": "Magelang", "WADMPR": "Jawa Tengah", "DUSUN": "Kerban", "Toponimi": "Dusun Kerban", "Shape_Leng": 3646.39056914, "Shape_Le_1": null, "KETERANGAN": "2", "KET_DETAIL": "Rumah", "PL": "2", "Shape_Length": 64.852252561691955, "Shape_Area": 233.6889288351972 }, "geometry": { "type": "MultiPolygon", "coordinates": [ [ [ [ 110.1757749996, -7.5688335655, 0.0 ], [ 110.1758334365, -7.5686524837, 0.0 ], [ 110.1758363201, -7.5686533131, 0.0 ], [ 110.1759270816, -7.5686801244, 0.0 ], [ 110.175915911, -7.5687162926, 0.0 ], [ 110.1759185185, -7.568717382, 0.0 ], [ 110.1759170935, -7.5687236736, 0.0 ], [ 110.1759148103, -7.5687231266, 0.0 ], [ 110.1758754152, -7.5688533745, 0.0 ], [ 110.1758739483, -7.5688535237, 0.0 ], [ 110.1758703085, -7.5688647677, 0.0 ], [ 110.1757749996, -7.5688335655, 0.0 ] ] ] ] } },
{ "type": "Feature", "properties": { "FID_Fisnet_Kerban": null, "FID_PL": null, "NAMOBJ": "Kerban", "FCODE": "BA03070040", "METADATA": "TASWIL1000020230928_DATA_BATAS_DESAKELURAHAN", "SRS_ID": "SRGI 2013", "KDCPUM": "33.08.11", "KDEPUM": "33.08.11.2002", "KDPKAB": "33.08", "KDPPUM": "33", "WADMKC": "Tempuran", "WADMKD": "Sumberarum", "WADMKK": "Magelang", "WADMPR": "Jawa Tengah", "DUSUN": "Kerban", "Toponimi": "Dusun Kerban", "Shape_Leng": 3646.39056914, "Shape_Le_1": null, "KETERANGAN": "2", "KET_DETAIL": "Rumah", "PL": "2", "Shape_Length": 72.135494105986425, "Shape_Area": 242.65799527162406 }, "geometry": { "type": "MultiPolygon", "coordinates": [ [ [ [ 110.1763365781, -7.5678099301, 0.0 ], [ 110.1763847727, -7.5678266953, 0.0 ], [ 110.1763983248, -7.5677860482, 0.0 ], [ 110.1765622769, -7.5678323083, 0.0 ], [ 110.1765593492, -7.5678442212, 0.0 ], [ 110.1765361742, -7.5679385132, 0.0 ], [ 110.1763185598, -7.5678516715, 0.0 ], [ 110.1763219702, -7.5678437727, 0.0 ], [ 110.1763365781, -7.5678099301, 0.0 ] ] ] ] } },
{ "type": "Feature", "properties": { "FID_Fisnet_Kerban": 4, "FID_PL": 0, "NAMOBJ": "Kerban", "FCODE": "BA03070040", "METADATA": "TASWIL1000020230928_DATA_BATAS_DESAKELURAHAN", "SRS_ID": "SRGI 2013", "KDCPUM": "33.08.11", "KDEPUM": "33.08.11.2002", "KDPKAB": "33.08", "KDPPUM": "33", "WADMKC": "Tempuran", "WADMKD": "Sumberarum", "WADMKK": "Magelang", "WADMPR": "Jawa Tengah", "DUSUN": "Kerban", "Toponimi": "Dusun Kerban", "Shape_Leng": 3646.39056914, "Shape_Le_1": 12240.167946899999, "KETERANGAN": null, "KET_DETAIL": " ", "PL": "3", "Shape_Length": 551.41874651936575, "Shape_Area": 1971.6365471020781 }, "geometry": { "type": "MultiPolygon", "coordinates": [ [ [ [ 110.1762209735, -7.5693590611, 0.0 ], [ 110.1768710327, -7.5695685871, 0.0 ], [ 110.1768844439, -7.56957499, 0.0 ], [ 110.1768905402, -7.5695809466, 0.0 ], [ 110.1768941004, -7.5695882363, 0.0 ], [ 110.1768963176, -7.569597307, 0.0 ], [ 110.1768935803, -7.5696148786, 0.0 ], [ 110.1767842857, -7.5699167704, 0.0 ], [ 110.1767815761, -7.5699202657, 0.0 ], [ 110.1767791421, -7.5699223188, 0.0 ], [ 110.1767756056, -7.5699235612, 0.0 ], [ 110.1767718501, -7.5699236273, 0.0 ], [ 110.176765698, -7.569923215, 0.0 ], [ 110.1765564733, -7.5698817617, 0.0 ], [ 110.1764745535, -7.5698722907, 0.0 ], [ 110.1765103871, -7.5697864742, 0.0 ], [ 110.1765126831, -7.5697816974, 0.0 ], [ 110.1766581138, -7.5698337828, 0.0 ], [ 110.1766598297, -7.5698347185, 0.0 ], [ 110.1766685483, -7.569810986, 0.0 ], [ 110.1766844056, -7.5697669432, 0.0 ], [ 110.1766924307, -7.5697695859, 0.0 ], [ 110.176777197, -7.5698037591, 0.0 ], [ 110.1768027073, -7.5697394307, 0.0 ], [ 110.1768037268, -7.5697366595, 0.0 ], [ 110.1768096118, -7.5697206676, 0.0 ], [ 110.1768151637, -7.5697068196, 0.0 ], [ 110.1768355831, -7.5696493366, 0.0 ], [ 110.1767512678, -7.5696168403, 0.0 ], [ 110.1767293588, -7.5696725323, 0.0 ], [ 110.1767172035, -7.5697036543, 0.0 ], [ 110.1767090401, -7.5697008304, 0.0 ], [ 110.1767085438, -7.5697020008, 0.0 ], [ 110.1767037342, -7.5697130273, 0.0 ], [ 110.1766787857, -7.5697034325, 0.0 ], [ 110.1766948769, -7.5696641215, 0.0 ], [ 110.1766639873, -7.5696518435, 0.0 ], [ 110.1766835007, -7.5695994258, 0.0 ], [ 110.1766315723, -7.5695787643, 0.0 ], [ 110.1766226348, -7.5695759752, 0.0 ], [ 110.176602806, -7.5696259511, 0.0 ], [ 110.1765954512, -7.569646052, 0.0 ], [ 110.1765326191, -7.5696250705, 0.0 ], [ 110.176520302, -7.5696625996, 0.0 ], [ 110.1765028689, -7.5697111771, 0.0 ], [ 110.1764890767, -7.569748376, 0.0 ], [ 110.1764816129, -7.5697699953, 0.0 ], [ 110.1764789201, -7.5697689492, 0.0 ], [ 110.1764373099, -7.5697519911, 0.0 ], [ 110.1764555917, -7.5697075766, 0.0 ], [ 110.1764563434, -7.5697079018, 0.0 ], [ 110.1764566117, -7.5697079159, 0.0 ], [ 110.1764631819, -7.5697101009, 0.0 ], [ 110.1764636349, -7.5697082765, 0.0 ], [ 110.1765006284, -7.5696188505, 0.0 ], [ 110.1764235894, -7.5695890126, 0.0 ], [ 110.1763838486, -7.5696764752, 0.0 ], [ 110.1763726333, -7.5697065796, 0.0 ], [ 110.1763558433, -7.5697009591, 0.0 ], [ 110.1763417772, -7.5697353933, 0.0 ], [ 110.1763501727, -7.5697382031, 0.0 ], [ 110.176340566, -7.5697589084, 0.0 ], [ 110.1763279732, -7.5697549257, 0.0 ], [ 110.1763160184, -7.5697835427, 0.0 ], [ 110.1763279123, -7.5697870583, 0.0 ], [ 110.1763192268, -7.569814284, 0.0 ], [ 110.1763213204, -7.569817781, 0.0 ], [ 110.1763963986, -7.5698486573, 0.0 ], [ 110.1763921784, -7.5698591277, 0.0 ], [ 110.1762764732, -7.5698180545, 0.0 ], [ 110.1762375881, -7.5698052513, 0.0 ], [ 110.1761777155, -7.5697885626, 0.0 ], [ 110.1761522023, -7.5697813382, 0.0 ], [ 110.176142299, -7.5697772999, 0.0 ], [ 110.1761343352, -7.5697672288, 0.0 ], [ 110.1761293871, -7.5697537689, 0.0 ], [ 110.1761291334, -7.5697494586, 0.0 ], [ 110.1761308501, -7.5697413658, 0.0 ], [ 110.1761429747, -7.5696940001, 0.0 ], [ 110.1761695531, -7.5695421687, 0.0 ], [ 110.1762089336, -7.5693684839, 0.0 ], [ 110.1762112912, -7.5693642219, 0.0 ], [ 110.1762135989, -7.5693608968, 0.0 ], [ 110.1762171688, -7.5693592963, 0.0 ], [ 110.1762209735, -7.5693590611, 0.0 ] ], [ [ 110.1761496947, -7.5696912705, 0.0 ], [ 110.1762421168, -7.5697230224, 0.0 ], [ 110.1762511224, -7.5696990481, 0.0 ], [ 110.1762638095, -7.5697029459, 0.0 ], [ 110.1762704119, -7.5696862689, 0.0 ], [ 110.1763074191, -7.5697013894, 0.0 ], [ 110.176341473, -7.5696196451, 0.0 ], [ 110.1763434022, -7.5696161014, 0.0 ], [ 110.1763639231, -7.5696241367, 0.0 ], [ 110.1763744788, -7.5695948188, 0.0 ], [ 110.1763541931, -7.5695870969, 0.0 ], [ 110.17639171, -7.5694912366, 0.0 ], [ 110.1762410332, -7.5694285597, 0.0 ], [ 110.1762002366, -7.569532168, 0.0 ], [ 110.1762068965, -7.5695348497, 0.0 ], [ 110.1762018268, -7.5695487465, 0.0 ], [ 110.1761926711, -7.5695730164, 0.0 ], [ 110.1761743415, -7.5696249117, 0.0 ], [ 110.1761726209, -7.5696250043, 0.0 ], [ 110.1761714694, -7.5696275772, 0.0 ], [ 110.1761722556, -7.5696288604, 0.0 ], [ 110.1761496947, -7.5696912705, 0.0 ] ] ] ] } },
{ "type": "Feature", "properties": { "FID_Fisnet_Kerban": 4, "FID_PL": 0, "NAMOBJ": "Kerban", "FCODE": "BA03070040", "METADATA": "TASWIL1000020230928_DATA_BATAS_DESAKELURAHAN", "SRS_ID": "SRGI 2013", "KDCPUM": "33.08.11", "KDEPUM": "33.08.11.2002", "KDPKAB": "33.08", "KDPPUM": "33", "WADMKC": "Tempuran", "WADMKD": "Sumberarum", "WADMKK": "Magelang", "WADMPR": "Jawa Tengah", "DUSUN": "Kerban", "Toponimi": "Dusun Kerban", "Shape_Leng": 3646.39056914, "Shape_Le_1": 12240.167946899999, "KETERANGAN": null, "KET_DETAIL": " ", "PL": "3", "Shape_Length": 945.5927452146932, "Shape_Area": 4237.7074442204212 }, "geometry": { "type": "MultiPolygon", "coordinates": [ [ [ [ 110.1754692765, -7.5690939758, 0.0 ], [ 110.1754491923, -7.5690793883, 0.0 ], [ 110.175435712, -7.5690636031, 0.0 ], [ 110.1754245236, -7.5690432654, 0.0 ], [ 110.1754169542, -7.5690212252, 0.0 ], [ 110.1754135024, -7.5689959664, 0.0 ], [ 110.1754133459, -7.5689767512, 0.0 ], [ 110.1754170315, -7.5689785988, 0.0 ], [ 110.1754360471, -7.5689864477, 0.0 ], [ 110.1754384343, -7.5689894904, 0.0 ], [ 110.1754312233, -7.5690068392, 0.0 ], [ 110.1754491496, -7.5690159876, 0.0 ], [ 110.1754667497, -7.5690231826, 0.0 ], [ 110.1754944575, -7.5690341385, 0.0 ], [ 110.1755112804, -7.5689966796, 0.0 ], [ 110.1755285564, -7.5690040937, 0.0 ], [ 110.1755301902, -7.5690024687, 0.0 ], [ 110.1755462512, -7.5689628918, 0.0 ], [ 110.1755285406, -7.5689547234, 0.0 ], [ 110.1755353828, -7.5689396704, 0.0 ], [ 110.1755857283, -7.5689603616, 0.0 ], [ 110.1755881448, -7.5689613529, 0.0 ], [ 110.1756131009, -7.5688919775, 0.0 ], [ 110.1756149402, -7.5688885647, 0.0 ], [ 110.1755333073, -7.568857922, 0.0 ], [ 110.1755328541, -7.5688593493, 0.0 ], [ 110.1755265171, -7.5688751775, 0.0 ], [ 110.1754676228, -7.5688513018, 0.0 ], [ 110.1754737848, -7.5688369294, 0.0 ], [ 110.1754874661, -7.5687927279, 0.0 ], [ 110.1754922293, -7.5687570171, 0.0 ], [ 110.1754951951, -7.5687370011, 0.0 ], [ 110.1754964132, -7.5687236912, 0.0 ], [ 110.1754963253, -7.5687131927, 0.0 ], [ 110.1754943918, -7.5687032316, 0.0 ], [ 110.1754920322, -7.5686894826, 0.0 ], [ 110.175489879, -7.5686806038, 0.0 ], [ 110.1754803781, -7.5686580741, 0.0 ], [ 110.1754704236, -7.5686419012, 0.0 ], [ 110.1754179906, -7.5685539089, 0.0 ], [ 110.1754037496, -7.5685234425, 0.0 ], [ 110.1753971999, -7.568509067, 0.0 ], [ 110.1753930328, -7.5684944101, 0.0 ], [ 110.1753898188, -7.5684799458, 0.0 ], [ 110.1753876501, -7.5684678606, 0.0 ], [ 110.1753866237, -7.5684560633, 0.0 ], [ 110.1753867354, -7.5684478562, 0.0 ], [ 110.1753899022, -7.5684236655, 0.0 ], [ 110.1753918187, -7.5684144624, 0.0 ], [ 110.1753922208, -7.5684136916, 0.0 ], [ 110.1753925365, -7.5684130636, 0.0 ], [ 110.1753931971, -7.5684121793, 0.0 ], [ 110.1753942877, -7.5684111521, 0.0 ], [ 110.1753956928, -7.5684101553, 0.0 ], [ 110.1753977006, -7.5684082154, 0.0 ], [ 110.1753998224, -7.5684068192, 0.0 ], [ 110.1754022882, -7.5684052239, 0.0 ], [ 110.1754044954, -7.5684037999, 0.0 ], [ 110.175406616, -7.5684030604, 0.0 ], [ 110.1754092357, -7.5684029876, 0.0 ], [ 110.1755097426, -7.5684324277, 0.0 ], [ 110.1759664737, -7.5685466746, 0.0 ], [ 110.1759617589, -7.5685669578, 0.0 ], [ 110.1759586057, -7.5685668433, 0.0 ], [ 110.1759537823, -7.5685870177, 0.0 ], [ 110.1759641086, -7.5685897498, 0.0 ], [ 110.1759518481, -7.5686404328, 0.0 ], [ 110.1759375634, -7.5686916972, 0.0 ], [ 110.1760245515, -7.5687136751, 0.0 ], [ 110.1760329558, -7.5687156826, 0.0 ], [ 110.1760317528, -7.5687233883, 0.0 ], [ 110.1760255877, -7.5687484698, 0.0 ], [ 110.17605973, -7.5687542995, 0.0 ], [ 110.1760645161, -7.5687393882, 0.0 ], [ 110.1760831082, -7.5687444956, 0.0 ], [ 110.1760792753, -7.5687585956, 0.0 ], [ 110.1761120992, -7.5687675551, 0.0 ], [ 110.1761172367, -7.5687537841, 0.0 ], [ 110.1761186479, -7.5687543285, 0.0 ], [ 110.1761625088, -7.5687644973, 0.0 ], [ 110.1761563453, -7.5687892395, 0.0 ], [ 110.1762692855, -7.5688174286, 0.0 ], [ 110.176285898, -7.5687484534, 0.0 ], [ 110.176282841, -7.5687477693, 0.0 ], [ 110.1762891779, -7.5687209923, 0.0 ], [ 110.1762975014, -7.5687225339, 0.0 ], [ 110.1763156502, -7.5686498315, 0.0 ], [ 110.1762728543, -7.5686377128, 0.0 ], [ 110.176254029, -7.5687087181, 0.0 ], [ 110.1762402736, -7.5687046228, 0.0 ], [ 110.1762411318, -7.568700386, 0.0 ], [ 110.1762212634, -7.5686939058, 0.0 ], [ 110.1762248616, -7.5686783139, 0.0 ], [ 110.1761737422, -7.568665162, 0.0 ], [ 110.1761696343, -7.5686809221, 0.0 ], [ 110.1761467037, -7.5686764703, 0.0 ], [ 110.1761461896, -7.5686827636, 0.0 ], [ 110.176137372, -7.5686807571, 0.0 ], [ 110.1761491629, -7.5686344264, 0.0 ], [ 110.1761292925, -7.5686294721, 0.0 ], [ 110.1761366498, -7.5686023579, 0.0 ], [ 110.1760992868, -7.5685927929, 0.0 ], [ 110.1760950074, -7.5686095702, 0.0 ], [ 110.176062162, -7.5686024152, 0.0 ], [ 110.1760594677, -7.5686126579, 0.0 ], [ 110.1760509543, -7.5686108563, 0.0 ], [ 110.1760015003, -7.5685985017, 0.0 ], [ 110.1760103888, -7.5685559815, 0.0 ], [ 110.1762913453, -7.5686268343, 0.0 ], [ 110.1762975024, -7.5686293767, 0.0 ], [ 110.1763008763, -7.5686302242, 0.0 ], [ 110.1763048382, -7.5686321691, 0.0 ], [ 110.1763097957, -7.568634957, 0.0 ], [ 110.1763158528, -7.5686390468, 0.0 ], [ 110.1763184398, -7.5686437875, 0.0 ], [ 110.1763211012, -7.5686528374, 0.0 ], [ 110.1763229384, -7.5686614751, 0.0 ], [ 110.1763210493, -7.568680178, 0.0 ], [ 110.1763147907, -7.5687210741, 0.0 ], [ 110.1763097897, -7.5687512826, 0.0 ], [ 110.1763045891, -7.5687777913, 0.0 ], [ 110.176298145, -7.5688079979, 0.0 ], [ 110.1762898302, -7.5688472449, 0.0 ], [ 110.1762839989, -7.5688803307, 0.0 ], [ 110.176279411, -7.5689097177, 0.0 ], [ 110.1762713009, -7.5689499935, 0.0 ], [ 110.1762658947, -7.5689758849, 0.0 ], [ 110.1762600043, -7.5690023969, 0.0 ], [ 110.1762538935, -7.569020825, 0.0 ], [ 110.1762465025, -7.5690470817, 0.0 ], [ 110.1762435009, -7.5690621004, 0.0 ], [ 110.1762413218, -7.5690721198, 0.0 ], [ 110.176238382, -7.5690841855, 0.0 ], [ 110.1762356646, -7.5690937181, 0.0 ], [ 110.1762330448, -7.5691072089, 0.0 ], [ 110.1761843007, -7.5692766793, 0.0 ], [ 110.1761739144, -7.5692945757, 0.0 ], [ 110.176165615, -7.5693022517, 0.0 ], [ 110.1761559435, -7.5693060223, 0.0 ], [ 110.1761475408, -7.5693074988, 0.0 ], [ 110.1761330771, -7.5693045328, 0.0 ], [ 110.1758376806, -7.5692146784, 0.0 ], [ 110.175700957, -7.5691738384, 0.0 ], [ 110.1757018132, -7.5691692715, 0.0 ], [ 110.1757070959, -7.569143937, 0.0 ], [ 110.1757152457, -7.5691458175, 0.0 ], [ 110.1757226667, -7.5691467495, 0.0 ], [ 110.1757413518, -7.5690723134, 0.0 ], [ 110.175745186, -7.5690565917, 0.0 ], [ 110.1757651935, -7.5689835916, 0.0 ], [ 110.175759055, -7.5689817747, 0.0 ], [ 110.1756515582, -7.5689534275, 0.0 ], [ 110.1756450895, -7.5689517655, 0.0 ], [ 110.1755991107, -7.5691088523, 0.0 ], [ 110.175590951, -7.5691370079, 0.0 ], [ 110.1755895909, -7.5691405735, 0.0 ], [ 110.1755207503, -7.569120011, 0.0 ], [ 110.1754692765, -7.5690939758, 0.0 ] ], [ [ 110.17595783, -7.5689963961, 0.0 ], [ 110.1759473614, -7.5690490489, 0.0 ], [ 110.1759385334, -7.5690477306, 0.0 ], [ 110.1759186599, -7.569043963, 0.0 ], [ 110.1758587087, -7.5690290993, 0.0 ], [ 110.1758421306, -7.5690799297, 0.0 ], [ 110.1758141186, -7.5691923908, 0.0 ], [ 110.1758227816, -7.5691951396, 0.0 ], [ 110.1758632985, -7.5692054387, 0.0 ], [ 110.1758911779, -7.5692143156, 0.0 ], [ 110.1758921827, -7.5692078658, 0.0 ], [ 110.175901338, -7.569169012, 0.0 ], [ 110.1759219924, -7.5691716433, 0.0 ], [ 110.1759208147, -7.5691789086, 0.0 ], [ 110.1759217307, -7.5691791238, 0.0 ], [ 110.1759479648, -7.5691823717, 0.0 ], [ 110.1759952175, -7.569191665, 0.0 ], [ 110.1759972424, -7.5691802579, 0.0 ], [ 110.1759985444, -7.5691733917, 0.0 ], [ 110.1759992302, -7.5691735621, 0.0 ], [ 110.1760246762, -7.5691798919, 0.0 ], [ 110.1760221971, -7.5691918372, 0.0 ], [ 110.1760640741, -7.5691995457, 0.0 ], [ 110.176067063, -7.5691878528, 0.0 ], [ 110.1760719932, -7.5691863362, 0.0 ], [ 110.176092374, -7.5691907832, 0.0 ], [ 110.1760944254, -7.5691845136, 0.0 ], [ 110.1761467422, -7.5691934285, 0.0 ], [ 110.1761644015, -7.5691102132, 0.0 ], [ 110.1761581177, -7.5691085055, 0.0 ], [ 110.1761653367, -7.5690649447, 0.0 ], [ 110.1761305181, -7.5690577579, 0.0 ], [ 110.1761372197, -7.569017929, 0.0 ], [ 110.1761385792, -7.5690108079, 0.0 ], [ 110.1760404161, -7.5689914627, 0.0 ], [ 110.1759665374, -7.5689762335, 0.0 ], [ 110.1759623135, -7.5689757335, 0.0 ], [ 110.17595783, -7.5689963961, 0.0 ] ], [ [ 110.1760869835, -7.5688799267, 0.0 ], [ 110.1761051734, -7.568803724, 0.0 ], [ 110.1761087752, -7.5687857587, 0.0 ], [ 110.1760451575, -7.5687685275, 0.0 ], [ 110.1760375604, -7.5687930228, 0.0 ], [ 110.1760302779, -7.5687912733, 0.0 ], [ 110.176031175, -7.5687770602, 0.0 ], [ 110.1760138882, -7.5687748567, 0.0 ], [ 110.1760123381, -7.5687897199, 0.0 ], [ 110.1760224509, -7.5687898475, 0.0 ], [ 110.1760217776, -7.5688006973, 0.0 ], [ 110.1760192572, -7.5688110019, 0.0 ], [ 110.1760128982, -7.5688384427, 0.0 ], [ 110.1760242027, -7.568841069, 0.0 ], [ 110.1760208059, -7.5688541921, 0.0 ], [ 110.1760198132, -7.5688618946, 0.0 ], [ 110.1760154256, -7.5688817442, 0.0 ], [ 110.1760707463, -7.5688978002, 0.0 ], [ 110.17607977, -7.5688991197, 0.0 ], [ 110.1760843739, -7.5688799217, 0.0 ], [ 110.1760869835, -7.5688799267, 0.0 ] ], [ [ 110.1758754152, -7.5688533745, 0.0 ], [ 110.1759148103, -7.5687231266, 0.0 ], [ 110.1759170935, -7.5687236736, 0.0 ], [ 110.1759185185, -7.568717382, 0.0 ], [ 110.175915911, -7.5687162926, 0.0 ], [ 110.1759270816, -7.5686801244, 0.0 ], [ 110.1758363201, -7.5686533131, 0.0 ], [ 110.1758334365, -7.5686524837, 0.0 ], [ 110.1758532125, -7.5685734864, 0.0 ], [ 110.1758354345, -7.5685678894, 0.0 ], [ 110.1758375798, -7.5685570315, 0.0 ], [ 110.1757768053, -7.5685447305, 0.0 ], [ 110.1757577762, -7.5686390067, 0.0 ], [ 110.1757993582, -7.5686497347, 0.0 ], [ 110.1757936611, -7.568669401, 0.0 ], [ 110.1757424716, -7.568654004, 0.0 ], [ 110.1757372179, -7.5686716812, 0.0 ], [ 110.1757214598, -7.5686663348, 0.0 ], [ 110.1757244144, -7.568657008, 0.0 ], [ 110.1756758316, -7.5686427013, 0.0 ], [ 110.1756700342, -7.5686602707, 0.0 ], [ 110.1756553629, -7.5686559006, 0.0 ], [ 110.175659525, -7.5686402835, 0.0 ], [ 110.1756664291, -7.5686121915, 0.0 ], [ 110.1756350205, -7.5686021494, 0.0 ], [ 110.175633816, -7.5686063783, 0.0 ], [ 110.1756200145, -7.5686016868, 0.0 ], [ 110.1756063194, -7.5685982972, 0.0 ], [ 110.1756066967, -7.56859627, 0.0 ], [ 110.1755722277, -7.5685858874, 0.0 ], [ 110.1755632207, -7.5686167711, 0.0 ], [ 110.1755649594, -7.5686176418, 0.0 ], [ 110.1755574048, -7.5686441044, 0.0 ], [ 110.1755501845, -7.5686668783, 0.0 ], [ 110.1755487674, -7.5686689379, 0.0 ], [ 110.1755490888, -7.5686715425, 0.0 ], [ 110.1755383482, -7.5687080009, 0.0 ], [ 110.1755753169, -7.5687180355, 0.0 ], [ 110.17556775, -7.5687514427, 0.0 ], [ 110.1755870976, -7.5687562541, 0.0 ], [ 110.1755846888, -7.5687646051, 0.0 ], [ 110.1756159858, -7.5687761666, 0.0 ], [ 110.1756300932, -7.5687343076, 0.0 ], [ 110.1756330313, -7.5687336619, 0.0 ], [ 110.1756392761, -7.5687090818, 0.0 ], [ 110.1756537123, -7.5687131765, 0.0 ], [ 110.1756431201, -7.5687463772, 0.0 ], [ 110.1756338832, -7.5687427789, 0.0 ], [ 110.1756203359, -7.5687760663, 0.0 ], [ 110.1756209861, -7.5687773691, 0.0 ], [ 110.1756682531, -7.5687972504, 0.0 ], [ 110.175682921, -7.5688034213, 0.0 ], [ 110.1757749996, -7.5688335655, 0.0 ], [ 110.1758703085, -7.5688647677, 0.0 ], [ 110.1758739483, -7.5688535237, 0.0 ], [ 110.1758754152, -7.5688533745, 0.0 ] ] ] ] } },
{ "type": "Feature", "properties": { "FID_Fisnet_Kerban": 4, "FID_PL": 0, "NAMOBJ": "Kerban", "FCODE": "BA03070040", "METADATA": "TASWIL1000020230928_DATA_BATAS_DESAKELURAHAN", "SRS_ID": "SRGI 2013", "KDCPUM": "33.08.11", "KDEPUM": "33.08.11.2002", "KDPKAB": "33.08", "KDPPUM": "33", "WADMKC": "Tempuran", "WADMKD": "Sumberarum", "WADMKK": "Magelang", "WADMPR": "Jawa Tengah", "DUSUN": "Kerban", "Toponimi": "Dusun Kerban", "Shape_Leng": 3646.39056914, "Shape_Le_1": 12240.167946899999, "KETERANGAN": null, "KET_DETAIL": " ", "PL": "3", "Shape_Length": 228.02369057214705, "Shape_Area": 611.27765656536781 }, "geometry": { "type": "MultiPolygon", "coordinates": [ [ [ [ 110.1766451837, -7.5699239715, 0.0 ], [ 110.1767605111, -7.5699563446, 0.0 ], [ 110.1767687738, -7.5699608066, 0.0 ], [ 110.1767740597, -7.5699643758, 0.0 ], [ 110.1767771571, -7.5699690895, 0.0 ], [ 110.1767802841, -7.5699792572, 0.0 ], [ 110.1767672816, -7.5701759668, 0.0 ], [ 110.1767659134, -7.5702368268, 0.0 ], [ 110.1767632762, -7.5702365559, 0.0 ], [ 110.1766325511, -7.5702128024, 0.0 ], [ 110.1766455196, -7.5701415771, 0.0 ], [ 110.1766694729, -7.5701449572, 0.0 ], [ 110.1766750496, -7.5701179952, 0.0 ], [ 110.1766769909, -7.5701181481, 0.0 ], [ 110.1767044836, -7.5699797761, 0.0 ], [ 110.176629432, -7.5699644436, 0.0 ], [ 110.1766258171, -7.5699802398, 0.0 ], [ 110.1766244084, -7.569981214, 0.0 ], [ 110.1765982792, -7.5701013325, 0.0 ], [ 110.1765995203, -7.5701021932, 0.0 ], [ 110.1765946014, -7.5701254553, 0.0 ], [ 110.1765916395, -7.5701247822, 0.0 ], [ 110.1765763392, -7.570200123, 0.0 ], [ 110.1765632756, -7.5701968376, 0.0 ], [ 110.1765354604, -7.5701870329, 0.0 ], [ 110.1765374089, -7.5701804881, 0.0 ], [ 110.1765587459, -7.5701258127, 0.0 ], [ 110.1765791007, -7.5700780257, 0.0 ], [ 110.1765853621, -7.5700585821, 0.0 ], [ 110.1765909245, -7.5700482923, 0.0 ], [ 110.1765910307, -7.5700429516, 0.0 ], [ 110.1766143206, -7.569982255, 0.0 ], [ 110.1765263432, -7.5699511871, 0.0 ], [ 110.1765048612, -7.5700082936, 0.0 ], [ 110.1765032142, -7.5700106747, 0.0 ], [ 110.1765024577, -7.5700157402, 0.0 ], [ 110.1764906332, -7.5700444406, 0.0 ], [ 110.1764883605, -7.5700493802, 0.0 ], [ 110.1764876028, -7.5700526693, 0.0 ], [ 110.1764646166, -7.5700474097, 0.0 ], [ 110.1764561691, -7.5700452836, 0.0 ], [ 110.1764630298, -7.5700266741, 0.0 ], [ 110.1764864873, -7.5699617558, 0.0 ], [ 110.1764536083, -7.5699502845, 0.0 ], [ 110.1764505586, -7.5699586615, 0.0 ], [ 110.1764153216, -7.5699454582, 0.0 ], [ 110.1764316741, -7.5699113295, 0.0 ], [ 110.1764386814, -7.5698986067, 0.0 ], [ 110.1764393708, -7.5698978247, 0.0 ], [ 110.1764445371, -7.569899459, 0.0 ], [ 110.1764558083, -7.5699020056, 0.0 ], [ 110.1764679838, -7.5699032867, 0.0 ], [ 110.1765009642, -7.5699052692, 0.0 ], [ 110.1765131306, -7.5699056025, 0.0 ], [ 110.1765334627, -7.5699075484, 0.0 ], [ 110.1765471517, -7.5699094113, 0.0 ], [ 110.1765672854, -7.5699103683, 0.0 ], [ 110.1765889733, -7.5699114766, 0.0 ], [ 110.1766451837, -7.5699239715, 0.0 ] ] ] ] } },
{ "type": "Feature", "properties": { "FID_Fisnet_Kerban": 2, "FID_PL": 0, "NAMOBJ": "Kerban", "FCODE": "BA03070040", "METADATA": "TASWIL1000020230928_DATA_BATAS_DESAKELURAHAN", "SRS_ID": "SRGI 2013", "KDCPUM": "33.08.11", "KDEPUM": "33.08.11.2002", "KDPKAB": "33.08", "KDPPUM": "33", "WADMKC": "Tempuran", "WADMKD": "Sumberarum", "WADMKK": "Magelang", "WADMPR": "Jawa Tengah", "DUSUN": "Kerban", "Toponimi": "Dusun Kerban", "Shape_Leng": 3646.39056914, "Shape_Le_1": 12240.167946899999, "KETERANGAN": null, "KET_DETAIL": " ", "PL": "3", "Shape_Length": 23.129145835089062, "Shape_Area": 26.981091217621383 }, "geometry": { "type": "MultiPolygon", "coordinates": [ [ [ [ 110.1772717365, -7.5696673688, 0.0 ], [ 110.177269539, -7.5696737377, 0.0 ], [ 110.1771952266, -7.5696495725, 0.0 ], [ 110.1771973326, -7.5696407885, 0.0 ], [ 110.177198101, -7.5696375845, 0.0 ], [ 110.177201156, -7.5696254856, 0.0 ], [ 110.1772051252, -7.5696245614, 0.0 ], [ 110.1772256461, -7.5696301872, 0.0 ], [ 110.1772450072, -7.569635581, 0.0 ], [ 110.1772739223, -7.5696451815, 0.0 ], [ 110.1772769473, -7.5696493786, 0.0 ], [ 110.1772724848, -7.5696652004, 0.0 ], [ 110.1772717365, -7.5696673688, 0.0 ] ] ] ] } },
{ "type": "Feature", "properties": { "FID_Fisnet_Kerban": 4, "FID_PL": 0, "NAMOBJ": "Kerban", "FCODE": "BA03070040", "METADATA": "TASWIL1000020230928_DATA_BATAS_DESAKELURAHAN", "SRS_ID": "SRGI 2013", "KDCPUM": "33.08.11", "KDEPUM": "33.08.11.2002", "KDPKAB": "33.08", "KDPPUM": "33", "WADMKC": "Tempuran", "WADMKD": "Sumberarum", "WADMKK": "Magelang", "WADMPR": "Jawa Tengah", "DUSUN": "Kerban", "Toponimi": "Dusun Kerban", "Shape_Leng": 3646.39056914, "Shape_Le_1": 12240.167946899999, "KETERANGAN": null, "KET_DETAIL": " ", "PL": "3", "Shape_Length": 238.28055791214214, "Shape_Area": 468.29212196539117 }, "geometry": { "type": "MultiPolygon", "coordinates": [ [ [ [ 110.1770713793, -7.5691532704, 0.0 ], [ 110.1770636165, -7.5691863192, 0.0 ], [ 110.1770521863, -7.5691844353, 0.0 ], [ 110.1770396248, -7.5692271095, 0.0 ], [ 110.1770351018, -7.5692418711, 0.0 ], [ 110.1771026817, -7.5692581085, 0.0 ], [ 110.1771409356, -7.5692658643, 0.0 ], [ 110.1771892157, -7.5692773646, 0.0 ], [ 110.1772152811, -7.5692825621, 0.0 ], [ 110.1772118183, -7.5692937087, 0.0 ], [ 110.1771567721, -7.5692819605, 0.0 ], [ 110.1771497299, -7.5693040664, 0.0 ], [ 110.1770613331, -7.5692838751, 0.0 ], [ 110.1770313981, -7.569278218, 0.0 ], [ 110.1770154699, -7.5693506144, 0.0 ], [ 110.1770117412, -7.5693685587, 0.0 ], [ 110.177141614, -7.5694004481, 0.0 ], [ 110.1771831303, -7.5694100724, 0.0 ], [ 110.1771734684, -7.5694598858, 0.0 ], [ 110.1771708739, -7.5694691636, 0.0 ], [ 110.1771172328, -7.5694602418, 0.0 ], [ 110.1771219269, -7.5694455817, 0.0 ], [ 110.1770944065, -7.5694385445, 0.0 ], [ 110.1770887699, -7.5694573941, 0.0 ], [ 110.1770122568, -7.5694451422, 0.0 ], [ 110.1770028394, -7.5694893645, 0.0 ], [ 110.1769921602, -7.5695431909, 0.0 ], [ 110.1770822746, -7.5695605309, 0.0 ], [ 110.1770924134, -7.5695049008, 0.0 ], [ 110.1770954556, -7.5695004827, 0.0 ], [ 110.1771587178, -7.56951262, 0.0 ], [ 110.1771530295, -7.5695329565, 0.0 ], [ 110.1771315172, -7.5696017616, 0.0 ], [ 110.1771594717, -7.5696117275, 0.0 ], [ 110.177156579, -7.5696305208, 0.0 ], [ 110.1771548519, -7.5696364455, 0.0 ], [ 110.1769791886, -7.5695793295, 0.0 ], [ 110.1769639123, -7.5695732352, 0.0 ], [ 110.1769594937, -7.5695721243, 0.0 ], [ 110.1769512277, -7.5695603459, 0.0 ], [ 110.1769477356, -7.5695562953, 0.0 ], [ 110.1769468196, -7.5695537203, 0.0 ], [ 110.1769482883, -7.5695392007, 0.0 ], [ 110.1770170833, -7.5692741398, 0.0 ], [ 110.177054511, -7.5691492381, 0.0 ], [ 110.1770713793, -7.5691532704, 0.0 ] ] ] ] } },
{ "type": "Feature", "properties": { "FID_Fisnet_Kerban": null, "FID_PL": null, "NAMOBJ": "Kerban", "FCODE": "BA03070040", "METADATA": "TASWIL1000020230928_DATA_BATAS_DESAKELURAHAN", "SRS_ID": "SRGI 2013", "KDCPUM": "33.08.11", "KDEPUM": "33.08.11.2002", "KDPKAB": "33.08", "KDPPUM": "33", "WADMKC": "Tempuran", "WADMKD": "Sumberarum", "WADMKK": "Magelang", "WADMPR": "Jawa Tengah", "DUSUN": "Kerban", "Toponimi": "Dusun Kerban", "Shape_Leng": 3646.39056914, "Shape_Le_1": null, "KETERANGAN": "2", "KET_DETAIL": "Rumah", "PL": "2", "Shape_Length": 33.006270131213526, "Shape_Area": 42.529433011607303 }, "geometry": { "type": "MultiPolygon", "coordinates": [ [ [ [ 110.1764078322, -7.5703779117, 0.0 ], [ 110.176455616, -7.5702865606, 0.0 ], [ 110.1764653531, -7.5702912534, 0.0 ], [ 110.176460553, -7.5703020212, 0.0 ], [ 110.1764915872, -7.5703174352, 0.0 ], [ 110.1764821249, -7.5703365906, 0.0 ], [ 110.1764715528, -7.5703310144, 0.0 ], [ 110.1764362054, -7.5703907864, 0.0 ], [ 110.1764338082, -7.5703940045, 0.0 ], [ 110.1764072666, -7.5703788857, 0.0 ], [ 110.1764078322, -7.5703779117, 0.0 ] ] ] ] } },
{ "type": "Feature", "properties": { "FID_Fisnet_Kerban": null, "FID_PL": null, "NAMOBJ": "Kerban", "FCODE": "BA03070040", "METADATA": "TASWIL1000020230928_DATA_BATAS_DESAKELURAHAN", "SRS_ID": "SRGI 2013", "KDCPUM": "33.08.11", "KDEPUM": "33.08.11.2002", "KDPKAB": "33.08", "KDPPUM": "33", "WADMKC": "Tempuran", "WADMKD": "Sumberarum", "WADMKK": "Magelang", "WADMPR": "Jawa Tengah", "DUSUN": "Kerban", "Toponimi": "Dusun Kerban", "Shape_Leng": 3646.39056914, "Shape_Le_1": null, "KETERANGAN": "2", "KET_DETAIL": "Rumah", "PL": "2", "Shape_Length": 27.56197229238213, "Shape_Area": 46.82957473790988 }, "geometry": { "type": "MultiPolygon", "coordinates": [ [ [ [ 110.1771986916, -7.5698572104, 0.0 ], [ 110.1771880736, -7.5699093872, 0.0 ], [ 110.1771175071, -7.5698939799, 0.0 ], [ 110.1771307406, -7.569842595, 0.0 ], [ 110.1771319063, -7.569840667, 0.0 ], [ 110.1771986916, -7.5698572104, 0.0 ] ] ] ] } },
{ "type": "Feature", "properties": { "FID_Fisnet_Kerban": null, "FID_PL": null, "NAMOBJ": "Kerban", "FCODE": "BA03070040", "METADATA": "TASWIL1000020230928_DATA_BATAS_DESAKELURAHAN", "SRS_ID": "SRGI 2013", "KDCPUM": "33.08.11", "KDEPUM": "33.08.11.2002", "KDPKAB": "33.08", "KDPPUM": "33", "WADMKC": "Tempuran", "WADMKD": "Sumberarum", "WADMKK": "Magelang", "WADMPR": "Jawa Tengah", "DUSUN": "Kerban", "Toponimi": "Dusun Kerban", "Shape_Leng": 3646.39056914, "Shape_Le_1": null, "KETERANGAN": "2", "KET_DETAIL": "Rumah", "PL": "2", "Shape_Length": 44.85672976423519, "Shape_Area": 126.02531082847273 }, "geometry": { "type": "MultiPolygon", "coordinates": [ [ [ [ 110.1754898373, -7.5694512094, 0.0 ], [ 110.1755263605, -7.5693560699, 0.0 ], [ 110.1755381771, -7.5693630287, 0.0 ], [ 110.1756193218, -7.569407813, 0.0 ], [ 110.1755947926, -7.5694623404, 0.0 ], [ 110.1755737185, -7.5694983831, 0.0 ], [ 110.1754927585, -7.5694522831, 0.0 ], [ 110.1754898373, -7.5694512094, 0.0 ] ] ] ] } },
{ "type": "Feature", "properties": { "FID_Fisnet_Kerban": null, "FID_PL": null, "NAMOBJ": "Kerban", "FCODE": "BA03070040", "METADATA": "TASWIL1000020230928_DATA_BATAS_DESAKELURAHAN", "SRS_ID": "SRGI 2013", "KDCPUM": "33.08.11", "KDEPUM": "33.08.11.2002", "KDPKAB": "33.08", "KDPPUM": "33", "WADMKC": "Tempuran", "WADMKD": "Sumberarum", "WADMKK": "Magelang", "WADMPR": "Jawa Tengah", "DUSUN": "Kerban", "Toponimi": "Dusun Kerban", "Shape_Leng": 3646.39056914, "Shape_Le_1": null, "KETERANGAN": "2", "KET_DETAIL": "Rumah", "PL": "2", "Shape_Length": 62.019153371110626, "Shape_Area": 186.4972260780697 }, "geometry": { "type": "MultiPolygon", "coordinates": [ [ [ [ 110.1760333867, -7.5689900104, 0.0 ], [ 110.1759972424, -7.5691802579, 0.0 ], [ 110.1759952166, -7.5691916677, 0.0 ], [ 110.1759479639, -7.5691823717, 0.0 ], [ 110.1759217298, -7.5691791229, 0.0 ], [ 110.1759208147, -7.5691789086, 0.0 ], [ 110.1759219924, -7.5691716442, 0.0 ], [ 110.1759234379, -7.5691627233, 0.0 ], [ 110.1759368268, -7.5690977516, 0.0 ], [ 110.1759412221, -7.569073887, 0.0 ], [ 110.1759425284, -7.5690733477, 0.0 ], [ 110.1759473614, -7.5690490489, 0.0 ], [ 110.1759578309, -7.5689963943, 0.0 ], [ 110.1759623135, -7.5689757335, 0.0 ], [ 110.1759665365, -7.5689762335, 0.0 ], [ 110.1760333867, -7.5689900104, 0.0 ] ] ] ] } },
{ "type": "Feature", "properties": { "FID_Fisnet_Kerban": null, "FID_PL": null, "NAMOBJ": "Kerban", "FCODE": "BA03070040", "METADATA": "TASWIL1000020230928_DATA_BATAS_DESAKELURAHAN", "SRS_ID": "SRGI 2013", "KDCPUM": "33.08.11", "KDEPUM": "33.08.11.2002", "KDPKAB": "33.08", "KDPPUM": "33", "WADMKC": "Tempuran", "WADMKD": "Sumberarum", "WADMKK": "Magelang", "WADMPR": "Jawa Tengah", "DUSUN": "Kerban", "Toponimi": "Dusun Kerban", "Shape_Leng": 3646.39056914, "Shape_Le_1": null, "KETERANGAN": "2", "KET_DETAIL": "Rumah", "PL": "2", "Shape_Length": 45.883273448920946, "Shape_Area": 84.309620249658323 }, "geometry": { "type": "MultiPolygon", "coordinates": [ [ [ [ 110.1749060716, -7.5679848682, 0.0 ], [ 110.1748880881, -7.5680788018, 0.0 ], [ 110.1748746721, -7.5680764003, 0.0 ], [ 110.1748649046, -7.5681211438, 0.0 ], [ 110.1748320265, -7.5681178643, 0.0 ], [ 110.1748456009, -7.568051273, 0.0 ], [ 110.1748504314, -7.5680239957, 0.0 ], [ 110.174861787, -7.5679721035, 0.0 ], [ 110.1748645292, -7.5679581498, 0.0 ], [ 110.1748670818, -7.567958549, 0.0 ], [ 110.1749086949, -7.5679657488, 0.0 ], [ 110.1749060716, -7.5679848682, 0.0 ] ] ] ] } },
{ "type": "Feature", "properties": { "FID_Fisnet_Kerban": null, "FID_PL": null, "NAMOBJ": "Kerban", "FCODE": "BA03070040", "METADATA": "TASWIL1000020230928_DATA_BATAS_DESAKELURAHAN", "SRS_ID": "SRGI 2013", "KDCPUM": "33.08.11", "KDEPUM": "33.08.11.2002", "KDPKAB": "33.08", "KDPPUM": "33", "WADMKC": "Tempuran", "WADMKD": "Sumberarum", "WADMKK": "Magelang", "WADMPR": "Jawa Tengah", "DUSUN": "Kerban", "Toponimi": "Dusun Kerban", "Shape_Leng": 3646.39056914, "Shape_Le_1": null, "KETERANGAN": "2", "KET_DETAIL": "Rumah", "PL": "2", "Shape_Length": 52.633915313131766, "Shape_Area": 113.71304577929429 }, "geometry": { "type": "MultiPolygon", "coordinates": [ [ [ [ 110.1758380116, -7.568282321, 0.0 ], [ 110.1757940345, -7.5684522191, 0.0 ], [ 110.1757937137, -7.5684550703, 0.0 ], [ 110.1757757451, -7.5684514799, 0.0 ], [ 110.1757743827, -7.5684600907, 0.0 ], [ 110.1757441206, -7.5684534525, 0.0 ], [ 110.1757563978, -7.568402547, 0.0 ], [ 110.1757682978, -7.5683450842, 0.0 ], [ 110.1757862057, -7.5682713086, 0.0 ], [ 110.1758380116, -7.568282321, 0.0 ] ] ] ] } },
{ "type": "Feature", "properties": { "FID_Fisnet_Kerban": null, "FID_PL": null, "NAMOBJ": "Kerban", "FCODE": "BA03070040", "METADATA": "TASWIL1000020230928_DATA_BATAS_DESAKELURAHAN", "SRS_ID": "SRGI 2013", "KDCPUM": "33.08.11", "KDEPUM": "33.08.11.2002", "KDPKAB": "33.08", "KDPPUM": "33", "WADMKC": "Tempuran", "WADMKD": "Sumberarum", "WADMKK": "Magelang", "WADMPR": "Jawa Tengah", "DUSUN": "Kerban", "Toponimi": "Dusun Kerban", "Shape_Leng": 3646.39056914, "Shape_Le_1": null, "KETERANGAN": "2", "KET_DETAIL": "Rumah", "PL": "2", "Shape_Length": 57.562902334229257, "Shape_Area": 175.09017402489019 }, "geometry": { "type": "MultiPolygon", "coordinates": [ [ [ [ 110.1760354279, -7.5682910217, 0.0 ], [ 110.1759999361, -7.5684532342, 0.0 ], [ 110.1759987146, -7.5684597279, 0.0 ], [ 110.1759780975, -7.5684556215, 0.0 ], [ 110.1759661435, -7.5684527516, 0.0 ], [ 110.175938221, -7.5684460481, 0.0 ], [ 110.1759169496, -7.5684409419, 0.0 ], [ 110.1759116738, -7.5684392243, 0.0 ], [ 110.1759165428, -7.5684212641, 0.0 ], [ 110.1759214286, -7.5683996653, 0.0 ], [ 110.17593693, -7.568331133, 0.0 ], [ 110.1759376951, -7.5683277498, 0.0 ], [ 110.1759421623, -7.5683060977, 0.0 ], [ 110.1759442133, -7.5683066904, 0.0 ], [ 110.1759663056, -7.5683105247, 0.0 ], [ 110.1759756626, -7.5682757053, 0.0 ], [ 110.1760201243, -7.5682878696, 0.0 ], [ 110.1760310289, -7.5682901153, 0.0 ], [ 110.1760354279, -7.5682910217, 0.0 ] ] ] ] } },
{ "type": "Feature", "properties": { "FID_Fisnet_Kerban": null, "FID_PL": null, "NAMOBJ": "Kerban", "FCODE": "BA03070040", "METADATA": "TASWIL1000020230928_DATA_BATAS_DESAKELURAHAN", "SRS_ID": "SRGI 2013", "KDCPUM": "33.08.11", "KDEPUM": "33.08.11.2002", "KDPKAB": "33.08", "KDPPUM": "33", "WADMKC": "Tempuran", "WADMKD": "Sumberarum", "WADMKK": "Magelang", "WADMPR": "Jawa Tengah", "DUSUN": "Kerban", "Toponimi": "Dusun Kerban", "Shape_Leng": 3646.39056914, "Shape_Le_1": null, "KETERANGAN": "2", "KET_DETAIL": "Rumah", "PL": "2", "Shape_Length": 46.562821797639742, "Shape_Area": 135.11475486345103 }, "geometry": { "type": "MultiPolygon", "coordinates": [ [ [ [ 110.1765079173, -7.5683952644, 0.0 ], [ 110.1764940872, -7.5684849476, 0.0 ], [ 110.1763969478, -7.5684692585, 0.0 ], [ 110.1764058427, -7.5684195306, 0.0 ], [ 110.1764170151, -7.5683556201, 0.0 ], [ 110.1765100415, -7.5683730579, 0.0 ], [ 110.1765103593, -7.5683746567, 0.0 ], [ 110.1765079173, -7.5683952644, 0.0 ] ] ] ] } },
{ "type": "Feature", "properties": { "FID_Fisnet_Kerban": null, "FID_PL": null, "NAMOBJ": "Kerban", "FCODE": "BA03070040", "METADATA": "TASWIL1000020230928_DATA_BATAS_DESAKELURAHAN", "SRS_ID": "SRGI 2013", "KDCPUM": "33.08.11", "KDEPUM": "33.08.11.2002", "KDPKAB": "33.08", "KDPPUM": "33", "WADMKC": "Tempuran", "WADMKD": "Sumberarum", "WADMKK": "Magelang", "WADMPR": "Jawa Tengah", "DUSUN": "Kerban", "Toponimi": "Dusun Kerban", "Shape_Leng": 3646.39056914, "Shape_Le_1": null, "KETERANGAN": "2", "KET_DETAIL": "Rumah", "PL": "2", "Shape_Length": 52.003155058015238, "Shape_Area": 167.89385367770743 }, "geometry": { "type": "MultiPolygon", "coordinates": [ [ [ [ 110.1773463233, -7.5687367033, 0.0 ], [ 110.1773731606, -7.5687469249, 0.0 ], [ 110.1773424582, -7.5688448179, 0.0 ], [ 110.1772432135, -7.5688145222, 0.0 ], [ 110.1772258506, -7.5688089097, 0.0 ], [ 110.1772140988, -7.5688041299, 0.0 ], [ 110.1772149198, -7.5688023333, 0.0 ], [ 110.1772606548, -7.5687018267, 0.0 ], [ 110.1772662486, -7.5687041066, 0.0 ], [ 110.1773463233, -7.5687367033, 0.0 ] ] ] ] } },
{ "type": "Feature", "properties": { "FID_Fisnet_Kerban": 2, "FID_PL": 0, "NAMOBJ": "Kerban", "FCODE": "BA03070040", "METADATA": "TASWIL1000020230928_DATA_BATAS_DESAKELURAHAN", "SRS_ID": "SRGI 2013", "KDCPUM": "33.08.11", "KDEPUM": "33.08.11.2002", "KDPKAB": "33.08", "KDPPUM": "33", "WADMKC": "Tempuran", "WADMKD": "Sumberarum", "WADMKK": "Magelang", "WADMPR": "Jawa Tengah", "DUSUN": "Kerban", "Toponimi": "Dusun Kerban", "Shape_Leng": 3646.39056914, "Shape_Le_1": 12240.167946899999, "KETERANGAN": null, "KET_DETAIL": " ", "PL": "26", "Shape_Length": 202.12353694789408, "Shape_Area": 1981.27757465882 }, "geometry": { "type": "MultiPolygon", "coordinates": [ [ [ [ 110.1728828107, -7.5656291804, 0.0 ], [ 110.172864593, -7.5657055719, 0.0 ], [ 110.1727440992, -7.5661639122, 0.0 ], [ 110.1727302143, -7.5662240005, 0.0 ], [ 110.1727146516, -7.5662617566, 0.0 ], [ 110.1726965646, -7.5662694502, 0.0 ], [ 110.1726621537, -7.5662625154, 0.0 ], [ 110.1724686082, -7.5662166346, 0.0 ], [ 110.1724608727, -7.566211467, 0.0 ], [ 110.1724833655, -7.5661496802, 0.0 ], [ 110.1726820992, -7.5655686552, 0.0 ], [ 110.1726856349, -7.5655630343, 0.0 ], [ 110.1727004448, -7.5655602485, 0.0 ], [ 110.1727571692, -7.5655747772, 0.0 ], [ 110.1728681519, -7.565603128, 0.0 ], [ 110.1728825953, -7.5656080794, 0.0 ], [ 110.1728843494, -7.5656123039, 0.0 ], [ 110.1728828107, -7.5656291804, 0.0 ] ] ] ] } },
{ "type": "Feature", "properties": { "FID_Fisnet_Kerban": 2, "FID_PL": 0, "NAMOBJ": "Kerban", "FCODE": "BA03070040", "METADATA": "TASWIL1000020230928_DATA_BATAS_DESAKELURAHAN", "SRS_ID": "SRGI 2013", "KDCPUM": "33.08.11", "KDEPUM": "33.08.11.2002", "KDPKAB": "33.08", "KDPPUM": "33", "WADMKC": "Tempuran", "WADMKD": "Sumberarum", "WADMKK": "Magelang", "WADMPR": "Jawa Tengah", "DUSUN": "Kerban", "Toponimi": "Dusun Kerban", "Shape_Leng": 3646.39056914, "Shape_Le_1": 12240.167946899999, "KETERANGAN": null, "KET_DETAIL": " ", "PL": "23", "Shape_Length": 205.17584881595971, "Shape_Area": 1913.7828233189364 }, "geometry": { "type": "MultiPolygon", "coordinates": [ [ [ [ 110.1726821019, -7.5655686562, 0.0 ], [ 110.1724833655, -7.5661496802, 0.0 ], [ 110.1724608736, -7.5662114643, 0.0 ], [ 110.1724492947, -7.5662353532, 0.0 ], [ 110.1724421593, -7.5662405947, 0.0 ], [ 110.1724269798, -7.5662399473, 0.0 ], [ 110.1722481293, -7.5661969443, 0.0 ], [ 110.1722383137, -7.5661878691, 0.0 ], [ 110.1722368455, -7.5661644682, 0.0 ], [ 110.1722832244, -7.5660385112, 0.0 ], [ 110.1724853235, -7.5655175377, 0.0 ], [ 110.1724896963, -7.5655093342, 0.0 ], [ 110.1725022884, -7.5655059763, 0.0 ], [ 110.1726821019, -7.5655686562, 0.0 ] ] ] ] } },
{ "type": "Feature", "properties": { "FID_Fisnet_Kerban": 2, "FID_PL": 0, "NAMOBJ": "Kerban", "FCODE": "BA03070040", "METADATA": "TASWIL1000020230928_DATA_BATAS_DESAKELURAHAN", "SRS_ID": "SRGI 2013", "KDCPUM": "33.08.11", "KDEPUM": "33.08.11.2002", "KDPKAB": "33.08", "KDPPUM": "33", "WADMKC": "Tempuran", "WADMKD": "Sumberarum", "WADMKK": "Magelang", "WADMPR": "Jawa Tengah", "DUSUN": "Kerban", "Toponimi": "Dusun Kerban", "Shape_Leng": 3646.39056914, "Shape_Le_1": 12240.167946899999, "KETERANGAN": null, "KET_DETAIL": " ", "PL": "32", "Shape_Length": 157.66838623719443, "Shape_Area": 1550.2655904723231 }, "geometry": { "type": "MultiPolygon", "coordinates": [ [ [ [ 110.173776419, -7.5658440185, 0.0 ], [ 110.1737749441, -7.5658655342, 0.0 ], [ 110.1737669201, -7.5658966983, 0.0 ], [ 110.1737496361, -7.5659645262, 0.0 ], [ 110.1737336121, -7.5660146268, 0.0 ], [ 110.173664056, -7.5662074826, 0.0 ], [ 110.1736610278, -7.5661983596, 0.0 ], [ 110.1736067507, -7.5661795159, 0.0 ], [ 110.1735986398, -7.5661739289, 0.0 ], [ 110.173399808, -7.566097069, 0.0 ], [ 110.1733556791, -7.5660802705, 0.0 ], [ 110.1733480787, -7.566073165, 0.0 ], [ 110.1733257975, -7.5660452647, 0.0 ], [ 110.173315165, -7.5660310622, 0.0 ], [ 110.1733131491, -7.5660234608, 0.0 ], [ 110.1733905475, -7.5658954604, 0.0 ], [ 110.1734435833, -7.5657664009, 0.0 ], [ 110.1734512078, -7.5657608437, 0.0 ], [ 110.1734567885, -7.5657623738, 0.0 ], [ 110.1737464651, -7.5658470035, 0.0 ], [ 110.1737677812, -7.5658485634, 0.0 ], [ 110.173776419, -7.5658440185, 0.0 ] ] ] ] } },
{ "type": "Feature", "properties": { "FID_Fisnet_Kerban": 2, "FID_PL": 0, "NAMOBJ": "Kerban", "FCODE": "BA03070040", "METADATA": "TASWIL1000020230928_DATA_BATAS_DESAKELURAHAN", "SRS_ID": "SRGI 2013", "KDCPUM": "33.08.11", "KDEPUM": "33.08.11.2002", "KDPKAB": "33.08", "KDPPUM": "33", "WADMKC": "Tempuran", "WADMKD": "Sumberarum", "WADMKK": "Magelang", "WADMPR": "Jawa Tengah", "DUSUN": "Kerban", "Toponimi": "Dusun Kerban", "Shape_Leng": 3646.39056914, "Shape_Le_1": 12240.167946899999, "KETERANGAN": null, "KET_DETAIL": " ", "PL": "32", "Shape_Length": 1596.7790843951936, "Shape_Area": 12970.331751136519 }, "geometry": { "type": "MultiPolygon", "coordinates": [ [ [ [ 110.1718915665, -7.5648358955, 0.0 ], [ 110.1718742213, -7.564871983, 0.0 ], [ 110.1718719045, -7.5648748377, 0.0 ], [ 110.1718699022, -7.5648781841, 0.0 ], [ 110.1718586595, -7.5648750577, 0.0 ], [ 110.1718451993, -7.5648720934, 0.0 ], [ 110.1718436645, -7.564871755, 0.0 ], [ 110.1718419711, -7.5648713755, 0.0 ], [ 110.1718404653, -7.5648714983, 0.0 ], [ 110.171839021, -7.5648721839, 0.0 ], [ 110.1718387019, -7.5648750632, 0.0 ], [ 110.1718247622, -7.5649353268, 0.0 ], [ 110.1718259836, -7.5649374682, 0.0 ], [ 110.1718295022, -7.564939462, 0.0 ], [ 110.1718393004, -7.5649419263, 0.0 ], [ 110.1720643359, -7.5650240329, 0.0 ], [ 110.1721897745, -7.5646579458, 0.0 ], [ 110.1722494209, -7.5646787083, 0.0 ], [ 110.1722235543, -7.564748677, 0.0 ], [ 110.1721466838, -7.5649296681, 0.0 ], [ 110.1722274258, -7.5649554263, 0.0 ], [ 110.1722120942, -7.564991761, 0.0 ], [ 110.1721471005, -7.5651138034, 0.0 ], [ 110.1721423926, -7.5651151855, 0.0 ], [ 110.1721202661, -7.5651132305, 0.0 ], [ 110.1721120053, -7.5651135151, 0.0 ], [ 110.1721104801, -7.5651147785, 0.0 ], [ 110.1721089527, -7.5651171815, 0.0 ], [ 110.1721049465, -7.5651247019, 0.0 ], [ 110.1720569881, -7.565304223, 0.0 ], [ 110.1720587249, -7.5653075303, 0.0 ], [ 110.1720675977, -7.5653151982, 0.0 ], [ 110.1720752456, -7.5653221202, 0.0 ], [ 110.1720825926, -7.5653294795, 0.0 ], [ 110.1720965561, -7.5653356275, 0.0 ], [ 110.172384179, -7.5654079595, 0.0 ], [ 110.1724078055, -7.5654095356, 0.0 ], [ 110.1724124527, -7.5654095445, 0.0 ], [ 110.1724189598, -7.5654086297, 0.0 ], [ 110.1724267865, -7.5654059121, 0.0 ], [ 110.1724684853, -7.5652904437, 0.0 ], [ 110.1724785427, -7.5652853795, 0.0 ], [ 110.1724908553, -7.5652755106, 0.0 ], [ 110.1724995969, -7.5652664254, 0.0 ], [ 110.1725035745, -7.5652601015, 0.0 ], [ 110.1725238907, -7.5651822832, 0.0 ], [ 110.1727094588, -7.5646888141, 0.0 ], [ 110.1727234938, -7.5646616972, 0.0 ], [ 110.1728053531, -7.564690038, 0.0 ], [ 110.1734281044, -7.564849722, 0.0 ], [ 110.1734147876, -7.5648981038, 0.0 ], [ 110.1733462105, -7.5648738196, 0.0 ], [ 110.1733446667, -7.5648781717, 0.0 ], [ 110.1733317118, -7.5648750285, 0.0 ], [ 110.1733091389, -7.5648680511, 0.0 ], [ 110.1732681503, -7.5648610387, 0.0 ], [ 110.173240714, -7.5648533583, 0.0 ], [ 110.1732191461, -7.5648450504, 0.0 ], [ 110.1731950599, -7.5649240059, 0.0 ], [ 110.17321051, -7.5649286969, 0.0 ], [ 110.1731873688, -7.5649859836, 0.0 ], [ 110.1731764853, -7.5650203107, 0.0 ], [ 110.1731698673, -7.5650304284, 0.0 ], [ 110.1731591933, -7.5650380058, 0.0 ], [ 110.1731454885, -7.5650440516, 0.0 ], [ 110.1731413237, -7.5650477783, 0.0 ], [ 110.1731404111, -7.5650509938, 0.0 ], [ 110.1730650581, -7.5653058878, 0.0 ], [ 110.1730403095, -7.5653604273, 0.0 ], [ 110.1730264983, -7.5654161172, 0.0 ], [ 110.1729959054, -7.5655305106, 0.0 ], [ 110.1729909985, -7.5655483304, 0.0 ], [ 110.1729913008, -7.5655600007, 0.0 ], [ 110.1729955117, -7.5655668167, 0.0 ], [ 110.1730094636, -7.5655742979, 0.0 ], [ 110.173178657, -7.5656272831, 0.0 ], [ 110.1731853458, -7.5656318688, 0.0 ], [ 110.1731881329, -7.565649109, 0.0 ], [ 110.1731781711, -7.5656972792, 0.0 ], [ 110.1731687933, -7.5657386993, 0.0 ], [ 110.1728744877, -7.5656640686, 0.0 ], [ 110.1728828108, -7.5656291786, 0.0 ], [ 110.1728843494, -7.5656123039, 0.0 ], [ 110.1728825953, -7.5656080794, 0.0 ], [ 110.1728681519, -7.565603128, 0.0 ], [ 110.1727571692, -7.5655747772, 0.0 ], [ 110.1727004448, -7.5655602485, 0.0 ], [ 110.1726856349, -7.5655630343, 0.0 ], [ 110.1726821019, -7.5655686562, 0.0 ], [ 110.1725022884, -7.5655059763, 0.0 ], [ 110.1724896963, -7.5655093342, 0.0 ], [ 110.1724853235, -7.5655175377, 0.0 ], [ 110.1722832244, -7.5660385112, 0.0 ], [ 110.1722368455, -7.5661644682, 0.0 ], [ 110.1722383137, -7.5661878691, 0.0 ], [ 110.1722481293, -7.5661969443, 0.0 ], [ 110.1724269798, -7.5662399473, 0.0 ], [ 110.1724421593, -7.5662405947, 0.0 ], [ 110.1724492947, -7.5662353532, 0.0 ], [ 110.1724608736, -7.5662114643, 0.0 ], [ 110.1724686082, -7.5662166346, 0.0 ], [ 110.1726621537, -7.5662625154, 0.0 ], [ 110.1726965646, -7.5662694502, 0.0 ], [ 110.1727146516, -7.5662617566, 0.0 ], [ 110.1727302143, -7.5662240005, 0.0 ], [ 110.1727440973, -7.5661639122, 0.0 ], [ 110.173059246, -7.5662273263, 0.0 ], [ 110.1735973285, -7.5663304381, 0.0 ], [ 110.1736049692, -7.5663402354, 0.0 ], [ 110.1736135829, -7.5663469033, 0.0 ], [ 110.173638064, -7.5663619243, 0.0 ], [ 110.1739016106, -7.5664366582, 0.0 ], [ 110.1739737269, -7.5664536164, 0.0 ], [ 110.1739392286, -7.5665630965, 0.0 ], [ 110.1739190324, -7.5666117755, 0.0 ], [ 110.1739070258, -7.5666427991, 0.0 ], [ 110.1735014323, -7.5665019868, 0.0 ], [ 110.1732228262, -7.5664273896, 0.0 ], [ 110.1729774948, -7.5663786277, 0.0 ], [ 110.172893811, -7.5663657873, 0.0 ], [ 110.1724776404, -7.5662838484, 0.0 ], [ 110.1721304254, -7.5662184519, 0.0 ], [ 110.1722443456, -7.5657976851, 0.0 ], [ 110.1721403232, -7.5657641873, 0.0 ], [ 110.1721562674, -7.565717483, 0.0 ], [ 110.1721810143, -7.5656415182, 0.0 ], [ 110.1722365664, -7.5654659587, 0.0 ], [ 110.1722185365, -7.5654599233, 0.0 ], [ 110.1722187367, -7.5654504673, 0.0 ], [ 110.1721632139, -7.565419084, 0.0 ], [ 110.1721744781, -7.565382416, 0.0 ], [ 110.1721099221, -7.5653618069, 0.0 ], [ 110.1720645642, -7.5653478659, 0.0 ], [ 110.1720641193, -7.5653463754, 0.0 ], [ 110.1720615072, -7.5653462221, 0.0 ], [ 110.1720593406, -7.565347335, 0.0 ], [ 110.1719649401, -7.5653232377, 0.0 ], [ 110.1716387528, -7.5652186019, 0.0 ], [ 110.1715751952, -7.5651959315, 0.0 ], [ 110.1714514005, -7.5651514201, 0.0 ], [ 110.1714464323, -7.5650089448, 0.0 ], [ 110.1714442374, -7.5649735618, 0.0 ], [ 110.1714649855, -7.5649758778, 0.0 ], [ 110.1716958004, -7.5650260402, 0.0 ], [ 110.1717321774, -7.5648485233, 0.0 ], [ 110.1718118218, -7.5646237352, 0.0 ], [ 110.1718423558, -7.5646339967, 0.0 ], [ 110.1718851141, -7.5646488797, 0.0 ], [ 110.1718239389, -7.5648066617, 0.0 ], [ 110.1718261731, -7.5648115176, 0.0 ], [ 110.1718474711, -7.5648201398, 0.0 ], [ 110.1718915665, -7.5648358955, 0.0 ] ], [ [ 110.1727214767, -7.5649830397, 0.0 ], [ 110.1727085288, -7.5649828994, 0.0 ], [ 110.1727031725, -7.564984472, 0.0 ], [ 110.1726990027, -7.5649874317, 0.0 ], [ 110.172696817, -7.5649899999, 0.0 ], [ 110.17268822, -7.5649983519, 0.0 ], [ 110.1726246971, -7.5651800902, 0.0 ], [ 110.1726236683, -7.5651891014, 0.0 ], [ 110.1726246479, -7.5651954347, 0.0 ], [ 110.1726282117, -7.565198409, 0.0 ], [ 110.1726481568, -7.5652083283, 0.0 ], [ 110.1729662809, -7.5653229653, 0.0 ], [ 110.1729756575, -7.5653212048, 0.0 ], [ 110.1729797315, -7.5653180749, 0.0 ], [ 110.1730332338, -7.5651739621, 0.0 ], [ 110.1730545858, -7.5650980885, 0.0 ], [ 110.1730553096, -7.5650925752, 0.0 ], [ 110.1730553149, -7.5650898057, 0.0 ], [ 110.1730527708, -7.5650858619, 0.0 ], [ 110.1727214767, -7.5649830397, 0.0 ] ] ] ] } },
{ "type": "Feature", "properties": { "FID_Fisnet_Kerban": 2, "FID_PL": 0, "NAMOBJ": "Kerban", "FCODE": "BA03070040", "METADATA": "TASWIL1000020230928_DATA_BATAS_DESAKELURAHAN", "SRS_ID": "SRGI 2013", "KDCPUM": "33.08.11", "KDEPUM": "33.08.11.2002", "KDPKAB": "33.08", "KDPPUM": "33", "WADMKC": "Tempuran", "WADMKD": "Sumberarum", "WADMKK": "Magelang", "WADMPR": "Jawa Tengah", "DUSUN": "Kerban", "Toponimi": "Dusun Kerban", "Shape_Leng": 3646.39056914, "Shape_Le_1": 12240.167946899999, "KETERANGAN": null, "KET_DETAIL": " ", "PL": "23", "Shape_Length": 307.92821470266409, "Shape_Area": 5855.9161214694195 }, "geometry": { "type": "MultiPolygon", "coordinates": [ [ [ [ 110.1728198316, -7.5674337156, 0.0 ], [ 110.1727565618, -7.5674106163, 0.0 ], [ 110.1727047707, -7.5674047745, 0.0 ], [ 110.1726117961, -7.5674769042, 0.0 ], [ 110.172376221, -7.5674504903, 0.0 ], [ 110.1721959044, -7.567430272, 0.0 ], [ 110.1719915808, -7.5674073642, 0.0 ], [ 110.1721832617, -7.5667846956, 0.0 ], [ 110.1722237726, -7.5667556174, 0.0 ], [ 110.1722619792, -7.56675569, 0.0 ], [ 110.1724439241, -7.5668098602, 0.0 ], [ 110.1728999718, -7.5669116458, 0.0 ], [ 110.1729044112, -7.5669408093, 0.0 ], [ 110.1728863374, -7.5669901137, 0.0 ], [ 110.1728198316, -7.5674337156, 0.0 ] ] ] ] } },
{ "type": "Feature", "properties": { "FID_Fisnet_Kerban": 2, "FID_PL": 0, "NAMOBJ": "Kerban", "FCODE": "BA03070040", "METADATA": "TASWIL1000020230928_DATA_BATAS_DESAKELURAHAN", "SRS_ID": "SRGI 2013", "KDCPUM": "33.08.11", "KDEPUM": "33.08.11.2002", "KDPKAB": "33.08", "KDPPUM": "33", "WADMKC": "Tempuran", "WADMKD": "Sumberarum", "WADMKK": "Magelang", "WADMPR": "Jawa Tengah", "DUSUN": "Kerban", "Toponimi": "Dusun Kerban", "Shape_Leng": 3646.39056914, "Shape_Le_1": 12240.167946899999, "KETERANGAN": null, "KET_DETAIL": " ", "PL": "26", "Shape_Length": 203.35126179140119, "Shape_Area": 2315.9534401897317 }, "geometry": { "type": "MultiPolygon", "coordinates": [ [ [ [ 110.1730077292, -7.5693619298, 0.0 ], [ 110.172941832, -7.5693936262, 0.0 ], [ 110.1729221247, -7.5693848922, 0.0 ], [ 110.1729106211, -7.5693754638, 0.0 ], [ 110.1726485309, -7.5689154198, 0.0 ], [ 110.1726028653, -7.5688320466, 0.0 ], [ 110.1726094529, -7.5688108291, 0.0 ], [ 110.1727716792, -7.5687033544, 0.0 ], [ 110.1727913187, -7.5687033917, 0.0 ], [ 110.1731456411, -7.5691319283, 0.0 ], [ 110.1731766489, -7.5691777132, 0.0 ], [ 110.1731667425, -7.5692234205, 0.0 ], [ 110.1730896644, -7.5693065609, 0.0 ], [ 110.1730077292, -7.5693619298, 0.0 ] ] ] ] } },
{ "type": "Feature", "properties": { "FID_Fisnet_Kerban": 2, "FID_PL": 0, "NAMOBJ": "Kerban", "FCODE": "BA03070040", "METADATA": "TASWIL1000020230928_DATA_BATAS_DESAKELURAHAN", "SRS_ID": "SRGI 2013", "KDCPUM": "33.08.11", "KDEPUM": "33.08.11.2002", "KDPKAB": "33.08", "KDPPUM": "33", "WADMKC": "Tempuran", "WADMKD": "Sumberarum", "WADMKK": "Magelang", "WADMPR": "Jawa Tengah", "DUSUN": "Kerban", "Toponimi": "Dusun Kerban", "Shape_Leng": 3646.39056914, "Shape_Le_1": 12240.167946899999, "KETERANGAN": null, "KET_DETAIL": " ", "PL": "29", "Shape_Length": 174.05314666018137, "Shape_Area": 1776.07117373656 }, "geometry": { "type": "MultiPolygon", "coordinates": [ [ [ [ 110.1730306779, -7.5689928885, 0.0 ], [ 110.1728269101, -7.5687464429, 0.0 ], [ 110.1729258974, -7.5686803738, 0.0 ], [ 110.1729346462, -7.5686623297, 0.0 ], [ 110.1729366984, -7.568640929, 0.0 ], [ 110.1729440964, -7.5686282333, 0.0 ], [ 110.1729884065, -7.5685928662, 0.0 ], [ 110.1730085547, -7.5685728366, 0.0 ], [ 110.1730085827, -7.5685581208, 0.0 ], [ 110.1729938696, -7.5685400322, 0.0 ], [ 110.1729778325, -7.5685132462, 0.0 ], [ 110.1729792062, -7.5684958566, 0.0 ], [ 110.1729899804, -7.5684704592, 0.0 ], [ 110.1730343071, -7.5684263956, 0.0 ], [ 110.1730517524, -7.568417733, 0.0 ], [ 110.1730691747, -7.5684211099, 0.0 ], [ 110.1731280903, -7.5684822597, 0.0 ], [ 110.173271271, -7.5686476671, 0.0 ], [ 110.1733015507, -7.5686978926, 0.0 ], [ 110.1732951908, -7.5687375972, 0.0 ], [ 110.1732898917, -7.5687699866, 0.0 ], [ 110.1732762336, -7.5687919098, 0.0 ], [ 110.1732214367, -7.568862616, 0.0 ], [ 110.1730306779, -7.5689928885, 0.0 ] ] ] ] } },
{ "type": "Feature", "properties": { "FID_Fisnet_Kerban": 2, "FID_PL": 0, "NAMOBJ": "Kerban", "FCODE": "BA03070040", "METADATA": "TASWIL1000020230928_DATA_BATAS_DESAKELURAHAN", "SRS_ID": "SRGI 2013", "KDCPUM": "33.08.11", "KDEPUM": "33.08.11.2002", "KDPKAB": "33.08", "KDPPUM": "33", "WADMKC": "Tempuran", "WADMKD": "Sumberarum", "WADMKK": "Magelang", "WADMPR": "Jawa Tengah", "DUSUN": "Kerban", "Toponimi": "Dusun Kerban", "Shape_Leng": 3646.39056914, "Shape_Le_1": 12240.167946899999, "KETERANGAN": null, "KET_DETAIL": " ", "PL": "23", "Shape_Length": 124.86135387173283, "Shape_Area": 899.54102270663134 }, "geometry": { "type": "MultiPolygon", "coordinates": [ [ [ [ 110.1729778343, -7.568513249, 0.0 ], [ 110.1729938696, -7.5685400322, 0.0 ], [ 110.1730085827, -7.5685581208, 0.0 ], [ 110.1730085547, -7.5685728366, 0.0 ], [ 110.1729884065, -7.5685928662, 0.0 ], [ 110.1729440964, -7.5686282333, 0.0 ], [ 110.1729366984, -7.568640929, 0.0 ], [ 110.1729346462, -7.5686623297, 0.0 ], [ 110.1729258974, -7.5686803738, 0.0 ], [ 110.1728269101, -7.5687464429, 0.0 ], [ 110.1727913187, -7.5687033917, 0.0 ], [ 110.172771681, -7.5687033571, 0.0 ], [ 110.1726698867, -7.5685138983, 0.0 ], [ 110.1726714282, -7.5685055294, 0.0 ], [ 110.1726996842, -7.5684865563, 0.0 ], [ 110.1727844313, -7.5684410534, 0.0 ], [ 110.1727951177, -7.568436507, 0.0 ], [ 110.1727905629, -7.5684250829, 0.0 ], [ 110.1727669812, -7.5683923122, 0.0 ], [ 110.1727692887, -7.5683824224, 0.0 ], [ 110.1728364726, -7.568347541, 0.0 ], [ 110.172846388, -7.5683475598, 0.0 ], [ 110.1729778343, -7.568513249, 0.0 ] ] ] ] } },
{ "type": "Feature", "properties": { "FID_Fisnet_Kerban": 2, "FID_PL": 0, "NAMOBJ": "Kerban", "FCODE": "BA03070040", "METADATA": "TASWIL1000020230928_DATA_BATAS_DESAKELURAHAN", "SRS_ID": "SRGI 2013", "KDCPUM": "33.08.11", "KDEPUM": "33.08.11.2002", "KDPKAB": "33.08", "KDPPUM": "33", "WADMKC": "Tempuran", "WADMKD": "Sumberarum", "WADMKK": "Magelang", "WADMPR": "Jawa Tengah", "DUSUN": "Kerban", "Toponimi": "Dusun Kerban", "Shape_Leng": 3646.39056914, "Shape_Le_1": 12240.167946899999, "KETERANGAN": null, "KET_DETAIL": " ", "PL": "23", "Shape_Length": 448.20653521233623, "Shape_Area": 7390.2507260247048 }, "geometry": { "type": "MultiPolygon", "coordinates": [ [ [ [ 110.1736415424, -7.5688296338, 0.0 ], [ 110.1736153742, -7.5689094066, 0.0 ], [ 110.1736080039, -7.5689347208, 0.0 ], [ 110.1736114109, -7.5689400854, 0.0 ], [ 110.173621061, -7.568946133, 0.0 ], [ 110.1737729264, -7.568989704, 0.0 ], [ 110.173775731, -7.5689934494, 0.0 ], [ 110.1737707099, -7.5690055979, 0.0 ], [ 110.1737710101, -7.5690121451, 0.0 ], [ 110.1737747529, -7.5690149579, 0.0 ], [ 110.1738687211, -7.5690484915, 0.0 ], [ 110.1738731874, -7.5690497726, 0.0 ], [ 110.1738712089, -7.5690553549, 0.0 ], [ 110.1738658697, -7.5690703067, 0.0 ], [ 110.1736877934, -7.5694740114, 0.0 ], [ 110.1736579191, -7.5695416896, 0.0 ], [ 110.1736632363, -7.5695531161, 0.0 ], [ 110.1736731401, -7.5695592229, 0.0 ], [ 110.1740416068, -7.5696425928, 0.0 ], [ 110.1740654255, -7.5696509619, 0.0 ], [ 110.1740716402, -7.56967275, 0.0 ], [ 110.1740266995, -7.5698045881, 0.0 ], [ 110.1739372389, -7.5698471545, 0.0 ], [ 110.1738515656, -7.569856282, 0.0 ], [ 110.1737156739, -7.5698355858, 0.0 ], [ 110.1734960591, -7.5697775693, 0.0 ], [ 110.1733099587, -7.569721474, 0.0 ], [ 110.1731648199, -7.5696673151, 0.0 ], [ 110.1730971617, -7.5696304322, 0.0 ], [ 110.1730712457, -7.5696220111, 0.0 ], [ 110.1730666909, -7.569610587, 0.0 ], [ 110.1731118964, -7.5695026007, 0.0 ], [ 110.1731241736, -7.56946381, 0.0 ], [ 110.1731196202, -7.5694516243, 0.0 ], [ 110.1729534096, -7.5694208659, 0.0 ], [ 110.1729427594, -7.5694063857, 0.0 ], [ 110.172941832, -7.5693936262, 0.0 ], [ 110.1730077292, -7.5693619298, 0.0 ], [ 110.1730896644, -7.5693065609, 0.0 ], [ 110.1731667425, -7.5692234205, 0.0 ], [ 110.1733079773, -7.5690676426, 0.0 ], [ 110.1733125727, -7.5690577581, 0.0 ], [ 110.1732653491, -7.569024181, 0.0 ], [ 110.1732646033, -7.569015047, 0.0 ], [ 110.1733717604, -7.5688166124, 0.0 ], [ 110.1733870196, -7.5688135968, 0.0 ], [ 110.1734768817, -7.5688375425, 0.0 ], [ 110.1734853693, -7.5688343323, 0.0 ], [ 110.1735022447, -7.5687841338, 0.0 ], [ 110.1735114056, -7.5687795845, 0.0 ], [ 110.1736280467, -7.5688072042, 0.0 ], [ 110.1736394659, -7.5688186422, 0.0 ], [ 110.1736415424, -7.5688296338, 0.0 ] ] ] ] } },
{ "type": "Feature", "properties": { "FID_Fisnet_Kerban": 2, "FID_PL": 0, "NAMOBJ": "Kerban", "FCODE": "BA03070040", "METADATA": "TASWIL1000020230928_DATA_BATAS_DESAKELURAHAN", "SRS_ID": "SRGI 2013", "KDCPUM": "33.08.11", "KDEPUM": "33.08.11.2002", "KDPKAB": "33.08", "KDPPUM": "33", "WADMKC": "Tempuran", "WADMKD": "Sumberarum", "WADMKK": "Magelang", "WADMPR": "Jawa Tengah", "DUSUN": "Kerban", "Toponimi": "Dusun Kerban", "Shape_Leng": 3646.39056914, "Shape_Le_1": 12240.167946899999, "KETERANGAN": null, "KET_DETAIL": " ", "PL": "26", "Shape_Length": 54.152656969285339, "Shape_Area": 185.32943040332404 }, "geometry": { "type": "MultiPolygon", "coordinates": [ [ [ [ 110.1738731874, -7.5690497726, 0.0 ], [ 110.1738687193, -7.5690484924, 0.0 ], [ 110.1737747529, -7.5690149579, 0.0 ], [ 110.1737710101, -7.5690121451, 0.0 ], [ 110.1737707099, -7.5690055979, 0.0 ], [ 110.1737757301, -7.5689934521, 0.0 ], [ 110.173816507, -7.5688976108, 0.0 ], [ 110.1738233591, -7.5688878825, 0.0 ], [ 110.1738297069, -7.5688869195, 0.0 ], [ 110.1739077637, -7.5689094724, 0.0 ], [ 110.1739204183, -7.5689133033, 0.0 ], [ 110.1739201364, -7.5689171378, 0.0 ], [ 110.1738822415, -7.5690241884, 0.0 ], [ 110.1738731874, -7.5690497726, 0.0 ] ] ] ] } },
{ "type": "Feature", "properties": { "FID_Fisnet_Kerban": 2, "FID_PL": 0, "NAMOBJ": "Kerban", "FCODE": "BA03070040", "METADATA": "TASWIL1000020230928_DATA_BATAS_DESAKELURAHAN", "SRS_ID": "SRGI 2013", "KDCPUM": "33.08.11", "KDEPUM": "33.08.11.2002", "KDPKAB": "33.08", "KDPPUM": "33", "WADMKC": "Tempuran", "WADMKD": "Sumberarum", "WADMKK": "Magelang", "WADMPR": "Jawa Tengah", "DUSUN": "Kerban", "Toponimi": "Dusun Kerban", "Shape_Leng": 3646.39056914, "Shape_Le_1": 12240.167946899999, "KETERANGAN": null, "KET_DETAIL": " ", "PL": "24", "Shape_Length": 191.19136733340974, "Shape_Area": 2116.5893578967252 }, "geometry": { "type": "MultiPolygon", "coordinates": [ [ [ [ 110.173871208, -7.5690553567, 0.0 ], [ 110.1738822415, -7.5690241884, 0.0 ], [ 110.1741397617, -7.5691018703, 0.0 ], [ 110.1741502056, -7.5691175675, 0.0 ], [ 110.1741491319, -7.5691311526, 0.0 ], [ 110.1739809474, -7.5696288699, 0.0 ], [ 110.1736731401, -7.5695592229, 0.0 ], [ 110.1736632363, -7.5695531161, 0.0 ], [ 110.1736579191, -7.5695416896, 0.0 ], [ 110.1736877934, -7.5694740114, 0.0 ], [ 110.1738658697, -7.5690703067, 0.0 ], [ 110.173871208, -7.5690553567, 0.0 ] ] ] ] } },
{ "type": "Feature", "properties": { "FID_Fisnet_Kerban": 2, "FID_PL": 0, "NAMOBJ": "Kerban", "FCODE": "BA03070040", "METADATA": "TASWIL1000020230928_DATA_BATAS_DESAKELURAHAN", "SRS_ID": "SRGI 2013", "KDCPUM": "33.08.11", "KDEPUM": "33.08.11.2002", "KDPKAB": "33.08", "KDPPUM": "33", "WADMKC": "Tempuran", "WADMKD": "Sumberarum", "WADMKK": "Magelang", "WADMPR": "Jawa Tengah", "DUSUN": "Kerban", "Toponimi": "Dusun Kerban", "Shape_Leng": 3646.39056914, "Shape_Le_1": 12240.167946899999, "KETERANGAN": null, "KET_DETAIL": " ", "PL": "23", "Shape_Length": 187.07963714573557, "Shape_Area": 1674.8052991146487 }, "geometry": { "type": "MultiPolygon", "coordinates": [ [ [ [ 110.1743206367, -7.569295945, 0.0 ], [ 110.1743251559, -7.5692989637, 0.0 ], [ 110.1744685853, -7.5692735082, 0.0 ], [ 110.1744750506, -7.5692817513, 0.0 ], [ 110.174555256, -7.5695505761, 0.0 ], [ 110.1746061513, -7.5697411538, 0.0 ], [ 110.17460613, -7.5697523241, 0.0 ], [ 110.174599639, -7.569757603, 0.0 ], [ 110.1744864962, -7.569769147, 0.0 ], [ 110.1744658828, -7.5697649926, 0.0 ], [ 110.1744293938, -7.5697443465, 0.0 ], [ 110.1744105647, -7.5697313776, 0.0 ], [ 110.1743952472, -7.5697307607, 0.0 ], [ 110.1742455653, -7.5697475257, 0.0 ], [ 110.1742343719, -7.5697475045, 0.0 ], [ 110.174226726, -7.5697404351, 0.0 ], [ 110.1742126383, -7.5697127773, 0.0 ], [ 110.1742050461, -7.5696774881, 0.0 ], [ 110.1742050707, -7.569664555, 0.0 ], [ 110.1742162841, -7.5696545817, 0.0 ], [ 110.174265848, -7.5696158733, 0.0 ], [ 110.1742729807, -7.5695829646, 0.0 ], [ 110.1742848851, -7.5695194934, 0.0 ], [ 110.1742691317, -7.5694383323, 0.0 ], [ 110.1742390579, -7.569254537, 0.0 ], [ 110.1742414736, -7.5692530971, 0.0 ], [ 110.1742464406, -7.5692499001, 0.0 ], [ 110.1742932086, -7.5692447219, 0.0 ], [ 110.1743048965, -7.5692454966, 0.0 ], [ 110.1743124263, -7.5692511548, 0.0 ], [ 110.1743206367, -7.569295945, 0.0 ] ] ] ] } },
{ "type": "Feature", "properties": { "FID_Fisnet_Kerban": 2, "FID_PL": 0, "NAMOBJ": "Kerban", "FCODE": "BA03070040", "METADATA": "TASWIL1000020230928_DATA_BATAS_DESAKELURAHAN", "SRS_ID": "SRGI 2013", "KDCPUM": "33.08.11", "KDEPUM": "33.08.11.2002", "KDPKAB": "33.08", "KDPPUM": "33", "WADMKC": "Tempuran", "WADMKD": "Sumberarum", "WADMKK": "Magelang", "WADMPR": "Jawa Tengah", "DUSUN": "Kerban", "Toponimi": "Dusun Kerban", "Shape_Leng": 3646.39056914, "Shape_Le_1": 12240.167946899999, "KETERANGAN": null, "KET_DETAIL": " ", "PL": "26", "Shape_Length": 71.015817499005308, "Shape_Area": 306.94249736146156 }, "geometry": { "type": "MultiPolygon", "coordinates": [ [ [ [ 110.1744545209, -7.569276006, 0.0 ], [ 110.1743251559, -7.5692989637, 0.0 ], [ 110.1743206367, -7.569295945, 0.0 ], [ 110.1743124263, -7.5692511548, 0.0 ], [ 110.1743048965, -7.5692454966, 0.0 ], [ 110.1742932086, -7.5692447219, 0.0 ], [ 110.1742878042, -7.5692453222, 0.0 ], [ 110.1742689358, -7.5691201341, 0.0 ], [ 110.1742749768, -7.5691160067, 0.0 ], [ 110.1743773275, -7.5691044595, 0.0 ], [ 110.1743975719, -7.5691090908, 0.0 ], [ 110.1744545209, -7.569276006, 0.0 ] ] ] ] } },
{ "type": "Feature", "properties": { "FID_Fisnet_Kerban": 2, "FID_PL": 0, "NAMOBJ": "Kerban", "FCODE": "BA03070040", "METADATA": "TASWIL1000020230928_DATA_BATAS_DESAKELURAHAN", "SRS_ID": "SRGI 2013", "KDCPUM": "33.08.11", "KDEPUM": "33.08.11.2002", "KDPKAB": "33.08", "KDPPUM": "33", "WADMKC": "Tempuran", "WADMKD": "Sumberarum", "WADMKK": "Magelang", "WADMPR": "Jawa Tengah", "DUSUN": "Kerban", "Toponimi": "Dusun Kerban", "Shape_Leng": 3646.39056914, "Shape_Le_1": 12240.167946899999, "KETERANGAN": null, "KET_DETAIL": " ", "PL": "3", "Shape_Length": 582.09852558315697, "Shape_Area": 2424.0810139726004 }, "geometry": { "type": "MultiPolygon", "coordinates": [ [ [ [ 110.1764641092, -7.5683252506, 0.0 ], [ 110.1768849942, -7.5684053976, 0.0 ], [ 110.1771112292, -7.5684396741, 0.0 ], [ 110.1771106159, -7.5684457258, 0.0 ], [ 110.1771004423, -7.5685550966, 0.0 ], [ 110.1771818694, -7.5685609332, 0.0 ], [ 110.1771842475, -7.5685080878, 0.0 ], [ 110.1771892404, -7.5684514938, 0.0 ], [ 110.1772893582, -7.5684701278, 0.0 ], [ 110.1772924268, -7.5684799925, 0.0 ], [ 110.1772936378, -7.5684929361, 0.0 ], [ 110.1772398387, -7.5686903231, 0.0 ], [ 110.1771903912, -7.5687801779, 0.0 ], [ 110.1771625952, -7.568814768, 0.0 ], [ 110.1771598545, -7.5688189081, 0.0 ], [ 110.1771558908, -7.568823111, 0.0 ], [ 110.1771499543, -7.5688252045, 0.0 ], [ 110.1771452051, -7.5688263795, 0.0 ], [ 110.1771331419, -7.5688247051, 0.0 ], [ 110.1771137023, -7.5688219785, 0.0 ], [ 110.1770499933, -7.5688060388, 0.0 ], [ 110.1770454669, -7.5688048861, 0.0 ], [ 110.1770475915, -7.568796795, 0.0 ], [ 110.1770638164, -7.5687309349, 0.0 ], [ 110.1770709194, -7.5687322562, 0.0 ], [ 110.1770970247, -7.5687360519, 0.0 ], [ 110.177088183, -7.5687854977, 0.0 ], [ 110.1771360959, -7.5687941347, 0.0 ], [ 110.1771394079, -7.5687774107, 0.0 ], [ 110.1771578076, -7.5687807187, 0.0 ], [ 110.1771614955, -7.5687579951, 0.0 ], [ 110.177171517, -7.5687589231, 0.0 ], [ 110.1771770121, -7.5687200407, 0.0 ], [ 110.1771862558, -7.5686507286, 0.0 ], [ 110.1770891876, -7.5686352017, 0.0 ], [ 110.1770844222, -7.5686339074, 0.0 ], [ 110.17707026, -7.5687047813, 0.0 ], [ 110.1770030877, -7.568690162, 0.0 ], [ 110.1769117365, -7.5686621441, 0.0 ], [ 110.176881683, -7.5687510116, 0.0 ], [ 110.1768784023, -7.5687593158, 0.0 ], [ 110.1768763014, -7.5687587257, 0.0 ], [ 110.1768503577, -7.5687514815, 0.0 ], [ 110.1768102066, -7.5687409218, 0.0 ], [ 110.1767671707, -7.5687301514, 0.0 ], [ 110.1767401992, -7.5687218778, 0.0 ], [ 110.1767124031, -7.5687140133, 0.0 ], [ 110.1766806921, -7.5687061423, 0.0 ], [ 110.1766590697, -7.568701579, 0.0 ], [ 110.1766162381, -7.5686920417, 0.0 ], [ 110.1765810307, -7.5686814914, 0.0 ], [ 110.1765532344, -7.5686732162, 0.0 ], [ 110.1765248181, -7.5686663789, 0.0 ], [ 110.1765011422, -7.5686587284, 0.0 ], [ 110.176474166, -7.5686525107, 0.0 ], [ 110.1764480193, -7.5686438271, 0.0 ], [ 110.1764255757, -7.5686378232, 0.0 ], [ 110.1763955143, -7.5686295438, 0.0 ], [ 110.1763868675, -7.5686268547, 0.0 ], [ 110.1763808967, -7.5686249937, 0.0 ], [ 110.1763765754, -7.5686223128, 0.0 ], [ 110.1763699495, -7.5686179669, 0.0 ], [ 110.1763669879, -7.5686143298, 0.0 ], [ 110.1763634459, -7.5686084431, 0.0 ], [ 110.1763615767, -7.5686041822, 0.0 ], [ 110.1763612404, -7.5686017964, 0.0 ], [ 110.1763610749, -7.5685987308, 0.0 ], [ 110.176361084, -7.5685939624, 0.0 ], [ 110.1763609223, -7.5685893637, 0.0 ], [ 110.1763607587, -7.5685857861, 0.0 ], [ 110.1763607661, -7.5685818688, 0.0 ], [ 110.1763604724, -7.5685775928, 0.0 ], [ 110.1763604483, -7.5685697301, 0.0 ], [ 110.1763931337, -7.5683540392, 0.0 ], [ 110.176397543, -7.5683337491, 0.0 ], [ 110.176400229, -7.5683231166, 0.0 ], [ 110.1764017456, -7.5683178002, 0.0 ], [ 110.1764060361, -7.5683161892, 0.0 ], [ 110.1764109027, -7.5683161984, 0.0 ], [ 110.1764226009, -7.5683191113, 0.0 ], [ 110.1764325637, -7.5683208866, 0.0 ], [ 110.1764374514, -7.5683212567, 0.0 ], [ 110.1764641092, -7.5683252506, 0.0 ] ], [ [ 110.1765606483, -7.5686463408, 0.0 ], [ 110.1765835087, -7.568653373, 0.0 ], [ 110.1765846394, -7.5686484203, 0.0 ], [ 110.1766310637, -7.5686600221, 0.0 ], [ 110.1766341375, -7.5686456376, 0.0 ], [ 110.1766624739, -7.5686530427, 0.0 ], [ 110.1766737694, -7.5686087923, 0.0 ], [ 110.1766781301, -7.5685893045, 0.0 ], [ 110.1766872572, -7.5685915567, 0.0 ], [ 110.176700165, -7.5685417142, 0.0 ], [ 110.1766172332, -7.5685225381, 0.0 ], [ 110.1765859214, -7.5685159088, 0.0 ], [ 110.1765900499, -7.5684973937, 0.0 ], [ 110.1766075525, -7.568501998, 0.0 ], [ 110.1766360383, -7.5685084962, 0.0 ], [ 110.1766383918, -7.5685035088, 0.0 ], [ 110.1766944217, -7.5685193481, 0.0 ], [ 110.1767206662, -7.5684047717, 0.0 ], [ 110.1766108499, -7.5683778431, 0.0 ], [ 110.1766078224, -7.5683903256, 0.0 ], [ 110.1765375732, -7.5683769712, 0.0 ], [ 110.1765309786, -7.56837616, 0.0 ], [ 110.1765273853, -7.56839731, 0.0 ], [ 110.1765079155, -7.5683952671, 0.0 ], [ 110.1765103593, -7.5683746567, 0.0 ], [ 110.1765100415, -7.5683730579, 0.0 ], [ 110.1764170151, -7.5683556201, 0.0 ], [ 110.1764058427, -7.5684195306, 0.0 ], [ 110.1763969478, -7.5684692585, 0.0 ], [ 110.1764940881, -7.5684849449, 0.0 ], [ 110.1765048587, -7.5684866847, 0.0 ], [ 110.1765090601, -7.5684870824, 0.0 ], [ 110.1765222077, -7.5684881447, 0.0 ], [ 110.1765216683, -7.5684919914, 0.0 ], [ 110.1765200369, -7.5685076512, 0.0 ], [ 110.1765852046, -7.5685191219, 0.0 ], [ 110.1765788975, -7.5685512346, 0.0 ], [ 110.1765781897, -7.5685559727, 0.0 ], [ 110.1765743555, -7.5685817514, 0.0 ], [ 110.1765606483, -7.5686463408, 0.0 ] ], [ [ 110.1767332022, -7.5684668429, 0.0 ], [ 110.1767074247, -7.5685674378, 0.0 ], [ 110.1767956422, -7.5685917107, 0.0 ], [ 110.176796651, -7.5685874679, 0.0 ], [ 110.176806907, -7.5685904838, 0.0 ], [ 110.1768061475, -7.568594728, 0.0 ], [ 110.1768271598, -7.5686002615, 0.0 ], [ 110.1768531286, -7.5684991695, 0.0 ], [ 110.1768456889, -7.5684961191, 0.0 ], [ 110.1768247164, -7.5684892063, 0.0 ], [ 110.1768003846, -7.5684822881, 0.0 ], [ 110.1768078312, -7.5684405874, 0.0 ], [ 110.1767442706, -7.5684262425, 0.0 ], [ 110.1767346298, -7.5684668456, 0.0 ], [ 110.1767332022, -7.5684668429, 0.0 ] ] ] ] } },
{ "type": "Feature", "properties": { "FID_Fisnet_Kerban": 2, "FID_PL": 0, "NAMOBJ": "Kerban", "FCODE": "BA03070040", "METADATA": "TASWIL1000020230928_DATA_BATAS_DESAKELURAHAN", "SRS_ID": "SRGI 2013", "KDCPUM": "33.08.11", "KDEPUM": "33.08.11.2002", "KDPKAB": "33.08", "KDPPUM": "33", "WADMKC": "Tempuran", "WADMKD": "Sumberarum", "WADMKK": "Magelang", "WADMPR": "Jawa Tengah", "DUSUN": "Kerban", "Toponimi": "Dusun Kerban", "Shape_Leng": 3646.39056914, "Shape_Le_1": 12240.167946899999, "KETERANGAN": null, "KET_DETAIL": " ", "PL": "3", "Shape_Length": 69.581595145936731, "Shape_Area": 284.65075984346208 }, "geometry": { "type": "MultiPolygon", "coordinates": [ [ [ [ 110.176627056, -7.5665981785, 0.0 ], [ 110.1766320785, -7.5666149128, 0.0 ], [ 110.1766320684, -7.5666202357, 0.0 ], [ 110.1765435539, -7.5666533327, 0.0 ], [ 110.1765368872, -7.5666533201, 0.0 ], [ 110.1765320285, -7.5666472509, 0.0 ], [ 110.1764544421, -7.5664742839, 0.0 ], [ 110.1764558438, -7.5664673564, 0.0 ], [ 110.1764725265, -7.5664597649, 0.0 ], [ 110.1765653907, -7.5664248499, 0.0 ], [ 110.176627056, -7.5665981785, 0.0 ] ] ] ] } },
{ "type": "Feature", "properties": { "FID_Fisnet_Kerban": 2, "FID_PL": 0, "NAMOBJ": "Kerban", "FCODE": "BA03070040", "METADATA": "TASWIL1000020230928_DATA_BATAS_DESAKELURAHAN", "SRS_ID": "SRGI 2013", "KDCPUM": "33.08.11", "KDEPUM": "33.08.11.2002", "KDPKAB": "33.08", "KDPPUM": "33", "WADMKC": "Tempuran", "WADMKD": "Sumberarum", "WADMKK": "Magelang", "WADMPR": "Jawa Tengah", "DUSUN": "Kerban", "Toponimi": "Dusun Kerban", "Shape_Leng": 3646.39056914, "Shape_Le_1": 12240.167946899999, "KETERANGAN": null, "KET_DETAIL": " ", "PL": "23", "Shape_Length": 176.69042473385815, "Shape_Area": 1417.9262717779868 }, "geometry": { "type": "MultiPolygon", "coordinates": [ [ [ [ 110.1760933013, -7.5674038714, 0.0 ], [ 110.1759367657, -7.5674445775, 0.0 ], [ 110.1759280875, -7.5674374646, 0.0 ], [ 110.1758707509, -7.5672544245, 0.0 ], [ 110.1757686885, -7.5668555988, 0.0 ], [ 110.1757681971, -7.5668480283, 0.0 ], [ 110.1757743975, -7.5668387275, 0.0 ], [ 110.1759281802, -7.5667903054, 0.0 ], [ 110.1759403657, -7.5667972278, 0.0 ], [ 110.1759466467, -7.5668185294, 0.0 ], [ 110.1760965323, -7.5673668181, 0.0 ], [ 110.1760988742, -7.5673818044, 0.0 ], [ 110.1760933013, -7.5674038714, 0.0 ] ] ] ] } },
{ "type": "Feature", "properties": { "FID_Fisnet_Kerban": 2, "FID_PL": 0, "NAMOBJ": "Kerban", "FCODE": "BA03070040", "METADATA": "TASWIL1000020230928_DATA_BATAS_DESAKELURAHAN", "SRS_ID": "SRGI 2013", "KDCPUM": "33.08.11", "KDEPUM": "33.08.11.2002", "KDPKAB": "33.08", "KDPPUM": "33", "WADMKC": "Tempuran", "WADMKD": "Sumberarum", "WADMKK": "Magelang", "WADMPR": "Jawa Tengah", "DUSUN": "Kerban", "Toponimi": "Dusun Kerban", "Shape_Leng": 3646.39056914, "Shape_Le_1": 12240.167946899999, "KETERANGAN": null, "KET_DETAIL": " ", "PL": "27", "Shape_Length": 366.66679679689361, "Shape_Area": 4632.4427480069462 }, "geometry": { "type": "MultiPolygon", "coordinates": [ [ [ [ 110.1747219564, -7.5704435048, 0.0 ], [ 110.1749305511, -7.5705130827, 0.0 ], [ 110.1749479592, -7.5704997112, 0.0 ], [ 110.1749700806, -7.5705021183, 0.0 ], [ 110.175355453, -7.5706305842, 0.0 ], [ 110.1754920154, -7.5707049613, 0.0 ], [ 110.1755109297, -7.5707318059, 0.0 ], [ 110.1755464431, -7.5707555281, 0.0 ], [ 110.1755772219, -7.5707760873, 0.0 ], [ 110.1755945899, -7.5707847941, 0.0 ], [ 110.1756609405, -7.5707983241, 0.0 ], [ 110.1757011969, -7.5708212665, 0.0 ], [ 110.175706675, -7.5708496631, 0.0 ], [ 110.1756813014, -7.5708953476, 0.0 ], [ 110.1756931248, -7.5709111396, 0.0 ], [ 110.1757712201, -7.5709814634, 0.0 ], [ 110.1757680145, -7.5710051123, 0.0 ], [ 110.1757220622, -7.5710688945, 0.0 ], [ 110.1756936117, -7.5710704172, 0.0 ], [ 110.1755727779, -7.5710354945, 0.0 ], [ 110.1755641026, -7.571026805, 0.0 ], [ 110.1755776977, -7.5709416727, 0.0 ], [ 110.1755777651, -7.5709061909, 0.0 ], [ 110.1755611726, -7.5709053708, 0.0 ], [ 110.1754979263, -7.5709210208, 0.0 ], [ 110.1753770161, -7.5709263121, 0.0 ], [ 110.1751487085, -7.5708951285, 0.0 ], [ 110.1749220191, -7.5708442338, 0.0 ], [ 110.1748809449, -7.5709548945, 0.0 ], [ 110.1748656999, -7.5709599335, 0.0 ], [ 110.1748267915, -7.570945502, 0.0 ], [ 110.1747430776, -7.5709022684, 0.0 ], [ 110.1747269893, -7.5709056162, 0.0 ], [ 110.1747091861, -7.570920785, 0.0 ], [ 110.1746905693, -7.5709182163, 0.0 ], [ 110.1746677452, -7.5709029705, 0.0 ], [ 110.1745527479, -7.5708419417, 0.0 ], [ 110.174501371, -7.5708191979, 0.0 ], [ 110.1745014162, -7.5707954436, 0.0 ], [ 110.1745105513, -7.5707730261, 0.0 ], [ 110.1747012807, -7.5704496514, 0.0 ], [ 110.1747219564, -7.5704435048, 0.0 ] ] ] ] } },
{ "type": "Feature", "properties": { "FID_Fisnet_Kerban": 4, "FID_PL": 0, "NAMOBJ": "Kerban", "FCODE": "BA03070040", "METADATA": "TASWIL1000020230928_DATA_BATAS_DESAKELURAHAN", "SRS_ID": "SRGI 2013", "KDCPUM": "33.08.11", "KDEPUM": "33.08.11.2002", "KDPKAB": "33.08", "KDPPUM": "33", "WADMKC": "Tempuran", "WADMKD": "Sumberarum", "WADMKK": "Magelang", "WADMPR": "Jawa Tengah", "DUSUN": "Kerban", "Toponimi": "Dusun Kerban", "Shape_Leng": 3646.39056914, "Shape_Le_1": 12240.167946899999, "KETERANGAN": null, "KET_DETAIL": " ", "PL": "34", "Shape_Length": 75.415535415193773, "Shape_Area": 343.44770429168068 }, "geometry": { "type": "MultiPolygon", "coordinates": [ [ [ [ 110.1771846628, -7.5674339859, 0.0 ], [ 110.1771798604, -7.5674570357, 0.0 ], [ 110.1771772997, -7.567469965, 0.0 ], [ 110.1771755913, -7.5674793811, 0.0 ], [ 110.17717446, -7.5674813471, 0.0 ], [ 110.1771717793, -7.5674834504, 0.0 ], [ 110.1771700865, -7.5674847126, 0.0 ], [ 110.177168817, -7.5674854129, 0.0 ], [ 110.1771633716, -7.5674871456, 0.0 ], [ 110.1771400333, -7.5674859909, 0.0 ], [ 110.1770844554, -7.5674832458, 0.0 ], [ 110.1770579413, -7.5674819358, 0.0 ], [ 110.1770599809, -7.5674187606, 0.0 ], [ 110.1770581128, -7.5673919545, 0.0 ], [ 110.1770505334, -7.5673421629, 0.0 ], [ 110.1770539848, -7.5672667689, 0.0 ], [ 110.1771096702, -7.5672763377, 0.0 ], [ 110.1772211774, -7.5673143573, 0.0 ], [ 110.1772059179, -7.5673539431, 0.0 ], [ 110.1771981743, -7.5673903041, 0.0 ], [ 110.1771846758, -7.5674266515, 0.0 ], [ 110.1771846628, -7.5674339859, 0.0 ] ] ] ] } },
{ "type": "Feature", "properties": { "FID_Fisnet_Kerban": 3, "FID_PL": 0, "NAMOBJ": "Kerban", "FCODE": "BA03070040", "METADATA": "TASWIL1000020230928_DATA_BATAS_DESAKELURAHAN", "SRS_ID": "SRGI 2013", "KDCPUM": "33.08.11", "KDEPUM": "33.08.11.2002", "KDPKAB": "33.08", "KDPPUM": "33", "WADMKC": "Tempuran", "WADMKD": "Sumberarum", "WADMKK": "Magelang", "WADMPR": "Jawa Tengah", "DUSUN": "Kerban", "Toponimi": "Dusun Kerban", "Shape_Leng": 3646.39056914, "Shape_Le_1": 12240.167946899999, "KETERANGAN": null, "KET_DETAIL": " ", "PL": "34", "Shape_Length": 136.10095209802031, "Shape_Area": 1180.3242206907748 }, "geometry": { "type": "MultiPolygon", "coordinates": [ [ [ [ 110.1713923191, -7.5650825193, 0.0 ], [ 110.1711188524, -7.5650367104, 0.0 ], [ 110.1711032883, -7.5650314493, 0.0 ], [ 110.1710402977, -7.5649919403, 0.0 ], [ 110.1711251056, -7.564718142, 0.0 ], [ 110.171380001, -7.5647641481, 0.0 ], [ 110.1713812887, -7.5648018502, 0.0 ], [ 110.1713813477, -7.5648022737, 0.0 ], [ 110.1713923191, -7.5650825193, 0.0 ] ] ] ] } },
{ "type": "Feature", "properties": { "FID_Fisnet_Kerban": 3, "FID_PL": 0, "NAMOBJ": "Kerban", "FCODE": "BA03070040", "METADATA": "TASWIL1000020230928_DATA_BATAS_DESAKELURAHAN", "SRS_ID": "SRGI 2013", "KDCPUM": "33.08.11", "KDEPUM": "33.08.11.2002", "KDPKAB": "33.08", "KDPPUM": "33", "WADMKC": "Tempuran", "WADMKD": "Sumberarum", "WADMKK": "Magelang", "WADMPR": "Jawa Tengah", "DUSUN": "Kerban", "Toponimi": "Dusun Kerban", "Shape_Leng": 3646.39056914, "Shape_Le_1": 12240.167946899999, "KETERANGAN": null, "KET_DETAIL": " ", "PL": "23", "Shape_Length": 117.41895069065413, "Shape_Area": 800.60654934267166 }, "geometry": { "type": "MultiPolygon", "coordinates": [ [ [ [ 110.1713682614, -7.564443808, 0.0 ], [ 110.1713732232, -7.564514538, 0.0 ], [ 110.1713759173, -7.5646446185, 0.0 ], [ 110.171380001, -7.5647641481, 0.0 ], [ 110.1711251047, -7.5647181448, 0.0 ], [ 110.1712273656, -7.5643987458, 0.0 ], [ 110.1713682614, -7.564443808, 0.0 ] ] ] ] } },
{ "type": "Feature", "properties": { "FID_Fisnet_Kerban": 2, "FID_PL": 0, "NAMOBJ": "Kerban", "FCODE": "BA03070040", "METADATA": "TASWIL1000020230928_DATA_BATAS_DESAKELURAHAN", "SRS_ID": "SRGI 2013", "KDCPUM": "33.08.11", "KDEPUM": "33.08.11.2002", "KDPKAB": "33.08", "KDPPUM": "33", "WADMKC": "Tempuran", "WADMKD": "Sumberarum", "WADMKK": "Magelang", "WADMPR": "Jawa Tengah", "DUSUN": "Kerban", "Toponimi": "Dusun Kerban", "Shape_Leng": 3646.39056914, "Shape_Le_1": 12240.167946899999, "KETERANGAN": null, "KET_DETAIL": " ", "PL": "3", "Shape_Length": 699.45987991918958, "Shape_Area": 3167.5686704648851 }, "geometry": { "type": "MultiPolygon", "coordinates": [ [ [ [ 110.1720577702, -7.5657416501, 0.0 ], [ 110.1719514482, -7.5657090931, 0.0 ], [ 110.1719703325, -7.5656493011, 0.0 ], [ 110.1719528474, -7.5656441756, 0.0 ], [ 110.1719517483, -7.5656472651, 0.0 ], [ 110.1718466602, -7.5656141514, 0.0 ], [ 110.1718473945, -7.5656112431, 0.0 ], [ 110.1718457572, -7.5656099673, 0.0 ], [ 110.1718091468, -7.5655995325, 0.0 ], [ 110.171806406, -7.5656037096, 0.0 ], [ 110.1716949359, -7.5655724018, 0.0 ], [ 110.1716782945, -7.5656338903, 0.0 ], [ 110.171784058, -7.5656636768, 0.0 ], [ 110.1718641964, -7.5656880148, 0.0 ], [ 110.1719454321, -7.5657101724, 0.0 ], [ 110.1719514482, -7.5657090931, 0.0 ], [ 110.171895101, -7.5659041534, 0.0 ], [ 110.171844338, -7.5660556075, 0.0 ], [ 110.1718715023, -7.5660614776, 0.0 ], [ 110.1718699656, -7.5660720662, 0.0 ], [ 110.1719108852, -7.5660820362, 0.0 ], [ 110.171916521, -7.5660622614, 0.0 ], [ 110.1719435654, -7.5660691759, 0.0 ], [ 110.1719130752, -7.5661722842, 0.0 ], [ 110.171857794, -7.5661586707, 0.0 ], [ 110.171627968, -7.5661052948, 0.0 ], [ 110.1716334523, -7.5659810258, 0.0 ], [ 110.1717301356, -7.5659883169, 0.0 ], [ 110.1717304793, -7.5659103033, 0.0 ], [ 110.1716708678, -7.5659092141, 0.0 ], [ 110.1716716681, -7.565899269, 0.0 ], [ 110.1716687442, -7.5658953624, 0.0 ], [ 110.1716699963, -7.5658538238, 0.0 ], [ 110.1716730017, -7.5658150154, 0.0 ], [ 110.1717087606, -7.5658199594, 0.0 ], [ 110.1717124047, -7.5657785094, 0.0 ], [ 110.1716828914, -7.5657743343, 0.0 ], [ 110.1716568781, -7.5657714141, 0.0 ], [ 110.1716553316, -7.5657952524, 0.0 ], [ 110.1716523281, -7.5657959956, 0.0 ], [ 110.1715995444, -7.5657931493, 0.0 ], [ 110.1715972557, -7.5658126176, 0.0 ], [ 110.1715323387, -7.5658097473, 0.0 ], [ 110.171496319, -7.5658065584, 0.0 ], [ 110.1714949924, -7.5658457507, 0.0 ], [ 110.1715253884, -7.5658466822, 0.0 ], [ 110.1715249756, -7.5658664037, 0.0 ], [ 110.1715635434, -7.5658661622, 0.0 ], [ 110.1715620767, -7.565893311, 0.0 ], [ 110.1715506929, -7.5658932894, 0.0 ], [ 110.1715475495, -7.5659384298, 0.0 ], [ 110.1715356207, -7.5659385672, 0.0 ], [ 110.1715356291, -7.5659341732, 0.0 ], [ 110.1715083971, -7.565933871, 0.0 ], [ 110.1715052919, -7.5659736595, 0.0 ], [ 110.1715093744, -7.5659736673, 0.0 ], [ 110.1715093971, -7.5659750783, 0.0 ], [ 110.1715070586, -7.5660125384, 0.0 ], [ 110.1715020557, -7.5660122793, 0.0 ], [ 110.1715007477, -7.5660422342, 0.0 ], [ 110.1715053758, -7.566042243, 0.0 ], [ 110.1715027979, -7.5660917078, 0.0 ], [ 110.1715005007, -7.5660923302, 0.0 ], [ 110.1714962156, -7.5660920806, 0.0 ], [ 110.1714946596, -7.566091923, 0.0 ], [ 110.1714938412, -7.5660913588, 0.0 ], [ 110.1714931161, -7.5660899229, 0.0 ], [ 110.1714919443, -7.5660860405, 0.0 ], [ 110.1714725278, -7.5657568454, 0.0 ], [ 110.1714514005, -7.5651514201, 0.0 ], [ 110.1715751952, -7.5651959315, 0.0 ], [ 110.1715584151, -7.565244615, 0.0 ], [ 110.1716213455, -7.5652682131, 0.0 ], [ 110.1716030189, -7.5653260127, 0.0 ], [ 110.1715703759, -7.5654295971, 0.0 ], [ 110.1715526854, -7.5654813107, 0.0 ], [ 110.1715535769, -7.5654815702, 0.0 ], [ 110.1718792832, -7.5655851569, 0.0 ], [ 110.1718802889, -7.5655839667, 0.0 ], [ 110.1718847055, -7.565572773, 0.0 ], [ 110.1718866147, -7.5655735871, 0.0 ], [ 110.1718893824, -7.5655752602, 0.0 ], [ 110.1719855474, -7.5656052102, 0.0 ], [ 110.1719871906, -7.5656048407, 0.0 ], [ 110.1719889937, -7.5655985127, 0.0 ], [ 110.172053003, -7.5653966896, 0.0 ], [ 110.1720945283, -7.5654098618, 0.0 ], [ 110.1721099221, -7.5653618069, 0.0 ], [ 110.1721744781, -7.565382416, 0.0 ], [ 110.1721632139, -7.565419084, 0.0 ], [ 110.1721377933, -7.5654661349, 0.0 ], [ 110.1720573677, -7.5657188518, 0.0 ], [ 110.172064594, -7.5657215428, 0.0 ], [ 110.1720577702, -7.5657416501, 0.0 ] ], [ [ 110.1715361575, -7.5655028168, 0.0 ], [ 110.1715334945, -7.5654657144, 0.0 ], [ 110.1715258404, -7.5654658817, 0.0 ], [ 110.1715247556, -7.5654615155, 0.0 ], [ 110.1715266014, -7.5654489711, 0.0 ], [ 110.1715337104, -7.5654480756, 0.0 ], [ 110.1715294666, -7.5653800569, 0.0 ], [ 110.171532021, -7.5653786064, 0.0 ], [ 110.1715261596, -7.5652985848, 0.0 ], [ 110.1715261041, -7.5652915587, 0.0 ], [ 110.1715542411, -7.5652897254, 0.0 ], [ 110.17154981, -7.5652244342, 0.0 ], [ 110.1715476221, -7.5652247936, 0.0 ], [ 110.1715461948, -7.5652089697, 0.0 ], [ 110.1714855244, -7.5652127482, 0.0 ], [ 110.1714863829, -7.5652288596, 0.0 ], [ 110.1714832823, -7.5652301263, 0.0 ], [ 110.1714891746, -7.5652939659, 0.0 ], [ 110.1714809179, -7.5652945037, 0.0 ], [ 110.1714814937, -7.5653010506, 0.0 ], [ 110.1714857277, -7.5653812464, 0.0 ], [ 110.1714882784, -7.5653812512, 0.0 ], [ 110.1714974118, -7.5655064842, 0.0 ], [ 110.1715142096, -7.5655051015, 0.0 ], [ 110.1715227199, -7.5655046708, 0.0 ], [ 110.171522639, -7.56550765, 0.0 ], [ 110.1715313726, -7.5655075174, 0.0 ], [ 110.1715318272, -7.5655043896, 0.0 ], [ 110.1715330966, -7.5655041686, 0.0 ], [ 110.1715361575, -7.5655028168, 0.0 ] ] ] ] } },
{ "type": "Feature", "properties": { "FID_Fisnet_Kerban": 2, "FID_PL": 0, "NAMOBJ": "Kerban", "FCODE": "BA03070040", "METADATA": "TASWIL1000020230928_DATA_BATAS_DESAKELURAHAN", "SRS_ID": "SRGI 2013", "KDCPUM": "33.08.11", "KDEPUM": "33.08.11.2002", "KDPKAB": "33.08", "KDPPUM": "33", "WADMKC": "Tempuran", "WADMKD": "Sumberarum", "WADMKK": "Magelang", "WADMPR": "Jawa Tengah", "DUSUN": "Kerban", "Toponimi": "Dusun Kerban", "Shape_Leng": 3646.39056914, "Shape_Le_1": 12240.167946899999, "KETERANGAN": null, "KET_DETAIL": " ", "PL": "3", "Shape_Length": 365.4620721265448, "Shape_Area": 2458.0268235778408 }, "geometry": { "type": "MultiPolygon", "coordinates": [ [ [ [ 110.1714506236, -7.5642530645, 0.0 ], [ 110.1716452865, -7.5643065771, 0.0 ], [ 110.1719746331, -7.5644197354, 0.0 ], [ 110.1719681936, -7.5644346001, 0.0 ], [ 110.1718851141, -7.5646488797, 0.0 ], [ 110.1718423558, -7.5646339967, 0.0 ], [ 110.1718689938, -7.5645522152, 0.0 ], [ 110.1717725666, -7.5645200839, 0.0 ], [ 110.1717724946, -7.5645188926, 0.0 ], [ 110.1716996152, -7.5644935038, 0.0 ], [ 110.1716965404, -7.5645012439, 0.0 ], [ 110.1716807262, -7.5644954786, 0.0 ], [ 110.1716787007, -7.5645009866, 0.0 ], [ 110.171659113, -7.5645603621, 0.0 ], [ 110.1716739183, -7.5645651994, 0.0 ], [ 110.1716719116, -7.5645722994, 0.0 ], [ 110.1717484559, -7.5645994372, 0.0 ], [ 110.1717476304, -7.5646021635, 0.0 ], [ 110.1718118218, -7.5646237352, 0.0 ], [ 110.1717321774, -7.5648485233, 0.0 ], [ 110.1715008092, -7.5647976128, 0.0 ], [ 110.1714649855, -7.5649758778, 0.0 ], [ 110.1714442374, -7.5649735618, 0.0 ], [ 110.1714213024, -7.5646034051, 0.0 ], [ 110.1714156569, -7.5642748033, 0.0 ], [ 110.1714167874, -7.5642699665, 0.0 ], [ 110.1714194596, -7.564265148, 0.0 ], [ 110.1714234126, -7.5642613169, 0.0 ], [ 110.1714290432, -7.5642570946, 0.0 ], [ 110.1714340797, -7.5642544468, 0.0 ], [ 110.1714391139, -7.5642525859, 0.0 ], [ 110.1714436516, -7.5642524959, 0.0 ], [ 110.1714506236, -7.5642530645, 0.0 ] ], [ [ 110.1714938454, -7.5642781745, 0.0 ], [ 110.171491107, -7.564281079, 0.0 ], [ 110.1714876456, -7.5642805271, 0.0 ], [ 110.1714856274, -7.5642874335, 0.0 ], [ 110.1714626737, -7.5642833893, 0.0 ], [ 110.1714604747, -7.5642895673, 0.0 ], [ 110.1714562862, -7.5642881049, 0.0 ], [ 110.1714501962, -7.5643279177, 0.0 ], [ 110.1714647622, -7.5643346738, 0.0 ], [ 110.1714565004, -7.564366845, 0.0 ], [ 110.1714451214, -7.5644090121, 0.0 ], [ 110.1715300637, -7.5644323653, 0.0 ], [ 110.1715303646, -7.5644319054, 0.0 ], [ 110.1715358371, -7.5644288243, 0.0 ], [ 110.1715451283, -7.5644304782, 0.0 ], [ 110.1715469714, -7.5644193891, 0.0 ], [ 110.1715552278, -7.5643904912, 0.0 ], [ 110.1715678814, -7.5643486902, 0.0 ], [ 110.1715722901, -7.5643306958, 0.0 ], [ 110.1715789095, -7.5642994304, 0.0 ], [ 110.1714938454, -7.5642781745, 0.0 ] ] ] ] } },
{ "type": "Feature", "properties": { "FID_Fisnet_Kerban": 4, "FID_PL": 0, "NAMOBJ": "Kerban", "FCODE": "BA03070040", "METADATA": "TASWIL1000020230928_DATA_BATAS_DESAKELURAHAN", "SRS_ID": "SRGI 2013", "KDCPUM": "33.08.11", "KDEPUM": "33.08.11.2002", "KDPKAB": "33.08", "KDPPUM": "33", "WADMKC": "Tempuran", "WADMKD": "Sumberarum", "WADMKK": "Magelang", "WADMPR": "Jawa Tengah", "DUSUN": "Kerban", "Toponimi": "Dusun Kerban", "Shape_Leng": 3646.39056914, "Shape_Le_1": 12240.167946899999, "KETERANGAN": null, "KET_DETAIL": " ", "PL": "34", "Shape_Length": 52.441258141806344, "Shape_Area": 176.26475035277858 }, "geometry": { "type": "MultiPolygon", "coordinates": [ [ [ [ 110.1773803386, -7.5696818321, 0.0 ], [ 110.1774124592, -7.5696157099, 0.0 ], [ 110.1774387449, -7.5695740565, 0.0 ], [ 110.1774464943, -7.5695638459, 0.0 ], [ 110.177458917, -7.5695532842, 0.0 ], [ 110.177526969, -7.5695787092, 0.0 ], [ 110.1775308673, -7.5695917647, 0.0 ], [ 110.1775026008, -7.5696713085, 0.0 ], [ 110.1774914182, -7.5697071719, 0.0 ], [ 110.1774672269, -7.5697064732, 0.0 ], [ 110.1774450041, -7.5697025167, 0.0 ], [ 110.1773803386, -7.5696818321, 0.0 ] ] ] ] } },
{ "type": "Feature", "properties": { "FID_Fisnet_Kerban": 4, "FID_PL": 0, "NAMOBJ": "Kerban", "FCODE": "BA03070040", "METADATA": "TASWIL1000020230928_DATA_BATAS_DESAKELURAHAN", "SRS_ID": "SRGI 2013", "KDCPUM": "33.08.11", "KDEPUM": "33.08.11.2002", "KDPKAB": "33.08", "KDPPUM": "33", "WADMKC": "Tempuran", "WADMKD": "Sumberarum", "WADMKK": "Magelang", "WADMPR": "Jawa Tengah", "DUSUN": "Kerban", "Toponimi": "Dusun Kerban", "Shape_Leng": 3646.39056914, "Shape_Le_1": 12240.167946899999, "KETERANGAN": null, "KET_DETAIL": " ", "PL": "23", "Shape_Length": 157.70960896641509, "Shape_Area": 1099.5266421188824 }, "geometry": { "type": "MultiPolygon", "coordinates": [ [ [ [ 110.1776027918, -7.5695257275, 0.0 ], [ 110.1777135657, -7.5695311074, 0.0 ], [ 110.1777294595, -7.5695289259, 0.0 ], [ 110.1777284117, -7.5695471203, 0.0 ], [ 110.1776800805, -7.5699500289, 0.0 ], [ 110.1776718012, -7.5699547582, 0.0 ], [ 110.1776496212, -7.5699555521, 0.0 ], [ 110.177610296, -7.5699500492, 0.0 ], [ 110.1776069351, -7.5699571412, 0.0 ], [ 110.1775894673, -7.5700661952, 0.0 ], [ 110.1775803108, -7.5700674831, 0.0 ], [ 110.1774624181, -7.5700388933, 0.0 ], [ 110.177520889, -7.5697531065, 0.0 ], [ 110.1775688464, -7.5695278487, 0.0 ], [ 110.1776027918, -7.5695257275, 0.0 ] ] ] ] } },
{ "type": "Feature", "properties": { "FID_Fisnet_Kerban": 4, "FID_PL": 0, "NAMOBJ": "Kerban", "FCODE": "BA03070040", "METADATA": "TASWIL1000020230928_DATA_BATAS_DESAKELURAHAN", "SRS_ID": "SRGI 2013", "KDCPUM": "33.08.11", "KDEPUM": "33.08.11.2002", "KDPKAB": "33.08", "KDPPUM": "33", "WADMKC": "Tempuran", "WADMKD": "Sumberarum", "WADMKK": "Magelang", "WADMPR": "Jawa Tengah", "DUSUN": "Kerban", "Toponimi": "Dusun Kerban", "Shape_Leng": 3646.39056914, "Shape_Le_1": 12240.167946899999, "KETERANGAN": null, "KET_DETAIL": " ", "PL": "3", "Shape_Length": 618.94141590196443, "Shape_Area": 1644.437003913773 }, "geometry": { "type": "MultiPolygon", "coordinates": [ [ [ [ 110.1775688464, -7.5695278487, 0.0 ], [ 110.177520889, -7.5697531065, 0.0 ], [ 110.1774624191, -7.5700388906, 0.0 ], [ 110.177451969, -7.5700794198, 0.0 ], [ 110.1771777891, -7.570045667, 0.0 ], [ 110.1768268721, -7.5699457075, 0.0 ], [ 110.1768244644, -7.5699429786, 0.0 ], [ 110.1768231441, -7.5699404038, 0.0 ], [ 110.1768224871, -7.5699369492, 0.0 ], [ 110.1768229194, -7.5699327008, 0.0 ], [ 110.1769296656, -7.5696219547, 0.0 ], [ 110.176934546, -7.5696117785, 0.0 ], [ 110.176936652, -7.5696073117, 0.0 ], [ 110.1769397097, -7.5696033223, 0.0 ], [ 110.1769432415, -7.569601236, 0.0 ], [ 110.1769465784, -7.5696005766, 0.0 ], [ 110.1769526781, -7.5696013497, 0.0 ], [ 110.1769707078, -7.5696052568, 0.0 ], [ 110.177256344, -7.5696943486, 0.0 ], [ 110.1772934893, -7.5697021556, 0.0 ], [ 110.1773174159, -7.5697052625, 0.0 ], [ 110.177342986, -7.5697044949, 0.0 ], [ 110.1773677538, -7.5696951522, 0.0 ], [ 110.1773750037, -7.5696902491, 0.0 ], [ 110.1773803386, -7.5696818321, 0.0 ], [ 110.1774450041, -7.5697025167, 0.0 ], [ 110.1774672269, -7.5697064732, 0.0 ], [ 110.1774914182, -7.5697071719, 0.0 ], [ 110.1775026008, -7.5696713085, 0.0 ], [ 110.1775308673, -7.5695917647, 0.0 ], [ 110.177526969, -7.5695787092, 0.0 ], [ 110.177458917, -7.5695532842, 0.0 ], [ 110.1774745792, -7.5695432686, 0.0 ], [ 110.1774817928, -7.5695388403, 0.0 ], [ 110.1774880131, -7.5695352929, 0.0 ], [ 110.1774942295, -7.5695338122, 0.0 ], [ 110.1775024004, -7.5695326789, 0.0 ], [ 110.1775209126, -7.5695302003, 0.0 ], [ 110.1775433074, -7.5695294439, 0.0 ], [ 110.1775688464, -7.5695278487, 0.0 ] ], [ [ 110.1772619009, -7.5697089574, 0.0 ], [ 110.1772089623, -7.5696927911, 0.0 ], [ 110.1771919389, -7.5696869377, 0.0 ], [ 110.1771704799, -7.5696827068, 0.0 ], [ 110.1771647656, -7.5697014387, 0.0 ], [ 110.1771443183, -7.5696956955, 0.0 ], [ 110.1770555402, -7.5696671968, 0.0 ], [ 110.1770493309, -7.5696864342, 0.0 ], [ 110.1770444674, -7.5696852619, 0.0 ], [ 110.177022783, -7.5696775383, 0.0 ], [ 110.1770190609, -7.5696714766, 0.0 ], [ 110.1770204799, -7.5696617, 0.0 ], [ 110.1769831675, -7.5696497546, 0.0 ], [ 110.1769780159, -7.5696590593, 0.0 ], [ 110.176971946, -7.5696606777, 0.0 ], [ 110.1769493222, -7.5696550462, 0.0 ], [ 110.1769415687, -7.5696832053, 0.0 ], [ 110.176919646, -7.5696773435, 0.0 ], [ 110.1769093193, -7.5697130357, 0.0 ], [ 110.1769130365, -7.5697173797, 0.0 ], [ 110.1768752619, -7.569825812, 0.0 ], [ 110.1769400939, -7.5698457263, 0.0 ], [ 110.1769462065, -7.5698215221, 0.0 ], [ 110.1769928515, -7.569833951, 0.0 ], [ 110.1769970664, -7.5698258114, 0.0 ], [ 110.1770008239, -7.5698141723, 0.0 ], [ 110.1770023213, -7.5698098961, 0.0 ], [ 110.1770099271, -7.569812329, 0.0 ], [ 110.1771209346, -7.5698460678, 0.0 ], [ 110.1771264838, -7.5698278493, 0.0 ], [ 110.1772231261, -7.5698530136, 0.0 ], [ 110.1772322796, -7.5698246238, 0.0 ], [ 110.1772497748, -7.5698279166, 0.0 ], [ 110.1772603358, -7.5697958047, 0.0 ], [ 110.1772421453, -7.5697906447, 0.0 ], [ 110.1772459018, -7.5697780813, 0.0 ], [ 110.1772619009, -7.5697089574, 0.0 ] ], [ [ 110.1773688699, -7.5698097939, 0.0 ], [ 110.1773601448, -7.5698431574, 0.0 ], [ 110.177352231, -7.5698425464, 0.0 ], [ 110.1773402077, -7.569882908, 0.0 ], [ 110.1773337311, -7.5699116556, 0.0 ], [ 110.177312512, -7.569997451, 0.0 ], [ 110.1773558132, -7.5700084462, 0.0 ], [ 110.177358423, -7.5699983291, 0.0 ], [ 110.1773623926, -7.5699967067, 0.0 ], [ 110.1774123053, -7.5700086759, 0.0 ], [ 110.1774134847, -7.5700019252, 0.0 ], [ 110.1774256151, -7.5700040438, 0.0 ], [ 110.1774366764, -7.5699542367, 0.0 ], [ 110.1774247825, -7.569950722, 0.0 ], [ 110.1774299554, -7.5699302416, 0.0 ], [ 110.1773711804, -7.5699154618, 0.0 ], [ 110.1773736272, -7.5698999591, 0.0 ], [ 110.1774343822, -7.5699140815, 0.0 ], [ 110.1774420582, -7.5698823549, 0.0 ], [ 110.1774563915, -7.5698843194, 0.0 ], [ 110.1774744479, -7.5698913569, 0.0 ], [ 110.1774794281, -7.5698639469, 0.0 ], [ 110.1774664444, -7.5698591539, 0.0 ], [ 110.1774486783, -7.5698562894, 0.0 ], [ 110.1774558972, -7.5698299264, 0.0 ], [ 110.1774625239, -7.5698004329, 0.0 ], [ 110.1773793822, -7.5697789664, 0.0 ], [ 110.1773807456, -7.569768836, 0.0 ], [ 110.1773646209, -7.5697665697, 0.0 ], [ 110.1773635577, -7.5697761055, 0.0 ], [ 110.177360271, -7.5697765461, 0.0 ], [ 110.1773540913, -7.5698064873, 0.0 ], [ 110.1773688699, -7.5698097939, 0.0 ] ], [ [ 110.1772452354, -7.5700067306, 0.0 ], [ 110.1772494627, -7.5699925355, 0.0 ], [ 110.1772529659, -7.5699906789, 0.0 ], [ 110.1772753581, -7.569995145, 0.0 ], [ 110.1772784127, -7.5699842074, 0.0 ], [ 110.1772879743, -7.5699872528, 0.0 ], [ 110.1772950457, -7.569949778, 0.0 ], [ 110.1772854841, -7.5699467335, 0.0 ], [ 110.1772946632, -7.5699053047, 0.0 ], [ 110.1772993776, -7.5698799338, 0.0 ], [ 110.1772021182, -7.5698580598, 0.0 ], [ 110.1771319063, -7.569840667, 0.0 ], [ 110.1771307397, -7.5698425968, 0.0 ], [ 110.1771175071, -7.5698939799, 0.0 ], [ 110.1771880745, -7.5699093844, 0.0 ], [ 110.1771755584, -7.5699730265, 0.0 ], [ 110.1771974224, -7.5699792526, 0.0 ], [ 110.1771993139, -7.5699817299, 0.0 ], [ 110.1771964879, -7.5699954619, 0.0 ], [ 110.1772205109, -7.5700013285, 0.0 ], [ 110.1772452354, -7.5700067306, 0.0 ] ], [ [ 110.1771057751, -7.5698572014, 0.0 ], [ 110.1770095773, -7.5698275508, 0.0 ], [ 110.1770041125, -7.5698466576, 0.0 ], [ 110.1769793301, -7.56984214, 0.0 ], [ 110.1769746606, -7.5698634408, 0.0 ], [ 110.1769967505, -7.56987004, 0.0 ], [ 110.1769857759, -7.5699051648, 0.0 ], [ 110.177083386, -7.5699357433, 0.0 ], [ 110.1771057751, -7.5698572014, 0.0 ] ] ] ] } },
{ "type": "Feature", "properties": { "FID_Fisnet_Kerban": 4, "FID_PL": 0, "NAMOBJ": "Kerban", "FCODE": "BA03070040", "METADATA": "TASWIL1000020230928_DATA_BATAS_DESAKELURAHAN", "SRS_ID": "SRGI 2013", "KDCPUM": "33.08.11", "KDEPUM": "33.08.11.2002", "KDPKAB": "33.08", "KDPPUM": "33", "WADMKC": "Tempuran", "WADMKD": "Sumberarum", "WADMKK": "Magelang", "WADMPR": "Jawa Tengah", "DUSUN": "Kerban", "Toponimi": "Dusun Kerban", "Shape_Leng": 3646.39056914, "Shape_Le_1": 12240.167946899999, "KETERANGAN": null, "KET_DETAIL": " ", "PL": "3", "Shape_Length": 51.321106593121215, "Shape_Area": 56.437135809652787 }, "geometry": { "type": "MultiPolygon", "coordinates": [ [ [ [ 110.1774378902, -7.5695458033, 0.0 ], [ 110.1774288951, -7.5695537666, 0.0 ], [ 110.1774126753, -7.5695743664, 0.0 ], [ 110.1773879155, -7.5696077104, 0.0 ], [ 110.1773432392, -7.5696804216, 0.0 ], [ 110.1773352018, -7.5696895427, 0.0 ], [ 110.1773293058, -7.5696908177, 0.0 ], [ 110.1773186247, -7.569689695, 0.0 ], [ 110.1773071237, -7.5696859595, 0.0 ], [ 110.1773090889, -7.5696787508, 0.0 ], [ 110.1773100337, -7.5696752839, 0.0 ], [ 110.1773152087, -7.5696531763, 0.0 ], [ 110.1773180087, -7.5696531816, 0.0 ], [ 110.1773429639, -7.5696597483, 0.0 ], [ 110.1773643245, -7.5695929626, 0.0 ], [ 110.1773727774, -7.5695655031, 0.0 ], [ 110.1773926004, -7.5695711293, 0.0 ], [ 110.1774041046, -7.569532498, 0.0 ], [ 110.1774378902, -7.5695458033, 0.0 ] ] ] ] } },
{ "type": "Feature", "properties": { "FID_Fisnet_Kerban": 4, "FID_PL": 0, "NAMOBJ": "Kerban", "FCODE": "BA03070040", "METADATA": "TASWIL1000020230928_DATA_BATAS_DESAKELURAHAN", "SRS_ID": "SRGI 2013", "KDCPUM": "33.08.11", "KDEPUM": "33.08.11.2002", "KDPKAB": "33.08", "KDPPUM": "33", "WADMKC": "Tempuran", "WADMKD": "Sumberarum", "WADMKK": "Magelang", "WADMPR": "Jawa Tengah", "DUSUN": "Kerban", "Toponimi": "Dusun Kerban", "Shape_Leng": 3646.39056914, "Shape_Le_1": 12240.167946899999, "KETERANGAN": null, "KET_DETAIL": " ", "PL": "3", "Shape_Length": 477.83319842261909, "Shape_Area": 1576.7289437034688 }, "geometry": { "type": "MultiPolygon", "coordinates": [ [ [ [ 110.1769783068, -7.5700184878, 0.0 ], [ 110.1771470439, -7.5700704976, 0.0 ], [ 110.1773808038, -7.5701006159, 0.0 ], [ 110.177379427, -7.5701062935, 0.0 ], [ 110.1773785779, -7.5701104887, 0.0 ], [ 110.1773692602, -7.5701552195, 0.0 ], [ 110.1773895667, -7.5701577885, 0.0 ], [ 110.1773873075, -7.5701670317, 0.0 ], [ 110.1773802261, -7.5702002436, 0.0 ], [ 110.1773717235, -7.570236217, 0.0 ], [ 110.1773429462, -7.5704455966, 0.0 ], [ 110.1773413287, -7.570466848, 0.0 ], [ 110.1773377737, -7.5704692038, 0.0 ], [ 110.1773268986, -7.5704704948, 0.0 ], [ 110.1770875263, -7.5704440001, 0.0 ], [ 110.1770915972, -7.5704123563, 0.0 ], [ 110.1771152869, -7.5704171305, 0.0 ], [ 110.1771274906, -7.5703265633, 0.0 ], [ 110.1769988361, -7.5703007054, 0.0 ], [ 110.1769900095, -7.5703531451, 0.0 ], [ 110.1769871402, -7.5703701277, 0.0 ], [ 110.1769817096, -7.5703988782, 0.0 ], [ 110.1769807804, -7.570405159, 0.0 ], [ 110.1769178256, -7.570395742, 0.0 ], [ 110.1769379853, -7.5702807289, 0.0 ], [ 110.1768851353, -7.5702718972, 0.0 ], [ 110.1768899343, -7.5702406184, 0.0 ], [ 110.1768250668, -7.5702241238, 0.0 ], [ 110.1768089061, -7.57028667, 0.0 ], [ 110.1768216607, -7.5702899683, 0.0 ], [ 110.176817913, -7.5703045388, 0.0 ], [ 110.1768198532, -7.5703052868, 0.0 ], [ 110.1768189491, -7.5703093092, 0.0 ], [ 110.1768253697, -7.5703100657, 0.0 ], [ 110.1768229736, -7.5703136384, 0.0 ], [ 110.1768347657, -7.5703163424, 0.0 ], [ 110.1768291848, -7.5703598348, 0.0 ], [ 110.1767667985, -7.5703483992, 0.0 ], [ 110.1767832021, -7.5703126425, 0.0 ], [ 110.1768087342, -7.5699864519, 0.0 ], [ 110.1768109596, -7.5699825858, 0.0 ], [ 110.1768151056, -7.5699806417, 0.0 ], [ 110.1768210887, -7.5699803084, 0.0 ], [ 110.1768276652, -7.5699806049, 0.0 ], [ 110.1769783068, -7.5700184878, 0.0 ] ], [ [ 110.1769291112, -7.5701001457, 0.0 ], [ 110.1769264662, -7.5701092317, 0.0 ], [ 110.1769259108, -7.5701119748, 0.0 ], [ 110.1769205933, -7.5701317558, 0.0 ], [ 110.1768344146, -7.5701081633, 0.0 ], [ 110.1768261496, -7.570134971, 0.0 ], [ 110.1768184835, -7.5701614814, 0.0 ], [ 110.176810207, -7.5701943989, 0.0 ], [ 110.1769034283, -7.5702206168, 0.0 ], [ 110.1769040914, -7.5702208035, 0.0 ], [ 110.1769182704, -7.5702253011, 0.0 ], [ 110.1769125065, -7.5702429024, 0.0 ], [ 110.1769996509, -7.5702706636, 0.0 ], [ 110.1769986688, -7.5702756717, 0.0 ], [ 110.1770213595, -7.5702804839, 0.0 ], [ 110.1770240443, -7.5702824254, 0.0 ], [ 110.1770235756, -7.570293452, 0.0 ], [ 110.1770482064, -7.5702985654, 0.0 ], [ 110.1770717955, -7.5703023355, 0.0 ], [ 110.1770748039, -7.570290867, 0.0 ], [ 110.1770995855, -7.5702938931, 0.0 ], [ 110.1771539953, -7.5703023813, 0.0 ], [ 110.1771541418, -7.5703001692, 0.0 ], [ 110.177167107, -7.5702305765, 0.0 ], [ 110.1771211582, -7.5702204781, 0.0 ], [ 110.1771253944, -7.57020116, 0.0 ], [ 110.1771144359, -7.5701981129, 0.0 ], [ 110.1771095356, -7.5701972218, 0.0 ], [ 110.1771107116, -7.5701922819, 0.0 ], [ 110.1771257858, -7.570118036, 0.0 ], [ 110.177104562, -7.5701126405, 0.0 ], [ 110.1771081138, -7.5700851717, 0.0 ], [ 110.1770805952, -7.5700781353, 0.0 ], [ 110.1770397147, -7.5700687601, 0.0 ], [ 110.1770386334, -7.5700716171, 0.0 ], [ 110.1770181921, -7.5701759857, 0.0 ], [ 110.1770045409, -7.5701718174, 0.0 ], [ 110.1770092023, -7.570155285, 0.0 ], [ 110.1770022003, -7.5701532891, 0.0 ], [ 110.1770164829, -7.5700964332, 0.0 ], [ 110.1769958831, -7.570091331, 0.0 ], [ 110.177006872, -7.5700453045, 0.0 ], [ 110.1769473682, -7.5700310361, 0.0 ], [ 110.1769460381, -7.5700307785, 0.0 ], [ 110.1769429444, -7.5700441888, 0.0 ], [ 110.1769291112, -7.5701001457, 0.0 ] ], [ [ 110.1771550174, -7.5702026504, 0.0 ], [ 110.1772355009, -7.5702081669, 0.0 ], [ 110.1772375139, -7.5701704691, 0.0 ], [ 110.177229301, -7.5701698575, 0.0 ], [ 110.1772309645, -7.5701492023, 0.0 ], [ 110.177239709, -7.5700907756, 0.0 ], [ 110.1771700991, -7.570087644, 0.0 ], [ 110.1771671002, -7.5700873842, 0.0 ], [ 110.177165055, -7.5701071505, 0.0 ], [ 110.1771602025, -7.5701455855, 0.0 ], [ 110.1771550174, -7.5702026504, 0.0 ] ] ] ] } },
{ "type": "Feature", "properties": { "FID_Fisnet_Kerban": 4, "FID_PL": 0, "NAMOBJ": "Kerban", "FCODE": "BA03070040", "METADATA": "TASWIL1000020230928_DATA_BATAS_DESAKELURAHAN", "SRS_ID": "SRGI 2013", "KDCPUM": "33.08.11", "KDEPUM": "33.08.11.2002", "KDPKAB": "33.08", "KDPPUM": "33", "WADMKC": "Tempuran", "WADMKD": "Sumberarum", "WADMKK": "Magelang", "WADMPR": "Jawa Tengah", "DUSUN": "Kerban", "Toponimi": "Dusun Kerban", "Shape_Leng": 3646.39056914, "Shape_Le_1": 12240.167946899999, "KETERANGAN": null, "KET_DETAIL": " ", "PL": "3", "Shape_Length": 156.57332588584836, "Shape_Area": 416.96271162122275 }, "geometry": { "type": "MultiPolygon", "coordinates": [ [ [ [ 110.1761508919, -7.5676570645, 0.0 ], [ 110.1762050322, -7.5676807964, 0.0 ], [ 110.1761853845, -7.5677185115, 0.0 ], [ 110.1761553661, -7.5677731072, 0.0 ], [ 110.1762420564, -7.5678144024, 0.0 ], [ 110.176267566, -7.5677627838, 0.0 ], [ 110.1762898582, -7.5677224399, 0.0 ], [ 110.176405882, -7.5677681926, 0.0 ], [ 110.1763983248, -7.5677860482, 0.0 ], [ 110.1763847727, -7.5678266953, 0.0 ], [ 110.1763365799, -7.5678099311, 0.0 ], [ 110.1763219702, -7.5678437727, 0.0 ], [ 110.1763185598, -7.5678516715, 0.0 ], [ 110.176307976, -7.5678723487, 0.0 ], [ 110.1762437666, -7.567843625, 0.0 ], [ 110.1759351561, -7.5677137902, 0.0 ], [ 110.1759633885, -7.5676517309, 0.0 ], [ 110.1760506044, -7.5676959368, 0.0 ], [ 110.1760520862, -7.5676917627, 0.0 ], [ 110.1760577128, -7.5676944407, 0.0 ], [ 110.1760540266, -7.5677076401, 0.0 ], [ 110.1760862351, -7.5677227317, 0.0 ], [ 110.1761101474, -7.5677333123, 0.0 ], [ 110.1761176087, -7.5677330451, 0.0 ], [ 110.1761279257, -7.5677119937, 0.0 ], [ 110.1761440406, -7.5676769058, 0.0 ], [ 110.1761508919, -7.5676570645, 0.0 ] ] ] ] } },
{ "type": "Feature", "properties": { "FID_Fisnet_Kerban": 4, "FID_PL": 0, "NAMOBJ": "Kerban", "FCODE": "BA03070040", "METADATA": "TASWIL1000020230928_DATA_BATAS_DESAKELURAHAN", "SRS_ID": "SRGI 2013", "KDCPUM": "33.08.11", "KDEPUM": "33.08.11.2002", "KDPKAB": "33.08", "KDPPUM": "33", "WADMKC": "Tempuran", "WADMKD": "Sumberarum", "WADMKK": "Magelang", "WADMPR": "Jawa Tengah", "DUSUN": "Kerban", "Toponimi": "Dusun Kerban", "Shape_Leng": 3646.39056914, "Shape_Le_1": 12240.167946899999, "KETERANGAN": null, "KET_DETAIL": " ", "PL": "3", "Shape_Length": 235.9852205115991, "Shape_Area": 872.05126134849547 }, "geometry": { "type": "MultiPolygon", "coordinates": [ [ [ [ 110.1765361715, -7.5679385122, 0.0 ], [ 110.1766796924, -7.5679754275, 0.0 ], [ 110.1767001688, -7.5679801017, 0.0 ], [ 110.1767001565, -7.5679865877, 0.0 ], [ 110.1766985097, -7.5679979359, 0.0 ], [ 110.1766919626, -7.5680227886, 0.0 ], [ 110.1766919462, -7.5680314373, 0.0 ], [ 110.1767022284, -7.5680368628, 0.0 ], [ 110.1767682411, -7.5680539384, 0.0 ], [ 110.1767699656, -7.5680584396, 0.0 ], [ 110.1767692539, -7.5680681244, 0.0 ], [ 110.1767624543, -7.5680980002, 0.0 ], [ 110.1766774686, -7.5680812035, 0.0 ], [ 110.176671463, -7.5680800498, 0.0 ], [ 110.1766563518, -7.5680729301, 0.0 ], [ 110.1766592971, -7.5680574781, 0.0 ], [ 110.176618125, -7.5680504901, 0.0 ], [ 110.1766085817, -7.5680855687, 0.0 ], [ 110.1766114853, -7.5680921208, 0.0 ], [ 110.1766060057, -7.5681113543, 0.0 ], [ 110.1766035725, -7.5681225381, 0.0 ], [ 110.1765953915, -7.5681213704, 0.0 ], [ 110.1765967579, -7.5681139833, 0.0 ], [ 110.1765886646, -7.568112444, 0.0 ], [ 110.176575186, -7.5681100551, 0.0 ], [ 110.1765733466, -7.5681187808, 0.0 ], [ 110.176541466, -7.5681129011, 0.0 ], [ 110.176531361, -7.5681559798, 0.0 ], [ 110.176527678, -7.5681761581, 0.0 ], [ 110.1765214344, -7.5682010594, 0.0 ], [ 110.1765750078, -7.5682120958, 0.0 ], [ 110.1765689269, -7.5682391555, 0.0 ], [ 110.1765559058, -7.5682971083, 0.0 ], [ 110.1765948587, -7.5683066699, 0.0 ], [ 110.176595046, -7.5683039423, 0.0 ], [ 110.1766278334, -7.5683125516, 0.0 ], [ 110.1766296085, -7.568309525, 0.0 ], [ 110.1766813961, -7.5683206538, 0.0 ], [ 110.1767027114, -7.5683241492, 0.0 ], [ 110.1766981927, -7.5683409369, 0.0 ], [ 110.1764960039, -7.5683045638, 0.0 ], [ 110.1764545016, -7.5682948509, 0.0 ], [ 110.1764313337, -7.56829031, 0.0 ], [ 110.1764197521, -7.5682870763, 0.0 ], [ 110.1764129996, -7.5682835298, 0.0 ], [ 110.1764088201, -7.5682806311, 0.0 ], [ 110.1764068932, -7.5682781745, 0.0 ], [ 110.1764054384, -7.5682762317, 0.0 ], [ 110.1764055503, -7.5682740765, 0.0 ], [ 110.1764055527, -7.5682728374, 0.0 ], [ 110.1764055551, -7.5682715982, 0.0 ], [ 110.1764057717, -7.5682706435, 0.0 ], [ 110.1764274126, -7.5681278457, 0.0 ], [ 110.1764518235, -7.5680189984, 0.0 ], [ 110.1764623603, -7.5679608944, 0.0 ], [ 110.1764578942, -7.5679461755, 0.0 ], [ 110.1764419301, -7.5679271295, 0.0 ], [ 110.1764201881, -7.5679149005, 0.0 ], [ 110.1763907143, -7.5679036328, 0.0 ], [ 110.176307976, -7.5678723487, 0.0 ], [ 110.1763185598, -7.5678516715, 0.0 ], [ 110.1765361715, -7.5679385122, 0.0 ] ] ] ] } },
{ "type": "Feature", "properties": { "FID_Fisnet_Kerban": 4, "FID_PL": 0, "NAMOBJ": "Kerban", "FCODE": "BA03070040", "METADATA": "TASWIL1000020230928_DATA_BATAS_DESAKELURAHAN", "SRS_ID": "SRGI 2013", "KDCPUM": "33.08.11", "KDEPUM": "33.08.11.2002", "KDPKAB": "33.08", "KDPPUM": "33", "WADMKC": "Tempuran", "WADMKD": "Sumberarum", "WADMKK": "Magelang", "WADMPR": "Jawa Tengah", "DUSUN": "Kerban", "Toponimi": "Dusun Kerban", "Shape_Leng": 3646.39056914, "Shape_Le_1": 12240.167946899999, "KETERANGAN": null, "KET_DETAIL": " ", "PL": "23", "Shape_Length": 97.210513186399623, "Shape_Area": 560.26272217455505 }, "geometry": { "type": "MultiPolygon", "coordinates": [ [ [ [ 110.1768913539, -7.5683756856, 0.0 ], [ 110.1766981927, -7.5683409369, 0.0 ], [ 110.1767027114, -7.5683241492, 0.0 ], [ 110.1767292147, -7.5682103059, 0.0 ], [ 110.1767460093, -7.5682134626, 0.0 ], [ 110.1767534292, -7.5681872556, 0.0 ], [ 110.1767601509, -7.5681482797, 0.0 ], [ 110.176763184, -7.5681481696, 0.0 ], [ 110.1767648498, -7.5681305987, 0.0 ], [ 110.1767783736, -7.5681335339, 0.0 ], [ 110.1767850784, -7.5681024713, 0.0 ], [ 110.1769263241, -7.5681270161, 0.0 ], [ 110.1769328076, -7.5681362179, 0.0 ], [ 110.1769300233, -7.5681762125, 0.0 ], [ 110.1769011998, -7.5683607206, 0.0 ], [ 110.1768913539, -7.5683756856, 0.0 ] ] ] ] } },
{ "type": "Feature", "properties": { "FID_Fisnet_Kerban": 3, "FID_PL": 0, "NAMOBJ": "Kerban", "FCODE": "BA03070040", "METADATA": "TASWIL1000020230928_DATA_BATAS_DESAKELURAHAN", "SRS_ID": "SRGI 2013", "KDCPUM": "33.08.11", "KDEPUM": "33.08.11.2002", "KDPKAB": "33.08", "KDPPUM": "33", "WADMKC": "Tempuran", "WADMKD": "Sumberarum", "WADMKK": "Magelang", "WADMPR": "Jawa Tengah", "DUSUN": "Kerban", "Toponimi": "Dusun Kerban", "Shape_Leng": 3646.39056914, "Shape_Le_1": 12240.167946899999, "KETERANGAN": null, "KET_DETAIL": " ", "PL": "3", "Shape_Length": 400.83612374379578, "Shape_Area": 2419.8839786159888 }, "geometry": { "type": "MultiPolygon", "coordinates": [ [ [ [ 110.1712647773, -7.5660301225, 0.0 ], [ 110.1712357755, -7.566145889, 0.0 ], [ 110.1712315997, -7.5661449033, 0.0 ], [ 110.1712237086, -7.5661785404, 0.0 ], [ 110.1711924464, -7.5663065312, 0.0 ], [ 110.1711888715, -7.5663060423, 0.0 ], [ 110.1711394168, -7.5664994116, 0.0 ], [ 110.1711518174, -7.5665014304, 0.0 ], [ 110.1711821333, -7.5665101367, 0.0 ], [ 110.1711848285, -7.5665109107, 0.0 ], [ 110.1712362336, -7.56652372, 0.0 ], [ 110.1712397803, -7.5665194892, 0.0 ], [ 110.1712497697, -7.5664768999, 0.0 ], [ 110.171276408, -7.5663637184, 0.0 ], [ 110.1712815991, -7.5663632579, 0.0 ], [ 110.1713091875, -7.5663706077, 0.0 ], [ 110.1713248775, -7.5663075481, 0.0 ], [ 110.171292107, -7.5662964213, 0.0 ], [ 110.1713020901, -7.5662571261, 0.0 ], [ 110.1713232455, -7.5661738327, 0.0 ], [ 110.1713227867, -7.5661672409, 0.0 ], [ 110.1712878885, -7.5661582293, 0.0 ], [ 110.1712926505, -7.5661351677, 0.0 ], [ 110.1712957241, -7.5661318776, 0.0 ], [ 110.1713028005, -7.5661323623, 0.0 ], [ 110.1713365199, -7.5661406653, 0.0 ], [ 110.1713815632, -7.5661494611, 0.0 ], [ 110.1713848784, -7.5661431116, 0.0 ], [ 110.1713870102, -7.5661384078, 0.0 ], [ 110.1714021021, -7.5661417315, 0.0 ], [ 110.1714042308, -7.566139146, 0.0 ], [ 110.1714135114, -7.5660970256, 0.0 ], [ 110.1714083244, -7.5660953678, 0.0 ], [ 110.1714069198, -7.5660899509, 0.0 ], [ 110.1714102686, -7.5660654748, 0.0 ], [ 110.1714378237, -7.5660655362, 0.0 ], [ 110.1714431111, -7.5661860748, 0.0 ], [ 110.1714558195, -7.5664765905, 0.0 ], [ 110.1714666747, -7.5666956377, 0.0 ], [ 110.171476605, -7.5669442598, 0.0 ], [ 110.1714643578, -7.5669426419, 0.0 ], [ 110.1714145877, -7.5669360703, 0.0 ], [ 110.1713962769, -7.5669327785, 0.0 ], [ 110.1714134448, -7.5668006717, 0.0 ], [ 110.1712417085, -7.5667777016, 0.0 ], [ 110.1712381538, -7.5667932122, 0.0 ], [ 110.1711521299, -7.5667802213, 0.0 ], [ 110.1711651309, -7.5667036916, 0.0 ], [ 110.171147926, -7.5667013832, 0.0 ], [ 110.171148141, -7.5666974527, 0.0 ], [ 110.1711032987, -7.5666887559, 0.0 ], [ 110.1710547079, -7.5666793311, 0.0 ], [ 110.1710903985, -7.5665202355, 0.0 ], [ 110.1711598386, -7.5662106964, 0.0 ], [ 110.1711610956, -7.5662050937, 0.0 ], [ 110.1711621424, -7.5662004295, 0.0 ], [ 110.1711629899, -7.5661966485, 0.0 ], [ 110.1711635887, -7.5661939833, 0.0 ], [ 110.1711646583, -7.5661892123, 0.0 ], [ 110.1711656529, -7.5661847796, 0.0 ], [ 110.1711663651, -7.5661816053, 0.0 ], [ 110.1711673991, -7.5661769962, 0.0 ], [ 110.1711675956, -7.5661761183, 0.0 ], [ 110.1711677346, -7.5661755008, 0.0 ], [ 110.1711678955, -7.5661747821, 0.0 ], [ 110.1711680984, -7.566173878, 0.0 ], [ 110.1711683114, -7.5661729287, 0.0 ], [ 110.171168508, -7.5661720544, 0.0 ], [ 110.1711686725, -7.5661713203, 0.0 ], [ 110.1711688097, -7.5661707064, 0.0 ], [ 110.1711690602, -7.5661695916, 0.0 ], [ 110.1711693381, -7.566168353, 0.0 ], [ 110.1711705073, -7.56616314, 0.0 ], [ 110.1711763957, -7.5661368905, 0.0 ], [ 110.171178534, -7.5661273604, 0.0 ], [ 110.1711868972, -7.5660900791, 0.0 ], [ 110.17118968, -7.566077674, 0.0 ], [ 110.1712048009, -7.5660102718, 0.0 ], [ 110.1712647773, -7.5660301225, 0.0 ] ] ] ] } },
{ "type": "Feature", "properties": { "FID_Fisnet_Kerban": 3, "FID_PL": 0, "NAMOBJ": "Kerban", "FCODE": "BA03070040", "METADATA": "TASWIL1000020230928_DATA_BATAS_DESAKELURAHAN", "SRS_ID": "SRGI 2013", "KDCPUM": "33.08.11", "KDEPUM": "33.08.11.2002", "KDPKAB": "33.08", "KDPPUM": "33", "WADMKC": "Tempuran", "WADMKD": "Sumberarum", "WADMKK": "Magelang", "WADMPR": "Jawa Tengah", "DUSUN": "Kerban", "Toponimi": "Dusun Kerban", "Shape_Leng": 3646.39056914, "Shape_Le_1": 12240.167946899999, "KETERANGAN": null, "KET_DETAIL": " ", "PL": null, "Shape_Length": 98.50884901235932, "Shape_Area": 221.29167311780583 }, "geometry": { "type": "MultiPolygon", "coordinates": [ [ [ [ 110.1712557705, -7.5643182747, 0.0 ], [ 110.1712513268, -7.5643179777, 0.0 ], [ 110.1712775707, -7.5641762572, 0.0 ], [ 110.171323112, -7.5641947265, 0.0 ], [ 110.171331504, -7.5641978792, 0.0 ], [ 110.1713356283, -7.5641997131, 0.0 ], [ 110.1713382992, -7.5642017777, 0.0 ], [ 110.1713410632, -7.5642035151, 0.0 ], [ 110.171344297, -7.5642055816, 0.0 ], [ 110.1713463115, -7.5642072235, 0.0 ], [ 110.1713503838, -7.5642121, 0.0 ], [ 110.1713521171, -7.5642134148, 0.0 ], [ 110.1713534278, -7.5642148681, 0.0 ], [ 110.1713543908, -7.5642165215, 0.0 ], [ 110.1713550163, -7.5642184293, 0.0 ], [ 110.1713555273, -7.5642209113, 0.0 ], [ 110.1713561305, -7.5642244707, 0.0 ], [ 110.1713565008, -7.5642270926, 0.0 ], [ 110.1713571521, -7.5642301374, 0.0 ], [ 110.1713572887, -7.5642321972, 0.0 ], [ 110.1713576112, -7.5642351473, 0.0 ], [ 110.1713579486, -7.5642411709, 0.0 ], [ 110.1713580972, -7.5642440854, 0.0 ], [ 110.171358598, -7.5642500089, 0.0 ], [ 110.1713580816, -7.5642988273, 0.0 ], [ 110.1713682614, -7.564443808, 0.0 ], [ 110.1712273638, -7.5643987485, 0.0 ], [ 110.1712365111, -7.5643822483, 0.0 ], [ 110.1712549151, -7.5643831922, 0.0 ], [ 110.1712550862, -7.564389012, 0.0 ], [ 110.1713406666, -7.5643852464, 0.0 ], [ 110.1713394145, -7.5643184336, 0.0 ], [ 110.1712557705, -7.5643182747, 0.0 ] ] ] ] } },
{ "type": "Feature", "properties": { "FID_Fisnet_Kerban": 4, "FID_PL": 0, "NAMOBJ": "Kerban", "FCODE": "BA03070040", "METADATA": "TASWIL1000020230928_DATA_BATAS_DESAKELURAHAN", "SRS_ID": "SRGI 2013", "KDCPUM": "33.08.11", "KDEPUM": "33.08.11.2002", "KDPKAB": "33.08", "KDPPUM": "33", "WADMKC": "Tempuran", "WADMKD": "Sumberarum", "WADMKK": "Magelang", "WADMPR": "Jawa Tengah", "DUSUN": "Kerban", "Toponimi": "Dusun Kerban", "Shape_Leng": 3646.39056914, "Shape_Le_1": 12240.167946899999, "KETERANGAN": null, "KET_DETAIL": " ", "PL": "3", "Shape_Length": 99.532027034776746, "Shape_Area": 205.05192126352549 }, "geometry": { "type": "MultiPolygon", "coordinates": [ [ [ [ 110.1767143213, -7.5703399318, 0.0 ], [ 110.1767026956, -7.5703421701, 0.0 ], [ 110.1766952412, -7.5703459567, 0.0 ], [ 110.1766924885, -7.5703511197, 0.0 ], [ 110.1766927792, -7.5703584176, 0.0 ], [ 110.1766964041, -7.5703751483, 0.0 ], [ 110.1767018791, -7.5703803269, 0.0 ], [ 110.1767119327, -7.5703815624, 0.0 ], [ 110.1767509368, -7.5703579866, 0.0 ], [ 110.176757153, -7.5703542303, 0.0 ], [ 110.1767714896, -7.5703578183, 0.0 ], [ 110.176773832, -7.5703648741, 0.0 ], [ 110.1767784617, -7.5704075825, 0.0 ], [ 110.1767823555, -7.5704244341, 0.0 ], [ 110.1767783844, -7.5704483221, 0.0 ], [ 110.1767771453, -7.5704808341, 0.0 ], [ 110.1767786922, -7.5704929806, 0.0 ], [ 110.1767719899, -7.570507854, 0.0 ], [ 110.1767632001, -7.570513191, 0.0 ], [ 110.1767441543, -7.5705049441, 0.0 ], [ 110.1767304784, -7.5704995375, 0.0 ], [ 110.1767539359, -7.5704556185, 0.0 ], [ 110.1766821026, -7.5704170803, 0.0 ], [ 110.1766448061, -7.5704807876, 0.0 ], [ 110.1766396156, -7.5704780951, 0.0 ], [ 110.1766276563, -7.5704703654, 0.0 ], [ 110.1766721883, -7.5703930448, 0.0 ], [ 110.176588893, -7.5703469433, 0.0 ], [ 110.1765947708, -7.5703375876, 0.0 ], [ 110.1766116431, -7.5703156252, 0.0 ], [ 110.1766251648, -7.5703015734, 0.0 ], [ 110.1766429535, -7.570301607, 0.0 ], [ 110.1767143213, -7.5703399318, 0.0 ] ] ] ] } },
{ "type": "Feature", "properties": { "FID_Fisnet_Kerban": 4, "FID_PL": 0, "NAMOBJ": "Kerban", "FCODE": "BA03070040", "METADATA": "TASWIL1000020230928_DATA_BATAS_DESAKELURAHAN", "SRS_ID": "SRGI 2013", "KDCPUM": "33.08.11", "KDEPUM": "33.08.11.2002", "KDPKAB": "33.08", "KDPPUM": "33", "WADMKC": "Tempuran", "WADMKD": "Sumberarum", "WADMKK": "Magelang", "WADMPR": "Jawa Tengah", "DUSUN": "Kerban", "Toponimi": "Dusun Kerban", "Shape_Leng": 3646.39056914, "Shape_Le_1": 12240.167946899999, "KETERANGAN": null, "KET_DETAIL": " ", "PL": "3", "Shape_Length": 89.33591595507491, "Shape_Area": 191.56954510134429 }, "geometry": { "type": "MultiPolygon", "coordinates": [ [ [ [ 110.1761705727, -7.5698067843, 0.0 ], [ 110.1761519638, -7.569854883, 0.0 ], [ 110.1761070437, -7.5698387037, 0.0 ], [ 110.1760855586, -7.5698931103, 0.0 ], [ 110.1760705787, -7.569929482, 0.0 ], [ 110.1760473256, -7.5699196795, 0.0 ], [ 110.1760730003, -7.569857137, 0.0 ], [ 110.1760379084, -7.569841528, 0.0 ], [ 110.1760099952, -7.5699057767, 0.0 ], [ 110.1759762916, -7.5698951305, 0.0 ], [ 110.1760086786, -7.5698124397, 0.0 ], [ 110.1760059941, -7.569810348, 0.0 ], [ 110.1760133417, -7.569794566, 0.0 ], [ 110.1759740776, -7.5697765251, 0.0 ], [ 110.1759890286, -7.5697486682, 0.0 ], [ 110.175992489, -7.5697498225, 0.0 ], [ 110.1761096126, -7.5697890217, 0.0 ], [ 110.1761705727, -7.5698067843, 0.0 ] ] ] ] } },
{ "type": "Feature", "properties": { "FID_Fisnet_Kerban": 4, "FID_PL": 0, "NAMOBJ": "Kerban", "FCODE": "BA03070040", "METADATA": "TASWIL1000020230928_DATA_BATAS_DESAKELURAHAN", "SRS_ID": "SRGI 2013", "KDCPUM": "33.08.11", "KDEPUM": "33.08.11.2002", "KDPKAB": "33.08", "KDPPUM": "33", "WADMKC": "Tempuran", "WADMKD": "Sumberarum", "WADMKK": "Magelang", "WADMPR": "Jawa Tengah", "DUSUN": "Kerban", "Toponimi": "Dusun Kerban", "Shape_Leng": 3646.39056914, "Shape_Le_1": 12240.167946899999, "KETERANGAN": null, "KET_DETAIL": " ", "PL": null, "Shape_Length": 629.25315730825139, "Shape_Area": 1537.9263230477673 }, "geometry": { "type": "MultiPolygon", "coordinates": [ [ [ [ 110.1753376601, -7.5688029971, 0.0 ], [ 110.1753485968, -7.5688088481, 0.0 ], [ 110.1753437613, -7.5688196819, 0.0 ], [ 110.17534172, -7.5688239888, 0.0 ], [ 110.1753874171, -7.5688433679, 0.0 ], [ 110.1754079183, -7.5688531009, 0.0 ], [ 110.1754288043, -7.5688602614, 0.0 ], [ 110.17544502, -7.5688212962, 0.0 ], [ 110.1754550924, -7.5687963913, 0.0 ], [ 110.1754595335, -7.5687841919, 0.0 ], [ 110.1754675568, -7.56876437, 0.0 ], [ 110.1753826644, -7.5687299603, 0.0 ], [ 110.1753773509, -7.5687409433, 0.0 ], [ 110.1753660595, -7.5687342649, 0.0 ], [ 110.175360841, -7.5687319523, 0.0 ], [ 110.1753375908, -7.5687235545, 0.0 ], [ 110.1752987191, -7.5687089396, 0.0 ], [ 110.1753165642, -7.5686730464, 0.0 ], [ 110.1754753849, -7.5687437825, 0.0 ], [ 110.1754700534, -7.5687771288, 0.0 ], [ 110.1754389879, -7.5688679236, 0.0 ], [ 110.1754117757, -7.5689196302, 0.0 ], [ 110.175402839, -7.568938791, 0.0 ], [ 110.1753978481, -7.5689617564, 0.0 ], [ 110.1753952483, -7.5689985946, 0.0 ], [ 110.1753935601, -7.5690154845, 0.0 ], [ 110.1753935168, -7.5690382692, 0.0 ], [ 110.1753948195, -7.5690534625, 0.0 ], [ 110.175399546, -7.5690699909, 0.0 ], [ 110.1754063673, -7.5690850037, 0.0 ], [ 110.1754149047, -7.5690985012, 0.0 ], [ 110.1754236448, -7.5691055437, 0.0 ], [ 110.1754525459, -7.5691171812, 0.0 ], [ 110.1755091105, -7.5691388339, 0.0 ], [ 110.1755563267, -7.5691587106, 0.0 ], [ 110.1758247958, -7.5692313671, 0.0 ], [ 110.1761430871, -7.5693339583, 0.0 ], [ 110.1761360657, -7.5693570274, 0.0 ], [ 110.1760433471, -7.5693287038, 0.0 ], [ 110.1760226707, -7.569390212, 0.0 ], [ 110.1760125912, -7.5694188461, 0.0 ], [ 110.1760084862, -7.5694330812, 0.0 ], [ 110.1760048977, -7.5694449439, 0.0 ], [ 110.1759376723, -7.5694277447, 0.0 ], [ 110.1759279032, -7.5694270298, 0.0 ], [ 110.1759131784, -7.5694632157, 0.0 ], [ 110.1759034005, -7.5694666785, 0.0 ], [ 110.1758036354, -7.5694469901, 0.0 ], [ 110.175640032, -7.5693844125, 0.0 ], [ 110.1756348845, -7.5693852584, 0.0 ], [ 110.1756193218, -7.569407813, 0.0 ], [ 110.1755381771, -7.5693630287, 0.0 ], [ 110.1755263596, -7.5693560735, 0.0 ], [ 110.1755301708, -7.5693457063, 0.0 ], [ 110.175542312, -7.5693144649, 0.0 ], [ 110.1755387279, -7.569312149, 0.0 ], [ 110.1754704883, -7.569287721, 0.0 ], [ 110.1754411407, -7.5693603144, 0.0 ], [ 110.1754303914, -7.5693550011, 0.0 ], [ 110.1754463975, -7.5693147638, 0.0 ], [ 110.1754371133, -7.5693107719, 0.0 ], [ 110.1754840298, -7.56921072, 0.0 ], [ 110.1754052407, -7.569177986, 0.0 ], [ 110.1753876422, -7.5692176912, 0.0 ], [ 110.1753730377, -7.5692115294, 0.0 ], [ 110.1753394565, -7.5692872741, 0.0 ], [ 110.1753588247, -7.5692936693, 0.0 ], [ 110.1753492236, -7.5693166992, 0.0 ], [ 110.1752902705, -7.5692879327, 0.0 ], [ 110.1752930795, -7.569278885, 0.0 ], [ 110.1753554404, -7.5691494694, 0.0 ], [ 110.175375758, -7.5691084189, 0.0 ], [ 110.1753743793, -7.5690993625, 0.0 ], [ 110.1753604398, -7.5690895867, 0.0 ], [ 110.1752159704, -7.5690308467, 0.0 ], [ 110.1752265566, -7.5690107926, 0.0 ], [ 110.1752479362, -7.5690215096, 0.0 ], [ 110.1752540843, -7.5690091886, 0.0 ], [ 110.1752606701, -7.5689960065, 0.0 ], [ 110.1752800813, -7.5689578641, 0.0 ], [ 110.1752839787, -7.5689494055, 0.0 ], [ 110.1753030079, -7.5689081021, 0.0 ], [ 110.1753094695, -7.5688886897, 0.0 ], [ 110.1753173179, -7.56887175, 0.0 ], [ 110.1753333567, -7.5688366837, 0.0 ], [ 110.1753321713, -7.5688346464, 0.0 ], [ 110.1753155752, -7.5688271783, 0.0 ], [ 110.1752792304, -7.5688108225, 0.0 ], [ 110.1752345535, -7.5687907182, 0.0 ], [ 110.1752697581, -7.5686973318, 0.0 ], [ 110.1752859566, -7.5687041416, 0.0 ], [ 110.1752850961, -7.568706204, 0.0 ], [ 110.1752605332, -7.5687632349, 0.0 ], [ 110.1752589928, -7.5687668074, 0.0 ], [ 110.1752580226, -7.5687702923, 0.0 ], [ 110.1752618128, -7.5687714826, 0.0 ], [ 110.1752825646, -7.5687800936, 0.0 ], [ 110.1752766642, -7.5687946229, 0.0 ], [ 110.1753062178, -7.5688068532, 0.0 ], [ 110.1753137325, -7.5687913763, 0.0 ], [ 110.1753340673, -7.5688009145, 0.0 ], [ 110.1753376601, -7.5688029971, 0.0 ] ], [ [ 110.1755541314, -7.569255042, 0.0 ], [ 110.1755362078, -7.5692984124, 0.0 ], [ 110.1756515592, -7.5693437516, 0.0 ], [ 110.1756532975, -7.5693448665, 0.0 ], [ 110.1756578851, -7.5693466796, 0.0 ], [ 110.1756778522, -7.5693536756, 0.0 ], [ 110.1756804607, -7.5693547659, 0.0 ], [ 110.1757483799, -7.5693794185, 0.0 ], [ 110.1757856456, -7.5693939326, 0.0 ], [ 110.1758290451, -7.569280541, 0.0 ], [ 110.1758382833, -7.5692810595, 0.0 ], [ 110.1758450222, -7.5692822626, 0.0 ], [ 110.1758221252, -7.5693708767, 0.0 ], [ 110.1758131736, -7.5693979147, 0.0 ], [ 110.1758172403, -7.56939909, 0.0 ], [ 110.1758602227, -7.569408928, 0.0 ], [ 110.1758890495, -7.5694158475, 0.0 ], [ 110.1758902197, -7.5694101298, 0.0 ], [ 110.1758972669, -7.569393535, 0.0 ], [ 110.1759212161, -7.5693976522, 0.0 ], [ 110.1759443447, -7.5693126375, 0.0 ], [ 110.1759528394, -7.5692860817, 0.0 ], [ 110.1759502406, -7.569285146, 0.0 ], [ 110.1758521332, -7.5692598168, 0.0 ], [ 110.1758503813, -7.5692658907, 0.0 ], [ 110.1758412516, -7.5692640283, 0.0 ], [ 110.1758345236, -7.5692628479, 0.0 ], [ 110.1758353858, -7.5692598937, 0.0 ], [ 110.1757638847, -7.5692317629, 0.0 ], [ 110.1757570044, -7.5692472672, 0.0 ], [ 110.175737447, -7.5692956264, 0.0 ], [ 110.1757357048, -7.5692966, 0.0 ], [ 110.1757034285, -7.5692856869, 0.0 ], [ 110.1756890183, -7.5692808044, 0.0 ], [ 110.1757023149, -7.5692420634, 0.0 ], [ 110.175655474, -7.5692268917, 0.0 ], [ 110.1755774528, -7.5691964693, 0.0 ], [ 110.1755541314, -7.569255042, 0.0 ] ] ] ] } },
{ "type": "Feature", "properties": { "FID_Fisnet_Kerban": 4, "FID_PL": 0, "NAMOBJ": "Kerban", "FCODE": "BA03070040", "METADATA": "TASWIL1000020230928_DATA_BATAS_DESAKELURAHAN", "SRS_ID": "SRGI 2013", "KDCPUM": "33.08.11", "KDEPUM": "33.08.11.2002", "KDPKAB": "33.08", "KDPPUM": "33", "WADMKC": "Tempuran", "WADMKD": "Sumberarum", "WADMKK": "Magelang", "WADMPR": "Jawa Tengah", "DUSUN": "Kerban", "Toponimi": "Dusun Kerban", "Shape_Leng": 3646.39056914, "Shape_Le_1": 12240.167946899999, "KETERANGAN": null, "KET_DETAIL": " ", "PL": "3", "Shape_Length": 109.21413426622684, "Shape_Area": 261.96133374627442 }, "geometry": { "type": "MultiPolygon", "coordinates": [ [ [ [ 110.1773458226, -7.568593918, 0.0 ], [ 110.1773930771, -7.5686008269, 0.0 ], [ 110.1773953844, -7.5685857716, 0.0 ], [ 110.1774434861, -7.5685966601, 0.0 ], [ 110.1774406058, -7.5686137024, 0.0 ], [ 110.1774804537, -7.5686225864, 0.0 ], [ 110.1775247108, -7.5686360861, 0.0 ], [ 110.1775148198, -7.5686763287, 0.0 ], [ 110.1775687126, -7.5686877472, 0.0 ], [ 110.1775579055, -7.5687363781, 0.0 ], [ 110.1775516649, -7.5687601859, 0.0 ], [ 110.1775114144, -7.5687475629, 0.0 ], [ 110.1775150863, -7.568733204, 0.0 ], [ 110.1774977832, -7.5687280791, 0.0 ], [ 110.1774999849, -7.5687204458, 0.0 ], [ 110.1774932744, -7.5687186585, 0.0 ], [ 110.1774923377, -7.5687202857, 0.0 ], [ 110.1774743865, -7.5687151307, 0.0 ], [ 110.1774687954, -7.5687343892, 0.0 ], [ 110.1774494873, -7.5687292606, 0.0 ], [ 110.1774606761, -7.5686910944, 0.0 ], [ 110.1774255237, -7.5686806627, 0.0 ], [ 110.1774139733, -7.5687173738, 0.0 ], [ 110.1773861043, -7.5687096846, 0.0 ], [ 110.1774078745, -7.5686553871, 0.0 ], [ 110.1773992432, -7.5686516977, 0.0 ], [ 110.177372788, -7.5686388629, 0.0 ], [ 110.1773616327, -7.5686655512, 0.0 ], [ 110.1772887887, -7.5686381363, 0.0 ], [ 110.1773004601, -7.5685830355, 0.0 ], [ 110.1773458226, -7.568593918, 0.0 ] ] ] ] } },
{ "type": "Feature", "properties": { "FID_Fisnet_Kerban": 4, "FID_PL": 0, "NAMOBJ": "Kerban", "FCODE": "BA03070040", "METADATA": "TASWIL1000020230928_DATA_BATAS_DESAKELURAHAN", "SRS_ID": "SRGI 2013", "KDCPUM": "33.08.11", "KDEPUM": "33.08.11.2002", "KDPKAB": "33.08", "KDPPUM": "33", "WADMKC": "Tempuran", "WADMKD": "Sumberarum", "WADMKK": "Magelang", "WADMPR": "Jawa Tengah", "DUSUN": "Kerban", "Toponimi": "Dusun Kerban", "Shape_Leng": 3646.39056914, "Shape_Le_1": 12240.167946899999, "KETERANGAN": null, "KET_DETAIL": " ", "PL": "3", "Shape_Length": 206.72078387884275, "Shape_Area": 437.36190566411233 }, "geometry": { "type": "MultiPolygon", "coordinates": [ [ [ [ 110.1773362419, -7.5688658979, 0.0 ], [ 110.1773752189, -7.5688765991, 0.0 ], [ 110.1773805429, -7.5688562429, 0.0 ], [ 110.1774339069, -7.568872163, 0.0 ], [ 110.1774559512, -7.5688774796, 0.0 ], [ 110.1775091323, -7.5688937638, 0.0 ], [ 110.1775005168, -7.568921934, 0.0 ], [ 110.1775590212, -7.5689397171, 0.0 ], [ 110.1775928613, -7.5689472031, 0.0 ], [ 110.1775917199, -7.5689726594, 0.0 ], [ 110.1775689424, -7.5689711621, 0.0 ], [ 110.1775657532, -7.5690191642, 0.0 ], [ 110.1775624691, -7.5690771272, 0.0 ], [ 110.1776175768, -7.5690798171, 0.0 ], [ 110.1776285093, -7.5690807468, 0.0 ], [ 110.1776511077, -7.5690806076, 0.0 ], [ 110.1776573035, -7.5690804375, 0.0 ], [ 110.17765841, -7.5690738929, 0.0 ], [ 110.1776600563, -7.5690704409, 0.0 ], [ 110.1776804624, -7.5690730255, 0.0 ], [ 110.1776926713, -7.5690734121, 0.0 ], [ 110.1777315927, -7.5690785697, 0.0 ], [ 110.1777355139, -7.5690833699, 0.0 ], [ 110.1777309708, -7.5691761758, 0.0 ], [ 110.177724848, -7.5691813931, 0.0 ], [ 110.1775807538, -7.5691745854, 0.0 ], [ 110.1775759597, -7.5691697826, 0.0 ], [ 110.1775772381, -7.569114636, 0.0 ], [ 110.1775695188, -7.5691118157, 0.0 ], [ 110.1775568427, -7.5691183285, 0.0 ], [ 110.17751425, -7.569115228, 0.0 ], [ 110.177520453, -7.5690749025, 0.0 ], [ 110.177522133, -7.5690536322, 0.0 ], [ 110.1775258419, -7.5690198161, 0.0 ], [ 110.1775420525, -7.5690245744, 0.0 ], [ 110.177548124, -7.5689938533, 0.0 ], [ 110.1775306404, -7.56898782, 0.0 ], [ 110.1775290079, -7.5689839982, 0.0 ], [ 110.1775086077, -7.5689783221, 0.0 ], [ 110.1775056944, -7.5689768622, 0.0 ], [ 110.1775058973, -7.5689659518, 0.0 ], [ 110.1775004375, -7.5689623045, 0.0 ], [ 110.177503221, -7.5689361232, 0.0 ], [ 110.1774684184, -7.5689333296, 0.0 ], [ 110.1774674792, -7.56894824, 0.0 ], [ 110.1774119292, -7.5689421846, 0.0 ], [ 110.1774147746, -7.5689187051, 0.0 ], [ 110.1774387492, -7.5689242297, 0.0 ], [ 110.1774435587, -7.5689203974, 0.0 ], [ 110.1774447157, -7.5689163792, 0.0 ], [ 110.1774455987, -7.5689071913, 0.0 ], [ 110.1774433062, -7.5689020178, 0.0 ], [ 110.1773123978, -7.5688723362, 0.0 ], [ 110.1772280172, -7.5688394084, 0.0 ], [ 110.1772139177, -7.5688303044, 0.0 ], [ 110.1772096267, -7.5688255007, 0.0 ], [ 110.1772096353, -7.5688209575, 0.0 ], [ 110.1772140997, -7.5688041272, 0.0 ], [ 110.1772258515, -7.5688089106, 0.0 ], [ 110.1772432135, -7.5688145222, 0.0 ], [ 110.1773424592, -7.5688448152, 0.0 ], [ 110.1773362419, -7.5688658979, 0.0 ] ] ] ] } },
{ "type": "Feature", "properties": { "FID_Fisnet_Kerban": 4, "FID_PL": 0, "NAMOBJ": "Kerban", "FCODE": "BA03070040", "METADATA": "TASWIL1000020230928_DATA_BATAS_DESAKELURAHAN", "SRS_ID": "SRGI 2013", "KDCPUM": "33.08.11", "KDEPUM": "33.08.11.2002", "KDPKAB": "33.08", "KDPPUM": "33", "WADMKC": "Tempuran", "WADMKD": "Sumberarum", "WADMKK": "Magelang", "WADMPR": "Jawa Tengah", "DUSUN": "Kerban", "Toponimi": "Dusun Kerban", "Shape_Leng": 3646.39056914, "Shape_Le_1": 12240.167946899999, "KETERANGAN": null, "KET_DETAIL": " ", "PL": "32", "Shape_Length": 1152.8717358111737, "Shape_Area": 9728.6648699311627 }, "geometry": { "type": "MultiPolygon", "coordinates": [ [ [ [ 110.1750776283, -7.5651970859, 0.0 ], [ 110.1750923232, -7.5653549993, 0.0 ], [ 110.1751075572, -7.5655989328, 0.0 ], [ 110.1751197602, -7.5657855769, 0.0 ], [ 110.1751328368, -7.5660434643, 0.0 ], [ 110.1751491214, -7.5663246011, 0.0 ], [ 110.1751715335, -7.5667354451, 0.0 ], [ 110.1751654697, -7.5667196223, 0.0 ], [ 110.1751216077, -7.5667143928, 0.0 ], [ 110.1751504266, -7.5666933883, 0.0 ], [ 110.1751331993, -7.5666722966, 0.0 ], [ 110.175116012, -7.5666301451, 0.0 ], [ 110.1751122288, -7.5666014206, 0.0 ], [ 110.1751113867, -7.5665718397, 0.0 ], [ 110.1750974089, -7.5663937884, 0.0 ], [ 110.1751256563, -7.5663916232, 0.0 ], [ 110.1751261448, -7.5663024584, 0.0 ], [ 110.175004176, -7.5663050017, 0.0 ], [ 110.1750080041, -7.5663969487, 0.0 ], [ 110.175004891, -7.5663967203, 0.0 ], [ 110.1750141558, -7.5665387181, 0.0 ], [ 110.1750009513, -7.5665390395, 0.0 ], [ 110.1750047841, -7.566577471, 0.0 ], [ 110.1750200563, -7.5666433652, 0.0 ], [ 110.1750180465, -7.5666912212, 0.0 ], [ 110.1750717273, -7.5667123846, 0.0 ], [ 110.1749816811, -7.5667129505, 0.0 ], [ 110.1749629791, -7.5667027957, 0.0 ], [ 110.1749551932, -7.5666949979, 0.0 ], [ 110.1749489712, -7.5666856456, 0.0 ], [ 110.1749550043, -7.566392288, 0.0 ], [ 110.1749607825, -7.5663580923, 0.0 ], [ 110.1749436746, -7.5663409571, 0.0 ], [ 110.1747239063, -7.5663248963, 0.0 ], [ 110.1747283014, -7.5662892074, 0.0 ], [ 110.1747627051, -7.5661301994, 0.0 ], [ 110.1750610849, -7.5661442815, 0.0 ], [ 110.1750737854, -7.5661387339, 0.0 ], [ 110.1750744393, -7.5661117951, 0.0 ], [ 110.1750669773, -7.5658648572, 0.0 ], [ 110.1750632297, -7.5657500938, 0.0 ], [ 110.1750576914, -7.5657429606, 0.0 ], [ 110.1750434138, -7.565743725, 0.0 ], [ 110.1749965883, -7.5657602563, 0.0 ], [ 110.1749592877, -7.5657728484, 0.0 ], [ 110.174894228, -7.5657853881, 0.0 ], [ 110.1747570052, -7.5657922512, 0.0 ], [ 110.1746975319, -7.5657865987, 0.0 ], [ 110.1746570905, -7.5657825651, 0.0 ], [ 110.1742629739, -7.5657107411, 0.0 ], [ 110.174268426, -7.5656850297, 0.0 ], [ 110.1742611382, -7.5656717481, 0.0 ], [ 110.1742458638, -7.5656637588, 0.0 ], [ 110.1738954409, -7.5655941853, 0.0 ], [ 110.173856303, -7.5655919883, 0.0 ], [ 110.1738448094, -7.5655949387, 0.0 ], [ 110.1738332316, -7.5655959379, 0.0 ], [ 110.1737794543, -7.5655826668, 0.0 ], [ 110.1737069223, -7.5655541648, 0.0 ], [ 110.1736912013, -7.5655465373, 0.0 ], [ 110.1736902015, -7.5655384313, 0.0 ], [ 110.1737071006, -7.5654604607, 0.0 ], [ 110.1737116766, -7.5654564173, 0.0 ], [ 110.173818754, -7.5654697894, 0.0 ], [ 110.1738355037, -7.5654703277, 0.0 ], [ 110.1738416093, -7.5654627416, 0.0 ], [ 110.1738636286, -7.5653614813, 0.0 ], [ 110.1738626375, -7.5653488166, 0.0 ], [ 110.1738535056, -7.5653462668, 0.0 ], [ 110.1737910917, -7.5653355118, 0.0 ], [ 110.1737774002, -7.5653283948, 0.0 ], [ 110.173761189, -7.5653116492, 0.0 ], [ 110.1737525791, -7.5653015027, 0.0 ], [ 110.173754126, -7.5652888429, 0.0 ], [ 110.1737738527, -7.5652086933, 0.0 ], [ 110.173814973, -7.5650559634, 0.0 ], [ 110.1738425421, -7.5649724415, 0.0 ], [ 110.1738444768, -7.5649622489, 0.0 ], [ 110.1739900161, -7.5650047621, 0.0 ], [ 110.1739832518, -7.5650255705, 0.0 ], [ 110.1739832008, -7.5650523738, 0.0 ], [ 110.1739792938, -7.5650887411, 0.0 ], [ 110.1739965174, -7.5651117476, 0.0 ], [ 110.1740195149, -7.5651251929, 0.0 ], [ 110.1740348351, -7.5651405384, 0.0 ], [ 110.1740347914, -7.5651635122, 0.0 ], [ 110.1739906487, -7.5651710859, 0.0 ], [ 110.173948425, -7.5651786642, 0.0 ], [ 110.1739387704, -7.5652111919, 0.0 ], [ 110.17395986, -7.5652188901, 0.0 ], [ 110.173998225, -7.5652227914, 0.0 ], [ 110.1740135297, -7.5652457943, 0.0 ], [ 110.1740096164, -7.565285992, 0.0 ], [ 110.1739942207, -7.5653108506, 0.0 ], [ 110.1739864987, -7.5653357246, 0.0 ], [ 110.1740152265, -7.5653625816, 0.0 ], [ 110.1740420682, -7.5653722055, 0.0 ], [ 110.1740670574, -7.5653473641, 0.0 ], [ 110.1740900877, -7.5653435791, 0.0 ], [ 110.1741226934, -7.5653493843, 0.0 ], [ 110.1741745207, -7.5653360807, 0.0 ], [ 110.1742129577, -7.5653016927, 0.0 ], [ 110.1742168419, -7.5652768114, 0.0 ], [ 110.174216911, -7.565240436, 0.0 ], [ 110.174232304, -7.5652174913, 0.0 ], [ 110.1742438884, -7.5651792237, 0.0 ], [ 110.1742381799, -7.5651543243, 0.0 ], [ 110.1742478126, -7.5651332835, 0.0 ], [ 110.1742593532, -7.5651179888, 0.0 ], [ 110.1742709194, -7.5650892934, 0.0 ], [ 110.1742729947, -7.5650823473, 0.0 ], [ 110.1744279423, -7.565101235, 0.0 ], [ 110.1745492782, -7.5651100663, 0.0 ], [ 110.1747680775, -7.5651276854, 0.0 ], [ 110.1750379344, -7.5651473855, 0.0 ], [ 110.1750531666, -7.5651580013, 0.0 ], [ 110.1750776283, -7.5651970859, 0.0 ] ], [ [ 110.1742917299, -7.5653390758, 0.0 ], [ 110.1744011294, -7.5653663622, 0.0 ], [ 110.1744530623, -7.5651964214, 0.0 ], [ 110.1743725621, -7.565181175, 0.0 ], [ 110.174379752, -7.5651438959, 0.0 ], [ 110.1743561867, -7.5651358602, 0.0 ], [ 110.1743330564, -7.5651331527, 0.0 ], [ 110.1742917299, -7.5653390758, 0.0 ] ], [ [ 110.1744929736, -7.5653539141, 0.0 ], [ 110.1745006046, -7.5653769024, 0.0 ], [ 110.1744986384, -7.5654017873, 0.0 ], [ 110.1744736892, -7.5654055687, 0.0 ], [ 110.1744391655, -7.5653997599, 0.0 ], [ 110.1744256996, -7.5654188796, 0.0 ], [ 110.174417974, -7.5654456675, 0.0 ], [ 110.1744159823, -7.5654839541, 0.0 ], [ 110.1744159277, -7.5655126713, 0.0 ], [ 110.1744177884, -7.5655433061, 0.0 ], [ 110.1744292453, -7.5655720451, 0.0 ], [ 110.1744214723, -7.5656237224, 0.0 ], [ 110.1744233439, -7.5656486137, 0.0 ], [ 110.1744674602, -7.5656544407, 0.0 ], [ 110.1744962572, -7.5656449231, 0.0 ], [ 110.1745269076, -7.5656698698, 0.0 ], [ 110.174559527, -7.5656680167, 0.0 ], [ 110.1745653591, -7.5656278235, 0.0 ], [ 110.1745692988, -7.565574225, 0.0 ], [ 110.1745828166, -7.5655283029, 0.0 ], [ 110.1745924674, -7.565497689, 0.0 ], [ 110.174596388, -7.5654536635, 0.0 ], [ 110.1746079905, -7.5654058229, 0.0 ], [ 110.1746214864, -7.5653713877, 0.0 ], [ 110.1746311264, -7.5653465173, 0.0 ], [ 110.174638852, -7.5653197294, 0.0 ], [ 110.1746427361, -7.5652948481, 0.0 ], [ 110.1746370241, -7.5652718634, 0.0 ], [ 110.1746102005, -7.5652526675, 0.0 ], [ 110.1745718573, -7.5652372793, 0.0 ], [ 110.1745469381, -7.5652257452, 0.0 ], [ 110.1745258586, -7.5652123036, 0.0 ], [ 110.1744873, -7.5652038912, 0.0 ], [ 110.1744798016, -7.5652179598, 0.0 ], [ 110.1744778436, -7.5652390161, 0.0 ], [ 110.1744816259, -7.5652677406, 0.0 ], [ 110.1744873307, -7.5652945539, 0.0 ], [ 110.1744661901, -7.5653136591, 0.0 ], [ 110.174462305, -7.5653385404, 0.0 ], [ 110.1744929736, -7.5653539141, 0.0 ] ] ] ] } },
{ "type": "Feature", "properties": { "FID_Fisnet_Kerban": 4, "FID_PL": 0, "NAMOBJ": "Kerban", "FCODE": "BA03070040", "METADATA": "TASWIL1000020230928_DATA_BATAS_DESAKELURAHAN", "SRS_ID": "SRGI 2013", "KDCPUM": "33.08.11", "KDEPUM": "33.08.11.2002", "KDPKAB": "33.08", "KDPPUM": "33", "WADMKC": "Tempuran", "WADMKD": "Sumberarum", "WADMKK": "Magelang", "WADMPR": "Jawa Tengah", "DUSUN": "Kerban", "Toponimi": "Dusun Kerban", "Shape_Leng": 3646.39056914, "Shape_Le_1": 12240.167946899999, "KETERANGAN": null, "KET_DETAIL": " ", "PL": "32", "Shape_Length": 2437.3551828228092, "Shape_Area": 28763.450891040753 }, "geometry": { "type": "MultiPolygon", "coordinates": [ [ [ [ 110.1760087592, -7.5666668131, 0.0 ], [ 110.1760140025, -7.5666870626, 0.0 ], [ 110.1760553299, -7.5668753175, 0.0 ], [ 110.1761134737, -7.5668585153, 0.0 ], [ 110.1761792929, -7.5668455699, 0.0 ], [ 110.1762252957, -7.5668342088, 0.0 ], [ 110.1762476767, -7.5668286822, 0.0 ], [ 110.1761792688, -7.5666089155, 0.0 ], [ 110.1761232449, -7.5666282805, 0.0 ], [ 110.1760087592, -7.5666668131, 0.0 ], [ 110.1760797291, -7.5666274095, 0.0 ], [ 110.1761727034, -7.56655598, 0.0 ], [ 110.1761825826, -7.5665492856, 0.0 ], [ 110.1762310692, -7.5665234203, 0.0 ], [ 110.1763958411, -7.5664310926, 0.0 ], [ 110.1764524046, -7.5664030049, 0.0 ], [ 110.1764901095, -7.5663860701, 0.0 ], [ 110.176581205, -7.5663589421, 0.0 ], [ 110.1767055763, -7.5663183459, 0.0 ], [ 110.17672912, -7.5665653712, 0.0 ], [ 110.1767931744, -7.5672374498, 0.0 ], [ 110.1768511964, -7.5672375566, 0.0 ], [ 110.1768491851, -7.5672862629, 0.0 ], [ 110.1768529503, -7.5673245595, 0.0 ], [ 110.1768529104, -7.5673456185, 0.0 ], [ 110.1768566819, -7.5673800864, 0.0 ], [ 110.1768758428, -7.5673935243, 0.0 ], [ 110.1768988369, -7.5674088842, 0.0 ], [ 110.1768987716, -7.5674433449, 0.0 ], [ 110.1769447889, -7.5674587474, 0.0 ], [ 110.177002325, -7.5674703429, 0.0 ], [ 110.1770579413, -7.5674819358, 0.0 ], [ 110.1770844554, -7.5674832458, 0.0 ], [ 110.1771400333, -7.5674859909, 0.0 ], [ 110.1771633716, -7.5674871447, 0.0 ], [ 110.177168817, -7.5674854129, 0.0 ], [ 110.1771700865, -7.5674847126, 0.0 ], [ 110.1771717793, -7.5674834504, 0.0 ], [ 110.17717446, -7.5674813471, 0.0 ], [ 110.1771755913, -7.5674793811, 0.0 ], [ 110.1771772997, -7.567469965, 0.0 ], [ 110.1771798604, -7.5674570357, 0.0 ], [ 110.1771846619, -7.5674339859, 0.0 ], [ 110.1771846758, -7.5674266542, 0.0 ], [ 110.1771981743, -7.5673903041, 0.0 ], [ 110.1772059179, -7.5673539431, 0.0 ], [ 110.1772211774, -7.5673143573, 0.0 ], [ 110.1773492806, -7.5673580414, 0.0 ], [ 110.1773637215, -7.5673629691, 0.0 ], [ 110.1773935707, -7.5673765728, 0.0 ], [ 110.1776129894, -7.5674765975, 0.0 ], [ 110.177579748, -7.5674827974, 0.0 ], [ 110.1775508131, -7.5674947435, 0.0 ], [ 110.1775068369, -7.5675128985, 0.0 ], [ 110.1774444368, -7.5675367125, 0.0 ], [ 110.177358702, -7.5675589259, 0.0 ], [ 110.1773340277, -7.5675548661, 0.0 ], [ 110.1772035239, -7.567533379, 0.0 ], [ 110.1771965456, -7.5675322316, 0.0 ], [ 110.1771704976, -7.5675279395, 0.0 ], [ 110.1771594608, -7.5675256348, 0.0 ], [ 110.1771422573, -7.5675220387, 0.0 ], [ 110.1771328591, -7.5675202979, 0.0 ], [ 110.1771236564, -7.5675168345, 0.0 ], [ 110.1771157999, -7.5675118423, 0.0 ], [ 110.177111969, -7.5675081972, 0.0 ], [ 110.1771021986, -7.5675005205, 0.0 ], [ 110.1770874291, -7.5674925323, 0.0 ], [ 110.1770892423, -7.5675516373, 0.0 ], [ 110.1771265003, -7.5676332649, 0.0 ], [ 110.1772270251, -7.5677029904, 0.0 ], [ 110.1772510465, -7.567719652, 0.0 ], [ 110.1773491568, -7.5678347065, 0.0 ], [ 110.1773581694, -7.5678457293, 0.0 ], [ 110.1775217676, -7.5680458184, 0.0 ], [ 110.1775504631, -7.5681052591, 0.0 ], [ 110.1776235805, -7.5682567207, 0.0 ], [ 110.1777195835, -7.5684555896, 0.0 ], [ 110.1777391562, -7.5684961347, 0.0 ], [ 110.1777476232, -7.5685152398, 0.0 ], [ 110.1778991533, -7.5688571797, 0.0 ], [ 110.1780033282, -7.5690922596, 0.0 ], [ 110.1780721838, -7.5692476377, 0.0 ], [ 110.1780568538, -7.5692555185, 0.0 ], [ 110.1780148124, -7.5692752637, 0.0 ], [ 110.1779699245, -7.5692989678, 0.0 ], [ 110.1779392352, -7.5693187344, 0.0 ], [ 110.1778966083, -7.5693475405, 0.0 ], [ 110.1778789914, -7.5693582688, 0.0 ], [ 110.1778335113, -7.5693955662, 0.0 ], [ 110.1778249298, -7.5694306675, 0.0 ], [ 110.1778095406, -7.5694640564, 0.0 ], [ 110.1777884925, -7.5694883717, 0.0 ], [ 110.1777595203, -7.5695007781, 0.0 ], [ 110.1777385045, -7.5695075357, 0.0 ], [ 110.1776021733, -7.5695148617, 0.0 ], [ 110.1775529861, -7.5695147336, 0.0 ], [ 110.1775293125, -7.5695153591, 0.0 ], [ 110.1775213803, -7.5695158914, 0.0 ], [ 110.1775038077, -7.5695170765, 0.0 ], [ 110.1774960576, -7.5695180966, 0.0 ], [ 110.1774883673, -7.5695196044, 0.0 ], [ 110.1774817142, -7.5695214786, 0.0 ], [ 110.1774761592, -7.5695231115, 0.0 ], [ 110.1774602874, -7.56953089, 0.0 ], [ 110.1774378902, -7.5695458033, 0.0 ], [ 110.1774041046, -7.569532498, 0.0 ], [ 110.1773758946, -7.5695210365, 0.0 ], [ 110.1773185223, -7.5695050952, 0.0 ], [ 110.1772698682, -7.5694891125, 0.0 ], [ 110.1772686181, -7.5694887022, 0.0 ], [ 110.1771734684, -7.5694598858, 0.0 ], [ 110.1771831303, -7.5694100724, 0.0 ], [ 110.1772077966, -7.5693228038, 0.0 ], [ 110.1772118183, -7.5692937087, 0.0 ], [ 110.1772152811, -7.5692825621, 0.0 ], [ 110.1772366563, -7.5691932667, 0.0 ], [ 110.1772299575, -7.5691919968, 0.0 ], [ 110.1772074183, -7.5691876335, 0.0 ], [ 110.1770713793, -7.5691532704, 0.0 ], [ 110.177054511, -7.5691492381, 0.0 ], [ 110.1771215871, -7.5689253939, 0.0 ], [ 110.1771684526, -7.5689347651, 0.0 ], [ 110.1771598097, -7.5689740268, 0.0 ], [ 110.1771926737, -7.5689804465, 0.0 ], [ 110.177188565, -7.5689985655, 0.0 ], [ 110.1771879165, -7.5690006789, 0.0 ], [ 110.1771938093, -7.5690020676, 0.0 ], [ 110.1772463773, -7.5690142082, 0.0 ], [ 110.1772937099, -7.5690239493, 0.0 ], [ 110.1772943971, -7.5690210128, 0.0 ], [ 110.1773107801, -7.5689333984, 0.0 ], [ 110.1773196546, -7.5688967854, 0.0 ], [ 110.1774147746, -7.5689187051, 0.0 ], [ 110.1774119292, -7.5689421846, 0.0 ], [ 110.1773860342, -7.5689393572, 0.0 ], [ 110.1773799355, -7.5689844441, 0.0 ], [ 110.1773749435, -7.5690218957, 0.0 ], [ 110.1773681426, -7.569079748, 0.0 ], [ 110.1773664568, -7.5691136114, 0.0 ], [ 110.1774720667, -7.5691237311, 0.0 ], [ 110.1775123888, -7.5691273301, 0.0 ], [ 110.17751425, -7.569115228, 0.0 ], [ 110.1775568427, -7.5691183285, 0.0 ], [ 110.1775695188, -7.5691118157, 0.0 ], [ 110.1775772381, -7.569114636, 0.0 ], [ 110.1775759597, -7.5691697826, 0.0 ], [ 110.1775807538, -7.5691745854, 0.0 ], [ 110.177724848, -7.5691813931, 0.0 ], [ 110.1777309708, -7.5691761758, 0.0 ], [ 110.1777355139, -7.5690833699, 0.0 ], [ 110.1777315927, -7.5690785697, 0.0 ], [ 110.1776926713, -7.5690734121, 0.0 ], [ 110.1776943236, -7.5690672322, 0.0 ], [ 110.1776952621, -7.5690526863, 0.0 ], [ 110.1777185883, -7.5690530939, 0.0 ], [ 110.1777210109, -7.5690245484, 0.0 ], [ 110.1777260611, -7.5689563654, 0.0 ], [ 110.1776285769, -7.5689489076, 0.0 ], [ 110.1775928613, -7.5689472031, 0.0 ], [ 110.1775590212, -7.5689397171, 0.0 ], [ 110.1775673264, -7.5689102972, 0.0 ], [ 110.1775727476, -7.5689046246, 0.0 ], [ 110.1775810127, -7.5689006623, 0.0 ], [ 110.1775929721, -7.5689006848, 0.0 ], [ 110.1775969925, -7.5688827918, 0.0 ], [ 110.1775793461, -7.5688784966, 0.0 ], [ 110.1775833724, -7.5688574777, 0.0 ], [ 110.1775603218, -7.5688503303, 0.0 ], [ 110.1775694941, -7.5688182403, 0.0 ], [ 110.1775845791, -7.5688219627, 0.0 ], [ 110.177595758, -7.5687827726, 0.0 ], [ 110.1775886447, -7.5687802022, 0.0 ], [ 110.1775939719, -7.568745718, 0.0 ], [ 110.1775579055, -7.5687363781, 0.0 ], [ 110.1775687126, -7.5686877472, 0.0 ], [ 110.1775148198, -7.5686763287, 0.0 ], [ 110.1775247108, -7.5686360861, 0.0 ], [ 110.1774804537, -7.5686225864, 0.0 ], [ 110.1774928307, -7.5685524272, 0.0 ], [ 110.1775083683, -7.5684675003, 0.0 ], [ 110.1773597819, -7.5684416474, 0.0 ], [ 110.1773552368, -7.5684413494, 0.0 ], [ 110.1773446115, -7.5684868448, 0.0 ], [ 110.1773351845, -7.5685299609, 0.0 ], [ 110.1773559024, -7.5685339842, 0.0 ], [ 110.1773458226, -7.568593918, 0.0 ], [ 110.1773004601, -7.5685830355, 0.0 ], [ 110.1773258058, -7.5684634184, 0.0 ], [ 110.1773208833, -7.5684541653, 0.0 ], [ 110.1773107189, -7.5684511207, 0.0 ], [ 110.1768913539, -7.5683756856, 0.0 ], [ 110.1769011998, -7.5683607206, 0.0 ], [ 110.1769300233, -7.5681762125, 0.0 ], [ 110.1769328076, -7.5681362179, 0.0 ], [ 110.1769263241, -7.5681270161, 0.0 ], [ 110.1767850784, -7.5681024713, 0.0 ], [ 110.1767624543, -7.5680980002, 0.0 ], [ 110.1767692539, -7.5680681244, 0.0 ], [ 110.1767699656, -7.5680584396, 0.0 ], [ 110.1767682411, -7.5680539384, 0.0 ], [ 110.1767022284, -7.5680368628, 0.0 ], [ 110.1766919462, -7.5680314373, 0.0 ], [ 110.1766919626, -7.5680227886, 0.0 ], [ 110.1766985097, -7.5679979359, 0.0 ], [ 110.1767001565, -7.5679865877, 0.0 ], [ 110.1767001688, -7.5679801017, 0.0 ], [ 110.1766796924, -7.5679754275, 0.0 ], [ 110.1765361715, -7.5679385122, 0.0 ], [ 110.1765593492, -7.5678442212, 0.0 ], [ 110.1765622769, -7.5678323083, 0.0 ], [ 110.1763983248, -7.5677860482, 0.0 ], [ 110.176405882, -7.5677681926, 0.0 ], [ 110.1762898582, -7.5677224399, 0.0 ], [ 110.1762050322, -7.5676807964, 0.0 ], [ 110.1761508919, -7.5676570645, 0.0 ], [ 110.1761635746, -7.5676203321, 0.0 ], [ 110.1761558433, -7.5676142773, 0.0 ], [ 110.1761210968, -7.5676011473, 0.0 ], [ 110.1760998552, -7.5675932409, 0.0 ], [ 110.1760975039, -7.5675989582, 0.0 ], [ 110.1760943549, -7.5675975847, 0.0 ], [ 110.1760876351, -7.5675944623, 0.0 ], [ 110.1760910166, -7.5675861158, 0.0 ], [ 110.1761085614, -7.5675521658, 0.0 ], [ 110.176028423, -7.5675122333, 0.0 ], [ 110.1759970243, -7.5675843653, 0.0 ], [ 110.175989899, -7.5675990732, 0.0 ], [ 110.1759633885, -7.5676517309, 0.0 ], [ 110.1759351561, -7.5677137902, 0.0 ], [ 110.1754405115, -7.5675056813, 0.0 ], [ 110.1753825073, -7.5674771727, 0.0 ], [ 110.1752657697, -7.5674345769, 0.0 ], [ 110.1752620374, -7.5674325076, 0.0 ], [ 110.1752611599, -7.5674311157, 0.0 ], [ 110.1752598448, -7.5674291378, 0.0 ], [ 110.1752592605, -7.5674279672, 0.0 ], [ 110.1752581645, -7.5674261363, 0.0 ], [ 110.1752556856, -7.5674188894, 0.0 ], [ 110.1752552492, -7.5674172063, 0.0 ], [ 110.1752532026, -7.5674085528, 0.0 ], [ 110.1752129871, -7.5670426931, 0.0 ], [ 110.1752112973, -7.5670275434, 0.0 ], [ 110.1752021845, -7.5669805292, 0.0 ], [ 110.1752015077, -7.5669770348, 0.0 ], [ 110.175205296, -7.56697352, 0.0 ], [ 110.1754017401, -7.5669435208, 0.0 ], [ 110.1754035752, -7.5669432412, 0.0 ], [ 110.1755299277, -7.5669106085, 0.0 ], [ 110.1756105712, -7.5668820916, 0.0 ], [ 110.1757080489, -7.5668445146, 0.0 ], [ 110.1758224031, -7.5667769018, 0.0 ], [ 110.1759634088, -7.5666974517, 0.0 ], [ 110.1760087592, -7.5666668131, 0.0 ] ], [ [ 110.1758707509, -7.5672544245, 0.0 ], [ 110.1759280875, -7.5674374646, 0.0 ], [ 110.1759367657, -7.5674445775, 0.0 ], [ 110.1760933013, -7.5674038714, 0.0 ], [ 110.1760988742, -7.5673818044, 0.0 ], [ 110.1760965323, -7.5673668181, 0.0 ], [ 110.1759466467, -7.5668185294, 0.0 ], [ 110.1759403657, -7.5667972278, 0.0 ], [ 110.1759281802, -7.5667903054, 0.0 ], [ 110.1757743975, -7.5668387275, 0.0 ], [ 110.1757681971, -7.5668480283, 0.0 ], [ 110.1757686885, -7.5668555988, 0.0 ], [ 110.1758707509, -7.5672544245, 0.0 ] ], [ [ 110.1763673626, -7.5674193674, 0.0 ], [ 110.1763519443, -7.567455713, 0.0 ], [ 110.1763173114, -7.5675073388, 0.0 ], [ 110.1762999678, -7.5675475112, 0.0 ], [ 110.1762998443, -7.567612603, 0.0 ], [ 110.176311265, -7.5676604871, 0.0 ], [ 110.1763476842, -7.567679702, 0.0 ], [ 110.1763840888, -7.5677046585, 0.0 ], [ 110.1764262401, -7.5677353693, 0.0 ], [ 110.176437788, -7.5677162469, 0.0 ], [ 110.1764551244, -7.567679904, 0.0 ], [ 110.1764878747, -7.5676091295, 0.0 ], [ 110.1764994662, -7.5675670332, 0.0 ], [ 110.1765148918, -7.5675268554, 0.0 ], [ 110.1765341571, -7.5674847745, 0.0 ], [ 110.1765553203, -7.5674541833, 0.0 ], [ 110.1765208246, -7.5674330581, 0.0 ], [ 110.1764729257, -7.5673985069, 0.0 ], [ 110.176432317, -7.5673984311, 0.0 ], [ 110.1763866107, -7.5673868569, 0.0 ], [ 110.1763673626, -7.5674193674, 0.0 ] ], [ [ 110.1753892856, -7.5674379834, 0.0 ], [ 110.1753978058, -7.5674237675, 0.0 ], [ 110.1754183745, -7.5674323565, 0.0 ], [ 110.1754325412, -7.5673997893, 0.0 ], [ 110.1754575189, -7.5673424263, 0.0 ], [ 110.1753660394, -7.5673010632, 0.0 ], [ 110.1753277096, -7.5673934704, 0.0 ], [ 110.175353092, -7.567406003, 0.0 ], [ 110.1753492443, -7.5674145702, 0.0 ], [ 110.1753471297, -7.5674202455, 0.0 ], [ 110.1753682703, -7.5674292986, 0.0 ], [ 110.1753892856, -7.5674379834, 0.0 ] ], [ [ 110.1769695927, -7.5681416934, 0.0 ], [ 110.1769712912, -7.5681422719, 0.0 ], [ 110.1769837835, -7.5681422955, 0.0 ], [ 110.1770125226, -7.5681634088, 0.0 ], [ 110.177032533, -7.5682045065, 0.0 ], [ 110.1770028881, -7.5683446508, 0.0 ], [ 110.1770803168, -7.5683567308, 0.0 ], [ 110.1771004378, -7.5682496029, 0.0 ], [ 110.1771183496, -7.5682534681, 0.0 ], [ 110.1771407597, -7.5682566019, 0.0 ], [ 110.1771617133, -7.5682586413, 0.0 ], [ 110.1771640867, -7.5682560996, 0.0 ], [ 110.1771670309, -7.5682411939, 0.0 ], [ 110.1771735933, -7.5682402973, 0.0 ], [ 110.1771737822, -7.5682382318, 0.0 ], [ 110.1771852584, -7.5682392285, 0.0 ], [ 110.1772022012, -7.5682421693, 0.0 ], [ 110.1772160466, -7.5682447415, 0.0 ], [ 110.1772168029, -7.5682301952, 0.0 ], [ 110.1772690831, -7.5682421137, 0.0 ], [ 110.1772813829, -7.5681944933, 0.0 ], [ 110.177309801, -7.5682003663, 0.0 ], [ 110.1773190043, -7.5681523755, 0.0 ], [ 110.1772344777, -7.568135304, 0.0 ], [ 110.1772401699, -7.5681129478, 0.0 ], [ 110.177208294, -7.5681036121, 0.0 ], [ 110.1771957268, -7.5681004978, 0.0 ], [ 110.1772108208, -7.5680210593, 0.0 ], [ 110.1771186435, -7.5680037933, 0.0 ], [ 110.1771190937, -7.5679900686, 0.0 ], [ 110.1771192507, -7.5679871158, 0.0 ], [ 110.1771190122, -7.5679857541, 0.0 ], [ 110.1771183731, -7.567984312, 0.0 ], [ 110.1771165277, -7.5679843086, 0.0 ], [ 110.1771142009, -7.5679843042, 0.0 ], [ 110.1771061761, -7.5679843686, 0.0 ], [ 110.1770992763, -7.5679839558, 0.0 ], [ 110.1770934423, -7.5679835993, 0.0 ], [ 110.1770032711, -7.5679834291, 0.0 ], [ 110.1769380493, -7.5679775625, 0.0 ], [ 110.1769360397, -7.5680254212, 0.0 ], [ 110.1769397749, -7.5680790315, 0.0 ], [ 110.1769355945, -7.5681239746, 0.0 ], [ 110.1769365986, -7.5681260116, 0.0 ], [ 110.1769383615, -7.5681274558, 0.0 ], [ 110.1769406865, -7.5681284216, 0.0 ], [ 110.1769433296, -7.568130828, 0.0 ], [ 110.1769449317, -7.5681325125, 0.0 ], [ 110.1769477376, -7.568133719, 0.0 ], [ 110.1769509431, -7.5681358867, 0.0 ], [ 110.1769531067, -7.5681373325, 0.0 ], [ 110.176954951, -7.5681379764, 0.0 ], [ 110.1769582392, -7.5681391033, 0.0 ], [ 110.1769604042, -7.5681398282, 0.0 ], [ 110.1769636919, -7.5681407154, 0.0 ], [ 110.176966307, -7.5681411753, 0.0 ], [ 110.1769695927, -7.5681416934, 0.0 ] ], [ [ 110.1771630638, -7.5682668158, 0.0 ], [ 110.1771444365, -7.5683706913, 0.0 ], [ 110.1772286162, -7.568385709, 0.0 ], [ 110.177234922, -7.5683638424, 0.0 ], [ 110.1772502939, -7.5683658604, 0.0 ], [ 110.177255182, -7.5683411492, 0.0 ], [ 110.177241521, -7.5683374295, 0.0 ], [ 110.1772438225, -7.5683249321, 0.0 ], [ 110.1772776983, -7.5683298268, 0.0 ], [ 110.1772843291, -7.5682866503, 0.0 ], [ 110.1771630638, -7.5682668158, 0.0 ] ], [ [ 110.1773378471, -7.5682944231, 0.0 ], [ 110.1773289404, -7.5683896638, 0.0 ], [ 110.1774176621, -7.5683999885, 0.0 ], [ 110.1774260995, -7.5683051025, 0.0 ], [ 110.1773378471, -7.5682944231, 0.0 ] ], [ [ 110.1773608798, -7.5694233882, 0.0 ], [ 110.1773537304, -7.5694455607, 0.0 ], [ 110.1773245911, -7.5694365957, 0.0 ], [ 110.1773216258, -7.5694358511, 0.0 ], [ 110.1773183679, -7.5694493154, 0.0 ], [ 110.1773073656, -7.5694918795, 0.0 ], [ 110.1773978747, -7.5695191107, 0.0 ], [ 110.1774037215, -7.5695113016, 0.0 ], [ 110.1774483494, -7.5695204777, 0.0 ], [ 110.1774580509, -7.5695224334, 0.0 ], [ 110.1774635154, -7.5695015926, 0.0 ], [ 110.1774787486, -7.5694443414, 0.0 ], [ 110.1774226486, -7.569428597, 0.0 ], [ 110.1774188065, -7.5694365908, 0.0 ], [ 110.1773608798, -7.5694233882, 0.0 ] ], [ [ 110.1763343594, -7.5666904754, 0.0 ], [ 110.1762904399, -7.5666114103, 0.0 ], [ 110.1762472783, -7.566533706, 0.0 ], [ 110.176188692, -7.5665606837, 0.0 ], [ 110.1762055742, -7.5666055806, 0.0 ], [ 110.1761955962, -7.5666123264, 0.0 ], [ 110.1762604649, -7.5667377416, 0.0 ], [ 110.1762833837, -7.5667301655, 0.0 ], [ 110.1762952349, -7.5667437325, 0.0 ], [ 110.1763317465, -7.5667251773, 0.0 ], [ 110.1763233068, -7.5667031526, 0.0 ], [ 110.1763343594, -7.5666904754, 0.0 ] ], [ [ 110.1765320285, -7.5666472509, 0.0 ], [ 110.1765368872, -7.5666533201, 0.0 ], [ 110.1765435539, -7.5666533327, 0.0 ], [ 110.1766320684, -7.5666202357, 0.0 ], [ 110.1766320785, -7.5666149128, 0.0 ], [ 110.176627056, -7.5665981785, 0.0 ], [ 110.1765653907, -7.5664248499, 0.0 ], [ 110.1764725265, -7.5664597649, 0.0 ], [ 110.1764558438, -7.5664673564, 0.0 ], [ 110.1764544421, -7.5664742839, 0.0 ], [ 110.1765320285, -7.5666472509, 0.0 ] ] ] ] } },
{ "type": "Feature", "properties": { "FID_Fisnet_Kerban": 2, "FID_PL": 0, "NAMOBJ": "Kerban", "FCODE": "BA03070040", "METADATA": "TASWIL1000020230928_DATA_BATAS_DESAKELURAHAN", "SRS_ID": "SRGI 2013", "KDCPUM": "33.08.11", "KDEPUM": "33.08.11.2002", "KDPKAB": "33.08", "KDPPUM": "33", "WADMKC": "Tempuran", "WADMKD": "Sumberarum", "WADMKK": "Magelang", "WADMPR": "Jawa Tengah", "DUSUN": "Kerban", "Toponimi": "Dusun Kerban", "Shape_Leng": 3646.39056914, "Shape_Le_1": 12240.167946899999, "KETERANGAN": null, "KET_DETAIL": " ", "PL": null, "Shape_Length": 3333.6436275683468, "Shape_Area": 7341.3173833191177 }, "geometry": { "type": "MultiPolygon", "coordinates": [ [ [ [ 110.171509692, -7.5673533276, 0.0 ], [ 110.1715363778, -7.5673563215, 0.0 ], [ 110.1715133433, -7.5679478487, 0.0 ], [ 110.1715146728, -7.5681645035, 0.0 ], [ 110.1721205976, -7.5682429897, 0.0 ], [ 110.1721659672, -7.5682481129, 0.0 ], [ 110.1721691453, -7.5682532881, 0.0 ], [ 110.1721695319, -7.5682596518, 0.0 ], [ 110.1721699155, -7.5682672086, 0.0 ], [ 110.172168303, -7.5682771476, 0.0 ], [ 110.1721184868, -7.568277053, 0.0 ], [ 110.1715148706, -7.5681966953, 0.0 ], [ 110.1715163051, -7.5684305139, 0.0 ], [ 110.1715347575, -7.5685638795, 0.0 ], [ 110.1715717935, -7.5687612798, 0.0 ], [ 110.1716459471, -7.5691134143, 0.0 ], [ 110.1716909013, -7.5693628283, 0.0 ], [ 110.1717852812, -7.5696190032, 0.0 ], [ 110.1718824131, -7.5698338502, 0.0 ], [ 110.1719618867, -7.5700782521, 0.0 ], [ 110.1719713615, -7.5701353474, 0.0 ], [ 110.1719986229, -7.5705540576, 0.0 ], [ 110.1720101804, -7.5707994085, 0.0 ], [ 110.1720030742, -7.5710220577, 0.0 ], [ 110.1719909802, -7.571173804, 0.0 ], [ 110.1719538778, -7.5713468152, 0.0 ], [ 110.1719368605, -7.5714099247, 0.0 ], [ 110.1719162357, -7.5715190574, 0.0 ], [ 110.1718869304, -7.5716393195, 0.0 ], [ 110.1718550383, -7.5717243815, 0.0 ], [ 110.1720112471, -7.5716407288, 0.0 ], [ 110.1721971344, -7.5715584169, 0.0 ], [ 110.1724672493, -7.5714509321, 0.0 ], [ 110.1725862635, -7.571401825, 0.0 ], [ 110.1727119632, -7.5713500649, 0.0 ], [ 110.1727507284, -7.5713421384, 0.0 ], [ 110.1728015157, -7.5713355688, 0.0 ], [ 110.172834895, -7.5713489651, 0.0 ], [ 110.1728749216, -7.5713797067, 0.0 ], [ 110.1729015358, -7.5714370896, 0.0 ], [ 110.1728729094, -7.5717343638, 0.0 ], [ 110.172837856, -7.5718982943, 0.0 ], [ 110.1727925921, -7.5718902842, 0.0 ], [ 110.1728449389, -7.5716876449, 0.0 ], [ 110.1728652555, -7.5715436854, 0.0 ], [ 110.1728667899, -7.5714396909, 0.0 ], [ 110.1728441392, -7.5714063151, 0.0 ], [ 110.1728147758, -7.5713889258, 0.0 ], [ 110.1727586788, -7.5713768196, 0.0 ], [ 110.1725380746, -7.5714470661, 0.0 ], [ 110.1722112395, -7.5715797623, 0.0 ], [ 110.1720254153, -7.5716660351, 0.0 ], [ 110.1718435442, -7.5717550378, 0.0 ], [ 110.1718344991, -7.5717791631, 0.0 ], [ 110.171762198, -7.5719122504, 0.0 ], [ 110.1716308269, -7.5721346633, 0.0 ], [ 110.1713905589, -7.5724199077, 0.0 ], [ 110.1712750731, -7.5725700763, 0.0 ], [ 110.1711968252, -7.5726880817, 0.0 ], [ 110.1711748503, -7.5728565719, 0.0 ], [ 110.171176314, -7.5732238883, 0.0 ], [ 110.1711520281, -7.5734679979, 0.0 ], [ 110.1711217133, -7.5734679402, 0.0 ], [ 110.1711066096, -7.5734398228, 0.0 ], [ 110.1711067459, -7.5733685209, 0.0 ], [ 110.1711264902, -7.5732345975, 0.0 ], [ 110.1711207007, -7.5728651112, 0.0 ], [ 110.1711535516, -7.5726707138, 0.0 ], [ 110.1712339336, -7.5725325841, 0.0 ], [ 110.1713554847, -7.5723794071, 0.0 ], [ 110.1715894786, -7.572095919, 0.0 ], [ 110.1716203054, -7.5720466444, 0.0 ], [ 110.1717489691, -7.5718426435, 0.0 ], [ 110.1718201181, -7.5716972177, 0.0 ], [ 110.1718656826, -7.5715710133, 0.0 ], [ 110.1718846845, -7.5714720648, 0.0 ], [ 110.171901848, -7.5713556037, 0.0 ], [ 110.1719296657, -7.5712035617, 0.0 ], [ 110.1719381778, -7.5711575985, 0.0 ], [ 110.1719363885, -7.5710013477, 0.0 ], [ 110.1719559094, -7.570618059, 0.0 ], [ 110.1719500355, -7.5704138846, 0.0 ], [ 110.1719357392, -7.570247194, 0.0 ], [ 110.1719046973, -7.5701033875, 0.0 ], [ 110.1718262757, -7.5698430769, 0.0 ], [ 110.1717358047, -7.5696389082, 0.0 ], [ 110.1716507706, -7.5693867516, 0.0 ], [ 110.1715951346, -7.5691333168, 0.0 ], [ 110.1715276894, -7.5687665288, 0.0 ], [ 110.1714973422, -7.5685651416, 0.0 ], [ 110.1714824549, -7.5684564489, 0.0 ], [ 110.1710060028, -7.5683976698, 0.0 ], [ 110.1703649732, -7.5683139244, 0.0 ], [ 110.1699567559, -7.5682468841, 0.0 ], [ 110.1694804785, -7.5681653108, 0.0 ], [ 110.1691117543, -7.5681339427, 0.0 ], [ 110.1690103298, -7.5681339149, 0.0 ], [ 110.1689990802, -7.5681267616, 0.0 ], [ 110.168995165, -7.5681141646, 0.0 ], [ 110.1689793633, -7.5677670986, 0.0 ], [ 110.1689858485, -7.5675437457, 0.0 ], [ 110.1690001974, -7.567360867, 0.0 ], [ 110.1690169701, -7.5670477494, 0.0 ], [ 110.1690234433, -7.5668429664, 0.0 ], [ 110.1690358399, -7.5667201117, 0.0 ], [ 110.169041953, -7.5667034366, 0.0 ], [ 110.1690496343, -7.5667000015, 0.0 ], [ 110.1690540178, -7.5667000099, 0.0 ], [ 110.1690599904, -7.5667032023, 0.0 ], [ 110.1690605939, -7.5667198966, 0.0 ], [ 110.1690477682, -7.5668419672, 0.0 ], [ 110.1690443017, -7.5669875097, 0.0 ], [ 110.1690421945, -7.5670475551, 0.0 ], [ 110.1690324815, -7.5673007805, 0.0 ], [ 110.1691195263, -7.5673183369, 0.0 ], [ 110.1697584742, -7.5674719827, 0.0 ], [ 110.170272869, -7.5676331584, 0.0 ], [ 110.1710256204, -7.567805466, 0.0 ], [ 110.1714761072, -7.5678847364, 0.0 ], [ 110.171509692, -7.5673533276, 0.0 ] ], [ [ 110.1697503513, -7.5675224536, 0.0 ], [ 110.1690299206, -7.5673472786, 0.0 ], [ 110.1690096606, -7.5676894306, 0.0 ], [ 110.1690242504, -7.5680095472, 0.0 ], [ 110.1690238558, -7.5680958312, 0.0 ], [ 110.1690310014, -7.5681061433, 0.0 ], [ 110.1690423064, -7.568108038, 0.0 ], [ 110.169122482, -7.5681139632, 0.0 ], [ 110.1694778574, -7.5681386399, 0.0 ], [ 110.1699560464, -7.568223549, 0.0 ], [ 110.1703647919, -7.5682883264, 0.0 ], [ 110.171007328, -7.5683748803, 0.0 ], [ 110.1714788925, -7.5684304428, 0.0 ], [ 110.1714727033, -7.5681731023, 0.0 ], [ 110.171472476, -7.5679421894, 0.0 ], [ 110.1714737116, -7.5679226405, 0.0 ], [ 110.1710252326, -7.5678495198, 0.0 ], [ 110.1706194754, -7.567768346, 0.0 ], [ 110.1702654188, -7.5676812029, 0.0 ], [ 110.1697503513, -7.5675224536, 0.0 ] ] ] ] } },
{ "type": "Feature", "properties": { "FID_Fisnet_Kerban": 2, "FID_PL": 0, "NAMOBJ": "Kerban", "FCODE": "BA03070040", "METADATA": "TASWIL1000020230928_DATA_BATAS_DESAKELURAHAN", "SRS_ID": "SRGI 2013", "KDCPUM": "33.08.11", "KDEPUM": "33.08.11.2002", "KDPKAB": "33.08", "KDPPUM": "33", "WADMKC": "Tempuran", "WADMKD": "Sumberarum", "WADMKK": "Magelang", "WADMPR": "Jawa Tengah", "DUSUN": "Kerban", "Toponimi": "Dusun Kerban", "Shape_Leng": 3646.39056914, "Shape_Le_1": 12240.167946899999, "KETERANGAN": null, "KET_DETAIL": " ", "PL": null, "Shape_Length": 606.47653948938432, "Shape_Area": 1586.5605261939902 }, "geometry": { "type": "MultiPolygon", "coordinates": [ [ [ [ 110.1714081105, -7.5641828737, 0.0 ], [ 110.1713804114, -7.5641728275, 0.0 ], [ 110.171355441, -7.5641649653, 0.0 ], [ 110.1713518888, -7.5640090982, 0.0 ], [ 110.171341924, -7.5637547462, 0.0 ], [ 110.1713335741, -7.5635228727, 0.0 ], [ 110.1713192417, -7.5631827937, 0.0 ], [ 110.1713159357, -7.5631059616, 0.0 ], [ 110.1712694626, -7.5623606443, 0.0 ], [ 110.1712227611, -7.5614970556, 0.0 ], [ 110.1712843663, -7.5614894899, 0.0 ], [ 110.1713135203, -7.5623499728, 0.0 ], [ 110.171360408, -7.5630627965, 0.0 ], [ 110.1713598449, -7.5631864408, 0.0 ], [ 110.1713806861, -7.563521922, 0.0 ], [ 110.1713895294, -7.5637559953, 0.0 ], [ 110.1714006631, -7.5640062938, 0.0 ], [ 110.1714081105, -7.5641828737, 0.0 ] ] ] ] } },
{ "type": "Feature", "properties": { "FID_Fisnet_Kerban": 2, "FID_PL": 0, "NAMOBJ": "Kerban", "FCODE": "BA03070040", "METADATA": "TASWIL1000020230928_DATA_BATAS_DESAKELURAHAN", "SRS_ID": "SRGI 2013", "KDCPUM": "33.08.11", "KDEPUM": "33.08.11.2002", "KDPKAB": "33.08", "KDPPUM": "33", "WADMKC": "Tempuran", "WADMKD": "Sumberarum", "WADMKK": "Magelang", "WADMPR": "Jawa Tengah", "DUSUN": "Kerban", "Toponimi": "Dusun Kerban", "Shape_Leng": 3646.39056914, "Shape_Le_1": 12240.167946899999, "KETERANGAN": null, "KET_DETAIL": " ", "PL": null, "Shape_Length": 1483.4334204553725, "Shape_Area": 3193.1491364461253 }, "geometry": { "type": "MultiPolygon", "coordinates": [ [ [ [ 110.1705539197, -7.5638567076, 0.0 ], [ 110.1705228291, -7.5638859012, 0.0 ], [ 110.170486128, -7.5638689592, 0.0 ], [ 110.170428974, -7.5638460766, 0.0 ], [ 110.1700489515, -7.5636584777, 0.0 ], [ 110.1697409542, -7.5634684425, 0.0 ], [ 110.1696130174, -7.5634004795, 0.0 ], [ 110.1693663659, -7.5632730116, 0.0 ], [ 110.1687656023, -7.5629815829, 0.0 ], [ 110.1685302036, -7.5628560165, 0.0 ], [ 110.1684000118, -7.5628184322, 0.0 ], [ 110.1679028717, -7.562632185, 0.0 ], [ 110.1672312191, -7.5623958224, 0.0 ], [ 110.1670483891, -7.5623470745, 0.0 ], [ 110.1668572447, -7.5622983108, 0.0 ], [ 110.1662921314, -7.5621492681, 0.0 ], [ 110.1658711814, -7.561978289, 0.0 ], [ 110.1655194503, -7.5618174997, 0.0 ], [ 110.1649771885, -7.561612576, 0.0 ], [ 110.1646465738, -7.5614876349, 0.0 ], [ 110.1643675159, -7.5613509789, 0.0 ], [ 110.1643892222, -7.5613229319, 0.0 ], [ 110.1646531906, -7.5614249888, 0.0 ], [ 110.164982042, -7.5615660615, 0.0 ], [ 110.1655272802, -7.5617810108, 0.0 ], [ 110.1658734339, -7.56193292, 0.0 ], [ 110.1662996779, -7.562097945, 0.0 ], [ 110.1668558607, -7.5622524148, 0.0 ], [ 110.1670484746, -7.5623024784, 0.0 ], [ 110.1672302551, -7.5623568419, 0.0 ], [ 110.1675115339, -7.5624654127, 0.0 ], [ 110.1679096886, -7.5626001332, 0.0 ], [ 110.1684051826, -7.5627868956, 0.0 ], [ 110.1685350292, -7.562823875, 0.0 ], [ 110.1687902884, -7.5629518409, 0.0 ], [ 110.169367882, -7.5632338278, 0.0 ], [ 110.1696339523, -7.5633723601, 0.0 ], [ 110.1697607692, -7.5634339335, 0.0 ], [ 110.1700637152, -7.5636238398, 0.0 ], [ 110.170442817, -7.5638165571, 0.0 ], [ 110.1705539197, -7.5638567076, 0.0 ] ] ] ] } },
{ "type": "Feature", "properties": { "FID_Fisnet_Kerban": 2, "FID_PL": 0, "NAMOBJ": "Kerban", "FCODE": "BA03070040", "METADATA": "TASWIL1000020230928_DATA_BATAS_DESAKELURAHAN", "SRS_ID": "SRGI 2013", "KDCPUM": "33.08.11", "KDEPUM": "33.08.11.2002", "KDPKAB": "33.08", "KDPPUM": "33", "WADMKC": "Tempuran", "WADMKD": "Sumberarum", "WADMKK": "Magelang", "WADMPR": "Jawa Tengah", "DUSUN": "Kerban", "Toponimi": "Dusun Kerban", "Shape_Leng": 3646.39056914, "Shape_Le_1": 12240.167946899999, "KETERANGAN": null, "KET_DETAIL": " ", "PL": null, "Shape_Length": 371.6293764888909, "Shape_Area": 387.74017321987753 }, "geometry": { "type": "MultiPolygon", "coordinates": [ [ [ [ 110.178078785, -7.5692693378, 0.0 ], [ 110.1780759961, -7.5692601629, 0.0 ], [ 110.1780721829, -7.569247635, 0.0 ], [ 110.1781672007, -7.5692158615, 0.0 ], [ 110.1781895639, -7.5692083828, 0.0 ], [ 110.1782619312, -7.5691932028, 0.0 ], [ 110.1783624088, -7.5691751469, 0.0 ], [ 110.1784655139, -7.5691596458, 0.0 ], [ 110.1784979296, -7.5691601383, 0.0 ], [ 110.1785040546, -7.5691614803, 0.0 ], [ 110.1785115623, -7.5691644929, 0.0 ], [ 110.178535373, -7.5691785672, 0.0 ], [ 110.1785598899, -7.569193029, 0.0 ], [ 110.1786713776, -7.5692608737, 0.0 ], [ 110.1787185167, -7.5692905138, 0.0 ], [ 110.1787260507, -7.5692944815, 0.0 ], [ 110.1787350539, -7.5692985162, 0.0 ], [ 110.1787974196, -7.5693068364, 0.0 ], [ 110.1788909923, -7.5693073555, 0.0 ], [ 110.1790643584, -7.5693005077, 0.0 ], [ 110.1793008657, -7.5692778354, 0.0 ], [ 110.1795361639, -7.5692603425, 0.0 ], [ 110.1796849782, -7.5692459229, 0.0 ], [ 110.1796833166, -7.5692661648, 0.0 ], [ 110.1795340904, -7.5692817224, 0.0 ], [ 110.1793044438, -7.569298184, 0.0 ], [ 110.1790631479, -7.5693199021, 0.0 ], [ 110.1788927764, -7.5693259162, 0.0 ], [ 110.1787975432, -7.5693267932, 0.0 ], [ 110.1787339939, -7.5693183468, 0.0 ], [ 110.178722244, -7.5693134784, 0.0 ], [ 110.1787097316, -7.5693063121, 0.0 ], [ 110.1786543243, -7.5692712612, 0.0 ], [ 110.1785552573, -7.5692078122, 0.0 ], [ 110.1785257326, -7.5691902838, 0.0 ], [ 110.1785013965, -7.5691750914, 0.0 ], [ 110.1784934073, -7.5691750764, 0.0 ], [ 110.1784682362, -7.5691786161, 0.0 ], [ 110.1783675545, -7.5691919782, 0.0 ], [ 110.1782656622, -7.5692113166, 0.0 ], [ 110.1781973293, -7.5692275291, 0.0 ], [ 110.1781729507, -7.5692342586, 0.0 ], [ 110.1781350829, -7.5692470924, 0.0 ], [ 110.178078785, -7.5692693378, 0.0 ] ] ] ] } },
{ "type": "Feature", "properties": { "FID_Fisnet_Kerban": 2, "FID_PL": 0, "NAMOBJ": "Kerban", "FCODE": "BA03070040", "METADATA": "TASWIL1000020230928_DATA_BATAS_DESAKELURAHAN", "SRS_ID": "SRGI 2013", "KDCPUM": "33.08.11", "KDEPUM": "33.08.11.2002", "KDPKAB": "33.08", "KDPPUM": "33", "WADMKC": "Tempuran", "WADMKD": "Sumberarum", "WADMKK": "Magelang", "WADMPR": "Jawa Tengah", "DUSUN": "Kerban", "Toponimi": "Dusun Kerban", "Shape_Leng": 3646.39056914, "Shape_Le_1": 12240.167946899999, "KETERANGAN": null, "KET_DETAIL": " ", "PL": null, "Shape_Length": 1902.7736731273797, "Shape_Area": 2552.9046817412491 }, "geometry": { "type": "MultiPolygon", "coordinates": [ [ [ [ 110.1767055763, -7.5663183486, 0.0 ], [ 110.176704261, -7.5663045401, 0.0 ], [ 110.1767994982, -7.5662906588, 0.0 ], [ 110.1768868999, -7.5662817129, 0.0 ], [ 110.1768999135, -7.5662783086, 0.0 ], [ 110.1769007909, -7.5662697176, 0.0 ], [ 110.1768740803, -7.5661320655, 0.0 ], [ 110.1768729415, -7.5659936078, 0.0 ], [ 110.1768740358, -7.5657859269, 0.0 ], [ 110.176871672, -7.5655544643, 0.0 ], [ 110.176872647, -7.5654097181, 0.0 ], [ 110.176865731, -7.5653614554, 0.0 ], [ 110.1768489587, -7.5653369493, 0.0 ], [ 110.176833556, -7.5653292285, 0.0 ], [ 110.1768044353, -7.5653269006, 0.0 ], [ 110.1763139864, -7.5652800847, 0.0 ], [ 110.1759168772, -7.5652357248, 0.0 ], [ 110.1757285634, -7.5652080698, 0.0 ], [ 110.1755133569, -7.5651714122, 0.0 ], [ 110.1752958918, -7.5651432542, 0.0 ], [ 110.1751577683, -7.5651371753, 0.0 ], [ 110.1751362332, -7.5651411623, 0.0 ], [ 110.17512704, -7.5651456022, 0.0 ], [ 110.1751212894, -7.565150461, 0.0 ], [ 110.1751195602, -7.5651541806, 0.0 ], [ 110.1751176955, -7.5651609589, 0.0 ], [ 110.1751176716, -7.5651735456, 0.0 ], [ 110.1751192211, -7.5652038343, 0.0 ], [ 110.1750776283, -7.5651970859, 0.0 ], [ 110.1750531666, -7.5651580013, 0.0 ], [ 110.1750379344, -7.5651473855, 0.0 ], [ 110.1750374846, -7.5651112316, 0.0 ], [ 110.1750601456, -7.5651129007, 0.0 ], [ 110.1750647786, -7.5651132423, 0.0 ], [ 110.1751338935, -7.5651183341, 0.0 ], [ 110.1752985535, -7.5651291339, 0.0 ], [ 110.1755122432, -7.565152614, 0.0 ], [ 110.1756221965, -7.5651651464, 0.0 ], [ 110.1759615424, -7.5652116776, 0.0 ], [ 110.1762341302, -7.5652406006, 0.0 ], [ 110.1768044891, -7.5652984927, 0.0 ], [ 110.1773605585, -7.5653396187, 0.0 ], [ 110.1774829146, -7.5653593203, 0.0 ], [ 110.1775893286, -7.5653674859, 0.0 ], [ 110.1779014507, -7.5654043596, 0.0 ], [ 110.1782694432, -7.5654439939, 0.0 ], [ 110.1783572087, -7.5654645147, 0.0 ], [ 110.1783811404, -7.5654725246, 0.0 ], [ 110.178408592, -7.5654947018, 0.0 ], [ 110.1785094936, -7.5656037483, 0.0 ], [ 110.178630739, -7.5657420389, 0.0 ], [ 110.1788430936, -7.5660088273, 0.0 ], [ 110.1789377178, -7.566154148, 0.0 ], [ 110.1790738702, -7.5663827376, 0.0 ], [ 110.1792329482, -7.5666821706, 0.0 ], [ 110.1793646675, -7.5669098673, 0.0 ], [ 110.1794320291, -7.5670083747, 0.0 ], [ 110.1794060501, -7.5670217665, 0.0 ], [ 110.1792806811, -7.5668319797, 0.0 ], [ 110.1791992272, -7.566691843, 0.0 ], [ 110.1791462037, -7.5665908517, 0.0 ], [ 110.1791292676, -7.5665815045, 0.0 ], [ 110.1791010483, -7.5665659313, 0.0 ], [ 110.1790150298, -7.5665436991, 0.0 ], [ 110.1787701514, -7.5664762528, 0.0 ], [ 110.1786289085, -7.5664432282, 0.0 ], [ 110.178415829, -7.5664067451, 0.0 ], [ 110.1779459523, -7.566334171, 0.0 ], [ 110.177415474, -7.5662994632, 0.0 ], [ 110.1771687707, -7.5662937119, 0.0 ], [ 110.1771453661, -7.5662931314, 0.0 ], [ 110.1769378462, -7.5662913568, 0.0 ], [ 110.1768988368, -7.5662901869, 0.0 ], [ 110.1768008422, -7.5662998291, 0.0 ], [ 110.1767055763, -7.5663183486, 0.0 ] ], [ [ 110.1787777869, -7.5664639237, 0.0 ], [ 110.1790913017, -7.5665447273, 0.0 ], [ 110.1791037288, -7.5665394404, 0.0 ], [ 110.1791117292, -7.5665297206, 0.0 ], [ 110.1791126651, -7.5665040567, 0.0 ], [ 110.1790790713, -7.5664464683, 0.0 ], [ 110.1790490135, -7.5663950804, 0.0 ], [ 110.1789084286, -7.5661655979, 0.0 ], [ 110.1788191267, -7.5660194026, 0.0 ], [ 110.1786156381, -7.565754401, 0.0 ], [ 110.1784952735, -7.5656196522, 0.0 ], [ 110.1783979045, -7.5655185772, 0.0 ], [ 110.1783660127, -7.5654990463, 0.0 ], [ 110.1783358864, -7.5654839444, 0.0 ], [ 110.1778977485, -7.5654308865, 0.0 ], [ 110.1775853852, -7.56539306, 0.0 ], [ 110.1773248706, -7.5653780128, 0.0 ], [ 110.1772719638, -7.5653703053, 0.0 ], [ 110.1772096382, -7.5653621324, 0.0 ], [ 110.1770396924, -7.5653452525, 0.0 ], [ 110.1769298295, -7.5653356476, 0.0 ], [ 110.1769154688, -7.5653405426, 0.0 ], [ 110.1769082766, -7.565349033, 0.0 ], [ 110.1769019681, -7.5653646841, 0.0 ], [ 110.1768974391, -7.5653879479, 0.0 ], [ 110.1768947046, -7.5654107664, 0.0 ], [ 110.1768930923, -7.5655517361, 0.0 ], [ 110.1768944458, -7.5657840073, 0.0 ], [ 110.1768960445, -7.5658869432, 0.0 ], [ 110.176898091, -7.5659903267, 0.0 ], [ 110.176902382, -7.5661246985, 0.0 ], [ 110.1769124813, -7.5662069595, 0.0 ], [ 110.1769183622, -7.5662370981, 0.0 ], [ 110.1769341093, -7.56625775, 0.0 ], [ 110.1769461962, -7.5662727049, 0.0 ], [ 110.1769721716, -7.5662770105, 0.0 ], [ 110.1771694693, -7.56627562, 0.0 ], [ 110.1774216927, -7.5662814341, 0.0 ], [ 110.1775577422, -7.5662935594, 0.0 ], [ 110.1778379383, -7.5663126035, 0.0 ], [ 110.1779463981, -7.5663218284, 0.0 ], [ 110.1781380868, -7.5663478264, 0.0 ], [ 110.1783124316, -7.5663744429, 0.0 ], [ 110.1784529603, -7.5663958961, 0.0 ], [ 110.1786227563, -7.5664256506, 0.0 ], [ 110.1787777869, -7.5664639237, 0.0 ] ] ] ] } },
{ "type": "Feature", "properties": { "FID_Fisnet_Kerban": 4, "FID_PL": 0, "NAMOBJ": "Kerban", "FCODE": "BA03070040", "METADATA": "TASWIL1000020230928_DATA_BATAS_DESAKELURAHAN", "SRS_ID": "SRGI 2013", "KDCPUM": "33.08.11", "KDEPUM": "33.08.11.2002", "KDPKAB": "33.08", "KDPPUM": "33", "WADMKC": "Tempuran", "WADMKD": "Sumberarum", "WADMKK": "Magelang", "WADMPR": "Jawa Tengah", "DUSUN": "Kerban", "Toponimi": "Dusun Kerban", "Shape_Leng": 3646.39056914, "Shape_Le_1": 12240.167946899999, "KETERANGAN": null, "KET_DETAIL": " ", "PL": "32", "Shape_Length": 296.5736956520563, "Shape_Area": 4243.2759477479394 }, "geometry": { "type": "MultiPolygon", "coordinates": [ [ [ [ 110.1771098451, -7.5688484744, 0.0 ], [ 110.1769884338, -7.5692659752, 0.0 ], [ 110.176963893, -7.5693477882, 0.0 ], [ 110.17691527, -7.5693417051, 0.0 ], [ 110.1769118209, -7.5693536993, 0.0 ], [ 110.1768493373, -7.5693449435, 0.0 ], [ 110.1768164539, -7.5693367338, 0.0 ], [ 110.1767807653, -7.5693299144, 0.0 ], [ 110.1767532785, -7.5693252198, 0.0 ], [ 110.1767702658, -7.5692502404, 0.0 ], [ 110.1767498297, -7.5692467584, 0.0 ], [ 110.1767575953, -7.5692112758, 0.0 ], [ 110.1767590966, -7.5692054112, 0.0 ], [ 110.176739898, -7.5692018393, 0.0 ], [ 110.1767054168, -7.5691968583, 0.0 ], [ 110.1767008233, -7.5692129856, 0.0 ], [ 110.1766568836, -7.5692017612, 0.0 ], [ 110.1766629689, -7.5691805011, 0.0 ], [ 110.1766232267, -7.5691712708, 0.0 ], [ 110.1766189506, -7.5691858439, 0.0 ], [ 110.1765923028, -7.5691780177, 0.0 ], [ 110.1765707219, -7.56917168, 0.0 ], [ 110.1765654563, -7.5691707746, 0.0 ], [ 110.1765607852, -7.5691680532, 0.0 ], [ 110.1765650498, -7.5691556906, 0.0 ], [ 110.1765426597, -7.5691482596, 0.0 ], [ 110.1764619014, -7.5691214574, 0.0 ], [ 110.176434802, -7.5691132523, 0.0 ], [ 110.1764405434, -7.5690941215, 0.0 ], [ 110.1764450053, -7.569075721, 0.0 ], [ 110.1764153287, -7.5690666825, 0.0 ], [ 110.1763594088, -7.5690497128, 0.0 ], [ 110.1763274802, -7.569041854, 0.0 ], [ 110.1763044461, -7.5690355921, 0.0 ], [ 110.176299428, -7.5690504506, 0.0 ], [ 110.1762807615, -7.5690449233, 0.0 ], [ 110.1762756588, -7.5690436772, 0.0 ], [ 110.1762784313, -7.5690352273, 0.0 ], [ 110.1762830654, -7.5690163649, 0.0 ], [ 110.1762870981, -7.5690015716, 0.0 ], [ 110.1762964485, -7.5689654552, 0.0 ], [ 110.1763044792, -7.5689316843, 0.0 ], [ 110.1763154273, -7.5688876205, 0.0 ], [ 110.1763292642, -7.56881205, 0.0 ], [ 110.1763381841, -7.568770163, 0.0 ], [ 110.1763508751, -7.5687180345, 0.0 ], [ 110.1763567351, -7.568683176, 0.0 ], [ 110.1763596609, -7.5686680043, 0.0 ], [ 110.1763613406, -7.5686646184, 0.0 ], [ 110.176363808, -7.5686597705, 0.0 ], [ 110.1763665724, -7.5686556087, 0.0 ], [ 110.1763688962, -7.568652376, 0.0 ], [ 110.1763720269, -7.5686509935, 0.0 ], [ 110.1763775903, -7.5686506576, 0.0 ], [ 110.1763872132, -7.5686510095, 0.0 ], [ 110.1766143365, -7.5687082872, 0.0 ], [ 110.1769192136, -7.568804588, 0.0 ], [ 110.1771098451, -7.5688484744, 0.0 ] ] ] ] } },
{ "type": "Feature", "properties": { "FID_Fisnet_Kerban": 4, "FID_PL": 0, "NAMOBJ": "Kerban", "FCODE": "BA03070040", "METADATA": "TASWIL1000020230928_DATA_BATAS_DESAKELURAHAN", "SRS_ID": "SRGI 2013", "KDCPUM": "33.08.11", "KDEPUM": "33.08.11.2002", "KDPKAB": "33.08", "KDPPUM": "33", "WADMKC": "Tempuran", "WADMKD": "Sumberarum", "WADMKK": "Magelang", "WADMPR": "Jawa Tengah", "DUSUN": "Kerban", "Toponimi": "Dusun Kerban", "Shape_Leng": 3646.39056914, "Shape_Le_1": 12240.167946899999, "KETERANGAN": null, "KET_DETAIL": " ", "PL": "3", "Shape_Length": 60.092575494311106, "Shape_Area": 88.590312840958262 }, "geometry": { "type": "MultiPolygon", "coordinates": [ [ [ [ 110.1773196546, -7.5688967854, 0.0 ], [ 110.1773107801, -7.5689333984, 0.0 ], [ 110.1772501209, -7.568920007, 0.0 ], [ 110.1772547073, -7.5689038309, 0.0 ], [ 110.1771816925, -7.5688861388, 0.0 ], [ 110.1771684526, -7.5689347651, 0.0 ], [ 110.1771215871, -7.5689253939, 0.0 ], [ 110.1771423916, -7.5688559671, 0.0 ], [ 110.1772797528, -7.5688875902, 0.0 ], [ 110.1773196546, -7.5688967854, 0.0 ] ] ] ] } },
{ "type": "Feature", "properties": { "FID_Fisnet_Kerban": 4, "FID_PL": 0, "NAMOBJ": "Kerban", "FCODE": "BA03070040", "METADATA": "TASWIL1000020230928_DATA_BATAS_DESAKELURAHAN", "SRS_ID": "SRGI 2013", "KDCPUM": "33.08.11", "KDEPUM": "33.08.11.2002", "KDPKAB": "33.08", "KDPPUM": "33", "WADMKC": "Tempuran", "WADMKD": "Sumberarum", "WADMKK": "Magelang", "WADMPR": "Jawa Tengah", "DUSUN": "Kerban", "Toponimi": "Dusun Kerban", "Shape_Leng": 3646.39056914, "Shape_Le_1": 12240.167946899999, "KETERANGAN": null, "KET_DETAIL": " ", "PL": null, "Shape_Length": 4.5391774898970843, "Shape_Area": 0.02265069440904291 }, "geometry": { "type": "MultiPolygon", "coordinates": [ [ [ [ 110.1776804624, -7.5690730255, 0.0 ], [ 110.1776600563, -7.5690704409, 0.0 ], [ 110.1776644291, -7.5690708127, 0.0 ], [ 110.1776804624, -7.5690730255, 0.0 ] ] ] ] } },
{ "type": "Feature", "properties": { "FID_Fisnet_Kerban": 4, "FID_PL": 0, "NAMOBJ": "Kerban", "FCODE": "BA03070040", "METADATA": "TASWIL1000020230928_DATA_BATAS_DESAKELURAHAN", "SRS_ID": "SRGI 2013", "KDCPUM": "33.08.11", "KDEPUM": "33.08.11.2002", "KDPKAB": "33.08", "KDPPUM": "33", "WADMKC": "Tempuran", "WADMKD": "Sumberarum", "WADMKK": "Magelang", "WADMPR": "Jawa Tengah", "DUSUN": "Kerban", "Toponimi": "Dusun Kerban", "Shape_Leng": 3646.39056914, "Shape_Le_1": 12240.167946899999, "KETERANGAN": null, "KET_DETAIL": " ", "PL": null, "Shape_Length": 8.9331406152525172, "Shape_Area": 0.055634080884315151 }, "geometry": { "type": "MultiPolygon", "coordinates": [ [ [ [ 110.1775123888, -7.5691273301, 0.0 ], [ 110.1774720667, -7.5691237311, 0.0 ], [ 110.1775079594, -7.5691267085, 0.0 ], [ 110.1775123888, -7.5691273301, 0.0 ] ] ] ] } },
{ "type": "Feature", "properties": { "FID_Fisnet_Kerban": 4, "FID_PL": 0, "NAMOBJ": "Kerban", "FCODE": "BA03070040", "METADATA": "TASWIL1000020230928_DATA_BATAS_DESAKELURAHAN", "SRS_ID": "SRGI 2013", "KDCPUM": "33.08.11", "KDEPUM": "33.08.11.2002", "KDPKAB": "33.08", "KDPPUM": "33", "WADMKC": "Tempuran", "WADMKD": "Sumberarum", "WADMKK": "Magelang", "WADMPR": "Jawa Tengah", "DUSUN": "Kerban", "Toponimi": "Dusun Kerban", "Shape_Leng": 3646.39056914, "Shape_Le_1": 12240.167946899999, "KETERANGAN": null, "KET_DETAIL": " ", "PL": null, "Shape_Length": 12.174534691830274, "Shape_Area": 0.091291550178884351 }, "geometry": { "type": "MultiPolygon", "coordinates": [ [ [ [ 110.1776175768, -7.5690798171, 0.0 ], [ 110.1775624691, -7.5690771272, 0.0 ], [ 110.1775691058, -7.5690771795, 0.0 ], [ 110.1776175768, -7.5690798171, 0.0 ] ] ] ] } },
{ "type": "Feature", "properties": { "FID_Fisnet_Kerban": 4, "FID_PL": 0, "NAMOBJ": "Kerban", "FCODE": "BA03070040", "METADATA": "TASWIL1000020230928_DATA_BATAS_DESAKELURAHAN", "SRS_ID": "SRGI 2013", "KDCPUM": "33.08.11", "KDEPUM": "33.08.11.2002", "KDPKAB": "33.08", "KDPPUM": "33", "WADMKC": "Tempuran", "WADMKD": "Sumberarum", "WADMKK": "Magelang", "WADMPR": "Jawa Tengah", "DUSUN": "Kerban", "Toponimi": "Dusun Kerban", "Shape_Leng": 3646.39056914, "Shape_Le_1": 12240.167946899999, "KETERANGAN": null, "KET_DETAIL": " ", "PL": "3", "Shape_Length": 30.528209743955856, "Shape_Area": 41.768445311792334 }, "geometry": { "type": "MultiPolygon", "coordinates": [ [ [ [ 110.1774720667, -7.5691237311, 0.0 ], [ 110.1773664568, -7.5691136114, 0.0 ], [ 110.1773681426, -7.569079748, 0.0 ], [ 110.1774576375, -7.5690910846, 0.0 ], [ 110.1774744378, -7.5690946329, 0.0 ], [ 110.1774720667, -7.5691237311, 0.0 ] ] ] ] } }
]
}
